sourceSystem,sourceDirectory,sourceId,slug,name,typeLabel,excerpt,description,location,locationLabel,country,specialties,languages,formats,verified,listingStatus,reviewCount,rating,website,email,phone,organizationName,credentials,rawRole,rawOrganization,sourceLocation,city,postcode,sourceUrl,scrapedAt
parkinsons-uk,Parkinson's UK Local Support,localsupport.parkinsons.org.uk/provider/alnwick-support-group,alnwick-support-group-provider-ne66-1au,Alnwick Support Group,Support Group,"Our group offers friendship and support locally to people with Parkinson’s, their families and carers, contact us to find out more. For information and advice on Parkinson's, or for emotional support, call the Parkinson's UK helpline on 0808 800 0303","Our group offers friendship and support locally to people with Parkinson’s, their families and carers, contact us to find out more. For information and advice on Parkinson's, or for emotional support, call the Parkinson's UK helpline on 0808 800 0303 Schedule: Monthly on the first Tuesday From 13:30 until 15:00. Location: The Lindesfarne Centre, 30 Lindesfarne Road, Alnwick, NE66 1AU. Contacts available: Parkinson's UK Helpline, Local Group Staff Contact.","Alnwick, United Kingdom","Alnwick, United Kingdom",United Kingdom,In-Person | Support | Support Group | Parkinson's Care,,in-person,true,official_directory_import,0,0,https://localsupport.parkinsons.org.uk/provider/alnwick-support-group,hello@parkinsons.org.uk,0808 800 0303,The Lindesfarne Centre,,provider,Parkinson's UK,"The Lindesfarne Centre, 30 Lindesfarne Road, Alnwick, NE66 1AU",Alnwick,NE66 1AU,https://localsupport.parkinsons.org.uk/provider/alnwick-support-group,2026-03-27T07:44:50.792Z
parkinsons-uk,Parkinson's UK Local Support,localsupport.parkinsons.org.uk/provider/barnsley-and-district-branch,barnsley-and-district-branch-provider-s75-1dt,Barnsley and District Branch,Exercise Class,"Our group offers friendship and support locally to people with Parkinson’s, their families and carers, contact us to find out more. Read our latest newsletter here. For more information please visit our Barnsley Branch website. Volunteers needed! We need to recruit volunteers to help us run the group. Do you have an hour or two per month to spare? If so we would be delighted to hear from you. There is more information about how you can get involved here or contact the Branch Chair, Terry Kendall, by emailing [email protected]. For information and advice on Parkinson's, or for emotional support, call the Parkinson's UK helpline on 0808 800 0303","Our group offers friendship and support locally to people with Parkinson’s, their families and carers, contact us to find out more. Read our latest newsletter here. For more information please visit our Barnsley Branch website. Volunteers needed! We need to recruit volunteers to help us run the group. Do you have an hour or two per month to spare? If so we would be delighted to hear from you. There is more information about how you can get involved here or contact the Branch Chair, Terry Kendall, by emailing [email protected]. For information and advice on Parkinson's, or for emotional support, call the Parkinson's UK helpline on 0808 800 0303 Schedule: Monthly on the third Tuesday From 14:00 until 16:00. Location: Barnsley Emmanuel Church, Huddersfield Road, Barnsley, S75 1DT. Contacts available: Branch Contact, Parkinson’s UK Helpline.","Barnsley, United Kingdom","Barnsley, United Kingdom",United Kingdom,In-Person | Exercise | Support | Parkinson's Care,,in-person,true,official_directory_import,0,0,https://localsupport.parkinsons.org.uk/provider/barnsley-and-district-branch,terry.kendall@sky.com,0808 800 0303,Barnsley Emmanuel Church,,provider,Parkinson's UK,"Barnsley Emmanuel Church, Huddersfield Road, Barnsley, S75 1DT",Barnsley,S75 1DT,https://localsupport.parkinsons.org.uk/provider/barnsley-and-district-branch,2026-03-27T07:44:50.793Z
parkinsons-uk,Parkinson's UK Local Support,localsupport.parkinsons.org.uk/provider/bishop-auckland-support-group,bishop-auckland-support-group-provider-dl14-7np,Bishop Auckland Support Group,Support Group,"Our group offers friendship and support locally to people with Parkinson’s, their families and carers, contact us to find out more. For information and advice on Parkinson's, or for emotional support, call the Parkinson's UK helpline on 0808 800 0303","Our group offers friendship and support locally to people with Parkinson’s, their families and carers, contact us to find out more. For information and advice on Parkinson's, or for emotional support, call the Parkinson's UK helpline on 0808 800 0303 Schedule: Monthly on the first Tuesday From 10:30 until 12:00. Location: Bishop Auckland Town Hall, Market Place, Bishop Auckland, DL14 7NP. Contacts available: Parkinson's UK Helpline, Local Group Staff Contact.","Bishop Auckland, United Kingdom","Bishop Auckland, United Kingdom",United Kingdom,In-Person | Support | Support Group | Parkinson's Care,,in-person,true,official_directory_import,0,0,https://localsupport.parkinsons.org.uk/provider/bishop-auckland-support-group,hello@parkinsons.org.uk,0808 800 0303,Bishop Auckland Town Hall,,provider,Parkinson's UK,"Bishop Auckland Town Hall, Market Place, Bishop Auckland, DL14 7NP",Bishop Auckland,DL14 7NP,https://localsupport.parkinsons.org.uk/provider/bishop-auckland-support-group,2026-03-27T07:44:50.793Z
parkinsons-uk,Parkinson's UK Local Support,localsupport.parkinsons.org.uk/provider/bradford-and-shipley-support-group,bradford-and-shipley-support-group-provider-bd2-4ht,Bradford and Shipley Support Group,Exercise Class,"Our group offers friendship and support locally to people with Parkinson’s, their families and carers, contact us to find out more. For information and advice on Parkinson's, or for emotional support, call the Parkinson's UK helpline on 0808 800 0303","Our group offers friendship and support locally to people with Parkinson’s, their families and carers, contact us to find out more. For information and advice on Parkinson's, or for emotional support, call the Parkinson's UK helpline on 0808 800 0303 Schedule: Monthly on the first Monday From 11:00 until 14:00. Location: Bolton Methodist Church Hall Bradford, 1186 Bolton Road, Bradford, BD2 4HT. Contacts available: Local Group Staff Contact, Parkinson’s UK Helpline.","Bradford, United Kingdom","Bradford, United Kingdom",United Kingdom,In-Person | Exercise | Support | Parkinson's Care,,in-person,true,official_directory_import,0,0,https://localsupport.parkinsons.org.uk/provider/bradford-and-shipley-support-group,rcraft@parkinsons.org.uk,020 7963 3666,Noble Combe Pub,,provider,Parkinson's UK,"Bolton Methodist Church Hall Bradford, 1186 Bolton Road, Bradford, BD2 4HT",Bradford,BD2 4HT,https://localsupport.parkinsons.org.uk/provider/bradford-and-shipley-support-group,2026-03-27T07:44:50.793Z
parkinsons-uk,Parkinson's UK Local Support,localsupport.parkinsons.org.uk/provider/carlisle-branch,carlisle-branch-provider-ca1-2ha,Carlisle Branch,Exercise Class,"Our group offers friendship and support locally to people with Parkinson’s, their families and carers, contact us to find out more. For information and advice on Parkinson's, or for emotional support, call the Parkinson's UK helpline on 0808 800 0303","Our group offers friendship and support locally to people with Parkinson’s, their families and carers, contact us to find out more. For information and advice on Parkinson's, or for emotional support, call the Parkinson's UK helpline on 0808 800 0303 Schedule: Monthly on the third Tuesday From 14:30 until 16:00. Location: Greystone Community Centre Carlisle, Close St, Carlisle, CA1 2HA. Contacts available: Parkinson's UK Helpline, Local Group Staff Contact.","Carlisle, United Kingdom","Carlisle, United Kingdom",United Kingdom,In-Person | Exercise | Support | Parkinson's Care,,in-person,true,official_directory_import,0,0,https://localsupport.parkinsons.org.uk/provider/carlisle-branch,hello@parkinsons.org.uk,0808 800 0303,St James Parish Hall - Carlisle,,provider,Parkinson's UK,"Greystone Community Centre Carlisle, Close St, Carlisle, CA1 2HA",Carlisle,CA1 2HA,https://localsupport.parkinsons.org.uk/provider/carlisle-branch,2026-03-27T07:44:50.793Z
parkinsons-uk,Parkinson's UK Local Support,localsupport.parkinsons.org.uk/provider/darlington-branch,darlington-branch-provider-dl3-8dj,Darlington Branch,Exercise Class,"Our group offers friendship and support locally to people with Parkinson’s, their families and carers, contact us to find out more. For information and advice on Parkinson's, or for emotional support, call the Parkinson's UK helpline on 0808 800 0303","Our group offers friendship and support locally to people with Parkinson’s, their families and carers, contact us to find out more. For information and advice on Parkinson's, or for emotional support, call the Parkinson's UK helpline on 0808 800 0303 Schedule: Monthly on the second Wednesday From 14:00 until 16:00. Location: Elm Ridge Methodist Church Darlington, Carmel Road South, Darlington, DL3 8DJ. Contacts available: Parkinson's UK Helpline, Local Group Staff Contact.","Darlington, United Kingdom","Darlington, United Kingdom",United Kingdom,In-Person | Support | Exercise | Parkinson's Care,,in-person,true,official_directory_import,0,0,https://localsupport.parkinsons.org.uk/provider/darlington-branch,hello@parkinsons.org.uk,0808 800 0303,Elm Ridge Methodist Church Darlington,,provider,Parkinson's UK,"Elm Ridge Methodist Church Darlington, Carmel Road South, Darlington, DL3 8DJ",Darlington,DL3 8DJ,https://localsupport.parkinsons.org.uk/provider/darlington-branch,2026-03-27T07:44:50.793Z
parkinsons-uk,Parkinson's UK Local Support,localsupport.parkinsons.org.uk/provider/doncaster-support-group,doncaster-support-group-provider-dn3-3ag,Doncaster Support Group,Support Group,"Our group offers friendship and support locally to people with Parkinson’s, their families and carers, contact us to find out more. Here is a copy of our latest newsletter. If you would like to be added to the list to receive a copy please email [email protected] For information and advice on Parkinson's, or for emotional support, call the Parkinson's UK helpline on 0808 800 0303","Our group offers friendship and support locally to people with Parkinson’s, their families and carers, contact us to find out more. Here is a copy of our latest newsletter. If you would like to be added to the list to receive a copy please email [email protected] For information and advice on Parkinson's, or for emotional support, call the Parkinson's UK helpline on 0808 800 0303 Schedule: Monthly on the first Monday From 13:30 until 15:30. Location: Armthorpe Community Centre, 20 Church Street, Doncaster, DN3 3AG. Contacts available: Contact, Parkinson’s UK Helpline.","Doncaster, United Kingdom","Doncaster, United Kingdom",United Kingdom,In-Person | Support | Support Group | Parkinson's Care,,in-person,true,official_directory_import,0,0,https://localsupport.parkinsons.org.uk/provider/doncaster-support-group,parkinsonsukdoncaster@gmail.com,07517 957 235,Armthorpe Community Centre,,provider,Parkinson's UK,"Armthorpe Community Centre, 20 Church Street, Doncaster, DN3 3AG",Doncaster,DN3 3AG,https://localsupport.parkinsons.org.uk/provider/doncaster-support-group,2026-03-27T07:44:50.794Z
parkinsons-uk,Parkinson's UK Local Support,localsupport.parkinsons.org.uk/provider/durham-support-group,durham-support-group-provider-dh1-5gu,Durham Support Group,Exercise Class,"Our group offers friendship and support locally to people with Parkinson’s, their families and carers, contact us to find out more. For information and advice on Parkinson's, or for emotional support, call the Parkinson's UK helpline on 0808 800 0303","Our group offers friendship and support locally to people with Parkinson’s, their families and carers, contact us to find out more. For information and advice on Parkinson's, or for emotional support, call the Parkinson's UK helpline on 0808 800 0303 Schedule: Monthly on the last Friday From 13:00 until 15:00. Location: Newton Hall Community Centre Durham, Kira Drive, Durham, DH1 5GU. Contacts available: Parkinson's UK Helpline, Local Group Staff Contact.","Durham, United Kingdom","Durham, United Kingdom",United Kingdom,In-Person | Exercise | Support | Parkinson's Care,,in-person,true,official_directory_import,0,0,https://localsupport.parkinsons.org.uk/provider/durham-support-group,hello@parkinsons.org.uk,0808 800 0303,Newton Hall Community Centre Durham,,provider,Parkinson's UK,"Newton Hall Community Centre Durham, Kira Drive, Durham, DH1 5GU",Durham,DH1 5GU,https://localsupport.parkinsons.org.uk/provider/durham-support-group,2026-03-27T07:44:50.794Z
parkinsons-uk,Parkinson's UK Local Support,localsupport.parkinsons.org.uk/provider/easingwold-support-group,easingwold-support-group-provider-yo61-3fr,Easingwold Support Group,Support Group,"Our group offers friendship and support locally to people with Parkinson’s, their families and carers, contact us to find out more. For information and advice on Parkinson's, or for emotional support, call the Parkinson's UK helpline on 0808 800 0303","Our group offers friendship and support locally to people with Parkinson’s, their families and carers, contact us to find out more. For information and advice on Parkinson's, or for emotional support, call the Parkinson's UK helpline on 0808 800 0303 Schedule: Monthly on the first Wednesday From 11:00 until 12:30. Location: Easingwold Town Football Club, Stillington Road, York, YO61 3FR. Contacts available: Local Group Staff Contact, Parkinson’s UK Helpline.","York, United Kingdom","York, United Kingdom",United Kingdom,In-Person | Support | Support Group | Parkinson's Care,,in-person,true,official_directory_import,0,0,https://localsupport.parkinsons.org.uk/provider/easingwold-support-group,rcraft@parkinsons.org.uk,020 796 33666,Easingwold Town Football Club,,provider,Parkinson's UK,"Easingwold Town Football Club, Stillington Road, York, YO61 3FR",York,YO61 3FR,https://localsupport.parkinsons.org.uk/provider/easingwold-support-group,2026-03-27T07:44:50.794Z
parkinsons-uk,Parkinson's UK Local Support,localsupport.parkinsons.org.uk/provider/eden-support-group,eden-support-group-provider-ca11-7st,Eden Support Group,Exercise Class,"Our group offers friendship and support locally to people with Parkinson’s, their families and carers, contact us to find out more. For information and advice on Parkinson's, or for emotional support, call the Parkinson's UK helpline on 0808 800 0303","Our group offers friendship and support locally to people with Parkinson’s, their families and carers, contact us to find out more. For information and advice on Parkinson's, or for emotional support, call the Parkinson's UK helpline on 0808 800 0303 Schedule: Get in touch for more information.. Location: Various locations around Penrith - get in touch for information about the next venue, A6, Penrith, CA11 7ST. Contacts available: Parkinson's UK Helpline, Local Group Staff Contact.","Penrith, United Kingdom","Penrith, United Kingdom",United Kingdom,In-Person | Support | Exercise | Parkinson's Care,,in-person,true,official_directory_import,0,0,https://localsupport.parkinsons.org.uk/provider/eden-support-group,hello@parkinsons.org.uk,0808 800 0303,Various locations around Penrith - get in touch for information about the next venue,,provider,Parkinson's UK,"Various locations around Penrith - get in touch for information about the next venue, A6, Penrith, CA11 7ST",Penrith,CA11 7ST,https://localsupport.parkinsons.org.uk/provider/eden-support-group,2026-03-27T07:44:50.794Z
parkinsons-uk,Parkinson's UK Local Support,localsupport.parkinsons.org.uk/provider/goole-parkinsons-support-group,goole-parkinson-s-support-group-provider-dn14-6rg,Goole Parkinson's Support Group,Support Group,Read our latest newsletter here.,"Read our latest newsletter here. Schedule: Monthly on the first Thursday From 14:00 until 16:00. Location: Vikings, Western Road, Goole, DN14 6RG. Contacts available: Contact, Parkinson’s UK Helpline.","Goole, United Kingdom","Goole, United Kingdom",United Kingdom,In-Person | Support | Support Group | Parkinson's Care,,in-person,true,official_directory_import,0,0,https://localsupport.parkinsons.org.uk/provider/goole-parkinsons-support-group,afindlayslt@outlook.com,07845 822 253,Vikings,,provider,Parkinson's UK,"Vikings, Western Road, Goole, DN14 6RG",Goole,DN14 6RG,https://localsupport.parkinsons.org.uk/provider/goole-parkinsons-support-group,2026-03-27T07:44:50.794Z
parkinsons-uk,Parkinson's UK Local Support,localsupport.parkinsons.org.uk/provider/grimsby-support-group,grimsby-support-group-provider-dn34-5sz,Grimsby Support Group,Exercise Class,"Our group offers friendship and support locally to people with Parkinson’s, their families and carers, contact us to find out more. Volunteers needed! We need to recruit volunteers to help us run the group. Do you have an hour or two per month to spare? If so we would be delighted to hear from you. For more information please get in touch with Chris Dougherty at [email protected] or on 07792 308 327. For information and advice on Parkinson's, or for emotional support, call the Parkinson's UK helpline on 0808 800 0303","Our group offers friendship and support locally to people with Parkinson’s, their families and carers, contact us to find out more. Volunteers needed! We need to recruit volunteers to help us run the group. Do you have an hour or two per month to spare? If so we would be delighted to hear from you. For more information please get in touch with Chris Dougherty at [email protected] or on 07792 308 327. For information and advice on Parkinson's, or for emotional support, call the Parkinson's UK helpline on 0808 800 0303 Schedule: Monthly on the first Monday From 14:00 until 16:00. Location: Grimsby Support Group monthly social meeting, Pelham Suite, Cambridge Road, Grimsby, DN34 5SZ. Contacts available: Group Contact, Parkinson’s UK Helpline.","Grimsby, United Kingdom","Grimsby, United Kingdom",United Kingdom,In-Person | Support | Exercise | Parkinson's Care,,in-person,true,official_directory_import,0,0,https://localsupport.parkinsons.org.uk/provider/grimsby-support-group,chris.dougherty@sky.com,07792 308 327,Grimsby Support Group monthly social meeting,,provider,Parkinson's UK,"Grimsby Support Group monthly social meeting, Pelham Suite, Cambridge Road, Grimsby, DN34 5SZ",Grimsby,DN34 5SZ,https://localsupport.parkinsons.org.uk/provider/grimsby-support-group,2026-03-27T07:44:50.794Z
parkinsons-uk,Parkinson's UK Local Support,localsupport.parkinsons.org.uk/provider/halifax-branch,halifax-branch-provider-hx1-5ay,Halifax Branch,Support Group,"Our group offers friendship and support locally to people with Parkinson’s, their families and carers, contact us to find out more. Please see our latest news on our website: https://www.parkinsonshalifax.org.uk/index.php/news/For information and advice on Parkinson's, or for emotional support, call the Parkinson's UK helpline on 0808 800 0303","Our group offers friendship and support locally to people with Parkinson’s, their families and carers, contact us to find out more. Please see our latest news on our website: https://www.parkinsonshalifax.org.uk/index.php/news/For information and advice on Parkinson's, or for emotional support, call the Parkinson's UK helpline on 0808 800 0303 Schedule: Monthly on the second Saturday From 14:00 until 16:00. Location: Halifax Elim Pentecostal Church, Hall Street, Halifax, HX1 5AY. Contacts available: Contact, Parkinson’s UK Helpline.","Halifax, United Kingdom","Halifax, United Kingdom",United Kingdom,In-Person | Support | Wellbeing | Support Group | Parkinson's Care,,in-person,true,official_directory_import,0,0,https://localsupport.parkinsons.org.uk/provider/halifax-branch,ianbarraclough@icloud.com,07967 419880,Halifax Elim Pentecostal Church,,provider,Parkinson's UK,"Halifax Elim Pentecostal Church, Hall Street, Halifax, HX1 5AY",Halifax,HX1 5AY,https://localsupport.parkinsons.org.uk/provider/halifax-branch,2026-03-27T07:44:50.794Z
parkinsons-uk,Parkinson's UK Local Support,localsupport.parkinsons.org.uk/provider/harrogate-branch,harrogate-and-district-branch-provider-hg4-2ab,Harrogate and District Branch,Support Group,"Our group offers friendship and support locally to people with Parkinson’s, their families and carers, contact us to find out more. For information and advice on Parkinson's, or for emotional support, call the Parkinson's UK helpline on 0808 800 0303","Our group offers friendship and support locally to people with Parkinson’s, their families and carers, contact us to find out more. For information and advice on Parkinson's, or for emotional support, call the Parkinson's UK helpline on 0808 800 0303 Schedule: Monthly on the second Tuesday From 14:00 until 16:00. Location: St. Wilfrid’s Community Centre, Trinity Lane, Ripon, HG4 2AB. Contacts available: Local Group Staff Contact, Parkinson’s UK Helpline.","Ripon, United Kingdom","Ripon, United Kingdom",United Kingdom,In-Person | Support | Support Group | Parkinson's Care,,in-person,true,official_directory_import,0,0,https://localsupport.parkinsons.org.uk/provider/harrogate-branch,rcraft@parkinsons.org.uk,020 796 33666,Harrogate Masonic Hall,,provider,Parkinson's UK,"St. Wilfrid’s Community Centre, Trinity Lane, Ripon, HG4 2AB",Ripon,HG4 2AB,https://localsupport.parkinsons.org.uk/provider/harrogate-branch,2026-03-27T07:44:50.794Z
parkinsons-uk,Parkinson's UK Local Support,localsupport.parkinsons.org.uk/provider/huddersfield-branch,huddersfield-branch-provider-hd5-9ax,Huddersfield Branch,Exercise Class,"Our group offers friendship and support locally to people with Parkinson’s, their families and carers, contact us to find out more. For information and advice on Parkinson's, or for emotional support, call the Parkinson's UK helpline on 0808 800 0303","Our group offers friendship and support locally to people with Parkinson’s, their families and carers, contact us to find out more. For information and advice on Parkinson's, or for emotional support, call the Parkinson's UK helpline on 0808 800 0303 Schedule: Monthly on the third Thursday From 15:00 until 16:30. Location: Longley Golf Club Huddersfield, Maple Street, Huddersfield, HD5 9AX. Contacts available: Local Group Staff Contact, Parkinson’s UK Helpline.","Huddersfield, United Kingdom","Huddersfield, United Kingdom",United Kingdom,In-Person | Support | Exercise | Wellbeing | Parkinson's Care,,in-person,true,official_directory_import,0,0,https://localsupport.parkinsons.org.uk/provider/huddersfield-branch,rcraft@parkinsons.org.uk,020 796 33666,Longley Golf Club Huddersfield,,provider,Parkinson's UK,"Longley Golf Club Huddersfield, Maple Street, Huddersfield, HD5 9AX",Huddersfield,HD5 9AX,https://localsupport.parkinsons.org.uk/provider/huddersfield-branch,2026-03-27T07:44:50.794Z
parkinsons-uk,Parkinson's UK Local Support,localsupport.parkinsons.org.uk/provider/hull-and-east-yorkshire-branch,hull-and-east-yorkshire-support-group-provider-hu16-5qg,Hull and East Yorkshire Support Group,Exercise Class,"Our group offers friendship and support locally to people with Parkinson’s, their families and carers, contact us to find out more. You can read the latest newsletter here. Volunteers needed! We are always looking for volunteers to help with the group. If you have an hour or two to spare each month we would be delighted to hear from you! There is more information here or contact the Hull & East Yorkshire Support Group Volunteer Team on 07484 420 616 or [email protected]. For information and advice on Parkinson's, or for emotional support, call the Parkinson's UK helpline on 0808 800 0303","Our group offers friendship and support locally to people with Parkinson’s, their families and carers, contact us to find out more. You can read the latest newsletter here. Volunteers needed! We are always looking for volunteers to help with the group. If you have an hour or two to spare each month we would be delighted to hear from you! There is more information here or contact the Hull & East Yorkshire Support Group Volunteer Team on 07484 420 616 or [email protected]. For information and advice on Parkinson's, or for emotional support, call the Parkinson's UK helpline on 0808 800 0303 Schedule: Monthly on the third Monday From 13:30 until 15:30. Location: Cottingham Civic Hall, Market Green, Cottingham, HU16 5QG. Contacts available: Group Contact, Parkinson’s UK Helpline.","Cottingham, United Kingdom","Cottingham, United Kingdom",United Kingdom,In-Person | Support | Exercise | Parkinson's Care,,in-person,true,official_directory_import,0,0,https://localsupport.parkinsons.org.uk/provider/hull-and-east-yorkshire-branch,contact@hull.parkinsonsuk.group,07484 420 616,Cottingham Civic Hall,,provider,Parkinson's UK,"Cottingham Civic Hall, Market Green, Cottingham, HU16 5QG",Cottingham,HU16 5QG,https://localsupport.parkinsons.org.uk/provider/hull-and-east-yorkshire-branch,2026-03-27T07:44:50.795Z
parkinsons-uk,Parkinson's UK Local Support,localsupport.parkinsons.org.uk/provider/keighley-support-group,keighley-support-group-provider-bd21-2jh,Keighley Support Group,Exercise Class,"Our group offers friendship and support locally to people with Parkinson’s, their families and carers, contact us to find out more. For information and advice on Parkinson's, or for emotional support, call the Parkinson's UK helpline on 0808 800 0303","Our group offers friendship and support locally to people with Parkinson’s, their families and carers, contact us to find out more. For information and advice on Parkinson's, or for emotional support, call the Parkinson's UK helpline on 0808 800 0303 Schedule: Weekly every Monday From 13:30 until 15:30. Location: Keighley Healthy Living, 13 Scott Street, Keighley, BD21 2JH. Contacts available: Local Group Staff Contact, Parkinson’s UK Helpline.","Keighley, United Kingdom","Keighley, United Kingdom",United Kingdom,In-Person | Support | Exercise | Parkinson's Care,,in-person,true,official_directory_import,0,0,https://localsupport.parkinsons.org.uk/provider/keighley-support-group,rcraft@parkinsons.org.uk,020 796 33666,Keighley Healthy Living,,provider,Parkinson's UK,"Keighley Healthy Living, 13 Scott Street, Keighley, BD21 2JH",Keighley,BD21 2JH,https://localsupport.parkinsons.org.uk/provider/keighley-support-group,2026-03-27T07:44:50.795Z
parkinsons-uk,Parkinson's UK Local Support,localsupport.parkinsons.org.uk/provider/leeds-and-district-branch,leeds-and-district-branch-provider-ls16-5jt,Leeds and District Branch,Exercise Class,"Our group offers friendship and support locally to people with Parkinson’s, their families and carers, contact us to find out more. For information and advice on Parkinson's, or for emotional support, call the Parkinson's UK helpline on 0808 800 0303","Our group offers friendship and support locally to people with Parkinson’s, their families and carers, contact us to find out more. For information and advice on Parkinson's, or for emotional support, call the Parkinson's UK helpline on 0808 800 0303 Schedule: Monthly on the second Wednesday From 14:00 until 16:00. Location: St Chad's Parish Centre - Leeds, Otley Road, Leeds, LS16 5JT. Contacts available: Contact, Parkinson’s UK Helpline.","Leeds, United Kingdom","Leeds, United Kingdom",United Kingdom,In-Person | Support | Wellbeing | Exercise | Parkinson's Care,,in-person,true,official_directory_import,0,0,https://localsupport.parkinsons.org.uk/provider/leeds-and-district-branch,cookcarolann55@gmail.com,01943 513 607,St Chad's Parish Centre - Leeds,,provider,Parkinson's UK,"St Chad's Parish Centre - Leeds, Otley Road, Leeds, LS16 5JT",Leeds,LS16 5JT,https://localsupport.parkinsons.org.uk/provider/leeds-and-district-branch,2026-03-27T07:44:50.795Z
parkinsons-uk,Parkinson's UK Local Support,localsupport.parkinsons.org.uk/provider/north-tyneside-support-group,north-tyneside-support-group-provider-ne30-2ay,North Tyneside Support Group,Support Group,"Our group offers friendship and support locally to people with Parkinson’s, their families and carers, contact us to find out more. For information and advice on Parkinson's, or for emotional support, call the Parkinson's UK helpline on 0808 800 0303","Our group offers friendship and support locally to people with Parkinson’s, their families and carers, contact us to find out more. For information and advice on Parkinson's, or for emotional support, call the Parkinson's UK helpline on 0808 800 0303 Schedule: Monthly on the third Monday From 14:00 until 15:30. Location: Linskill Centre, Linskill Terrace, North Shields, NE30 2AY. Contacts available: Parkinson's UK Helpline, Local Group Staff Contact.","North Shields, United Kingdom","North Shields, United Kingdom",United Kingdom,In-Person | Support | Support Group | Parkinson's Care,,in-person,true,official_directory_import,0,0,https://localsupport.parkinsons.org.uk/provider/north-tyneside-support-group,hello@parkinsons.org.uk,0808 800 0303,Linskill Centre,,provider,Parkinson's UK,"Linskill Centre, Linskill Terrace, North Shields, NE30 2AY",North Shields,NE30 2AY,https://localsupport.parkinsons.org.uk/provider/north-tyneside-support-group,2026-03-27T07:44:50.795Z
parkinsons-uk,Parkinson's UK Local Support,localsupport.parkinsons.org.uk/provider/northumberland-tyne-and-wear-ap-branch,northumberland-tyne-and-wear-ap-branch-provider-ne11-9xf,Northumberland Tyne and Wear AP Branch,Exercise Class,"Our group offers friendship and support locally to people with Parkinson’s, their families and carers, contact us to find out more. For information and advice on Parkinson's, or for emotional support, call the Parkinson's UK helpline on 0808 800 0303","Our group offers friendship and support locally to people with Parkinson’s, their families and carers, contact us to find out more. For information and advice on Parkinson's, or for emotional support, call the Parkinson's UK helpline on 0808 800 0303 Schedule: Monthly on the first Sunday From 17:00 until 19:00. Location: Marriott Hotel Gateshead, MetroCentre, Gateshead, NE11 9XF. Contacts available: Parkinson's UK Helpline, Local Group Staff Contact.","Gateshead, United Kingdom","Gateshead, United Kingdom",United Kingdom,In-Person | Support | Exercise | Parkinson's Care,,in-person,true,official_directory_import,0,0,https://localsupport.parkinsons.org.uk/provider/northumberland-tyne-and-wear-ap-branch,hello@parkinsons.org.uk,0808 800 0303,Marriott Hotel Gateshead,,provider,Parkinson's UK,"Marriott Hotel Gateshead, MetroCentre, Gateshead, NE11 9XF",Gateshead,NE11 9XF,https://localsupport.parkinsons.org.uk/provider/northumberland-tyne-and-wear-ap-branch,2026-03-27T07:44:50.795Z
parkinsons-uk,Parkinson's UK Local Support,localsupport.parkinsons.org.uk/provider/redcar-area-support-group,redcar-area-support-group-provider-ts10-4lr,Redcar Area Support Group,Exercise Class,"Our group offers friendship and support locally to people with Parkinson’s, their families and carers, contact us to find out more. For information and advice on Parkinson's, or for emotional support, call the Parkinson's UK helpline on 0808 800 0303","Our group offers friendship and support locally to people with Parkinson’s, their families and carers, contact us to find out more. For information and advice on Parkinson's, or for emotional support, call the Parkinson's UK helpline on 0808 800 0303 Schedule: Monthly on the second Thursday From 14:00 until 16:00. Location: 25K Community Centre - Redcar, Ayton Drive, Redcar, TS10 4LR. Contacts available: Parkinson's UK Helpline, Local Group Staff Contact.","Redcar, United Kingdom","Redcar, United Kingdom",United Kingdom,In-Person | Exercise | Support | Parkinson's Care,,in-person,true,official_directory_import,0,0,https://localsupport.parkinsons.org.uk/provider/redcar-area-support-group,hello@parkinsons.org.uk,0808 800 0303,25K Community Centre - Redcar,,provider,Parkinson's UK,"25K Community Centre - Redcar, Ayton Drive, Redcar, TS10 4LR",Redcar,TS10 4LR,https://localsupport.parkinsons.org.uk/provider/redcar-area-support-group,2026-03-27T07:44:50.795Z
parkinsons-uk,Parkinson's UK Local Support,localsupport.parkinsons.org.uk/provider/rotherham-support-group,rotherham-support-group-provider-s60-4jn,Rotherham Support Group,Support Group,"Our group offers friendship and support locally to people with Parkinson’s, their families and carers, contact us to find out more. For information and advice on Parkinson's, or for emotional support, call the Parkinson's UK helpline on 0808 800 0303","Our group offers friendship and support locally to people with Parkinson’s, their families and carers, contact us to find out more. For information and advice on Parkinson's, or for emotional support, call the Parkinson's UK helpline on 0808 800 0303 Schedule: Monthly on the second Monday From 13:00 until 15:00. Location: Herringthorpe United Reform Church, Wickersley Road, Rotherham, S60 4JN. Contacts available: Contact, Parkinson’s UK Helpline.","Rotherham, United Kingdom","Rotherham, United Kingdom",United Kingdom,In-Person | Support | Support Group | Parkinson's Care,,in-person,true,official_directory_import,0,0,https://localsupport.parkinsons.org.uk/provider/rotherham-support-group,localsupport@parkinsons.org.uk,0808 800 0303,Herringthorpe United Reform Church,,provider,Parkinson's UK,"Herringthorpe United Reform Church, Wickersley Road, Rotherham, S60 4JN",Rotherham,S60 4JN,https://localsupport.parkinsons.org.uk/provider/rotherham-support-group,2026-03-27T07:44:50.795Z
parkinsons-uk,Parkinson's UK Local Support,localsupport.parkinsons.org.uk/provider/ryedale-support-group,ryedale-support-group-provider-yo17-9es,Ryedale Support Group,Support Group,"Our group offers friendship and support locally to people with Parkinson’s, their families and carers, contact us to find out more. For information and advice on Parkinson's, or for emotional support, call the Parkinson's UK helpline on 0808 800 0303","Our group offers friendship and support locally to people with Parkinson’s, their families and carers, contact us to find out more. For information and advice on Parkinson's, or for emotional support, call the Parkinson's UK helpline on 0808 800 0303 Schedule: Monthly on the second Thursday From 14:00 until 15:30. Location: Norton Trinity Methodist Church, Commercial Street, Norton, YO17 9ES. Contacts available: Local Group Staff Contact, Parkinson’s UK Helpline.","Norton, United Kingdom","Norton, United Kingdom",United Kingdom,In-Person | Support | Support Group | Parkinson's Care,,in-person,true,official_directory_import,0,0,https://localsupport.parkinsons.org.uk/provider/ryedale-support-group,rcraft@parkinsons.org.uk,020 7963 3666,Norton Trinity Methodist Church,,provider,Parkinson's UK,"Norton Trinity Methodist Church, Commercial Street, Norton, YO17 9ES",Norton,YO17 9ES,https://localsupport.parkinsons.org.uk/provider/ryedale-support-group,2026-03-27T07:44:50.795Z
parkinsons-uk,Parkinson's UK Local Support,localsupport.parkinsons.org.uk/provider/scarborough-branch,scarborough-branch-provider-yo12-6np,Scarborough Branch,Support Group,"Our group offers friendship and support locally to people with Parkinson’s, their families and carers, contact us to find out more. For information and advice on Parkinson's, or for emotional support, call the Parkinson's UK helpline on 0808 800 0303","Our group offers friendship and support locally to people with Parkinson’s, their families and carers, contact us to find out more. For information and advice on Parkinson's, or for emotional support, call the Parkinson's UK helpline on 0808 800 0303 Schedule: Weekly every Thursday From 14:00 until 16:00. Location: Wreyfield Drive Methodist Church, Wreyfield Drive, Scarborough, YO12 6NP. Contacts available: Local Group Staff Contact, Parkinson’s UK Helpline.","Scarborough, United Kingdom","Scarborough, United Kingdom",United Kingdom,In-Person | Support | Support Group | Parkinson's Care,,in-person,true,official_directory_import,0,0,https://localsupport.parkinsons.org.uk/provider/scarborough-branch,rcraft@parkinsons.org.uk,020 7963 3666,Wreyfield Drive Methodist Church,,provider,Parkinson's UK,"Wreyfield Drive Methodist Church, Wreyfield Drive, Scarborough, YO12 6NP",Scarborough,YO12 6NP,https://localsupport.parkinsons.org.uk/provider/scarborough-branch,2026-03-27T07:44:50.795Z
parkinsons-uk,Parkinson's UK Local Support,localsupport.parkinsons.org.uk/provider/scunthorpe-branch,scunthorpe-branch-provider-dn16-2jt,Scunthorpe Branch,Exercise Class,"Our group offers friendship and support locally to people with Parkinson’s, their families and carers, contact us to find out more. For information and advice on Parkinson's, or for emotional support, call the Parkinson's UK helpline on 0808 800 0303","Our group offers friendship and support locally to people with Parkinson’s, their families and carers, contact us to find out more. For information and advice on Parkinson's, or for emotional support, call the Parkinson's UK helpline on 0808 800 0303 Schedule: Get in touch for more information.. Location: Salvation Army Centre - Scunthorpe, 187 Ashby High Street, Scunthorpe, DN16 2JT. Contacts available: Contact, Parkinson’s UK Helpline.","Scunthorpe, United Kingdom","Scunthorpe, United Kingdom",United Kingdom,In-Person | Exercise | Support | Wellbeing | Parkinson's Care,,in-person,true,official_directory_import,0,0,https://localsupport.parkinsons.org.uk/provider/scunthorpe-branch,localsupport@parkinsons.org.uk,0808 800 0303,Salvation Army Centre - Scunthorpe,,provider,Parkinson's UK,"Salvation Army Centre - Scunthorpe, 187 Ashby High Street, Scunthorpe, DN16 2JT",Scunthorpe,DN16 2JT,https://localsupport.parkinsons.org.uk/provider/scunthorpe-branch,2026-03-27T07:44:50.795Z
parkinsons-uk,Parkinson's UK Local Support,localsupport.parkinsons.org.uk/provider/selby-support-group,selby-support-group-provider-yo8-8aw,Selby Support Group,Exercise Class,"Our group offers friendship and support locally to people with Parkinson’s, their families and carers, contact us to find out more. For information and advice on Parkinson's, or for emotional support, call the Parkinson's UK helpline on 0808 800 0303","Our group offers friendship and support locally to people with Parkinson’s, their families and carers, contact us to find out more. For information and advice on Parkinson's, or for emotional support, call the Parkinson's UK helpline on 0808 800 0303 Schedule: Monthly on the first Thursday From 10:00 until 12:00. Location: The Studios Selby, Cochrane's Shipyard, Selby, YO8 8AW. Contacts available: Contact, Parkinson’s UK Helpline.","Selby, United Kingdom","Selby, United Kingdom",United Kingdom,In-Person | Exercise | Support | Parkinson's Care,,in-person,true,official_directory_import,0,0,https://localsupport.parkinsons.org.uk/provider/selby-support-group,infoatselbyparkinsonsgroup@gmail.com,07935 749411,Regen Centre,,provider,Parkinson's UK,"The Studios Selby, Cochrane's Shipyard, Selby, YO8 8AW",Selby,YO8 8AW,https://localsupport.parkinsons.org.uk/provider/selby-support-group,2026-03-27T07:44:50.795Z
parkinsons-uk,Parkinson's UK Local Support,localsupport.parkinsons.org.uk/provider/sheffield-support-group,sheffield-support-group-provider-s10-3bu,Sheffield Support Group,Exercise Class,"About our group You can read the latest newsletter here. If you would like adding to the mailing list please call Val Heap on 0114 262 0468 or email [email protected]. You can also find us on Facebook, here. The ethos of the Sheffield Support Group is to support activities to enable people with Parkinson’s to build physical and mental wellness through participation in social events, learning and creative activities with like-minded people. The group is run for the charity by volunteers who are living with Parkinson’s themselves, or who have experience of Parkinson’s. It is supported by professional staff to: Offer information, friendship, and support to those with Parkinson’s, their carers, families and friends Organise or assist with events and social activities for members Raise funds for research to support people affected by Parkinson’s We believe that doing something positive for yourself is good for the soul. We arrange classes and activities that include: Posture and general fitness, Boxing, Pilates, Tango, Voice (singing), Saturday morning walks and monthly meetings, with a speaker, and an opportunity to meet others over a cup of tea A monthly drop in Parkinson’s Cafe held in Parson Cross Community Development Forum ""A Positively Parkinson’s"" group that holds monthly evening socials at the Waggon and Horses restaurant/pub on Abbeydale Road and is aimed at people aged 66 years and under A Supporters Group for those living with a person with Parkinson's We also signpost to privately run classes and other resources that may be of interest to people affected by Parkinson’s in the Sheffield area, eg: PD Warrior programme Personalised strength and fitness A machine-based circuits class We follow the values of Parkinson’s UK by putting People first and at the centre of decisions, Uniting all those who are affected by Parkinson’s in Sheffield, Pioneering with a can-do attitude and we are Driven to find a cure and offer support until one is found. Volunteers needed! We need to recruit volunteers to help us run the group. Do you have an hour or two per month to spare? If so we would be delighted to hear from you. For more information please email [email protected].","About our group You can read the latest newsletter here. If you would like adding to the mailing list please call Val Heap on 0114 262 0468 or email [email protected]. You can also find us on Facebook, here. The ethos of the Sheffield Support Group is to support activities to enable people with Parkinson’s to build physical and mental wellness through participation in social events, learning and creative activities with like-minded people. The group is run for the charity by volunteers who are living with Parkinson’s themselves, or who have experience of Parkinson’s. It is supported by professional staff to: Offer information, friendship, and support to those with Parkinson’s, their carers, families and friends Organise or assist with events and social activities for members Raise funds for research to support people affected by Parkinson’s We believe that doing something positive for yourself is good for the soul. We arrange classes and activities that include: Posture and general fitness, Boxing, Pilates, Tango, Voice (singing), Saturday morning walks and monthly meetings, with a speaker, and an opportunity to meet others over a cup of tea A monthly drop in Parkinson’s Cafe held in Parson Cross Community Development Forum ""A Positively Parkinson’s"" group that holds monthly evening socials at the Waggon and Horses restaurant/pub on Abbeydale Road and is aimed at people aged 66 years and under A Supporters Group for those living with a person with Parkinson's We also signpost to privately run classes and other resources that may be of interest to people affected by Parkinson’s in the Sheffield area, eg: PD Warrior programme Personalised strength and fitness A machine-based circuits class We follow the values of Parkinson’s UK by putting People first and at the centre of decisions, Uniting all those who are affected by Parkinson’s in Sheffield, Pioneering with a can-do attitude and we are Driven to find a cure and offer support until one is found. Volunteers needed! We need to recruit volunteers to help us run the group. Do you have an hour or two per month to spare? If so we would be delighted to hear from you. For more information please email [email protected]. Schedule: 02/06/2026 01/09/2026 03/11/2026 | 02/06/2026 | 01/09/2026 | 03/11/2026. Location: Tapton Masonic Hall, Shore Lane Sheffield, Sheffield, S10 3BU. Contacts available: Contact, Parkinson’s UK Helpline.","Sheffield, United Kingdom","Sheffield, United Kingdom",United Kingdom,In-Person | Support | Wellbeing | Exercise | Parkinson's Care,,in-person,true,official_directory_import,0,0,https://localsupport.parkinsons.org.uk/provider/sheffield-support-group,valheap@outlook.com,0114 262 0468,Tapton Masonic Hall,,provider,Parkinson's UK,"Tapton Masonic Hall, Shore Lane Sheffield, Sheffield, S10 3BU",Sheffield,S10 3BU,https://localsupport.parkinsons.org.uk/provider/sheffield-support-group,2026-03-27T07:44:50.796Z
parkinsons-uk,Parkinson's UK Local Support,localsupport.parkinsons.org.uk/provider/skipton-and-district-support-group,skipton-and-district-support-group-provider-bd23-1ah,Skipton and District Support Group,Support Group,"Our group offers friendship and support locally to people with Parkinson’s, their families and carers, contact us to find out more. For information and advice on Parkinson's, or for emotional support, call the Parkinson's UK helpline on 0808 800 0303","Our group offers friendship and support locally to people with Parkinson’s, their families and carers, contact us to find out more. For information and advice on Parkinson's, or for emotional support, call the Parkinson's UK helpline on 0808 800 0303 Schedule: Monthly on the third Thursday From 14:00 until 15:30. Location: The Hub, Skipton Town Hall, High Street, Skipton, BD23 1AH. Contacts available: Local Group Staff Contact, Parkinson’s UK Helpline.","Skipton, United Kingdom","Skipton, United Kingdom",United Kingdom,In-Person | Support | Support Group | Parkinson's Care,,in-person,true,official_directory_import,0,0,https://localsupport.parkinsons.org.uk/provider/skipton-and-district-support-group,membershipskipton@outlook.com,020 796 33666,"The Hub, Skipton Town Hall",,provider,Parkinson's UK,"The Hub, Skipton Town Hall, High Street, Skipton, BD23 1AH",Skipton,BD23 1AH,https://localsupport.parkinsons.org.uk/provider/skipton-and-district-support-group,2026-03-27T07:44:50.796Z
parkinsons-uk,Parkinson's UK Local Support,localsupport.parkinsons.org.uk/provider/south-tyneside-support-group,south-tyneside-support-group-provider-ne33-2ja,South Tyneside Support Group,Exercise Class,"Our group offers friendship and support locally to people with Parkinson’s, their families and carers, contact us to find out more. For information and advice on Parkinson's, or for emotional support, call the Parkinson's UK helpline on 0808 800 0303","Our group offers friendship and support locally to people with Parkinson’s, their families and carers, contact us to find out more. For information and advice on Parkinson's, or for emotional support, call the Parkinson's UK helpline on 0808 800 0303 Schedule: Monthly on the first Monday From 12:00 until 13:00. Location: South Shields Museum & Art Gallery, Ocean Road, South Shields, NE33 2JA. Contacts available: Parkinson's UK Helpline, Local Group Staff Contact.","South Shields, United Kingdom","South Shields, United Kingdom",United Kingdom,In-Person | Exercise | Support | Parkinson's Care,,in-person,true,official_directory_import,0,0,https://localsupport.parkinsons.org.uk/provider/south-tyneside-support-group,hello@parkinsons.org.uk,0808 800 0303,South Shields Museum & Art Gallery,,provider,Parkinson's UK,"South Shields Museum & Art Gallery, Ocean Road, South Shields, NE33 2JA",South Shields,NE33 2JA,https://localsupport.parkinsons.org.uk/provider/south-tyneside-support-group,2026-03-27T07:44:50.796Z
parkinsons-uk,Parkinson's UK Local Support,localsupport.parkinsons.org.uk/provider/sunderland-branch,sunderland-branch-provider-sr2-7ea,Sunderland Branch,Support Group,"Our group offers friendship and support locally to people with Parkinson’s, their families and carers, contact us to find out more. For information and advice on Parkinson's, or for emotional support, call the Parkinson's UK helpline on 0808 800 0303","Our group offers friendship and support locally to people with Parkinson’s, their families and carers, contact us to find out more. For information and advice on Parkinson's, or for emotional support, call the Parkinson's UK helpline on 0808 800 0303 Schedule: Monthly on the second Monday From 14:00 until 15:30. Location: Bede Tower Sunderland, Burdon Road, Sunderland, SR2 7EA. Contacts available: Parkinson's UK Helpline, Local Group Staff Contact.","Sunderland, United Kingdom","Sunderland, United Kingdom",United Kingdom,In-Person | Support | Support Group | Parkinson's Care,,in-person,true,official_directory_import,0,0,https://localsupport.parkinsons.org.uk/provider/sunderland-branch,hello@parkinsons.org.uk,0808 800 0303,Bede Tower Sunderland,,provider,Parkinson's UK,"Bede Tower Sunderland, Burdon Road, Sunderland, SR2 7EA",Sunderland,SR2 7EA,https://localsupport.parkinsons.org.uk/provider/sunderland-branch,2026-03-27T07:44:50.796Z
parkinsons-uk,Parkinson's UK Local Support,localsupport.parkinsons.org.uk/provider/tees-valley-branch,tees-valley-support-group-provider-ts18-2bg,Tees Valley Support Group,Exercise Class,"Our group offers friendship and support locally to people with Parkinson’s, their families and carers, contact us to find out more. For information and advice on Parkinson's, or for emotional support, call the Parkinson's UK helpline on 0808 800 0303","Our group offers friendship and support locally to people with Parkinson’s, their families and carers, contact us to find out more. For information and advice on Parkinson's, or for emotional support, call the Parkinson's UK helpline on 0808 800 0303 Schedule: Monthly on the third Friday From 10:00 until 11:30. Location: Co-op Function Room, Millfield House, Stockton-on-Tees, TS18 2BG. Contacts available: Parkinson's UK Helpline, Local Group Staff Contact.","Stockton-on-Tees, United Kingdom","Stockton-on-Tees, United Kingdom",United Kingdom,In-Person | Support | Exercise | Parkinson's Care,,in-person,true,official_directory_import,0,0,https://localsupport.parkinsons.org.uk/provider/tees-valley-branch,hello@parkinsons.org.uk,0808 800 0303,Co-op Function Room,,provider,Parkinson's UK,"Co-op Function Room, Millfield House, Stockton-on-Tees, TS18 2BG",Stockton-on-Tees,TS18 2BG,https://localsupport.parkinsons.org.uk/provider/tees-valley-branch,2026-03-27T07:44:50.796Z
parkinsons-uk,Parkinson's UK Local Support,localsupport.parkinsons.org.uk/provider/wakefield-support-group,wakefield-support-group-provider-wf2-0ne,Wakefield Support Group,Exercise Class,"Our group offers friendship and support locally to people with Parkinson’s, their families and carers, contact us to find out more. For information and advice on Parkinson's, or for emotional support, call the Parkinson's UK helpline on 0808 800 0303","Our group offers friendship and support locally to people with Parkinson’s, their families and carers, contact us to find out more. For information and advice on Parkinson's, or for emotional support, call the Parkinson's UK helpline on 0808 800 0303 Schedule: Monthly on the fourth Wednesday From 13:30 until 15:00. Location: Wrenthorpe Village Hall, Wrenthorpe Lane, Wakefield, WF2 0NE. Contacts available: Local Group Staff Contact, Parkinson’s UK Helpline.","Wakefield, United Kingdom","Wakefield, United Kingdom",United Kingdom,In-Person | Support | Exercise | Parkinson's Care,,in-person,true,official_directory_import,0,0,https://localsupport.parkinsons.org.uk/provider/wakefield-support-group,wakefieldparkies@gmail.com,020 796 33666,Wrenthorpe Village Hall,,provider,Parkinson's UK,"Wrenthorpe Village Hall, Wrenthorpe Lane, Wakefield, WF2 0NE",Wakefield,WF2 0NE,https://localsupport.parkinsons.org.uk/provider/wakefield-support-group,2026-03-27T07:44:50.796Z
parkinsons-uk,Parkinson's UK Local Support,localsupport.parkinsons.org.uk/provider/york-branch,york-branch-provider-yo32-2ll,York Branch,Exercise Class,"Our group offers friendship and support locally to people with Parkinson’s, their families and carers, contact us to find out more. For information and advice on Parkinson's, or for emotional support, call the Parkinson's UK helpline on 0808 800 0303","Our group offers friendship and support locally to people with Parkinson’s, their families and carers, contact us to find out more. For information and advice on Parkinson's, or for emotional support, call the Parkinson's UK helpline on 0808 800 0303 Schedule: Monthly on the second Wednesday From 14:00 until 16:00. Location: Wigginton Recreational Hall York, The Village, York, YO32 2LL. Contacts available: Branch Contact, Parkinson’s UK Helpline.","York, United Kingdom","York, United Kingdom",United Kingdom,In-Person | Exercise | Parkinson's Care,,in-person,true,official_directory_import,0,0,https://localsupport.parkinsons.org.uk/provider/york-branch,info@yorkparkinsons.co.uk,07943 137616,New Earswick Folk Hall York,,provider,Parkinson's UK,"Wigginton Recreational Hall York, The Village, York, YO32 2LL",York,YO32 2LL,https://localsupport.parkinsons.org.uk/provider/york-branch,2026-03-27T07:44:50.796Z
parkinsons-uk,Parkinson's UK Local Support,localsupport.parkinsons.org.uk/provider/blackpool-fylde-and-wyre-branch,blackpool-fylde-and-wyre-branch-provider-fy5-2bl,Blackpool Fylde and Wyre Branch,Support Group,"Our group offers friendship and support locally to people with Parkinson’s, their families and carers, contact us to find out more. For information and advice on Parkinson's, or for emotional support, call the Parkinson's UK helpline on 0808 800 0303","Our group offers friendship and support locally to people with Parkinson’s, their families and carers, contact us to find out more. For information and advice on Parkinson's, or for emotional support, call the Parkinson's UK helpline on 0808 800 0303 Schedule: Monthly on the first Monday From 19:00 until 21:00. Location: Cleveleys Park Methodist Church Hall, Stockdove Way, Thornton-Cleveleys, FY5 2BL. Contacts available: Contact, Parkinson’s UK Helpline.","Thornton-Cleveleys, United Kingdom","Thornton-Cleveleys, United Kingdom",United Kingdom,In-Person | Support | Support Group | Parkinson's Care,,in-person,true,official_directory_import,0,0,https://localsupport.parkinsons.org.uk/provider/blackpool-fylde-and-wyre-branch,marjoriefleming@talktalk.net,01253 868 086,Cleveleys Park Methodist Church Hall,,provider,Parkinson's UK,"Cleveleys Park Methodist Church Hall, Stockdove Way, Thornton-Cleveleys, FY5 2BL",Thornton-Cleveleys,FY5 2BL,https://localsupport.parkinsons.org.uk/provider/blackpool-fylde-and-wyre-branch,2026-03-27T07:44:50.796Z
parkinsons-uk,Parkinson's UK Local Support,localsupport.parkinsons.org.uk/provider/bolton-branch,bolton-branch-provider-bl2-6qe,Bolton Branch,Exercise Class,"Our group offers friendship and support locally to people with Parkinson’s, their families and carers, contact us to find out more. For information and advice on Parkinson's, or for emotional support, call the Parkinson's UK helpline on 0808 800 0303","Our group offers friendship and support locally to people with Parkinson’s, their families and carers, contact us to find out more. For information and advice on Parkinson's, or for emotional support, call the Parkinson's UK helpline on 0808 800 0303 Schedule: Monthly on the first Tuesday From 14:00 until 16:00. Location: Kings Church, The Mill, Bolton, BL2 6QE. Contacts available: Local Group Staff Contact, Parkinson’s UK Helpline.","Bolton, United Kingdom","Bolton, United Kingdom",United Kingdom,In-Person | Support | Exercise | Parkinson's Care,,in-person,true,official_directory_import,0,0,https://localsupport.parkinsons.org.uk/provider/bolton-branch,croot@parkinsons.org.uk,0344 2253611,Kings Church,,provider,Parkinson's UK,"Kings Church, The Mill, Bolton, BL2 6QE",Bolton,BL2 6QE,https://localsupport.parkinsons.org.uk/provider/bolton-branch,2026-03-27T07:44:50.796Z
parkinsons-uk,Parkinson's UK Local Support,localsupport.parkinsons.org.uk/provider/bury-support-group,bury-support-group-provider-bl8-2ph,Bury Support Group,Exercise Class,"Our group offers friendship and support locally to people with Parkinson’s, their families and carers, contact us to find out more. For information and advice on Parkinson's, or for emotional support, call the Parkinson's UK helpline on 0808 800 0303","Our group offers friendship and support locally to people with Parkinson’s, their families and carers, contact us to find out more. For information and advice on Parkinson's, or for emotional support, call the Parkinson's UK helpline on 0808 800 0303 Schedule: Monthly on the first Monday From 14:00 until 16:00. Location: Bolton Road Methodist Church - Bury, Bolton Road, Bury, BL8 2PH. Contacts available: Contact, Parkinson’s UK Helpline.","Bury, United Kingdom","Bury, United Kingdom",United Kingdom,In-Person | Support | Exercise | Parkinson's Care,,in-person,true,official_directory_import,0,0,https://localsupport.parkinsons.org.uk/provider/bury-support-group,alijohn.aj27@gmail.com,01204 363061,Bolton Road Methodist Church - Bury,,provider,Parkinson's UK,"Bolton Road Methodist Church - Bury, Bolton Road, Bury, BL8 2PH",Bury,BL8 2PH,https://localsupport.parkinsons.org.uk/provider/bury-support-group,2026-03-27T07:44:50.796Z
parkinsons-uk,Parkinson's UK Local Support,localsupport.parkinsons.org.uk/provider/chester-branch,chester-and-district-branch-provider-ch2-1sa,Chester and District Branch,Exercise Class,"Supporting our community with friendship, activities and help. Are you or someone you know affected by Parkinson's? You'll find a warm welcome here. Join us for singing, socialising, exercise and support. Our website is a great place to find out more about all the events on offer, how to join and who to contact. We offer something for everyone and there is always something to look forward to, from afternoon tea to a tasty brunch with a friendly group. You can sign up for as many or as few events as you like, or join one of our regular activities. We share news, views and updates on the website, don't hesitate to take a look and get in touch!","Supporting our community with friendship, activities and help. Are you or someone you know affected by Parkinson's? You'll find a warm welcome here. Join us for singing, socialising, exercise and support. Our website is a great place to find out more about all the events on offer, how to join and who to contact. We offer something for everyone and there is always something to look forward to, from afternoon tea to a tasty brunch with a friendly group. You can sign up for as many or as few events as you like, or join one of our regular activities. We share news, views and updates on the website, don't hesitate to take a look and get in touch! Schedule: Monthly on the third Thursday From 14:30 until 16:00. Location: St Columba's Church Hall, Plas Newton Lane, Chester, CH2 1SA. Contacts available: Contact, Parkinson’s UK Helpline.","Chester, United Kingdom","Chester, United Kingdom",United Kingdom,Virtual | Support | In-Person | Wellbeing | Exercise | Parkinson's Care,,hybrid,true,official_directory_import,0,0,https://localsupport.parkinsons.org.uk/provider/chester-branch,fetherston132@gmail.com,07903 085 776,Hoole United Reformed Church,,provider,Parkinson's UK,"St Columba's Church Hall, Plas Newton Lane, Chester, CH2 1SA",Chester,CH2 1SA,https://localsupport.parkinsons.org.uk/provider/chester-branch,2026-03-27T07:44:50.796Z
parkinsons-uk,Parkinson's UK Local Support,localsupport.parkinsons.org.uk/provider/chorley-and-south-ribble-branch,chorley-and-south-ribble-branch-provider-pr7-5ns,Chorley and South Ribble Branch,Exercise Class,"Our group offers friendship and support locally to people with Parkinson’s, their families and carers, contact us to find out more. For information and advice on Parkinson's, or for emotional support, call the Parkinson's UK helpline on 0808 800 0303","Our group offers friendship and support locally to people with Parkinson’s, their families and carers, contact us to find out more. For information and advice on Parkinson's, or for emotional support, call the Parkinson's UK helpline on 0808 800 0303 Schedule: Monthly on the first Tuesday From 13:00 until 15:00. Location: Heskin Village Hall, Heskin, PR7 5NS. Contacts available: Contact, Parkinson’s UK Helpline.","Heskin, United Kingdom","Heskin, United Kingdom",United Kingdom,In-Person | Support | Exercise | Parkinson's Care,,in-person,true,official_directory_import,0,0,https://localsupport.parkinsons.org.uk/provider/chorley-and-south-ribble-branch,charliecsg1@hotmail.co.uk,07837 831722,Heskin Village Hall,,provider,Parkinson's UK,"Heskin Village Hall, Heskin, PR7 5NS",Heskin,PR7 5NS,https://localsupport.parkinsons.org.uk/provider/chorley-and-south-ribble-branch,2026-03-27T07:44:50.796Z
parkinsons-uk,Parkinson's UK Local Support,localsupport.parkinsons.org.uk/provider/crewe-and-district-branch,crewe-and-district-branch-provider-cw1-3ud,Crewe and District Branch,Exercise Class,"Our group offers friendship and support locally to people with Parkinson’s, their families and carers. Contact us to find out more or visit our branch website. We are based in Crewe with a sub group in Winsford, please scroll down the page to see a full list of our activities For information and advice on Parkinson's, or for emotional support, call the Parkinson's UK helpline on 0808 800 0303","Our group offers friendship and support locally to people with Parkinson’s, their families and carers. Contact us to find out more or visit our branch website. We are based in Crewe with a sub group in Winsford, please scroll down the page to see a full list of our activities For information and advice on Parkinson's, or for emotional support, call the Parkinson's UK helpline on 0808 800 0303 Schedule: Monthly on the first Tuesday From 13:30 until 15:00 Monthly on the third Tuesday From 13:30 until 15:00 Monthly on the fourth Tuesday From 13:30 until 15:00 | Monthly on the first Tuesday From 13:30 until 15:00 | Monthly on the third Tuesday From 13:30 until 15:00 | Monthly on the fourth Tuesday From 13:30 until 15:00. Location: Hopes and Beams Crewe, Broad Street, Crewe, CW1 3UD. Contacts available: Contact, Parkinson’s UK Helpline.","Crewe, United Kingdom","Crewe, United Kingdom",United Kingdom,In-Person | Support | Exercise | Parkinson's Care,,in-person,true,official_directory_import,0,0,https://localsupport.parkinsons.org.uk/provider/crewe-and-district-branch,carolejaneb@yahoo.co.uk,07749 596 425,Hopes and Beams Crewe,,provider,Parkinson's UK,"Hopes and Beams Crewe, Broad Street, Crewe, CW1 3UD",Crewe,CW1 3UD,https://localsupport.parkinsons.org.uk/provider/crewe-and-district-branch,2026-03-27T07:44:50.796Z
parkinsons-uk,Parkinson's UK Local Support,localsupport.parkinsons.org.uk/provider/east-lancashire-activity-group,east-lancashire-activity-group-provider-bb9-8nd,East Lancashire Activity Group,Support Group,"Our group offers friendship and support locally to people with Parkinson’s, their families and carers, contact us to find out more. For information and advice on Parkinson's, or for emotional support, call the Parkinson's UK helpline on 0808 800 0303","Our group offers friendship and support locally to people with Parkinson’s, their families and carers, contact us to find out more. For information and advice on Parkinson's, or for emotional support, call the Parkinson's UK helpline on 0808 800 0303 Schedule: Fortnightly on a Friday From 11:30 until 13:30 This activity is next on 03/04/2026. Location: Holmefield House, Gisburn Road, Barrowford, BB9 8ND. Contacts available: Local Group Staff Contact, Parkinson’s UK Helpline.","Barrowford, United Kingdom","Barrowford, United Kingdom",United Kingdom,In-Person | Support | Support Group | Parkinson's Care,,in-person,true,official_directory_import,0,0,https://localsupport.parkinsons.org.uk/provider/east-lancashire-activity-group,croot@parkinsons.org.uk,0344 225 3611,Holmefield House,,provider,Parkinson's UK,"Holmefield House, Gisburn Road, Barrowford, BB9 8ND",Barrowford,BB9 8ND,https://localsupport.parkinsons.org.uk/provider/east-lancashire-activity-group,2026-03-27T07:44:50.796Z
parkinsons-uk,Parkinson's UK Local Support,localsupport.parkinsons.org.uk/provider/furness-support-group,furness-support-group-provider-la15-8af,Furness Support Group,Support Group,"Our group offers friendship and support locally to people with Parkinson’s, their families and carers, contact us to find out more. For information and advice on Parkinson's, or for emotional support, call the Parkinson's UK helpline on 0808 800 0303","Our group offers friendship and support locally to people with Parkinson’s, their families and carers, contact us to find out more. For information and advice on Parkinson's, or for emotional support, call the Parkinson's UK helpline on 0808 800 0303 Schedule: Monthly on the first Wednesday From 13:30 until 16:00. Location: Dalton Community Centre, Dalton-in-Furness, LA15 8AF. Contacts available: Contact, Parkinson’s UK Helpline.","Dalton-in-Furness, United Kingdom","Dalton-in-Furness, United Kingdom",United Kingdom,In-Person | Support | Wellbeing | Support Group | Parkinson's Care,,in-person,true,official_directory_import,0,0,https://localsupport.parkinsons.org.uk/provider/furness-support-group,loulou.taylor10@gmail.com,07890010239,Dalton Community Centre,,provider,Parkinson's UK,"Dalton Community Centre, Dalton-in-Furness, LA15 8AF",Dalton-in-Furness,LA15 8AF,https://localsupport.parkinsons.org.uk/provider/furness-support-group,2026-03-27T07:44:50.796Z
parkinsons-uk,Parkinson's UK Local Support,localsupport.parkinsons.org.uk/provider/halton-and-district-support-group,halton-and-district-support-group-provider-wa7-5nz,Halton and District Support Group,Exercise Class,"Our group offers friendship and support locally to people with Parkinson’s, their families and carers, contact us to find out more. For information and advice on Parkinson's, or for emotional support, call the Parkinson's UK helpline on 0808 800 0303","Our group offers friendship and support locally to people with Parkinson’s, their families and carers, contact us to find out more. For information and advice on Parkinson's, or for emotional support, call the Parkinson's UK helpline on 0808 800 0303 Schedule: Monthly on the second Tuesday From 13:30 until 15:30. Location: St Edwards Church Hall Runcorn, Ivy Street, Runcorn, WA7 5NZ. Contacts available: Contact, Parkinson’s UK Helpline.","Runcorn, United Kingdom","Runcorn, United Kingdom",United Kingdom,In-Person | Support | Exercise | Parkinson's Care,,in-person,true,official_directory_import,0,0,https://localsupport.parkinsons.org.uk/provider/halton-and-district-support-group,mbrolly@tiscali.co.uk,01928 574518,St Edwards Church Hall Runcorn,,provider,Parkinson's UK,"St Edwards Church Hall Runcorn, Ivy Street, Runcorn, WA7 5NZ",Runcorn,WA7 5NZ,https://localsupport.parkinsons.org.uk/provider/halton-and-district-support-group,2026-03-27T07:44:50.796Z
parkinsons-uk,Parkinson's UK Local Support,localsupport.parkinsons.org.uk/provider/hyndburn-and-ribble-valley-support-group,hyndburn-and-ribble-valley-support-group-provider-bb5-1la,Hyndburn and Ribble Valley Support Group,Support Group,"Our group offers friendship and support locally to people with Parkinson’s, their families and carers, contact us to find out more. For information and advice on Parkinson's, or for emotional support, call the Parkinson's UK helpline on 0808 800 0303","Our group offers friendship and support locally to people with Parkinson’s, their families and carers, contact us to find out more. For information and advice on Parkinson's, or for emotional support, call the Parkinson's UK helpline on 0808 800 0303 Schedule: Get in touch for more information.. Location: Accrington Town Hall, 42 Blackburn Road, Accrington, BB5 1LA. Contacts available: Contact, Parkinson’s UK Helpline.","Accrington, United Kingdom","Accrington, United Kingdom",United Kingdom,In-Person | Support | Support Group | Parkinson's Care,,in-person,true,official_directory_import,0,0,https://localsupport.parkinsons.org.uk/provider/hyndburn-and-ribble-valley-support-group,hello@parkinsons.org.uk,07484 829017,Accrington Town Hall,,provider,Parkinson's UK,"Accrington Town Hall, 42 Blackburn Road, Accrington, BB5 1LA",Accrington,BB5 1LA,https://localsupport.parkinsons.org.uk/provider/hyndburn-and-ribble-valley-support-group,2026-03-27T07:44:50.797Z
parkinsons-uk,Parkinson's UK Local Support,localsupport.parkinsons.org.uk/provider/kendal-support-group,kendal-support-group-provider-la9-6nz,Kendal Support Group,Exercise Class,"Our group offers friendship and support locally to people with Parkinson’s, their families and carers, contact us to find out more.For information and advice on Parkinson's, or for emotional support, call the Parkinson's UK helpline on 0808 800 0303 You can view all of our activities by scrolling to the bottom of this page, you can also view our most recent leaflet here","Our group offers friendship and support locally to people with Parkinson’s, their families and carers, contact us to find out more.For information and advice on Parkinson's, or for emotional support, call the Parkinson's UK helpline on 0808 800 0303 You can view all of our activities by scrolling to the bottom of this page, you can also view our most recent leaflet here Schedule: Monthly on the last Thursday From 12:30 until 14:30. Location: Kendal Rugby Club, Mint Bridge, Shap Road, Kendal, LA9 6NZ. Contacts available: Local Group Staff Contact, Parkinson’s UK Helpline.","Kendal, United Kingdom","Kendal, United Kingdom",United Kingdom,In-Person | Support | Exercise | Parkinson's Care,,in-person,true,official_directory_import,0,0,https://localsupport.parkinsons.org.uk/provider/kendal-support-group,croot@parkinsons.org.uk,0344 225 3611,Kendal Rugby Club,,provider,Parkinson's UK,"Kendal Rugby Club, Mint Bridge, Shap Road, Kendal, LA9 6NZ",Kendal,LA9 6NZ,https://localsupport.parkinsons.org.uk/provider/kendal-support-group,2026-03-27T07:44:50.797Z
parkinsons-uk,Parkinson's UK Local Support,localsupport.parkinsons.org.uk/provider/lancaster-and-morecambe-support-group,lancaster-and-morecambe-support-group-provider-la2-6jg,Lancaster and Morecambe Support Group,Support Group,"Our group offers friendship and support locally to people with Parkinson’s, their families and carers, contact us to find out more. For information and advice on Parkinson's, or for emotional support, call the Parkinson's UK helpline on 0808 800 0303","Our group offers friendship and support locally to people with Parkinson’s, their families and carers, contact us to find out more. For information and advice on Parkinson's, or for emotional support, call the Parkinson's UK helpline on 0808 800 0303 Schedule: Weekly every Friday From 12:00 until 14:00. Location: Slyne with Hest Church Hall, Shady Lane, Lancaster, LA2 6JG. Contacts available: Contact, Parkinson’s UK Helpline.","Lancaster, United Kingdom","Lancaster, United Kingdom",United Kingdom,In-Person | Support | Support Group | Parkinson's Care,,in-person,true,official_directory_import,0,0,https://localsupport.parkinsons.org.uk/provider/lancaster-and-morecambe-support-group,path1946@live.co.uk,01524 770831,Slyne with Hest Church Hall,,provider,Parkinson's UK,"Slyne with Hest Church Hall, Shady Lane, Lancaster, LA2 6JG",Lancaster,LA2 6JG,https://localsupport.parkinsons.org.uk/provider/lancaster-and-morecambe-support-group,2026-03-27T07:44:50.797Z
parkinsons-uk,Parkinson's UK Local Support,localsupport.parkinsons.org.uk/provider/liverpool-central-branch,liverpool-central-branch-provider-l3-8lr,Liverpool Central Branch,Support Group,"Our group offers friendship and support locally to people with Parkinson’s, their families and carers, contact us to find out more. For information and advice on Parkinson's, or for emotional support, call the Parkinson's UK helpline on 0808 800 0303","Our group offers friendship and support locally to people with Parkinson’s, their families and carers, contact us to find out more. For information and advice on Parkinson's, or for emotional support, call the Parkinson's UK helpline on 0808 800 0303 Schedule: Monthly on the first Friday From 14:00 until 16:00. Location: The Brain Charity, Liverpool, Norton Street, Liverpool, L3 8LR. Contacts available: Local Group Staff Contact, Parkinson’s UK Helpline.","Liverpool, United Kingdom","Liverpool, United Kingdom",United Kingdom,In-Person | Support | Support Group | Parkinson's Care,,in-person,true,official_directory_import,0,0,https://localsupport.parkinsons.org.uk/provider/liverpool-central-branch,htaggart@parkinsons.org.uk,0344 225 3775,"The Brain Charity, Liverpool",,provider,Parkinson's UK,"The Brain Charity, Liverpool, Norton Street, Liverpool, L3 8LR",Liverpool,L3 8LR,https://localsupport.parkinsons.org.uk/provider/liverpool-central-branch,2026-03-27T07:44:50.797Z
parkinsons-uk,Parkinson's UK Local Support,localsupport.parkinsons.org.uk/provider/lytham-st-annes-support-group,lytham-st-annes-support-group-provider-fy8-1ax,Lytham St Annes Support Group,Support Group,"Our group offers friendship and support locally to people with Parkinson’s, their families and carers, contact us to find out more. For information and advice on Parkinson's, or for emotional support, call the Parkinson's UK helpline on 0808 800 0303","Our group offers friendship and support locally to people with Parkinson’s, their families and carers, contact us to find out more. For information and advice on Parkinson's, or for emotional support, call the Parkinson's UK helpline on 0808 800 0303 Schedule: Monthly on the first Tuesday From 13:45 until 15:45. Location: Fairhaven United Reformed Church, 22A Clifton Drive, Lytham St Annes, FY8 1AX. Contacts available: Contact, Parkinson’s UK Helpline.","Lytham St Annes, United Kingdom","Lytham St Annes, United Kingdom",United Kingdom,In-Person | Support | Support Group | Parkinson's Care,,in-person,true,official_directory_import,0,0,https://localsupport.parkinsons.org.uk/provider/lytham-st-annes-support-group,deeceethomas@gmail.com,01253 712783,Fairhaven United Reformed Church,,provider,Parkinson's UK,"Fairhaven United Reformed Church, 22A Clifton Drive, Lytham St Annes, FY8 1AX",Lytham St Annes,FY8 1AX,https://localsupport.parkinsons.org.uk/provider/lytham-st-annes-support-group,2026-03-27T07:44:50.797Z
parkinsons-uk,Parkinson's UK Local Support,localsupport.parkinsons.org.uk/provider/macclesfield-branch,macclesfield-branch-provider-sk10-5eg,Macclesfield Branch,Exercise Class,"Our group offers friendship and support locally to people with Parkinson’s, their families and carers. We also work together closely with our sub-group, The ALEX Project. You can find details of additional activities and support available for the Parkinson’s community in the area on the The ALEX Project page. Please get in touch for more information.","Our group offers friendship and support locally to people with Parkinson’s, their families and carers. We also work together closely with our sub-group, The ALEX Project. You can find details of additional activities and support available for the Parkinson’s community in the area on the The ALEX Project page. Please get in touch for more information. Schedule: Fortnightly on a Tuesday From 14:00 This activity is next on 31/03/2026. Location: St Oswald's Church, 7 Bollington Rd, Bollington, SK10 5EG. Contacts available: Local Group Staff Contact, Parkinson’s UK Helpline.","Bollington, United Kingdom","Bollington, United Kingdom",United Kingdom,In-Person | Wellbeing | Virtual | Exercise | Parkinson's Care,,hybrid,true,official_directory_import,0,0,https://localsupport.parkinsons.org.uk/provider/macclesfield-branch,aashworth@parkinsons.org.uk,0344 225 9846,St Oswald's Church,,provider,Parkinson's UK,"St Oswald's Church, 7 Bollington Rd, Bollington, SK10 5EG",Bollington,SK10 5EG,https://localsupport.parkinsons.org.uk/provider/macclesfield-branch,2026-03-27T07:44:50.797Z
parkinsons-uk,Parkinson's UK Local Support,localsupport.parkinsons.org.uk/provider/manchester-activity-group,manchester-activity-group-provider-m8-5st,Manchester Activity Group,Exercise Class,"Our group offers friendship and support locally to people with Parkinson’s, their families and carers, contact us to find out more. For information and advice on Parkinson's, or for emotional support, call the Parkinson's UK helpline on 0808 800 0303","Our group offers friendship and support locally to people with Parkinson’s, their families and carers, contact us to find out more. For information and advice on Parkinson's, or for emotional support, call the Parkinson's UK helpline on 0808 800 0303 Schedule: Weekly every Wednesday From 11:30 until 12:00. Location: Crumpsall Methodist Church, Lansdowne Road, Manchester, M8 5ST. Contacts available: Local Group Staff Contact, Parkinson’s UK Helpline.","Manchester, United Kingdom","Manchester, United Kingdom",United Kingdom,In-Person | Exercise | Parkinson's Care,,in-person,true,official_directory_import,0,0,https://localsupport.parkinsons.org.uk/provider/manchester-activity-group,croot@parkinsons.org.uk,0344 225 3611,Crumpsall Methodist Church,,provider,Parkinson's UK,"Crumpsall Methodist Church, Lansdowne Road, Manchester, M8 5ST",Manchester,M8 5ST,https://localsupport.parkinsons.org.uk/provider/manchester-activity-group,2026-03-27T07:44:50.797Z
parkinsons-uk,Parkinson's UK Local Support,localsupport.parkinsons.org.uk/provider/oldham-branch,oldham-branch-provider-ol8-1hx,Oldham Branch,Exercise Class,"Our group offers friendship and support locally to people with Parkinson’s, their families and carers, contact us to find out more. For information and advice on Parkinson's, or for emotional support, call the Parkinson's UK helpline on 0808 800 0303","Our group offers friendship and support locally to people with Parkinson’s, their families and carers, contact us to find out more. For information and advice on Parkinson's, or for emotional support, call the Parkinson's UK helpline on 0808 800 0303 Schedule: Monthly on the last Wednesday From 14:30 until 17:00. Location: The Primrose Centre Oldham, Magnolia Gardens, Oldham, OL8 1HX. Contacts available: Contact, Parkinson’s UK Helpline.","Oldham, United Kingdom","Oldham, United Kingdom",United Kingdom,In-Person | Support | Exercise | Parkinson's Care,,in-person,true,official_directory_import,0,0,https://localsupport.parkinsons.org.uk/provider/oldham-branch,les.shel@talktalk.net,07913 559432,The Primrose Centre Oldham,,provider,Parkinson's UK,"The Primrose Centre Oldham, Magnolia Gardens, Oldham, OL8 1HX",Oldham,OL8 1HX,https://localsupport.parkinsons.org.uk/provider/oldham-branch,2026-03-27T07:44:50.797Z
parkinsons-uk,Parkinson's UK Local Support,localsupport.parkinsons.org.uk/provider/preston-branch,preston-branch-provider-pr2-3sq,Preston Branch,Exercise Class,"Our group offers friendship and support locally to people with Parkinson’s, their families and carers, contact us to find out more. For information and advice on Parkinson's, or for emotional support, call the Parkinson's UK helpline on 0808 800 0303","Our group offers friendship and support locally to people with Parkinson’s, their families and carers, contact us to find out more. For information and advice on Parkinson's, or for emotional support, call the Parkinson's UK helpline on 0808 800 0303 Schedule: Monthly on the second Wednesday From 19:30 until 21:30. Location: St Anthony's Social Centre Preston, St Anthony's Drive, Preston, PR2 3SQ. Contacts available: Local Group Staff Contact, Parkinson’s UK Helpline.","Preston, United Kingdom","Preston, United Kingdom",United Kingdom,In-Person | Support | Exercise | Parkinson's Care,,in-person,true,official_directory_import,0,0,https://localsupport.parkinsons.org.uk/provider/preston-branch,croot@parkinsons.org.uk,0344 225 3611,St Anthony's Social Centre Preston,,provider,Parkinson's UK,"St Anthony's Social Centre Preston, St Anthony's Drive, Preston, PR2 3SQ",Preston,PR2 3SQ,https://localsupport.parkinsons.org.uk/provider/preston-branch,2026-03-27T07:44:50.797Z
parkinsons-uk,Parkinson's UK Local Support,localsupport.parkinsons.org.uk/provider/rochdale-branch,rochdale-branch-provider-ol11-3af,Rochdale Branch,Exercise Class,"Our group offers friendship and support locally to people with Parkinson’s, their families and carers, contact us to find out more. For information and advice on Parkinson's, or for emotional support, call the Parkinson's UK helpline on 0808 800 0303","Our group offers friendship and support locally to people with Parkinson’s, their families and carers, contact us to find out more. For information and advice on Parkinson's, or for emotional support, call the Parkinson's UK helpline on 0808 800 0303 Schedule: Monthly on the first Thursday From 12:30 until 15:00. Location: Castleton Community Centre Rochdale, Manchester Road, Rochdale, OL11 3AF. Contacts available: Local Group Staff Contact, Parkinson’s UK Helpline.","Rochdale, United Kingdom","Rochdale, United Kingdom",United Kingdom,In-Person | Support | Exercise | Parkinson's Care,,in-person,true,official_directory_import,0,0,https://localsupport.parkinsons.org.uk/provider/rochdale-branch,croot@parkinsons.org.uk,0344 225 3611,Castleton Community Centre Rochdale,,provider,Parkinson's UK,"Castleton Community Centre Rochdale, Manchester Road, Rochdale, OL11 3AF",Rochdale,OL11 3AF,https://localsupport.parkinsons.org.uk/provider/rochdale-branch,2026-03-27T07:44:50.797Z
parkinsons-uk,Parkinson's UK Local Support,localsupport.parkinsons.org.uk/provider/south-liverpool-branch,south-liverpool-branch-provider-l18-8db,South Liverpool Branch,Exercise Class,"Our group offers friendship and support locally to people with Parkinson’s, their families and carers, contact us to find out more. For information and advice on Parkinson's, or for emotional support, call the Parkinson's UK helpline on 0808 800 0303","Our group offers friendship and support locally to people with Parkinson’s, their families and carers, contact us to find out more. For information and advice on Parkinson's, or for emotional support, call the Parkinson's UK helpline on 0808 800 0303 Schedule: Monthly on the second Thursday From 13:30 until 15:30. Location: Mossley Hill Parish Church Liverpool, Rose Lane, Liverpool, L18 8DB. Contacts available: Local Group Staff Contact, Parkinson’s UK Helpline.","Liverpool, United Kingdom","Liverpool, United Kingdom",United Kingdom,In-Person | Support | Exercise | Parkinson's Care,,in-person,true,official_directory_import,0,0,https://localsupport.parkinsons.org.uk/provider/south-liverpool-branch,htaggart@parkinsons.org.uk,0344 225 3775,Mossley Hill Parish Church Liverpool,,provider,Parkinson's UK,"Mossley Hill Parish Church Liverpool, Rose Lane, Liverpool, L18 8DB",Liverpool,L18 8DB,https://localsupport.parkinsons.org.uk/provider/south-liverpool-branch,2026-03-27T07:44:50.797Z
parkinsons-uk,Parkinson's UK Local Support,localsupport.parkinsons.org.uk/provider/south-manchester-parkinsons-support-group,south-manchester-parkinson-s-support-group-provider-m20-6sx,South Manchester Parkinson's Support Group,Support Group,"Our group offers friendship and support locally to people with Parkinson’s, their families and carers, contact us to find out more. For information and advice on Parkinson's, or for emotional support, call the Parkinson's UK helpline on 0808 800 0303","Our group offers friendship and support locally to people with Parkinson’s, their families and carers, contact us to find out more. For information and advice on Parkinson's, or for emotional support, call the Parkinson's UK helpline on 0808 800 0303 Schedule: Monthly on the second Monday From 12:00 until 14:00. Location: Didsbury Baptist Church, School Lane / Beaver Road, Didsbury Manchester, M20 6SX. Contacts available: Local Group Staff Contact, Parkinson’s UK Helpline.","Didsbury Manchester, United Kingdom","Didsbury Manchester, United Kingdom",United Kingdom,In-Person | Support | Support Group | Parkinson's Care,,in-person,true,official_directory_import,0,0,https://localsupport.parkinsons.org.uk/provider/south-manchester-parkinsons-support-group,aashworth@parkinsons.org.uk,0344 225 9846,Didsbury Baptist Church,,provider,Parkinson's UK,"Didsbury Baptist Church, School Lane / Beaver Road, Didsbury Manchester, M20 6SX",Didsbury Manchester,M20 6SX,https://localsupport.parkinsons.org.uk/provider/south-manchester-parkinsons-support-group,2026-03-27T07:44:50.797Z
parkinsons-uk,Parkinson's UK Local Support,localsupport.parkinsons.org.uk/provider/southport-and-district-support-group,southport-and-district-support-group-provider-l37-4af,Southport and District Support Group,Support Group,"Our group offers friendship and support locally to people with Parkinson’s, their families and carers, contact us to find out more. For information and advice on Parkinson's, or for emotional support, call the Parkinson's UK helpline on 0808 800 0303","Our group offers friendship and support locally to people with Parkinson’s, their families and carers, contact us to find out more. For information and advice on Parkinson's, or for emotional support, call the Parkinson's UK helpline on 0808 800 0303 Schedule: Monthly on the third Wednesday From 14:00 until 15:30. Location: Formby Methodist Church Hall, 8 Elbow Lane, Formby, L37 4AF. Contacts available: Local Group Staff Contact, Parkinson’s UK Helpline.","Formby, United Kingdom","Formby, United Kingdom",United Kingdom,In-Person | Support | Support Group | Parkinson's Care,,in-person,true,official_directory_import,0,0,https://localsupport.parkinsons.org.uk/provider/southport-and-district-support-group,htaggart@parkinsons.org.uk,0344 225 3775,Formby Methodist Church Hall,,provider,Parkinson's UK,"Formby Methodist Church Hall, 8 Elbow Lane, Formby, L37 4AF",Formby,L37 4AF,https://localsupport.parkinsons.org.uk/provider/southport-and-district-support-group,2026-03-27T07:44:50.797Z
parkinsons-uk,Parkinson's UK Local Support,localsupport.parkinsons.org.uk/provider/st-helens-branch,st-helens-branch-provider-wa10-4pu,St Helens Branch,Exercise Class,"Our group offers friendship and support locally to people with Parkinson’s, their families and carers, contact us to find out more. For information and advice on Parkinson's, or for emotional support, call the Parkinson's UK helpline on 0808 800 0303","Our group offers friendship and support locally to people with Parkinson’s, their families and carers, contact us to find out more. For information and advice on Parkinson's, or for emotional support, call the Parkinson's UK helpline on 0808 800 0303 Schedule: Fortnightly on a Tuesday From 11:00 until 13:30 This activity is next on 31/03/2026. Location: St Luke's Church - St Helen's, Knowsley Road, St Helen's, WA10 4PU. Contacts available: Local Group Staff Contact, Parkinson’s UK Helpline.","St Helen's, United Kingdom","St Helen's, United Kingdom",United Kingdom,In-Person | Exercise | Parkinson's Care,,in-person,true,official_directory_import,0,0,https://localsupport.parkinsons.org.uk/provider/st-helens-branch,htaggart@parkinsons.org.uk,0344 225 3775,St Luke's Church - St Helen's,,provider,Parkinson's UK,"St Luke's Church - St Helen's, Knowsley Road, St Helen's, WA10 4PU",St Helen's,WA10 4PU,https://localsupport.parkinsons.org.uk/provider/st-helens-branch,2026-03-27T07:44:50.797Z
parkinsons-uk,Parkinson's UK Local Support,localsupport.parkinsons.org.uk/provider/stockport-support-group,stockport-support-group-provider-sk2-5nx,Stockport Support Group,Exercise Class,"Our group offers friendship and support locally to people with Parkinson’s, their families and carers, contact us to find out more. For information and advice on Parkinson's, or for emotional support, call the Parkinson's UK helpline on 0808 800 0303","Our group offers friendship and support locally to people with Parkinson’s, their families and carers, contact us to find out more. For information and advice on Parkinson's, or for emotional support, call the Parkinson's UK helpline on 0808 800 0303 Schedule: Monthly on the first Wednesday From 14:00 until 15:45 Monthly on the third Wednesday From 14:00 until 15:45 Monthly on the fourth Wednesday From 14:00 until 15:45 Monthly on the last Wednesday From 14:00 until 15:45 | Monthly on the first Wednesday From 14:00 until 15:45 | Monthly on the third Wednesday From 14:00 until 15:45 | Monthly on the fourth Wednesday From 14:00 until 15:45 | Monthly on the last Wednesday From 14:00 until 15:45. Location: Offerton Community Centre, Castle Shaw Road, Offerton, SK2 5NX. Contacts available: Contact, Parkinson’s UK Helpline.","Offerton, United Kingdom","Offerton, United Kingdom",United Kingdom,In-Person | Exercise | Wellbeing | Support | Parkinson's Care,,in-person,true,official_directory_import,0,0,https://localsupport.parkinsons.org.uk/provider/stockport-support-group,egodfreymusic@sky.com,0161 4398993,Offerton Community Centre,,provider,Parkinson's UK,"Offerton Community Centre, Castle Shaw Road, Offerton, SK2 5NX",Offerton,SK2 5NX,https://localsupport.parkinsons.org.uk/provider/stockport-support-group,2026-03-27T07:44:50.797Z
parkinsons-uk,Parkinson's UK Local Support,localsupport.parkinsons.org.uk/provider/tameside-and-glossop-support-group,tameside-and-glossop-support-group-provider-m34-3af,Tameside and Glossop Support Group,Support Group,"Our group offers friendship and support locally to people with Parkinson’s, their families and carers, contact us to find out more. For information and advice on Parkinson's, or for emotional support, call the Parkinson's UK helpline on 0808 800 0303","Our group offers friendship and support locally to people with Parkinson’s, their families and carers, contact us to find out more. For information and advice on Parkinson's, or for emotional support, call the Parkinson's UK helpline on 0808 800 0303 Schedule: Monthly on the third Tuesday From 13:30 until 15:30. Location: Denton Methodist Church, Hyde Road, Denton, M34 3AF. Contacts available: Local Group Staff Contact, Parkinson’s UK Helpline.","Denton, United Kingdom","Denton, United Kingdom",United Kingdom,In-Person | Support | Support Group | Parkinson's Care,,in-person,true,official_directory_import,0,0,https://localsupport.parkinsons.org.uk/provider/tameside-and-glossop-support-group,aashworth@parkinsons.org.uk,0344 225 9846,Denton Methodist Church,,provider,Parkinson's UK,"Denton Methodist Church, Hyde Road, Denton, M34 3AF",Denton,M34 3AF,https://localsupport.parkinsons.org.uk/provider/tameside-and-glossop-support-group,2026-03-27T07:44:50.797Z
parkinsons-uk,Parkinson's UK Local Support,localsupport.parkinsons.org.uk/provider/trafford-branch,trafford-branch-provider-wa15-7az,Trafford Branch,Exercise Class,"Our group offers friendship and support locally to people with Parkinson’s, their families and carers, contact us to find out more. For information and advice on Parkinson's, or for emotional support, call the Parkinson's UK helpline on 0808 800 0303","Our group offers friendship and support locally to people with Parkinson’s, their families and carers, contact us to find out more. For information and advice on Parkinson's, or for emotional support, call the Parkinson's UK helpline on 0808 800 0303 Schedule: Monthly on the last Tuesday From 19:00 until 21:00. Location: The Larkhill Centre - Timperley, Larkhill Park, Timperley, WA15 7AZ. Contacts available: Contact, Parkinson’s UK Helpline.","Timperley, United Kingdom","Timperley, United Kingdom",United Kingdom,In-Person | Support | Exercise | Parkinson's Care,,in-person,true,official_directory_import,0,0,https://localsupport.parkinsons.org.uk/provider/trafford-branch,traffordparkinsons@gmail.com,07580 256867,The Larkhill Centre - Timperley,,provider,Parkinson's UK,"The Larkhill Centre - Timperley, Larkhill Park, Timperley, WA15 7AZ",Timperley,WA15 7AZ,https://localsupport.parkinsons.org.uk/provider/trafford-branch,2026-03-27T07:44:50.797Z
parkinsons-uk,Parkinson's UK Local Support,localsupport.parkinsons.org.uk/provider/warrington-support-group,warrington-support-group-provider-wa2-8ag,Warrington Support Group,Support Group,"Our group offers friendship and support locally to people with Parkinson’s, their families and carers, contact us to find out more. For information and advice on Parkinson's, or for emotional support, call the Parkinson's UK helpline on 0808 800 0303","Our group offers friendship and support locally to people with Parkinson’s, their families and carers, contact us to find out more. For information and advice on Parkinson's, or for emotional support, call the Parkinson's UK helpline on 0808 800 0303 Schedule: Monthly on the first Wednesday From 13:30 until 15:00. Location: Orford Park Community Centre, Green Building adjacent to Victors Snack Bar, off Alder Lane, Warrington, WA2 8AG. Contacts available: Contact, Parkinson’s UK Helpline.","Warrington, United Kingdom","Warrington, United Kingdom",United Kingdom,In-Person | Support | Support Group | Parkinson's Care,,in-person,true,official_directory_import,0,0,https://localsupport.parkinsons.org.uk/provider/warrington-support-group,jolleykat@protonmail.com,01925 654890,Orford Park Community Centre,,provider,Parkinson's UK,"Orford Park Community Centre, Green Building adjacent to Victors Snack Bar, off Alder Lane, Warrington, WA2 8AG",Warrington,WA2 8AG,https://localsupport.parkinsons.org.uk/provider/warrington-support-group,2026-03-27T07:44:50.797Z
parkinsons-uk,Parkinson's UK Local Support,localsupport.parkinsons.org.uk/provider/west-cumbria-branch,west-cumbria-branch-provider-ca14-3se,West Cumbria Branch,Exercise Class,"Our group offers friendship and support locally to people with Parkinson’s, their families and carers, contact us to find out more. For information and advice on Parkinson's, or for emotional support, call the Parkinson's UK helpline on 0808 800 0303","Our group offers friendship and support locally to people with Parkinson’s, their families and carers, contact us to find out more. For information and advice on Parkinson's, or for emotional support, call the Parkinson's UK helpline on 0808 800 0303 Schedule: Monthly on the third Wednesday From 12:00 until 14:00. Location: Moorclose Community Centre Workington, 86 Needham Street, Workington, CA14 3SE. Contacts available: Parkinson's UK Helpline, Local Group Staff Contact.","Workington, United Kingdom","Workington, United Kingdom",United Kingdom,In-Person | Wellbeing | Exercise | Parkinson's Care,,in-person,true,official_directory_import,0,0,https://localsupport.parkinsons.org.uk/provider/west-cumbria-branch,hello@parkinsons.org.uk,0808 800 0303,St Michael's Church Rooms Workington,,provider,Parkinson's UK,"Moorclose Community Centre Workington, 86 Needham Street, Workington, CA14 3SE",Workington,CA14 3SE,https://localsupport.parkinsons.org.uk/provider/west-cumbria-branch,2026-03-27T07:44:50.798Z
parkinsons-uk,Parkinson's UK Local Support,localsupport.parkinsons.org.uk/provider/wirral-branch,wirral-branch-provider-ch43-1uu,Wirral Branch,Exercise Class,"Our group offers friendship and support locally to people with Parkinson’s, their families and carers, contact us to find out more. For information and advice on Parkinson's, or for emotional support, call the Parkinson's UK helpline on 0808 800 0303","Our group offers friendship and support locally to people with Parkinson’s, their families and carers, contact us to find out more. For information and advice on Parkinson's, or for emotional support, call the Parkinson's UK helpline on 0808 800 0303 Schedule: Monthly on the first Wednesday From 14:00 until 16:00. Location: RAFA Club Oxton, 17 Shrewsbury Road, Oxton, CH43 1UU. Contacts available: Contact, Parkinson’s UK Helpline.","Oxton, United Kingdom","Oxton, United Kingdom",United Kingdom,In-Person | Support | Exercise | Parkinson's Care,,in-person,true,official_directory_import,0,0,https://localsupport.parkinsons.org.uk/provider/wirral-branch,annfraser581@gmail.com,0808 800 0303,RAFA Club Oxton,,provider,Parkinson's UK,"RAFA Club Oxton, 17 Shrewsbury Road, Oxton, CH43 1UU",Oxton,CH43 1UU,https://localsupport.parkinsons.org.uk/provider/wirral-branch,2026-03-27T07:44:50.798Z
parkinsons-uk,Parkinson's UK Local Support,localsupport.parkinsons.org.uk/provider/bedford-support-group,bedford-support-group-provider-mk44-3dy,Bedford Support Group,Support Group,"Our group offers friendship and support locally to people with Parkinson’s, their families and carers, contact us to find out more. For information and advice on Parkinson's, or for emotional support, call the Parkinson's UK helpline on 0808 800 0303","Our group offers friendship and support locally to people with Parkinson’s, their families and carers, contact us to find out more. For information and advice on Parkinson's, or for emotional support, call the Parkinson's UK helpline on 0808 800 0303 Schedule: Monthly on the first Thursday From 14:00 until 16:00. Location: Gardener’s Retreat Restaurant - Roxton Garden Centre, Bedford Road, Bedford, MK44 3DY. Contacts available: Contact, Parkinson’s UK Helpline.","Bedford, United Kingdom","Bedford, United Kingdom",United Kingdom,In-Person | Support | Support Group | Parkinson's Care,,in-person,true,official_directory_import,0,0,https://localsupport.parkinsons.org.uk/provider/bedford-support-group,bedfordparkinsons@gmail.com,07944 695917,Gardener’s Retreat Restaurant - Roxton Garden Centre,,provider,Parkinson's UK,"Gardener’s Retreat Restaurant - Roxton Garden Centre, Bedford Road, Bedford, MK44 3DY",Bedford,MK44 3DY,https://localsupport.parkinsons.org.uk/provider/bedford-support-group,2026-03-27T07:44:50.798Z
parkinsons-uk,Parkinson's UK Local Support,localsupport.parkinsons.org.uk/provider/billericay-branch,billericay-support-group-provider-cm12-9ld,Billericay Support Group,Exercise Class,"Our group offers friendship and support locally to people with Parkinson’s, their families and carers, contact us to find out more. For information and advice on Parkinson's, or for emotional support, call the Parkinson's UK helpline on 0808 800 0303","Our group offers friendship and support locally to people with Parkinson’s, their families and carers, contact us to find out more. For information and advice on Parkinson's, or for emotional support, call the Parkinson's UK helpline on 0808 800 0303 Schedule: Monthly on the third Saturday From 14:30 until 16:30. Location: Billericay Emmanuel Church, Laindon Road, Billericay, CM12 9LD. Contacts available: Parkinson’s UK Helpline, Contact, Local Group Staff Contact.","Billericay, United Kingdom","Billericay, United Kingdom",United Kingdom,In-Person | Support | Exercise | Parkinson's Care,,in-person,true,official_directory_import,0,0,https://localsupport.parkinsons.org.uk/provider/billericay-branch,hello@parkinsons.org.uk,0808 800 0303,Billericay Emmanuel Church,,provider,Parkinson's UK,"Billericay Emmanuel Church, Laindon Road, Billericay, CM12 9LD",Billericay,CM12 9LD,https://localsupport.parkinsons.org.uk/provider/billericay-branch,2026-03-27T07:44:50.798Z
parkinsons-uk,Parkinson's UK Local Support,localsupport.parkinsons.org.uk/provider/bishop-stortford-support-group,bishops-stortford-support-group-provider-cm23-4rf,Bishops Stortford Support Group,Exercise Class,"Our group offers friendship and support locally to people with Parkinson’s, their families and carers, contact us to find out more. For information and advice on Parkinson's, or for emotional support, call the Parkinson's UK helpline on 0808 800 0303","Our group offers friendship and support locally to people with Parkinson’s, their families and carers, contact us to find out more. For information and advice on Parkinson's, or for emotional support, call the Parkinson's UK helpline on 0808 800 0303 Schedule: Monthly on the last Thursday From 13:00 until 15:00. Location: Thorley Community Centre, Friedberg Avenue, Bishop's Stortford, CM23 4RF. Contacts available: Local Group Staff Contact, Parkinson’s UK Helpline.","Bishop's Stortford, United Kingdom","Bishop's Stortford, United Kingdom",United Kingdom,In-Person | Support | Exercise | Parkinson's Care,,in-person,true,official_directory_import,0,0,https://localsupport.parkinsons.org.uk/provider/bishop-stortford-support-group,tparker@parkinsons.org.uk,0344 225 9825,Thorley Community Centre,,provider,Parkinson's UK,"Thorley Community Centre, Friedberg Avenue, Bishop's Stortford, CM23 4RF",Bishop's Stortford,CM23 4RF,https://localsupport.parkinsons.org.uk/provider/bishop-stortford-support-group,2026-03-27T07:44:50.798Z
parkinsons-uk,Parkinson's UK Local Support,localsupport.parkinsons.org.uk/provider/braintree-support-group,braintree-support-group-provider-cm7-9ae,Braintree Support Group,Support Group,"Our group offers friendship and support locally to people with Parkinson’s, their families and carers, contact us to find out more. For information and advice on Parkinson's, or for emotional support, call the Parkinson's UK helpline on 0808 800 0303","Our group offers friendship and support locally to people with Parkinson’s, their families and carers, contact us to find out more. For information and advice on Parkinson's, or for emotional support, call the Parkinson's UK helpline on 0808 800 0303 Schedule: Monthly on the fourth Thursday From 14:00 until 16:00. Location: Braintree and Bocking Community Association, 19-21 Bocking End, Braintree, CM7 9AE. Contacts available: Parkinson’s UK Helpline, Contact, Local Group Staff Contact.","Braintree, United Kingdom","Braintree, United Kingdom",United Kingdom,In-Person | Support | Support Group | Parkinson's Care,,in-person,true,official_directory_import,0,0,https://localsupport.parkinsons.org.uk/provider/braintree-support-group,hello@parkinsons.org.uk,0808 800 0303,Braintree and Bocking Community Association,,provider,Parkinson's UK,"Braintree and Bocking Community Association, 19-21 Bocking End, Braintree, CM7 9AE",Braintree,CM7 9AE,https://localsupport.parkinsons.org.uk/provider/braintree-support-group,2026-03-27T07:44:50.798Z
parkinsons-uk,Parkinson's UK Local Support,localsupport.parkinsons.org.uk/provider/brentwood-branch,brentwood-branch-provider-cm13-2na,Brentwood Branch,Support Group,"Our group offers friendship and support locally to people with Parkinson’s, their families and carers, contact us to find out more. For information and advice on Parkinson's, or for emotional support, call the Parkinson's UK helpline on 0808 800 0303","Our group offers friendship and support locally to people with Parkinson’s, their families and carers, contact us to find out more. For information and advice on Parkinson's, or for emotional support, call the Parkinson's UK helpline on 0808 800 0303 Schedule: Weekly every Wednesday From 14:00 until 16:00. Location: Hutton and Shenfield Union Church Brentwood, Roundwood Avenue, Shenfield, CM13 2NA. Contacts available: Parkinson’s UK Helpline, Local Group Staff Contact.","Shenfield, United Kingdom","Shenfield, United Kingdom",United Kingdom,In-Person | Support | Support Group | Parkinson's Care,,in-person,true,official_directory_import,0,0,https://localsupport.parkinsons.org.uk/provider/brentwood-branch,hello@parkinsons.org.uk,0808 800 0303,Hutton and Shenfield Union Church Brentwood,,provider,Parkinson's UK,"Hutton and Shenfield Union Church Brentwood, Roundwood Avenue, Shenfield, CM13 2NA",Shenfield,CM13 2NA,https://localsupport.parkinsons.org.uk/provider/brentwood-branch,2026-03-27T07:44:50.798Z
parkinsons-uk,Parkinson's UK Local Support,localsupport.parkinsons.org.uk/provider/bury-st-edmunds-branch,bury-st-edmunds-support-group-provider-ip32-7ew,Bury St Edmunds Support Group,Exercise Class,"Our group offers friendship and support locally to people with Parkinson’s, their families and carers, contact us to find out more. For information and advice on Parkinson's, or for emotional support, call the Parkinson's UK helpline on 0808 800 0303","Our group offers friendship and support locally to people with Parkinson’s, their families and carers, contact us to find out more. For information and advice on Parkinson's, or for emotional support, call the Parkinson's UK helpline on 0808 800 0303 Schedule: Monthly on the third Monday From 14:00 until 16:00. Location: Moreton Hall Community Centre - Bury St Edmunds, Symonds Road, Bury St Edmunds, IP32 7EW. Contacts available: Local Group Staff Contact, Parkinson’s UK Helpline.","Bury St Edmunds, United Kingdom","Bury St Edmunds, United Kingdom",United Kingdom,In-Person | Support | Wellbeing | Exercise | Parkinson's Care,,in-person,true,official_directory_import,0,0,https://localsupport.parkinsons.org.uk/provider/bury-st-edmunds-branch,tparker@parkinsons.org.uk,0344 225 9825,Moreton Hall Community Centre - Bury St Edmunds,,provider,Parkinson's UK,"Moreton Hall Community Centre - Bury St Edmunds, Symonds Road, Bury St Edmunds, IP32 7EW",Bury St Edmunds,IP32 7EW,https://localsupport.parkinsons.org.uk/provider/bury-st-edmunds-branch,2026-03-27T07:44:50.798Z
parkinsons-uk,Parkinson's UK Local Support,localsupport.parkinsons.org.uk/provider/cambridge-branch,cambridge-branch-provider-cb4-1uz,Cambridge Branch,Support Group,"Our group offers friendship and support locally to people with Parkinson’s, their families and carers. You can find out more about the Cambridge Branch and the activities we have on offer by going to our local website https://parkinsonscambridge.org/ or contacting us. For information and advice on Parkinson's, or for emotional support, call the Parkinson's UK helpline on 0808 800 0303","Our group offers friendship and support locally to people with Parkinson’s, their families and carers. You can find out more about the Cambridge Branch and the activities we have on offer by going to our local website https://parkinsonscambridge.org/ or contacting us. For information and advice on Parkinson's, or for emotional support, call the Parkinson's UK helpline on 0808 800 0303 Schedule: Monthly on the fourth Friday From 10:30 until 12:30. Location: Cambridge Manor Care Home, 33 Milton Road, Cambridge, CB4 1UZ. Contacts available: Contact, Parkinson’s UK Helpline.","Cambridge, United Kingdom","Cambridge, United Kingdom",United Kingdom,Virtual | Support | In-Person | Support Group | Parkinson's Care,,hybrid,true,official_directory_import,0,0,https://localsupport.parkinsons.org.uk/provider/cambridge-branch,carolinebent@me.com,01223 314279,David Rayner Building Cambridge,,provider,Parkinson's UK,"Cambridge Manor Care Home, 33 Milton Road, Cambridge, CB4 1UZ",Cambridge,CB4 1UZ,https://localsupport.parkinsons.org.uk/provider/cambridge-branch,2026-03-27T07:44:50.798Z
parkinsons-uk,Parkinson's UK Local Support,localsupport.parkinsons.org.uk/provider/chelmsford-support-group,chelmsford-support-group-provider-cm2-0aw,Chelmsford Support Group,Exercise Class,"Our group offers friendship and support locally to people with Parkinson’s, their families and carers, contact us to find out more. For information and advice on Parkinson's, or for emotional support, call the Parkinson's UK helpline on 0808 800 0303","Our group offers friendship and support locally to people with Parkinson’s, their families and carers, contact us to find out more. For information and advice on Parkinson's, or for emotional support, call the Parkinson's UK helpline on 0808 800 0303 Schedule: Monthly on the third Friday From 14:00 until 16:00. Location: Christchurch Hall Chelmsford, 164 New London Road, Chelmsford, CM2 0AW. Contacts available: Parkinson’s UK Helpline, Local Group Staff Contact.","Chelmsford, United Kingdom","Chelmsford, United Kingdom",United Kingdom,In-Person | Support | Wellbeing | Exercise | Parkinson's Care,,in-person,true,official_directory_import,0,0,https://localsupport.parkinsons.org.uk/provider/chelmsford-support-group,hello@parkinsons.org.uk,0808 800 0303,Christchurch Hall Chelmsford,,provider,Parkinson's UK,"Christchurch Hall Chelmsford, 164 New London Road, Chelmsford, CM2 0AW",Chelmsford,CM2 0AW,https://localsupport.parkinsons.org.uk/provider/chelmsford-support-group,2026-03-27T07:44:50.798Z
parkinsons-uk,Parkinson's UK Local Support,localsupport.parkinsons.org.uk/provider/clacton-branch,clacton-branch-provider-co15-5ur,Clacton Branch,Exercise Class,"Our group offers friendship and support locally to people with Parkinson’s, their families and carers, contact us to find out more. For information and advice on Parkinson's, or for emotional support, call the Parkinson's UK helpline on 0808 800 0303","Our group offers friendship and support locally to people with Parkinson’s, their families and carers, contact us to find out more. For information and advice on Parkinson's, or for emotional support, call the Parkinson's UK helpline on 0808 800 0303 Schedule: Monthly on the second Tuesday From 14:00 until 16:00. Location: Holland-On-Sea Public Hall, 137-139 Frinton Road, Clacton, CO15 5UR. Contacts available: Contact, Local Group Staff Contact, Parkinson’s UK Helpline.","Clacton, United Kingdom","Clacton, United Kingdom",United Kingdom,In-Person | Support | Exercise | Parkinson's Care,,in-person,true,official_directory_import,0,0,https://localsupport.parkinsons.org.uk/provider/clacton-branch,tparker@parkinsons.org.uk,07596 900740,Holland-On-Sea Public Hall,,provider,Parkinson's UK,"Holland-On-Sea Public Hall, 137-139 Frinton Road, Clacton, CO15 5UR",Clacton,CO15 5UR,https://localsupport.parkinsons.org.uk/provider/clacton-branch,2026-03-27T07:44:50.798Z
parkinsons-uk,Parkinson's UK Local Support,localsupport.parkinsons.org.uk/provider/colchester-support-group,colchester-support-group-provider-co3-0rh,Colchester Support Group,Exercise Class,"Our group offers friendship and support locally to people with Parkinson’s, their families and carers, contact us to find out more. For information and advice on Parkinson's, or for emotional support, call the Parkinson's UK helpline on 0808 800 0303","Our group offers friendship and support locally to people with Parkinson’s, their families and carers, contact us to find out more. For information and advice on Parkinson's, or for emotional support, call the Parkinson's UK helpline on 0808 800 0303 Schedule: Monthly on the first Wednesday From 14:30 until 16:30. Location: Stanway Village Hall - Colchester, Villa Road, Colchester, CO3 0RH. Contacts available: Parkinson’s UK Helpline, Contact, Local Group Staff Contact.","Colchester, United Kingdom","Colchester, United Kingdom",United Kingdom,In-Person | Support | Exercise | Parkinson's Care,,in-person,true,official_directory_import,0,0,https://localsupport.parkinsons.org.uk/provider/colchester-support-group,hello@parkinsons.org.uk,0808 800 0303,Stanway Village Hall - Colchester,,provider,Parkinson's UK,"Stanway Village Hall - Colchester, Villa Road, Colchester, CO3 0RH",Colchester,CO3 0RH,https://localsupport.parkinsons.org.uk/provider/colchester-support-group,2026-03-27T07:44:50.798Z
parkinsons-uk,Parkinson's UK Local Support,localsupport.parkinsons.org.uk/provider/dereham-support-group,dereham-support-group-provider-nr191jl,Dereham Support Group,Support Group,"Our group offers friendship and support locally to people with Parkinson’s, their families and carers, contact us to find out more. For information and advice on Parkinson's, or for emotional support, call the Parkinson's UK helpline on 0808 800 0303","Our group offers friendship and support locally to people with Parkinson’s, their families and carers, contact us to find out more. For information and advice on Parkinson's, or for emotional support, call the Parkinson's UK helpline on 0808 800 0303 Schedule: Monthly on the first Thursday From 13:00 until 15:00. Location: Toftwood Village Hall, 47 Shipdham Road, Dereham, NR191JL. Contacts available: Contact, Parkinson’s UK Helpline.","Dereham, United Kingdom","Dereham, United Kingdom",United Kingdom,In-Person | Support | Support Group | Parkinson's Care,,in-person,true,official_directory_import,0,0,https://localsupport.parkinsons.org.uk/provider/dereham-support-group,christinestuart@ymail.com,07810 282377,Toftwood Village Hall,,provider,Parkinson's UK,"Toftwood Village Hall, 47 Shipdham Road, Dereham, NR191JL",Dereham,NR191JL,https://localsupport.parkinsons.org.uk/provider/dereham-support-group,2026-03-27T07:44:50.798Z
parkinsons-uk,Parkinson's UK Local Support,localsupport.parkinsons.org.uk/provider/diss-and-eye-support-group,diss-and-eye-support-group-provider-ip22-4dx,Diss and Eye Support Group,Exercise Class,"Our group offers friendship and support locally to people with Parkinson’s, their families and carers, contact us to find out more. For information and advice on Parkinson's, or for emotional support, call the Parkinson's UK helpline on 0808 800 0303","Our group offers friendship and support locally to people with Parkinson’s, their families and carers, contact us to find out more. For information and advice on Parkinson's, or for emotional support, call the Parkinson's UK helpline on 0808 800 0303 Schedule: Monthly on the second Monday From 14:00 until 16:00. Location: St Henry Morse Roman Catholic Church, Shelfanger Road, Diss, IP22 4DX. Contacts available: Contact, Parkinson’s UK Helpline.","Diss, United Kingdom","Diss, United Kingdom",United Kingdom,In-Person | Support | Exercise | Parkinson's Care,,in-person,true,official_directory_import,0,0,https://localsupport.parkinsons.org.uk/provider/diss-and-eye-support-group,carolinemawalker@icloud.com,01379 309367,St Henry Morse Roman Catholic Church,,provider,Parkinson's UK,"St Henry Morse Roman Catholic Church, Shelfanger Road, Diss, IP22 4DX",Diss,IP22 4DX,https://localsupport.parkinsons.org.uk/provider/diss-and-eye-support-group,2026-03-27T07:44:50.798Z
parkinsons-uk,Parkinson's UK Local Support,localsupport.parkinsons.org.uk/provider/beat-activity,off-beat-activity-provider-co9-3da,Off Beat Activity,Exercise Class,"Our group offers friendship and support locally to people with Parkinson’s, their families and carers, contact us to find out more. For information and advice on Parkinson's, or for emotional support, call the Parkinson's UK helpline on 0808 800 0303","Our group offers friendship and support locally to people with Parkinson’s, their families and carers, contact us to find out more. For information and advice on Parkinson's, or for emotional support, call the Parkinson's UK helpline on 0808 800 0303 Location: Castle Hedingham, Essex, CO9 3DA. Contacts available: Group Contact, Local Group Staff Contact, Parkinson's UK Helpline.","Essex, United Kingdom","Essex, United Kingdom",United Kingdom,In-Person | Exercise | Parkinson's Care,,in-person,true,official_directory_import,0,0,https://localsupport.parkinsons.org.uk/provider/beat-activity,offbeatactivity@gmail.com,020 7963 9273,,,provider,Parkinson's UK,"Castle Hedingham, Essex, CO9 3DA",Essex,CO9 3DA,https://localsupport.parkinsons.org.uk/provider/beat-activity,2026-03-27T07:44:50.798Z
parkinsons-uk,Parkinson's UK Local Support,localsupport.parkinsons.org.uk/provider/fakenham-support-group,fakenham-and-wells-support-group-provider-nr23-1rf,Fakenham and Wells Support Group,Support Group,"Our group offers friendship and support locally to people with Parkinson’s, their families and carers, contact us to find out more. For information and advice on Parkinson's, or for emotional support, call the Parkinson's UK helpline on 0808 800 0303","Our group offers friendship and support locally to people with Parkinson’s, their families and carers, contact us to find out more. For information and advice on Parkinson's, or for emotional support, call the Parkinson's UK helpline on 0808 800 0303 Schedule: Monthly on the first Wednesday From 11:00 until 12:30. Location: Wells Community Hospital, Mill Road, Wells-next-sea, NR23 1RF. Contacts available: Local Group Staff Contact, Parkinson’s UK Helpline.","Wells-next-sea, United Kingdom","Wells-next-sea, United Kingdom",United Kingdom,In-Person | Support | Support Group | Parkinson's Care,,in-person,true,official_directory_import,0,0,https://localsupport.parkinsons.org.uk/provider/fakenham-support-group,llowe@parkinsons.org.uk,0344 225 3614,Running Horse,,provider,Parkinson's UK,"Wells Community Hospital, Mill Road, Wells-next-sea, NR23 1RF",Wells-next-sea,NR23 1RF,https://localsupport.parkinsons.org.uk/provider/fakenham-support-group,2026-03-27T07:44:50.798Z
parkinsons-uk,Parkinson's UK Local Support,localsupport.parkinsons.org.uk/provider/felixstowe-support-group,felixstowe-support-group-provider-ip11-9nb,Felixstowe Support Group,Support Group,"Our group offers friendship and support locally to people with Parkinson’s, their families and carers, contact us to find out more. For information and advice on Parkinson's, or for emotional support, call the Parkinson's UK helpline on 0808 800 0303","Our group offers friendship and support locally to people with Parkinson’s, their families and carers, contact us to find out more. For information and advice on Parkinson's, or for emotional support, call the Parkinson's UK helpline on 0808 800 0303 Schedule: Monthly on the second Monday From 14:00 until 16:00. Location: Old Felixstowe Community Centre, Ferry Road, Felixstowe, IP11 9NB. Contacts available: Contact, Parkinson’s UK Helpline.","Felixstowe, United Kingdom","Felixstowe, United Kingdom",United Kingdom,In-Person | Support | Support Group | Parkinson's Care,,in-person,true,official_directory_import,0,0,https://localsupport.parkinsons.org.uk/provider/felixstowe-support-group,cbrooks5@sky.com,07912394021,Old Felixstowe Community Centre,,provider,Parkinson's UK,"Old Felixstowe Community Centre, Ferry Road, Felixstowe, IP11 9NB",Felixstowe,IP11 9NB,https://localsupport.parkinsons.org.uk/provider/felixstowe-support-group,2026-03-27T07:44:50.798Z
parkinsons-uk,Parkinson's UK Local Support,localsupport.parkinsons.org.uk/provider/harlow-support-group,harlow-support-group-provider-cm17-9ae,Harlow Support Group,Support Group,"Our group offers friendship and support locally to people with Parkinson’s, their families and carers, contact us to find out more. For information and advice on Parkinson's, or for emotional support, call the Parkinson's UK helpline on 0808 800 0303","Our group offers friendship and support locally to people with Parkinson’s, their families and carers, contact us to find out more. For information and advice on Parkinson's, or for emotional support, call the Parkinson's UK helpline on 0808 800 0303 Schedule: Weekly every Wednesday From 11:00 until 15:00. Location: David Livingstone Club Harlow, 11 Potter Street, Harlow, CM17 9AE. Contacts available: Parkinson’s UK Helpline, Local Group Staff Contact.","Harlow, United Kingdom","Harlow, United Kingdom",United Kingdom,In-Person | Support | Support Group | Parkinson's Care,,in-person,true,official_directory_import,0,0,https://localsupport.parkinsons.org.uk/provider/harlow-support-group,hello@parkinsons.org.uk,0808 800 0303,David Livingstone Club Harlow,,provider,Parkinson's UK,"David Livingstone Club Harlow, 11 Potter Street, Harlow, CM17 9AE",Harlow,CM17 9AE,https://localsupport.parkinsons.org.uk/provider/harlow-support-group,2026-03-27T07:44:50.798Z
parkinsons-uk,Parkinson's UK Local Support,localsupport.parkinsons.org.uk/provider/harpenden-support-group,harpenden-support-group-provider-al5-1pu,Harpenden Support Group,Support Group,"Our group offers friendship and support locally to people with Parkinson’s, their families and carers, contact us to find out more. For information and advice on Parkinson's, or for emotional support, call the Parkinson's UK helpline on 0808 800 0303","Our group offers friendship and support locally to people with Parkinson’s, their families and carers, contact us to find out more. For information and advice on Parkinson's, or for emotional support, call the Parkinson's UK helpline on 0808 800 0303 Schedule: Get in touch for more information.. Location: Harpenden Trust Halls, Southdown Road, Harpenden, AL5 1PU. Contacts available: Parkinson’s UK Helpline, Local Group Staff Contact.","Harpenden, United Kingdom","Harpenden, United Kingdom",United Kingdom,In-Person | Support | Support Group | Parkinson's Care,,in-person,true,official_directory_import,0,0,https://localsupport.parkinsons.org.uk/provider/harpenden-support-group,hello@parkinsons.org.uk,0808 800 0303,Harpenden Trust Halls,,provider,Parkinson's UK,"Harpenden Trust Halls, Southdown Road, Harpenden, AL5 1PU",Harpenden,AL5 1PU,https://localsupport.parkinsons.org.uk/provider/harpenden-support-group,2026-03-27T07:44:50.798Z
parkinsons-uk,Parkinson's UK Local Support,localsupport.parkinsons.org.uk/provider/harwich-support-group,harwich-support-group-provider-co12-3ns,Harwich Support Group,Support Group,"Our group offers friendship and support locally to people with Parkinson’s, their families and carers, contact us to find out more. For information and advice on Parkinson's, or for emotional support, call the Parkinson's UK helpline on 0808 800 0303","Our group offers friendship and support locally to people with Parkinson’s, their families and carers, contact us to find out more. For information and advice on Parkinson's, or for emotional support, call the Parkinson's UK helpline on 0808 800 0303 Schedule: Monthly on the second Thursday From 14:30 until 16:30. Location: Park Pavillion, Barrack Lane, Harwich, CO12 3NS. Contacts available: Local Group Staff Contact, Parkinson’s UK Helpline.","Harwich, United Kingdom","Harwich, United Kingdom",United Kingdom,In-Person | Support | Support Group | Parkinson's Care,,in-person,true,official_directory_import,0,0,https://localsupport.parkinsons.org.uk/provider/harwich-support-group,tparker@parkinsons.org.uk,0344 225 9825,Park Pavillion,,provider,Parkinson's UK,"Park Pavillion, Barrack Lane, Harwich, CO12 3NS",Harwich,CO12 3NS,https://localsupport.parkinsons.org.uk/provider/harwich-support-group,2026-03-27T07:44:50.798Z
parkinsons-uk,Parkinson's UK Local Support,localsupport.parkinsons.org.uk/provider/huntingdonshire-branch,huntingdonshire-branch-provider-pe19-1bb,Huntingdonshire Branch,Exercise Class,"Our group offers friendship and support locally to people with Parkinson’s, their families and carers, contact us to find out more. For information and advice on Parkinson's, or for emotional support, call the Parkinson's UK helpline on 0808 800 0303","Our group offers friendship and support locally to people with Parkinson’s, their families and carers, contact us to find out more. For information and advice on Parkinson's, or for emotional support, call the Parkinson's UK helpline on 0808 800 0303 Schedule: Monthly on the fourth Monday From 14:00 until 16:00. Location: Buffalo Restaurant, 22 Huntington Street, St Neots, PE19 1BB. Contacts available: Contact, Parkinson’s UK Helpline.","St Neots, United Kingdom","St Neots, United Kingdom",United Kingdom,In-Person | Support | Exercise | Parkinson's Care,,in-person,true,official_directory_import,0,0,https://localsupport.parkinsons.org.uk/provider/huntingdonshire-branch,malcolm.ryman1@btinternet.com,07720 080749,Judiths Field Pavilion,,provider,Parkinson's UK,"Buffalo Restaurant, 22 Huntington Street, St Neots, PE19 1BB",St Neots,PE19 1BB,https://localsupport.parkinsons.org.uk/provider/huntingdonshire-branch,2026-03-27T07:44:50.798Z
parkinsons-uk,Parkinson's UK Local Support,localsupport.parkinsons.org.uk/provider/ipswich-and-east-suffolk-branch,ipswich-and-east-suffolk-branch-provider-ip4-4pt,Ipswich and East Suffolk Branch,Support Group,"Our group offers friendship and support locally to people with Parkinson’s, their families and carers, contact us to find out more. For information and advice on Parkinson's, or for emotional support, call the Parkinson's UK helpline on 0808 800 0303","Our group offers friendship and support locally to people with Parkinson’s, their families and carers, contact us to find out more. For information and advice on Parkinson's, or for emotional support, call the Parkinson's UK helpline on 0808 800 0303 Schedule: Weekly every Friday From 10:30 until 14:00. Location: St John's Conservative Club Ipswich, 54 Kirby Street, Ipswich, IP4 4PT. Contacts available: Contact, Parkinson’s UK Helpline.","Ipswich, United Kingdom","Ipswich, United Kingdom",United Kingdom,In-Person | Support | Support Group | Parkinson's Care,,in-person,true,official_directory_import,0,0,https://localsupport.parkinsons.org.uk/provider/ipswich-and-east-suffolk-branch,marionb991@gmail.com,07913 439 912,The Key Ipswich,,provider,Parkinson's UK,"St John's Conservative Club Ipswich, 54 Kirby Street, Ipswich, IP4 4PT",Ipswich,IP4 4PT,https://localsupport.parkinsons.org.uk/provider/ipswich-and-east-suffolk-branch,2026-03-27T07:44:50.798Z
parkinsons-uk,Parkinson's UK Local Support,localsupport.parkinsons.org.uk/provider/kings-lynn-and-west-norfolk-support-group,kings-lynn-and-west-norfolk-support-group-provider-pe30-4ee,Kings Lynn and West Norfolk Support Group,Exercise Class,"Our group offers friendship and support locally to people with Parkinson’s, their families and carers, contact us to find out more. For information and advice on Parkinson's, or for emotional support, call the Parkinson's UK helpline on 0808 800 0303","Our group offers friendship and support locally to people with Parkinson’s, their families and carers, contact us to find out more. For information and advice on Parkinson's, or for emotional support, call the Parkinson's UK helpline on 0808 800 0303 Schedule: Monthly on the third Thursday From 14:00 until 16:00. Location: Gaywood Community Centre, Cemetery Drive, off Gayton Road, Kings Lynn, PE30 4EE. Contacts available: Contact, Parkinson’s UK Helpline.","Kings Lynn, United Kingdom","Kings Lynn, United Kingdom",United Kingdom,In-Person | Support | Exercise | Parkinson's Care,,in-person,true,official_directory_import,0,0,https://localsupport.parkinsons.org.uk/provider/kings-lynn-and-west-norfolk-support-group,jeanette0101759@gmail.com,07765058132,Gaywood Community Centre,,provider,Parkinson's UK,"Gaywood Community Centre, Cemetery Drive, off Gayton Road, Kings Lynn, PE30 4EE",Kings Lynn,PE30 4EE,https://localsupport.parkinsons.org.uk/provider/kings-lynn-and-west-norfolk-support-group,2026-03-27T07:44:50.798Z
parkinsons-uk,Parkinson's UK Local Support,localsupport.parkinsons.org.uk/leightonbuzzardactivitygroup,leighton-buzzard-activity-group-provider-lu7-1es,Leighton Buzzard Activity Group,Exercise Class,"Our group offers friendship and support locally to people with Parkinson’s, their families and carers, contact us to find out more. For information and advice on Parkinson's, or for emotional support, call the Parkinson's UK helpline on 0808 800 0303","Our group offers friendship and support locally to people with Parkinson’s, their families and carers, contact us to find out more. For information and advice on Parkinson's, or for emotional support, call the Parkinson's UK helpline on 0808 800 0303 Schedule: Monthly on the second Tuesday From 15:30 until 16:45. Location: Trinity Methodist Church Hall, North Street, Leighton Buzzard, LU7 1ES. Contacts available: Contact, Contact.","Leighton Buzzard, United Kingdom","Leighton Buzzard, United Kingdom",United Kingdom,In-Person | Exercise | Support | Parkinson's Care,,in-person,true,official_directory_import,0,0,https://localsupport.parkinsons.org.uk/leightonbuzzardactivitygroup,enquiries@zestfitness.net,07843 421842,Linslade Memorial Pavilion,,provider,Parkinson's UK,"Trinity Methodist Church Hall, North Street, Leighton Buzzard, LU7 1ES",Leighton Buzzard,LU7 1ES,https://localsupport.parkinsons.org.uk/leightonbuzzardactivitygroup,2026-03-27T07:44:50.798Z
parkinsons-uk,Parkinson's UK Local Support,localsupport.parkinsons.org.uk/provider/maldon-support-group,maldon-support-group-provider-cm9-4al,Maldon Support Group,Exercise Class,"Our group offers friendship and support locally to people with Parkinson’s, their families and carers, contact us to find out more. For information and advice on Parkinson's, or for emotional support, call the Parkinson's UK helpline on 0808 800 0303","Our group offers friendship and support locally to people with Parkinson’s, their families and carers, contact us to find out more. For information and advice on Parkinson's, or for emotional support, call the Parkinson's UK helpline on 0808 800 0303 Schedule: Monthly on the third Friday From 14:00 until 16:00. Location: Plantation Hall - Heybridge, Colchester Road, Heybridge, CM9 4AL. Contacts available: Contact, Local Group Staff Contact, Parkinson’s UK Helpline.","Heybridge, United Kingdom","Heybridge, United Kingdom",United Kingdom,In-Person | Support | Exercise | Parkinson's Care,,in-person,true,official_directory_import,0,0,https://localsupport.parkinsons.org.uk/provider/maldon-support-group,pukmaldon@gmail.com,07582 813299,Plantation Hall - Heybridge,,provider,Parkinson's UK,"Plantation Hall - Heybridge, Colchester Road, Heybridge, CM9 4AL",Heybridge,CM9 4AL,https://localsupport.parkinsons.org.uk/provider/maldon-support-group,2026-03-27T07:44:50.798Z
parkinsons-uk,Parkinson's UK Local Support,localsupport.parkinsons.org.uk/provider/march-support-group,march-support-group-provider-pe15-8nz,March Support Group,Support Group,"Our group offers friendship and support locally to people with Parkinson’s, their families and carers, contact us to find out more. For information and advice on Parkinson's, or for emotional support, call the Parkinson's UK helpline on 0808 800 0303","Our group offers friendship and support locally to people with Parkinson’s, their families and carers, contact us to find out more. For information and advice on Parkinson's, or for emotional support, call the Parkinson's UK helpline on 0808 800 0303 Schedule: Monthly on the first Wednesday From 10:30 until 12:30. Location: Braza Club March, Elm Road, March, PE15 8NZ. Contacts available: Local Group Staff Contact, Parkinson’s UK Helpline.","March, United Kingdom","March, United Kingdom",United Kingdom,In-Person | Support | Support Group | Parkinson's Care,,in-person,true,official_directory_import,0,0,https://localsupport.parkinsons.org.uk/provider/march-support-group,llowe@parkinsons.org.uk,0344 225 3614,Braza Club March,,provider,Parkinson's UK,"Braza Club March, Elm Road, March, PE15 8NZ",March,PE15 8NZ,https://localsupport.parkinsons.org.uk/provider/march-support-group,2026-03-27T07:44:50.798Z
parkinsons-uk,Parkinson's UK Local Support,localsupport.parkinsons.org.uk/provider/mid-essex-working-age-group,mid-essex-working-age-group-provider-cm3-2ea,Mid Essex Working Age Group,Support Group,"Our group offers friendship and support locally to people with Parkinson’s, their families and carers, contact us to find out more. For information and advice on Parkinson's, or for emotional support, call the Parkinson's UK helpline on 0808 800 0303","Our group offers friendship and support locally to people with Parkinson’s, their families and carers, contact us to find out more. For information and advice on Parkinson's, or for emotional support, call the Parkinson's UK helpline on 0808 800 0303 Schedule: Monthly on the second Monday From 18:30 until 20:30. Location: The Duke of Wellington, The Street, Hatfield Peverel, CM3 2EA. Contacts available: Parkinson’s UK Helpline, Local Group Staff Contact.","Hatfield Peverel, United Kingdom","Hatfield Peverel, United Kingdom",United Kingdom,In-Person | Support | Support Group | Parkinson's Care,,in-person,true,official_directory_import,0,0,https://localsupport.parkinsons.org.uk/provider/mid-essex-working-age-group,hello@parkinsons.org.uk,0808 800 0303,The Duke of Wellington,,provider,Parkinson's UK,"The Duke of Wellington, The Street, Hatfield Peverel, CM3 2EA",Hatfield Peverel,CM3 2EA,https://localsupport.parkinsons.org.uk/provider/mid-essex-working-age-group,2026-03-27T07:44:50.798Z
parkinsons-uk,Parkinson's UK Local Support,localsupport.parkinsons.org.uk/provider/newmarket-support-group,newmarket-support-group-provider-cb8-8na,Newmarket Support Group,Support Group,"Our group offers friendship and support locally to people with Parkinson’s, their families and carers, contact us to find out more. For information and advice on Parkinson's, or for emotional support, call the Parkinson's UK helpline on 0808 800 0303","Our group offers friendship and support locally to people with Parkinson’s, their families and carers, contact us to find out more. For information and advice on Parkinson's, or for emotional support, call the Parkinson's UK helpline on 0808 800 0303 Schedule: Monthly on the third Thursday From 10:30 until 12:00. Location: The Stable, 65 High Street, Newmarket, CB8 8NA. Contacts available: Local Group Staff Contact, Parkinson’s UK Helpline.","Newmarket, United Kingdom","Newmarket, United Kingdom",United Kingdom,In-Person | Support | Support Group | Parkinson's Care,,in-person,true,official_directory_import,0,0,https://localsupport.parkinsons.org.uk/provider/newmarket-support-group,tparker@parkinsons.org.uk,0344 225 9825,The Stable,,provider,Parkinson's UK,"The Stable, 65 High Street, Newmarket, CB8 8NA",Newmarket,CB8 8NA,https://localsupport.parkinsons.org.uk/provider/newmarket-support-group,2026-03-27T07:44:50.798Z
parkinsons-uk,Parkinson's UK Local Support,localsupport.parkinsons.org.uk/provider/north-hertfordshire-and-stevenage-branch,north-hertfordshire-and-stevenage-branch-provider-sg4-9jp,North Hertfordshire and Stevenage Branch,Exercise Class,"Our group offers friendship and support locally to people with Parkinson’s, their families and carers, contact us to find out more. For information and advice on Parkinson's, or for emotional support, call the Parkinson's UK helpline on 0808 800 0303","Our group offers friendship and support locally to people with Parkinson’s, their families and carers, contact us to find out more. For information and advice on Parkinson's, or for emotional support, call the Parkinson's UK helpline on 0808 800 0303 Schedule: Weekly every Friday From 13:30 until 14:30. Location: St John's Community Centre Hitchin, St John's Road, Hitchin, SG4 9JP. Contacts available: Local Group Staff Contact, Parkinson’s UK Helpline.","Hitchin, United Kingdom","Hitchin, United Kingdom",United Kingdom,In-Person | Exercise | Support | Parkinson's Care,,in-person,true,official_directory_import,0,0,https://localsupport.parkinsons.org.uk/provider/north-hertfordshire-and-stevenage-branch,tparker@parkinsons.org.uk,0344 225 9825,St John's Community Centre Hitchin,,provider,Parkinson's UK,"St John's Community Centre Hitchin, St John's Road, Hitchin, SG4 9JP",Hitchin,SG4 9JP,https://localsupport.parkinsons.org.uk/provider/north-hertfordshire-and-stevenage-branch,2026-03-27T07:44:50.798Z
parkinsons-uk,Parkinson's UK Local Support,localsupport.parkinsons.org.uk/provider/north-walsham-and-alysham-support-group,north-walsham-and-alysham-support-group-provider-nr28-9jp,North Walsham and Alysham Support Group,Support Group,"Our group offers friendship and support locally to people with Parkinson’s, their families and carers, contact us to find out more. For information and advice on Parkinson's, or for emotional support, call the Parkinson's UK helpline on 0808 800 0303","Our group offers friendship and support locally to people with Parkinson’s, their families and carers, contact us to find out more. For information and advice on Parkinson's, or for emotional support, call the Parkinson's UK helpline on 0808 800 0303 Schedule: Monthly on the second Tuesday From 10:30 until 12:00. Location: Sacred Heart Church Hall, Norwich Road, North Walsham, NR28 9JP. Contacts available: Contact, Parkinson’s UK Helpline.","North Walsham, United Kingdom","North Walsham, United Kingdom",United Kingdom,In-Person | Support | Support Group | Parkinson's Care,,in-person,true,official_directory_import,0,0,https://localsupport.parkinsons.org.uk/provider/north-walsham-and-alysham-support-group,andy@thehardings.uk,0808 800 0303,Sacred Heart Church Hall,,provider,Parkinson's UK,"Sacred Heart Church Hall, Norwich Road, North Walsham, NR28 9JP",North Walsham,NR28 9JP,https://localsupport.parkinsons.org.uk/provider/north-walsham-and-alysham-support-group,2026-03-27T07:44:50.798Z
parkinsons-uk,Parkinson's UK Local Support,localsupport.parkinsons.org.uk/provider/norwich-and-district-branch,norwich-and-district-branch-provider-nr3-4hz,Norwich and District Branch,Exercise Class,"Our group offers friendship and support locally to people with Parkinson’s, their families and carers, contact us to find out more. For information and advice on Parkinson's, or for emotional support, call the Parkinson's UK helpline on 0808 800 0303","Our group offers friendship and support locally to people with Parkinson’s, their families and carers, contact us to find out more. For information and advice on Parkinson's, or for emotional support, call the Parkinson's UK helpline on 0808 800 0303 Schedule: Monthly on the first Tuesday From 14:00 until 16:00. Location: St Georges Catholic Church Hall, 225 Sprowston Road, Norwich, NR3 4HZ. Contacts available: Contact, Parkinson’s UK Helpline.","Norwich, United Kingdom","Norwich, United Kingdom",United Kingdom,In-Person | Support | Exercise | Parkinson's Care,,in-person,true,official_directory_import,0,0,https://localsupport.parkinsons.org.uk/provider/norwich-and-district-branch,puknorwichdistrictbranch@gmail.com,01603 936874,St Georges Catholic Church Hall,,provider,Parkinson's UK,"St Georges Catholic Church Hall, 225 Sprowston Road, Norwich, NR3 4HZ",Norwich,NR3 4HZ,https://localsupport.parkinsons.org.uk/provider/norwich-and-district-branch,2026-03-27T07:44:50.798Z
parkinsons-uk,Parkinson's UK Local Support,localsupport.parkinsons.org.uk/provider/peterborough-branch,peterborough-branch-provider-pe1-2au,Peterborough Branch,Exercise Class,"Our group offers friendship and support locally to people with Parkinson’s, their families and carers, contact us to find out more. For information and advice on Parkinson's, or for emotional support, call the Parkinson's UK helpline on 0808 800 0303","Our group offers friendship and support locally to people with Parkinson’s, their families and carers, contact us to find out more. For information and advice on Parkinson's, or for emotional support, call the Parkinson's UK helpline on 0808 800 0303 Schedule: Get in touch for more information.. Location: Various locations across Peterborough, Various locations, Peterborough, PE1 2AU. Contacts available: Contact, Parkinson’s UK Helpline.","Peterborough, United Kingdom","Peterborough, United Kingdom",United Kingdom,In-Person | Support | Exercise | Parkinson's Care,,in-person,true,official_directory_import,0,0,https://localsupport.parkinsons.org.uk/provider/peterborough-branch,ruthbrinkler@gmail.com,07752 014998,Various locations across Peterborough,,provider,Parkinson's UK,"Various locations across Peterborough, Various locations, Peterborough, PE1 2AU",Peterborough,PE1 2AU,https://localsupport.parkinsons.org.uk/provider/peterborough-branch,2026-03-27T07:44:50.798Z
parkinsons-uk,Parkinson's UK Local Support,localsupport.parkinsons.org.uk/provider/royston-activity-group-0,royston-activity-group-provider-sg8-9aw,Royston Activity Group,Support Group,"Our group offers friendship and support locally to people with Parkinson’s, their families and carers, contact us to find out more. For information and advice on Parkinson's, or for emotional support, call the Parkinson's UK helpline on 0808 800 0303","Our group offers friendship and support locally to people with Parkinson’s, their families and carers, contact us to find out more. For information and advice on Parkinson's, or for emotional support, call the Parkinson's UK helpline on 0808 800 0303 Schedule: Monthly on the last Tuesday From 10:30 until 11:30. Location: The Old Bull Inn Royston, 56 High Street, Royston, SG8 9AW. Contacts available: Parkinson’s UK Helpline, Local Group Staff Contact.","Royston, United Kingdom","Royston, United Kingdom",United Kingdom,In-Person | Support | Wellbeing | Support Group | Parkinson's Care,,in-person,true,official_directory_import,0,0,https://localsupport.parkinsons.org.uk/provider/royston-activity-group-0,hello@parkinsons.org.uk,0808 800 0303,The Old Bull Inn Royston,,provider,Parkinson's UK,"The Old Bull Inn Royston, 56 High Street, Royston, SG8 9AW",Royston,SG8 9AW,https://localsupport.parkinsons.org.uk/provider/royston-activity-group-0,2026-03-27T07:44:50.798Z
parkinsons-uk,Parkinson's UK Local Support,localsupport.parkinsons.org.uk/provider/southend-and-district-support-group,southend-and-district-support-group-provider-ss0-8lh,Southend and District Support Group,Exercise Class,"Our group offers friendship and support locally to people with Parkinson’s, their families and carers, contact us to find out more. For information and advice on Parkinson's, or for emotional support, call the Parkinson's UK helpline on 0808 800 0303","Our group offers friendship and support locally to people with Parkinson’s, their families and carers, contact us to find out more. For information and advice on Parkinson's, or for emotional support, call the Parkinson's UK helpline on 0808 800 0303 Schedule: Monthly on the first Thursday From 14:00 until 16:00. Location: Crowstone Christian Centre (St George's), Crowstone Road, Westcliff-on-Sea, SS0 8LH. Contacts available: Parkinson’s UK Helpline, Local Group Staff Contact, Group contact.","Westcliff-on-Sea, United Kingdom","Westcliff-on-Sea, United Kingdom",United Kingdom,In-Person | Support | Exercise | Parkinson's Care,,in-person,true,official_directory_import,0,0,https://localsupport.parkinsons.org.uk/provider/southend-and-district-support-group,hello@parkinsons.org.uk,0808 800 0303,Crowstone Christian Centre (St George's),,provider,Parkinson's UK,"Crowstone Christian Centre (St George's), Crowstone Road, Westcliff-on-Sea, SS0 8LH",Westcliff-on-Sea,SS0 8LH,https://localsupport.parkinsons.org.uk/provider/southend-and-district-support-group,2026-03-27T07:44:50.798Z
parkinsons-uk,Parkinson's UK Local Support,localsupport.parkinsons.org.uk/provider/uttlesford-support-group,uttlesford-support-group-provider-cb10-1hx,Uttlesford Support Group,Support Group,"Our group offers friendship and support locally to people with Parkinson’s, their families and carers, contact us to find out more. For information and advice on Parkinson's, or for emotional support, call the Parkinson's UK helpline on 0808 800 0303","Our group offers friendship and support locally to people with Parkinson’s, their families and carers, contact us to find out more. For information and advice on Parkinson's, or for emotional support, call the Parkinson's UK helpline on 0808 800 0303 Schedule: Monthly on the second Tuesday From 14:00 until 16:00. Location: The Community Link, The Saffron Walden Building Society, Saffron Walden, CB10 1HX. Contacts available: Parkinson’s UK Helpline, Local Group Staff Contact.","Saffron Walden, United Kingdom","Saffron Walden, United Kingdom",United Kingdom,In-Person | Support | Support Group | Parkinson's Care,,in-person,true,official_directory_import,0,0,https://localsupport.parkinsons.org.uk/provider/uttlesford-support-group,hello@parkinsons.org.uk,0808 800 0303,The Community Link,,provider,Parkinson's UK,"The Community Link, The Saffron Walden Building Society, Saffron Walden, CB10 1HX",Saffron Walden,CB10 1HX,https://localsupport.parkinsons.org.uk/provider/uttlesford-support-group,2026-03-27T07:44:50.798Z
parkinsons-uk,Parkinson's UK Local Support,localsupport.parkinsons.org.uk/provider/welwyn-and-hatfield-branch,welwyn-and-hatfield-branch-provider-al7-4pj,Welwyn and Hatfield Branch,Support Group,"Our group offers friendship and support locally to people with Parkinson’s, their families and carers, contact us to find out more. For information and advice on Parkinson's, or for emotional support, call the Parkinson's UK helpline on 0808 800 0303","Our group offers friendship and support locally to people with Parkinson’s, their families and carers, contact us to find out more. For information and advice on Parkinson's, or for emotional support, call the Parkinson's UK helpline on 0808 800 0303 Schedule: Weekly every Thursday From 14:00 until 16:00. Location: Parish Centre, Hall Grove, Hall Grove, Welwyn Garden City, AL7 4PJ. Contacts available: Local Group Staff Contact, Parkinson’s UK Helpline.","Welwyn Garden City, United Kingdom","Welwyn Garden City, United Kingdom",United Kingdom,In-Person | Support | Support Group | Parkinson's Care,,in-person,true,official_directory_import,0,0,https://localsupport.parkinsons.org.uk/provider/welwyn-and-hatfield-branch,tparker@parkinsons.org.uk,0344 225 9825,"Parish Centre, Hall Grove",,provider,Parkinson's UK,"Parish Centre, Hall Grove, Hall Grove, Welwyn Garden City, AL7 4PJ",Welwyn Garden City,AL7 4PJ,https://localsupport.parkinsons.org.uk/provider/welwyn-and-hatfield-branch,2026-03-27T07:44:50.799Z
parkinsons-uk,Parkinson's UK Local Support,localsupport.parkinsons.org.uk/provider/west-hertfordshire-branch,west-hertfordshire-support-group-provider-al1-4jp,West Hertfordshire Support Group,Support Group,"Our group offers friendship and support locally to people with Parkinson’s, their families and carers, contact us to find out more. This group is run by volunteers, we are always interested in hearing from people who may like to find out more about volunteering at a local group activity. We are currently looking for volunteers to help organise and run our activities across Watford, Harpenden, Hemel Hempstead and St Albans, if you feel you have a few hours to spare each month then please contact Tom Parker, the Local Volunteer Officer.","Our group offers friendship and support locally to people with Parkinson’s, their families and carers, contact us to find out more. This group is run by volunteers, we are always interested in hearing from people who may like to find out more about volunteering at a local group activity. We are currently looking for volunteers to help organise and run our activities across Watford, Harpenden, Hemel Hempstead and St Albans, if you feel you have a few hours to spare each month then please contact Tom Parker, the Local Volunteer Officer. Schedule: Monthly on the second Monday From 14:30 until 16:00. Location: St Paul's Church, St Albans, Blandford Road, St Albans, AL1 4JP. Contacts available: Local Group Staff Contact, Parkinson’s UK Helpline.","St Albans, United Kingdom","St Albans, United Kingdom",United Kingdom,Virtual | Support | In-Person | Support Group | Parkinson's Care,,hybrid,true,official_directory_import,0,0,https://localsupport.parkinsons.org.uk/provider/west-hertfordshire-branch,tparker@parkinsons.org.uk,0344 225 9825,"St Paul's Church, St Albans",,provider,Parkinson's UK,"St Paul's Church, St Albans, Blandford Road, St Albans, AL1 4JP",St Albans,AL1 4JP,https://localsupport.parkinsons.org.uk/provider/west-hertfordshire-branch,2026-03-27T07:44:50.799Z
parkinsons-uk,Parkinson's UK Local Support,localsupport.parkinsons.org.uk/provider/wymondham-support-group,wymondham-support-group-provider-nr9-3jj,Wymondham Support Group,Support Group,"Our group offers friendship and support locally to people with Parkinson’s, their families and carers, contact us to find out more. For information and advice on Parkinson's, or for emotional support, call the Parkinson's UK helpline on 0808 800 0303","Our group offers friendship and support locally to people with Parkinson’s, their families and carers, contact us to find out more. For information and advice on Parkinson's, or for emotional support, call the Parkinson's UK helpline on 0808 800 0303 Schedule: Monthly on the second Wednesday From 14:00 until 16:00. Location: Hethersett Village Hall, Back Lane, Hethersett, NR9 3JJ. Contacts available: Contact, Parkinson’s UK Helpline.","Hethersett, United Kingdom","Hethersett, United Kingdom",United Kingdom,In-Person | Support | Support Group | Parkinson's Care,,in-person,true,official_directory_import,0,0,https://localsupport.parkinsons.org.uk/provider/wymondham-support-group,theresadye39@yahoo.co.uk,01508 499220,Hethersett Village Hall,,provider,Parkinson's UK,"Hethersett Village Hall, Back Lane, Hethersett, NR9 3JJ",Hethersett,NR9 3JJ,https://localsupport.parkinsons.org.uk/provider/wymondham-support-group,2026-03-27T07:44:50.799Z
parkinsons-uk,Parkinson's UK Local Support,localsupport.parkinsons.org.uk/provider/ashbourne-branch,ashbourne-branch-provider-de6-1an,Ashbourne Branch,Support Group,"Our group offers friendship and support locally to people with Parkinson’s, their families and carers, contact us to find out more. For information and advice on Parkinson's, or for emotional support, call the Parkinson's UK helpline on 0808 800 0303","Our group offers friendship and support locally to people with Parkinson’s, their families and carers, contact us to find out more. For information and advice on Parkinson's, or for emotional support, call the Parkinson's UK helpline on 0808 800 0303 Schedule: Monthly on the third Thursday From 14:00 until 16:00. Location: St Oswald's Church Hall, 5 School Lane, Ashbourne, DE6 1AN. Contacts available: Local Staff Contact, Parkinson's UK Helpline.","Ashbourne, United Kingdom","Ashbourne, United Kingdom",United Kingdom,In-Person | Support | Support Group | Parkinson's Care,,in-person,true,official_directory_import,0,0,https://localsupport.parkinsons.org.uk/provider/ashbourne-branch,jconn@parkinsons.org.uk,0300 123 3673,St Oswald's Church Hall,,provider,Parkinson's UK,"St Oswald's Church Hall, 5 School Lane, Ashbourne, DE6 1AN",Ashbourne,DE6 1AN,https://localsupport.parkinsons.org.uk/provider/ashbourne-branch,2026-03-27T07:44:50.799Z
parkinsons-uk,Parkinson's UK Local Support,localsupport.parkinsons.org.uk/provider/bassetlaw-branch,bassetlaw-branch-provider-s80-2at,Bassetlaw Branch,Exercise Class,"Our group offers friendship and support locally to people with Parkinson’s, their families and carers, contact us to find out more. You can read the latest newsletter here. For information and advice on Parkinson's, or for emotional support, call the Parkinson's UK helpline on 0808 800 0303","Our group offers friendship and support locally to people with Parkinson’s, their families and carers, contact us to find out more. You can read the latest newsletter here. For information and advice on Parkinson's, or for emotional support, call the Parkinson's UK helpline on 0808 800 0303 Schedule: Monthly on the first Tuesday From 14:00 until 16:00. Location: The Crossing Church and Centre- Worksop, Newcastle Street, Worksop, S80 2AT. Contacts available: Contact, Parkinson’s UK Helpline.","Worksop, United Kingdom","Worksop, United Kingdom",United Kingdom,In-Person | Exercise | Support | Parkinson's Care,,in-person,true,official_directory_import,0,0,https://localsupport.parkinsons.org.uk/provider/bassetlaw-branch,chriscoldwell@talktalk.net,01909 730 629,Worksop Cricket and Sports Club,,provider,Parkinson's UK,"The Crossing Church and Centre- Worksop, Newcastle Street, Worksop, S80 2AT",Worksop,S80 2AT,https://localsupport.parkinsons.org.uk/provider/bassetlaw-branch,2026-03-27T07:44:50.799Z
parkinsons-uk,Parkinson's UK Local Support,localsupport.parkinsons.org.uk/provider/birmingham-south-support-group,birmingham-south-support-group-provider-b31-2fr,Birmingham South Support Group,Exercise Class,"We aim to provide support to all those living with Parkinson’s which includes all spouses, partners and carers, as well as those who have been diagnosed. We organise a range of regular activities, which you can find more information about at the bottom of this page. Throughout the year, we also usually organise: A group trip to Birmingham Hippodrome panto in early January. A subsidised three course meal in early May. An annual Fundraising Quiz Night at Kings Heath Cricket Club in early August. A subsidised Christmas Meal at Kings Heath Cricket Club in early December. A weekend away at Warners Studley Castle Hotel in June. Membership of the group is FREE to join, and we ask you to make a contribution, usually £3, to most activities on the door. Our fundraising events include our annual quiz night and monthly Crafty Natters, and we aim to hold a variety of events to appeal to the wider public outside the group. The group is run by a committee of volunteers, who meet once a month. View our January to June calendar of events here and July to December calendar here. See our Facebook page here.","We aim to provide support to all those living with Parkinson’s which includes all spouses, partners and carers, as well as those who have been diagnosed. We organise a range of regular activities, which you can find more information about at the bottom of this page. Throughout the year, we also usually organise: A group trip to Birmingham Hippodrome panto in early January. A subsidised three course meal in early May. An annual Fundraising Quiz Night at Kings Heath Cricket Club in early August. A subsidised Christmas Meal at Kings Heath Cricket Club in early December. A weekend away at Warners Studley Castle Hotel in June. Membership of the group is FREE to join, and we ask you to make a contribution, usually £3, to most activities on the door. Our fundraising events include our annual quiz night and monthly Crafty Natters, and we aim to hold a variety of events to appeal to the wider public outside the group. The group is run by a committee of volunteers, who meet once a month. View our January to June calendar of events here and July to December calendar here. See our Facebook page here. Schedule: Monthly on the first Tuesday From 13:30 until 15:30. Location: Bournville Gardens ExtraCare Retirement Village, 49 Bristol Road South, Birmingham, B31 2FR. Contacts available: Contact, Parkinson’s UK Helpline.","Birmingham, United Kingdom","Birmingham, United Kingdom",United Kingdom,In-Person | Support | Wellbeing | Exercise | Parkinson's Care,,in-person,true,official_directory_import,0,0,https://localsupport.parkinsons.org.uk/provider/birmingham-south-support-group,pukbhamsouth@gmail.com,07341 668 891,Bournville Gardens ExtraCare Retirement Village,,provider,Parkinson's UK,"Bournville Gardens ExtraCare Retirement Village, 49 Bristol Road South, Birmingham, B31 2FR",Birmingham,B31 2FR,https://localsupport.parkinsons.org.uk/provider/birmingham-south-support-group,2026-03-27T07:44:50.799Z
parkinsons-uk,Parkinson's UK Local Support,localsupport.parkinsons.org.uk/provider/bourne-support-group,bourne-support-group-provider-pe10-9lh,Bourne Support Group,Support Group,"Our group offers friendship and support locally to people with Parkinson’s, their families and carers, contact us to find out more. Volunteers needed! We need to recruit volunteers to help us run the group. Do you have an hour or two per month to spare? If so, we'd be delighted to hear from you. For more information, please get in touch with Debbie Gaskell using the contact details below.","Our group offers friendship and support locally to people with Parkinson’s, their families and carers, contact us to find out more. Volunteers needed! We need to recruit volunteers to help us run the group. Do you have an hour or two per month to spare? If so, we'd be delighted to hear from you. For more information, please get in touch with Debbie Gaskell using the contact details below. Schedule: Monthly on the last Wednesday From 10:30 until 12:30. Location: Bourne Methodist Church Hall, Abbey Road, Bourne, PE10 9LH. Contacts available: Local Group Staff Contact, Parkinson’s UK Helpline.","Bourne, United Kingdom","Bourne, United Kingdom",United Kingdom,In-Person | Support | Support Group | Parkinson's Care,,in-person,true,official_directory_import,0,0,https://localsupport.parkinsons.org.uk/provider/bourne-support-group,dgaskell@parkinsons.org.uk,0344 225 3632,Bourne Methodist Church Hall,,provider,Parkinson's UK,"Bourne Methodist Church Hall, Abbey Road, Bourne, PE10 9LH",Bourne,PE10 9LH,https://localsupport.parkinsons.org.uk/provider/bourne-support-group,2026-03-27T07:44:50.799Z
parkinsons-uk,Parkinson's UK Local Support,localsupport.parkinsons.org.uk/provider/burton-trent-support-group,burton-on-trent-support-group-provider-de14-2ba,Burton on Trent Support Group,Exercise Class,"Our group offers friendship and support locally to people with Parkinson’s, their families and carers, contact us to find out more. For information and advice on Parkinson's, or for emotional support, call the Parkinson's UK helpline on 0808 800 0303","Our group offers friendship and support locally to people with Parkinson’s, their families and carers, contact us to find out more. For information and advice on Parkinson's, or for emotional support, call the Parkinson's UK helpline on 0808 800 0303 Schedule: Monthly on the fourth Thursday From 14:00 until 16:00. Location: Brook House, 18 Shobnall Road, Burton on Trent, DE14 2BA. Contacts available: Local Group Staff Contact, Parkinson’s UK Helpline.","Burton on Trent, United Kingdom","Burton on Trent, United Kingdom",United Kingdom,In-Person | Support | Exercise | Parkinson's Care,,in-person,true,official_directory_import,0,0,https://localsupport.parkinsons.org.uk/provider/burton-trent-support-group,jconn@parkinsons.org.uk,0300 123 3673,Brook House,,provider,Parkinson's UK,"Brook House, 18 Shobnall Road, Burton on Trent, DE14 2BA",Burton on Trent,DE14 2BA,https://localsupport.parkinsons.org.uk/provider/burton-trent-support-group,2026-03-27T07:44:50.799Z
parkinsons-uk,Parkinson's UK Local Support,localsupport.parkinsons.org.uk/provider/buxton-support-group,buxton-support-group-provider-sk17-6hx,Buxton Support Group,Support Group,"Our group offers friendship and support locally to people with Parkinson’s, their families and carers, contact us to find out more. For information and advice on Parkinson's, or for emotional support, call the Parkinson's UK helpline on 0808 800 0303","Our group offers friendship and support locally to people with Parkinson’s, their families and carers, contact us to find out more. For information and advice on Parkinson's, or for emotional support, call the Parkinson's UK helpline on 0808 800 0303 Schedule: Monthly on the first Thursday From 14:00 until 16:00. Location: Buxton Methodist Church, Chapel Street (entrance via side door on Fountain Street), Buxton, SK17 6HX. Contacts available: Contact, Parkinson’s UK Helpline.","Buxton, United Kingdom","Buxton, United Kingdom",United Kingdom,In-Person | Support | Support Group | Parkinson's Care,,in-person,true,official_directory_import,0,0,https://localsupport.parkinsons.org.uk/provider/buxton-support-group,rcrawley@parkinsons.org.uk,0344 225 3634,Buxton Methodist Church,,provider,Parkinson's UK,"Buxton Methodist Church, Chapel Street (entrance via side door on Fountain Street), Buxton, SK17 6HX",Buxton,SK17 6HX,https://localsupport.parkinsons.org.uk/provider/buxton-support-group,2026-03-27T07:44:50.799Z
parkinsons-uk,Parkinson's UK Local Support,localsupport.parkinsons.org.uk/provider/chase-support-group,chase-support-group-provider-ws12-1ab,Chase Support Group,Exercise Class,"Our group offers friendship and support locally to people with Parkinson’s, their families and carers, contact us to find out more. For information and advice on Parkinson's, or for emotional support, call the Parkinson's UK helpline on 0808 800 0303","Our group offers friendship and support locally to people with Parkinson’s, their families and carers, contact us to find out more. For information and advice on Parkinson's, or for emotional support, call the Parkinson's UK helpline on 0808 800 0303 Schedule: Monthly on the last Wednesday From 11:00 until 13:00. Location: The Soldiers Club (Hednesford & District Ex Service Mens Club & Institute), Anglesey Street, Hednesford, WS12 1AB. Contacts available: Local Group Staff Contact, Parkinson’s UK Helpline.","Hednesford, United Kingdom","Hednesford, United Kingdom",United Kingdom,In-Person | Support | Exercise | Parkinson's Care,,in-person,true,official_directory_import,0,0,https://localsupport.parkinsons.org.uk/provider/chase-support-group,jconn@parkinsons.org.uk,0300 123 3673,The Soldiers Club (Hednesford & District Ex Service Mens Club & Institute),,provider,Parkinson's UK,"The Soldiers Club (Hednesford & District Ex Service Mens Club & Institute), Anglesey Street, Hednesford, WS12 1AB",Hednesford,WS12 1AB,https://localsupport.parkinsons.org.uk/provider/chase-support-group,2026-03-27T07:44:50.799Z
parkinsons-uk,Parkinson's UK Local Support,localsupport.parkinsons.org.uk/provider/chesterfield-support-group,chesterfield-support-group-provider-s42-7lt,Chesterfield Support Group,Support Group,"Our group offers friendship and support locally to people with Parkinson's, their families and carers. Contact us to find out more: [email protected] or tel. 01246 861888. For information and advice on Parkinson's, or for emotional support, call the Parkinson's UK helpline on 0808 800 0303","Our group offers friendship and support locally to people with Parkinson's, their families and carers. Contact us to find out more: [email protected] or tel. 01246 861888. For information and advice on Parkinson's, or for emotional support, call the Parkinson's UK helpline on 0808 800 0303 Schedule: Monthly on the third Friday From 14:00 until 16:00. Location: St Johns Church Centre, Walton Back Lane, Chesterfield, S42 7LT. Contacts available: Contact, Parkinson’s UK Helpline.","Chesterfield, United Kingdom","Chesterfield, United Kingdom",United Kingdom,In-Person | Support | Support Group | Parkinson's Care,,in-person,true,official_directory_import,0,0,https://localsupport.parkinsons.org.uk/provider/chesterfield-support-group,colin_rosemary@outlook.com,01246 861888,St Johns Church Centre,,provider,Parkinson's UK,"St Johns Church Centre, Walton Back Lane, Chesterfield, S42 7LT",Chesterfield,S42 7LT,https://localsupport.parkinsons.org.uk/provider/chesterfield-support-group,2026-03-27T07:44:50.799Z
parkinsons-uk,Parkinson's UK Local Support,localsupport.parkinsons.org.uk/provider/church-stretton-support-group,church-stretton-support-group-provider-sy6-6bl,Church Stretton Support Group,Support Group,"Our group offers friendship and support locally to people with Parkinson’s, their families and carers, contact us to find out more. For information and advice on Parkinson's, or for emotional support, call the Parkinson's UK helpline on 0808 800 0303","Our group offers friendship and support locally to people with Parkinson’s, their families and carers, contact us to find out more. For information and advice on Parkinson's, or for emotional support, call the Parkinson's UK helpline on 0808 800 0303 Schedule: Monthly on the fourth Monday From 14:30 until 16:30. Location: Mayfair Community Centre - Church Stretton, Easthope Road, Church Stretton, SY6 6BL. Contacts available: Contact, Parkinson’s UK Helpline.","Church Stretton, United Kingdom","Church Stretton, United Kingdom",United Kingdom,In-Person | Support | Support Group | Parkinson's Care,,in-person,true,official_directory_import,0,0,https://localsupport.parkinsons.org.uk/provider/church-stretton-support-group,hjbowman@live.com,07823 523696,Mayfair Community Centre - Church Stretton,,provider,Parkinson's UK,"Mayfair Community Centre - Church Stretton, Easthope Road, Church Stretton, SY6 6BL",Church Stretton,SY6 6BL,https://localsupport.parkinsons.org.uk/provider/church-stretton-support-group,2026-03-27T07:44:50.799Z
parkinsons-uk,Parkinson's UK Local Support,localsupport.parkinsons.org.uk/provider/coventry-branch,coventry-support-group-provider-cv6-1ql,Coventry Support Group,Exercise Class,"Our group offers friendship and support locally to people with Parkinson’s, their families and carers, contact us to find out more. For information and advice on Parkinson's, or for emotional support, call the Parkinson's UK helpline on 0808 800 0303","Our group offers friendship and support locally to people with Parkinson’s, their families and carers, contact us to find out more. For information and advice on Parkinson's, or for emotional support, call the Parkinson's UK helpline on 0808 800 0303 Schedule: Monthly on the second Thursday From 10:30 until 12:30 Monthly on the fourth Thursday From 10:30 until 12:30 | Monthly on the second Thursday From 10:30 until 12:30 | Monthly on the fourth Thursday From 10:30 until 12:30. Location: Sherbourne Community Church, 22 Lammas Road, Coventry, CV6 1QL. Contacts available: Local Group Staff Contact, Parkinson’s UK Helpline.","Coventry, United Kingdom","Coventry, United Kingdom",United Kingdom,In-Person | Support | Exercise | Parkinson's Care,,in-person,true,official_directory_import,0,0,https://localsupport.parkinsons.org.uk/provider/coventry-branch,sjohnson@parkinsons.org.uk,020 7963 3674,Sherbourne Community Church,,provider,Parkinson's UK,"Sherbourne Community Church, 22 Lammas Road, Coventry, CV6 1QL",Coventry,CV6 1QL,https://localsupport.parkinsons.org.uk/provider/coventry-branch,2026-03-27T07:44:50.799Z
parkinsons-uk,Parkinson's UK Local Support,localsupport.parkinsons.org.uk/provider/derby-branch,derby-support-group-provider-de22-1bp,Derby Support Group,Support Group,"Our group offers friendship and support locally to people with Parkinson’s, their families and carers, contact us to find out more. For information and advice on Parkinson's, or for emotional support, call the Parkinson's UK helpline on 0808 800 0303","Our group offers friendship and support locally to people with Parkinson’s, their families and carers, contact us to find out more. For information and advice on Parkinson's, or for emotional support, call the Parkinson's UK helpline on 0808 800 0303 Schedule: Monthly on the first Tuesday From 14:00 until 16:00. Location: Broadway Baptist Church, 166 Broadway, Derby, DE22 1BP. Contacts available: Contact, Parkinson’s UK Helpline.","Derby, United Kingdom","Derby, United Kingdom",United Kingdom,In-Person | Support | Wellbeing | Support Group | Parkinson's Care,,in-person,true,official_directory_import,0,0,https://localsupport.parkinsons.org.uk/provider/derby-branch,contactderbyparkinsons@gmail.com,0808 800 0303,Broadway Baptist Church,,provider,Parkinson's UK,"Broadway Baptist Church, 166 Broadway, Derby, DE22 1BP",Derby,DE22 1BP,https://localsupport.parkinsons.org.uk/provider/derby-branch,2026-03-27T07:44:50.799Z
parkinsons-uk,Parkinson's UK Local Support,localsupport.parkinsons.org.uk/activity/yopd-under-65-years-age-derby,yopd-for-under-65-years-of-age-derby-activity-de1-3as,YOPD for under 65 years of age - Derby,Support Group,"Younger members (Everyone of working age) are always wanting to meet up with similar age groups and interests. If you are interested in an informal support and social group for like minded people, please come along and find out more. Spouses and supporters welcome. We look forward to meeting you! The group is led by a Specialist Occupational Therapist (OT) for Parkinson's from University Hospitals of Derby & Burton NHS Foundation Trust's Specialist Rehabilitation Florence Nightingale Community Hospital. In addition, members of our Parkinson's Derby & District Branch will be there to talk to you and support you. Meetings take place in the Quad Digital suite on the 1st floor (lift available) Please follow us on Facebook and Twitter","Younger members (Everyone of working age) are always wanting to meet up with similar age groups and interests. If you are interested in an informal support and social group for like minded people, please come along and find out more. Spouses and supporters welcome. We look forward to meeting you! The group is led by a Specialist Occupational Therapist (OT) for Parkinson's from University Hospitals of Derby & Burton NHS Foundation Trust's Specialist Rehabilitation Florence Nightingale Community Hospital. In addition, members of our Parkinson's Derby & District Branch will be there to talk to you and support you. Meetings take place in the Quad Digital suite on the 1st floor (lift available) Please follow us on Facebook and Twitter Schedule: Monthly on the last Thursday From 18:45 until 20:15. Location: Derby QUAD, Market Place Cathedral Quarter, Derby, DE1 3AS.","Derby, United Kingdom","Derby, United Kingdom",United Kingdom,In-Person | Support | Support Group | Parkinson's Care,,in-person,true,official_directory_import,0,0,https://localsupport.parkinsons.org.uk/activity/yopd-under-65-years-age-derby,contactderbyparkinsons@gmail.com,,Derby QUAD,,activity,Parkinson's UK,"Derby QUAD, Market Place Cathedral Quarter, Derby, DE1 3AS",Derby,DE1 3AS,https://localsupport.parkinsons.org.uk/activity/yopd-under-65-years-age-derby,2026-03-27T07:44:50.799Z
parkinsons-uk,Parkinson's UK Local Support,localsupport.parkinsons.org.uk/provider/dudley-support-group,dudley-support-group-provider-dy5-3da,Dudley Support Group,Exercise Class,"Our group offers friendship and support locally to people with Parkinson’s, their families and carers, contact us to find out more. For information and advice on Parkinson's, or for emotional support, call the Parkinson's UK helpline on 0808 800 0303","Our group offers friendship and support locally to people with Parkinson’s, their families and carers, contact us to find out more. For information and advice on Parkinson's, or for emotional support, call the Parkinson's UK helpline on 0808 800 0303 Schedule: Monthly on the second Friday From 10:45 until 11:45 Monthly on the fourth Friday From 10:45 until 11:45 | Monthly on the second Friday From 10:45 until 11:45 | Monthly on the fourth Friday From 10:45 until 11:45. Location: Brierley Hill Methodist Church, Bank Street, Brierley Hill, DY5 3DA. Contacts available: Contact, Parkinson’s UK Helpline.","Brierley Hill, United Kingdom","Brierley Hill, United Kingdom",United Kingdom,In-Person | Exercise | Support | Parkinson's Care,,in-person,true,official_directory_import,0,0,https://localsupport.parkinsons.org.uk/provider/dudley-support-group,dudleyparkinsons@gmail.com,01384 293 356,Brierley Hill Methodist Church,,provider,Parkinson's UK,"Brierley Hill Methodist Church, Bank Street, Brierley Hill, DY5 3DA",Brierley Hill,DY5 3DA,https://localsupport.parkinsons.org.uk/provider/dudley-support-group,2026-03-27T07:44:50.799Z
parkinsons-uk,Parkinson's UK Local Support,localsupport.parkinsons.org.uk/provider/grantham-branch,grantham-branch-provider-ng31-8nf,Grantham Branch,Exercise Class,"Our group offers friendship and support locally to people with Parkinson’s, their families and carers, contact us to find out more. For information and advice on Parkinson's, or for emotional support, call the Parkinson's UK helpline on 0808 800 0303","Our group offers friendship and support locally to people with Parkinson’s, their families and carers, contact us to find out more. For information and advice on Parkinson's, or for emotional support, call the Parkinson's UK helpline on 0808 800 0303 Schedule: Get in touch for more information.. Location: Church Hall of St John the Evangelist Manthorpe, 10 High Road, Grantham, NG31 8NF. Contacts available: Contact, Parkinson’s UK Helpline.","Grantham, United Kingdom","Grantham, United Kingdom",United Kingdom,In-Person | Support | Exercise | Parkinson's Care,,in-person,true,official_directory_import,0,0,https://localsupport.parkinsons.org.uk/provider/grantham-branch,ianaskew493@btinternet.com,0808 800 0303,Church Hall of St John the Evangelist Manthorpe,,provider,Parkinson's UK,"Church Hall of St John the Evangelist Manthorpe, 10 High Road, Grantham, NG31 8NF",Grantham,NG31 8NF,https://localsupport.parkinsons.org.uk/provider/grantham-branch,2026-03-27T07:44:50.799Z
parkinsons-uk,Parkinson's UK Local Support,localsupport.parkinsons.org.uk/provider/herefordshire-branch,herefordshire-branch-provider-hr2-7je,Herefordshire Branch,Support Group,"Our group offers friendship and support locally to people with Parkinson’s, their families and carers, contact us to find out more. For more information, please get in touch with Sara Johnson using the details further below. For information and advice on Parkinson's, or for emotional support, call the Parkinson's UK helpline on 0808 800 0303","Our group offers friendship and support locally to people with Parkinson’s, their families and carers, contact us to find out more. For more information, please get in touch with Sara Johnson using the details further below. For information and advice on Parkinson's, or for emotional support, call the Parkinson's UK helpline on 0808 800 0303 Schedule: Monthly on the fourth Saturday From 10:30 until 11:30. Location: The Kindle Centre, Belmont Road, Hereford, HR2 7JE. Contacts available: Local Group Staff Contact, Parkinson’s UK Helpline.","Hereford, United Kingdom","Hereford, United Kingdom",United Kingdom,In-Person | Wellbeing | Support | Support Group | Parkinson's Care,,in-person,true,official_directory_import,0,0,https://localsupport.parkinsons.org.uk/provider/herefordshire-branch,sjohnson@parkinsons.org.uk,020 7963 3674,St Martin’s Church Hall,,provider,Parkinson's UK,"The Kindle Centre, Belmont Road, Hereford, HR2 7JE",Hereford,HR2 7JE,https://localsupport.parkinsons.org.uk/provider/herefordshire-branch,2026-03-27T07:44:50.799Z
parkinsons-uk,Parkinson's UK Local Support,localsupport.parkinsons.org.uk/provider/hinckley-and-district-branch,hinckley-and-district-branch-provider-le10-1lw,Hinckley and District Branch,Exercise Class,"Welcome to the Hinckley and District Branch for Parkinson's UK! Our aim is to bring together local people with Parkinson's, their families and carers to create supportive and friendly social opportunities. As well as meeting new people, we can also help signpost you to local support and information about living with Parkinson's. In addition to our regular monthly meeting, we also deliver a fun programme of activities throughout the year that include speakers, days out, lunches, carers support and even a regular singing group!","Welcome to the Hinckley and District Branch for Parkinson's UK! Our aim is to bring together local people with Parkinson's, their families and carers to create supportive and friendly social opportunities. As well as meeting new people, we can also help signpost you to local support and information about living with Parkinson's. In addition to our regular monthly meeting, we also deliver a fun programme of activities throughout the year that include speakers, days out, lunches, carers support and even a regular singing group! Schedule: Monthly on the second Sunday From 14:00 until 16:00. Location: Mary Forryan Centre Hinckley, St Peter's Church, Hinckley, LE10 1LW. Contacts available: Contact, Parkinson’s UK Helpline.","Hinckley, United Kingdom","Hinckley, United Kingdom",United Kingdom,In-Person | Support | Wellbeing | Exercise | Parkinson's Care,,in-person,true,official_directory_import,0,0,https://localsupport.parkinsons.org.uk/provider/hinckley-and-district-branch,janetandjohn101@hotmail.co.uk,07932 615 233,Mary Forryan Centre Hinckley,,provider,Parkinson's UK,"Mary Forryan Centre Hinckley, St Peter's Church, Hinckley, LE10 1LW",Hinckley,LE10 1LW,https://localsupport.parkinsons.org.uk/provider/hinckley-and-district-branch,2026-03-27T07:44:50.799Z
parkinsons-uk,Parkinson's UK Local Support,localsupport.parkinsons.org.uk/provider/kettering-branch,kettering-branch-provider-nn16-9ph,Kettering Branch,Exercise Class,"Our group offers friendship and support locally to people with Parkinson’s, their families and carers, contact us to find out more. For information and advice on Parkinson's, or for emotional support, call the Parkinson's UK helpline on 0808 800 0303","Our group offers friendship and support locally to people with Parkinson’s, their families and carers, contact us to find out more. For information and advice on Parkinson's, or for emotional support, call the Parkinson's UK helpline on 0808 800 0303 Schedule: Monthly on the third Monday From 19:30 until 20:30. Location: The Crescent Community Centre - Kettering, Laburnum Crescent, Kettering, NN16 9PH. Contacts available: Local Group Staff Contact, Parkinson’s UK Helpline.","Kettering, United Kingdom","Kettering, United Kingdom",United Kingdom,In-Person | Support | Exercise | Wellbeing | Parkinson's Care,,in-person,true,official_directory_import,0,0,https://localsupport.parkinsons.org.uk/provider/kettering-branch,dgaskell@parkinsons.org.uk,0344 225 3632,The Crescent Community Centre - Kettering,,provider,Parkinson's UK,"The Crescent Community Centre - Kettering, Laburnum Crescent, Kettering, NN16 9PH",Kettering,NN16 9PH,https://localsupport.parkinsons.org.uk/provider/kettering-branch,2026-03-27T07:44:50.799Z
parkinsons-uk,Parkinson's UK Local Support,localsupport.parkinsons.org.uk/provider/leamington-spa-branch,leamington-spa-branch-provider-cv34-5le,Leamington Spa Branch,Support Group,"We are a group of volunteers who offer information, friendship and support to people with Parkinson’s, their families and carers in Leamington Spa, Warwick, Kenilworth, Southam and surrounding areas. Our group offers friendship and support locally to people with Parkinson’s, their families and carers, contact us to find out more.For information and advice on Parkinson's, or for emotional support, call the Parkinson's UK helpline on 0808 800 0303","We are a group of volunteers who offer information, friendship and support to people with Parkinson’s, their families and carers in Leamington Spa, Warwick, Kenilworth, Southam and surrounding areas. Our group offers friendship and support locally to people with Parkinson’s, their families and carers, contact us to find out more.For information and advice on Parkinson's, or for emotional support, call the Parkinson's UK helpline on 0808 800 0303 Schedule: Monthly on the second Thursday From 14:00 until 16:00. Location: The Nelson Club, 21 Charles Street, Warwick, CV34 5LE. Contacts available: Contact, Parkinson’s UK Helpline.","Warwick, United Kingdom","Warwick, United Kingdom",United Kingdom,In-Person | Support | Wellbeing | Support Group | Parkinson's Care,,in-person,true,official_directory_import,0,0,https://localsupport.parkinsons.org.uk/provider/leamington-spa-branch,miles337@btinternet.com,07753 911454,The Nelson Club,,provider,Parkinson's UK,"The Nelson Club, 21 Charles Street, Warwick, CV34 5LE",Warwick,CV34 5LE,https://localsupport.parkinsons.org.uk/provider/leamington-spa-branch,2026-03-27T07:44:50.799Z
parkinsons-uk,Parkinson's UK Local Support,localsupport.parkinsons.org.uk/provider/leek-support-group,leek-support-group-provider-st13-5hb,Leek Support Group,Support Group,"Our group offers friendship and support locally to people with Parkinson’s, their families and carers, contact us to find out more. For information and advice on Parkinson's, or for emotional support, call the Parkinson's UK helpline on 0808 800 0303","Our group offers friendship and support locally to people with Parkinson’s, their families and carers, contact us to find out more. For information and advice on Parkinson's, or for emotional support, call the Parkinson's UK helpline on 0808 800 0303 Schedule: Fortnightly on a Thursday From 11:00 until 14:00 This activity is next on 02/04/2026. Location: Sheltered Housing Leek, Mount Pleasant, Leek, ST13 5HB. Contacts available: Group Contact, Parkinson’s UK Helpline.","Leek, United Kingdom","Leek, United Kingdom",United Kingdom,In-Person | Support | Support Group | Parkinson's Care,,in-person,true,official_directory_import,0,0,https://localsupport.parkinsons.org.uk/provider/leek-support-group,barbara.edwards21@btinternet.com,01538 383195,Sheltered Housing Leek,,provider,Parkinson's UK,"Sheltered Housing Leek, Mount Pleasant, Leek, ST13 5HB",Leek,ST13 5HB,https://localsupport.parkinsons.org.uk/provider/leek-support-group,2026-03-27T07:44:50.799Z
parkinsons-uk,Parkinson's UK Local Support,localsupport.parkinsons.org.uk/provider/leicester-east-activity-group-0,leicester-east-activity-group-provider-le16-7jd,Leicester East Activity Group,Support Group,"Our group offers friendship and support locally to people with Parkinson’s, their families and carers, contact us to find out more. For information and advice on Parkinson's, or for emotional support, call the Parkinson's UK helpline on 0808 800 0303","Our group offers friendship and support locally to people with Parkinson’s, their families and carers, contact us to find out more. For information and advice on Parkinson's, or for emotional support, call the Parkinson's UK helpline on 0808 800 0303 Schedule: Monthly on the first Tuesday From 10:00 until 12:00. Location: Market Harborough Congregational Church, Bowden Lane, Market Harborough, LE16 7JD. Contacts available: Contact, Parkinson’s UK Helpline.","Market Harborough, United Kingdom","Market Harborough, United Kingdom",United Kingdom,In-Person | Support | Support Group | Parkinson's Care,,in-person,true,official_directory_import,0,0,https://localsupport.parkinsons.org.uk/provider/leicester-east-activity-group-0,contact@leicesterparkinsons.org.uk,07782 220 014,Barnabas Centre Oadby,,provider,Parkinson's UK,"Market Harborough Congregational Church, Bowden Lane, Market Harborough, LE16 7JD",Market Harborough,LE16 7JD,https://localsupport.parkinsons.org.uk/provider/leicester-east-activity-group-0,2026-03-27T07:44:50.800Z
parkinsons-uk,Parkinson's UK Local Support,localsupport.parkinsons.org.uk/provider/leicester-west-activity-group,leicester-west-activity-group-provider-le11-4rz,Leicester West Activity Group,Support Group,"Our group offers friendship and support locally to people with Parkinson’s, their families and carers, contact us to find out more. For information and advice on Parkinson's, or for emotional support, call the Parkinson's UK helpline on 0808 800 0303","Our group offers friendship and support locally to people with Parkinson’s, their families and carers, contact us to find out more. For information and advice on Parkinson's, or for emotional support, call the Parkinson's UK helpline on 0808 800 0303 Schedule: Monthly on the first Tuesday From 14:00 until 16:00. Location: Gorse Covert Community Centre Loughborough, Maxwell Drive, Loughborough, LE11 4RZ. Contacts available: Contact, Parkinson’s UK Helpline.","Loughborough, United Kingdom","Loughborough, United Kingdom",United Kingdom,In-Person | Support | Support Group | Parkinson's Care,,in-person,true,official_directory_import,0,0,https://localsupport.parkinsons.org.uk/provider/leicester-west-activity-group,contact@leicesterparkinsons.org.uk,07734700180,Whitwich Methodist Church,,provider,Parkinson's UK,"Gorse Covert Community Centre Loughborough, Maxwell Drive, Loughborough, LE11 4RZ",Loughborough,LE11 4RZ,https://localsupport.parkinsons.org.uk/provider/leicester-west-activity-group,2026-03-27T07:44:50.800Z
parkinsons-uk,Parkinson's UK Local Support,localsupport.parkinsons.org.uk/provider/lichfield-parkinsons-support-group-0,lichfield-support-group-provider-ws13-8ay,Lichfield Support Group,Exercise Class,"Our group offers friendship and support locally to people with Parkinson’s, their families and carers, contact us to find out more. For information and advice on Parkinson's, or for emotional support, call the Parkinson's UK helpline on 0808 800 0303","Our group offers friendship and support locally to people with Parkinson’s, their families and carers, contact us to find out more. For information and advice on Parkinson's, or for emotional support, call the Parkinson's UK helpline on 0808 800 0303 Schedule: Monthly on the second Thursday From 14:00 until 16:00. Location: Martin Heath Hall, Christchurch Lane, Lichfield, WS13 8AY. Contacts available: Group Contact, Parkinson’s UK Helpline.","Lichfield, United Kingdom","Lichfield, United Kingdom",United Kingdom,In-Person | Support | Virtual | Exercise | Parkinson's Care,,hybrid,true,official_directory_import,0,0,https://localsupport.parkinsons.org.uk/provider/lichfield-parkinsons-support-group-0,amanda.simsva@gmail.com,07547 123 589,Martin Heath Hall,,provider,Parkinson's UK,"Martin Heath Hall, Christchurch Lane, Lichfield, WS13 8AY",Lichfield,WS13 8AY,https://localsupport.parkinsons.org.uk/provider/lichfield-parkinsons-support-group-0,2026-03-27T07:44:50.800Z
parkinsons-uk,Parkinson's UK Local Support,localsupport.parkinsons.org.uk/provider/lincoln-support-group,lincoln-support-group-provider-ln5-9tr,Lincoln Support Group,Support Group,"Our group offers friendship and support locally to people with Parkinson’s, their families and carers. For more information, please get in touch with Debbie using the contact details below.","Our group offers friendship and support locally to people with Parkinson’s, their families and carers. For more information, please get in touch with Debbie using the contact details below. Schedule: Monthly on the second Monday From 10:30 until 12:30. Location: St Columba's Church, Brant Road, Lincoln, LN5 9TR. Contacts available: Local Group Staff Contact, Parkinson’s UK Helpline.","Lincoln, United Kingdom","Lincoln, United Kingdom",United Kingdom,In-Person | Support | Support Group | Parkinson's Care,,in-person,true,official_directory_import,0,0,https://localsupport.parkinsons.org.uk/provider/lincoln-support-group,dgaskell@parkinsons.org.uk,0344 225 3632,St Columba's Church,,provider,Parkinson's UK,"St Columba's Church, Brant Road, Lincoln, LN5 9TR",Lincoln,LN5 9TR,https://localsupport.parkinsons.org.uk/provider/lincoln-support-group,2026-03-27T07:44:50.800Z
parkinsons-uk,Parkinson's UK Local Support,localsupport.parkinsons.org.uk/provider/long-eaton-support-group,long-eaton-support-group-provider-ng10-4hd,Long Eaton Support Group,Exercise Class,"Our group offers friendship and support locally to people with Parkinson’s, their families and carers, contact us to find out more. Volunteers needed! We need to recruit volunteers to help us run the group. Do you have an hour or two per month to spare? If so we would be delighted to hear from you. For more information please get in touch.","Our group offers friendship and support locally to people with Parkinson’s, their families and carers, contact us to find out more. Volunteers needed! We need to recruit volunteers to help us run the group. Do you have an hour or two per month to spare? If so we would be delighted to hear from you. For more information please get in touch. Schedule: Monthly on the first Thursday From 13:30 until 15:30. Location: Erewash Voluntary Action, Granville Avenue, Derbyshire, NG10 4HD. Contacts available: Group Contact, Parkinson’s UK Helpline.","Derbyshire, United Kingdom","Derbyshire, United Kingdom",United Kingdom,In-Person | Exercise | Support | Parkinson's Care,,in-person,true,official_directory_import,0,0,https://localsupport.parkinsons.org.uk/provider/long-eaton-support-group,longeatonpdsg@btinternet.com,07947 009 453,Long Eaton Cafe - Cleavers Coffee,,provider,Parkinson's UK,"Erewash Voluntary Action, Granville Avenue, Derbyshire, NG10 4HD",Derbyshire,NG10 4HD,https://localsupport.parkinsons.org.uk/provider/long-eaton-support-group,2026-03-27T07:44:50.800Z
parkinsons-uk,Parkinson's UK Local Support,localsupport.parkinsons.org.uk/provider/louth-and-district-branch,louth-and-district-branch-provider-ln12-1dp,Louth and District Branch,Support Group,"Our group offers friendship and support locally to people with Parkinson’s, their families and carers, contact us to find out more. You can find our Facebook page here. For information and advice on Parkinson's, or for emotional support, call the Parkinson's UK helpline on 0808 800 0303","Our group offers friendship and support locally to people with Parkinson’s, their families and carers, contact us to find out more. You can find our Facebook page here. For information and advice on Parkinson's, or for emotional support, call the Parkinson's UK helpline on 0808 800 0303 Schedule: Get in touch for more information.. Location: Campus for Future Living, Stanley Avenue, Mablethorpe, LN12 1DP. Contacts available: Local Group Staff Contact, Parkinson’s UK Helpline.","Mablethorpe, United Kingdom","Mablethorpe, United Kingdom",United Kingdom,In-Person | Support | Support Group | Parkinson's Care,,in-person,true,official_directory_import,0,0,https://localsupport.parkinsons.org.uk/provider/louth-and-district-branch,dgaskell@parkinsons.org.uk,0344 225 3632,Utterby Village Hall,,provider,Parkinson's UK,"Campus for Future Living, Stanley Avenue, Mablethorpe, LN12 1DP",Mablethorpe,LN12 1DP,https://localsupport.parkinsons.org.uk/provider/louth-and-district-branch,2026-03-27T07:44:50.800Z
parkinsons-uk,Parkinson's UK Local Support,localsupport.parkinsons.org.uk/provider/lutterworth-support-group,lutterworth-support-group-provider-le17-4ey,Lutterworth Support Group,Exercise Class,"Our group offers friendship and support locally to people with Parkinson’s, their families and carers, contact us to find out more. For information and advice on Parkinson's, or for emotional support, call the Parkinson's UK helpline on 0808 800 0303","Our group offers friendship and support locally to people with Parkinson’s, their families and carers, contact us to find out more. For information and advice on Parkinson's, or for emotional support, call the Parkinson's UK helpline on 0808 800 0303 Schedule: Monthly on the last Monday From 10:15 until 12:00. Location: Our Ladies Catholic Church, Bitteswell Road, Lutterworth, LE17 4EY. Contacts available: Contact, Parkinson’s UK Helpline.","Lutterworth, United Kingdom","Lutterworth, United Kingdom",United Kingdom,In-Person | Support | Exercise | Parkinson's Care,,in-person,true,official_directory_import,0,0,https://localsupport.parkinsons.org.uk/provider/lutterworth-support-group,lutterworthpsg@gmail.com,0808 800 0303,Our Ladies Catholic Church,,provider,Parkinson's UK,"Our Ladies Catholic Church, Bitteswell Road, Lutterworth, LE17 4EY",Lutterworth,LE17 4EY,https://localsupport.parkinsons.org.uk/provider/lutterworth-support-group,2026-03-27T07:44:50.800Z
parkinsons-uk,Parkinson's UK Local Support,localsupport.parkinsons.org.uk/provider/mansfield-support-group,mansfield-support-group-provider-ng17-9bh,Mansfield Support Group,Support Group,"Our group offers friendship and support locally to people with Parkinson’s, their families and carers, contact us to find out more. For information and advice on Parkinson's, or for emotional support, call the Parkinson's UK helpline on 0808 800 0303","Our group offers friendship and support locally to people with Parkinson’s, their families and carers, contact us to find out more. For information and advice on Parkinson's, or for emotional support, call the Parkinson's UK helpline on 0808 800 0303 Schedule: Monthly on the second Wednesday From 14:00 until 16:00. Location: Acacia Centre Kirkby in Ashfield, Acacia Avenue, Kirkby in Ashfield, NG17 9BH. Contacts available: Contact, Parkinson’s UK Helpline.","Kirkby in Ashfield, United Kingdom","Kirkby in Ashfield, United Kingdom",United Kingdom,In-Person | Support | Support Group | Parkinson's Care,,in-person,true,official_directory_import,0,0,https://localsupport.parkinsons.org.uk/provider/mansfield-support-group,mansfieldsupgroup.pduk@gmail.com,0808 800 0303,Acacia Centre Kirkby in Ashfield,,provider,Parkinson's UK,"Acacia Centre Kirkby in Ashfield, Acacia Avenue, Kirkby in Ashfield, NG17 9BH",Kirkby in Ashfield,NG17 9BH,https://localsupport.parkinsons.org.uk/provider/mansfield-support-group,2026-03-27T07:44:50.800Z
parkinsons-uk,Parkinson's UK Local Support,localsupport.parkinsons.org.uk/provider/melton-mowbray-support-group,melton-mowbray-support-group-provider-le13-0hw,Melton Mowbray Support Group,Exercise Class,"Our group offers friendship and support locally to people with Parkinson’s, their families and carers, contact us to find out more. For information and advice on Parkinson's, or for emotional support, call the Parkinson's UK helpline on 0808 800 0303","Our group offers friendship and support locally to people with Parkinson’s, their families and carers, contact us to find out more. For information and advice on Parkinson's, or for emotional support, call the Parkinson's UK helpline on 0808 800 0303 Schedule: Monthly on the third Thursday From 11:00 until 13:00. Location: Waterford Function Room ‘Sysonby Acres’, Asfordby Road, Melton Mowbray, LE13 0HW. Contacts available: Contact, Parkinson’s UK Helpline.","Melton Mowbray, United Kingdom","Melton Mowbray, United Kingdom",United Kingdom,In-Person | Support | Exercise | Parkinson's Care,,in-person,true,official_directory_import,0,0,https://localsupport.parkinsons.org.uk/provider/melton-mowbray-support-group,paul.g.stammers@gmail.com,01664 851235,Waterford Function Room ‘Sysonby Acres’,,provider,Parkinson's UK,"Waterford Function Room ‘Sysonby Acres’, Asfordby Road, Melton Mowbray, LE13 0HW",Melton Mowbray,LE13 0HW,https://localsupport.parkinsons.org.uk/provider/melton-mowbray-support-group,2026-03-27T07:44:50.800Z
parkinsons-uk,Parkinson's UK Local Support,localsupport.parkinsons.org.uk/provider/northampton-daventry-and-towcester-support-group,northampton-and-district-support-group-provider-nn5-4rb,Northampton and District Support Group,Support Group,"Our group offers friendship and support locally to people with Parkinson’s, their families and carers, contact us to find out more. For information and advice on Parkinson's, or for emotional support, call the Parkinson's UK helpline on 0808 800 0303","Our group offers friendship and support locally to people with Parkinson’s, their families and carers, contact us to find out more. For information and advice on Parkinson's, or for emotional support, call the Parkinson's UK helpline on 0808 800 0303 Schedule: Monthly on the second Tuesday From 11:00 until 12:30. Location: St Crispin Retirement Village Duston, St Crispin Drive, Duston, NN5 4RB. Contacts available: Local Group Staff Contact, Parkinson’s UK Helpline.","Duston, United Kingdom","Duston, United Kingdom",United Kingdom,In-Person | Support | Support Group | Parkinson's Care,,in-person,true,official_directory_import,0,0,https://localsupport.parkinsons.org.uk/provider/northampton-daventry-and-towcester-support-group,dgaskell@parkinsons.org.uk,0344 225 3632,St Crispin Retirement Village Duston,,provider,Parkinson's UK,"St Crispin Retirement Village Duston, St Crispin Drive, Duston, NN5 4RB",Duston,NN5 4RB,https://localsupport.parkinsons.org.uk/provider/northampton-daventry-and-towcester-support-group,2026-03-27T07:44:50.800Z
parkinsons-uk,Parkinson's UK Local Support,localsupport.parkinsons.org.uk/provider/north-staffordshire-branch,north-staffordshire-branch-provider-st5-7ah,North Staffordshire Branch,Support Group,"Our group offers friendship and support locally to people with Parkinson’s, their families and carers, contact us to find out more. For information and advice on Parkinson's, or for emotional support, call the Parkinson's UK helpline on 0808 800 0303","Our group offers friendship and support locally to people with Parkinson’s, their families and carers, contact us to find out more. For information and advice on Parkinson's, or for emotional support, call the Parkinson's UK helpline on 0808 800 0303 Schedule: Weekly every Wednesday From 10:00 until 13:00. Location: Red Street Community Centre Chesterton, Talke Road, Newcastle-under-Lyme, ST5 7AH. Contacts available: Contact, Parkinson’s UK Helpline.","Newcastle-under-Lyme, United Kingdom","Newcastle-under-Lyme, United Kingdom",United Kingdom,In-Person | Support | Support Group | Parkinson's Care,,in-person,true,official_directory_import,0,0,https://localsupport.parkinsons.org.uk/provider/north-staffordshire-branch,hello@parkinsons.org.uk,07870 743551,Red Street Community Centre Chesterton,,provider,Parkinson's UK,"Red Street Community Centre Chesterton, Talke Road, Newcastle-under-Lyme, ST5 7AH",Newcastle-under-Lyme,ST5 7AH,https://localsupport.parkinsons.org.uk/provider/north-staffordshire-branch,2026-03-27T07:44:50.800Z
parkinsons-uk,Parkinson's UK Local Support,localsupport.parkinsons.org.uk/provider/nottingham-support-group,nottingham-support-group-provider-ng3-5he,Nottingham Support Group,Support Group,"Our group offers friendship and support locally to people with Parkinson’s, their families and carers, contact us to find out more. Please note: Our social meeting on Wednesday 18 February is cancelled and the next one will be on Wednesday 18 March. Volunteers needed! We need to recruit volunteers to help us run the group. Do you have an hour or two per month to spare? If so, we would be delighted to hear from you. For more information please get in touch with Debbie Gaskell email [email protected] For information and advice on Parkinson's, or for emotional support, call the Parkinson's UK helpline on 0808 800 0303","Our group offers friendship and support locally to people with Parkinson’s, their families and carers, contact us to find out more. Please note: Our social meeting on Wednesday 18 February is cancelled and the next one will be on Wednesday 18 March. Volunteers needed! We need to recruit volunteers to help us run the group. Do you have an hour or two per month to spare? If so, we would be delighted to hear from you. For more information please get in touch with Debbie Gaskell email [email protected] For information and advice on Parkinson's, or for emotional support, call the Parkinson's UK helpline on 0808 800 0303 Schedule: Monthly on the third Wednesday From 13:30 until 15:30. Location: St Judes Church Hall, Nottingham, 405 Woodborough Road, Nottingham, NG3 5HE. Contacts available: Local Group Staff Contact, Parkinson’s UK Helpline.","Nottingham, United Kingdom","Nottingham, United Kingdom",United Kingdom,In-Person | Support | Support Group | Parkinson's Care,,in-person,true,official_directory_import,0,0,https://localsupport.parkinsons.org.uk/provider/nottingham-support-group,dgaskell@parkinsons.org.uk,03442253632,"St Judes Church Hall, Nottingham",,provider,Parkinson's UK,"St Judes Church Hall, Nottingham, 405 Woodborough Road, Nottingham, NG3 5HE",Nottingham,NG3 5HE,https://localsupport.parkinsons.org.uk/provider/nottingham-support-group,2026-03-27T07:44:50.800Z
parkinsons-uk,Parkinson's UK Local Support,localsupport.parkinsons.org.uk/provider/nuneaton-and-bedworth-support-group,nuneaton-and-bedworth-support-group-provider-cv12-9jb,Nuneaton and Bedworth Support Group,Support Group,"Our group offers friendship and support locally to people with Parkinson’s, their families and carers, contact us to find out more. For information and advice on Parkinson's, or for emotional support, call the Parkinson's UK helpline on 0808 800 0303","Our group offers friendship and support locally to people with Parkinson’s, their families and carers, contact us to find out more. For information and advice on Parkinson's, or for emotional support, call the Parkinson's UK helpline on 0808 800 0303 Schedule: Monthly on the last Tuesday From 14:00 until 16:00. Location: Beaumont Room, Bulkington Village Community and Conference Centre, Bulkington, CV12 9JB. Contacts available: Local Group Staff Contact, Parkinson’s UK Helpline.","Bulkington, United Kingdom","Bulkington, United Kingdom",United Kingdom,In-Person | Support | Support Group | Parkinson's Care,,in-person,true,official_directory_import,0,0,https://localsupport.parkinsons.org.uk/provider/nuneaton-and-bedworth-support-group,sjohnson@parkinsons.org.uk,020 7963 3674,Beaumont Room,,provider,Parkinson's UK,"Beaumont Room, Bulkington Village Community and Conference Centre, Bulkington, CV12 9JB",Bulkington,CV12 9JB,https://localsupport.parkinsons.org.uk/provider/nuneaton-and-bedworth-support-group,2026-03-27T07:44:50.800Z
parkinsons-uk,Parkinson's UK Local Support,localsupport.parkinsons.org.uk/provider/redditch-and-bromsgrove-activity-group,redditch-and-bromsgrove-activity-group-provider-b98-7yb,Redditch and Bromsgrove Activity Group,Exercise Class,"Our group offers friendship and support locally to people with Parkinson’s, their families and carers, contact us to find out more. For information and advice on Parkinson's, or for emotional support, call the Parkinson's UK helpline on 0808 800 0303","Our group offers friendship and support locally to people with Parkinson’s, their families and carers, contact us to find out more. For information and advice on Parkinson's, or for emotional support, call the Parkinson's UK helpline on 0808 800 0303 Schedule: Monthly on the second Wednesday From 14:00 until 16:00. Location: Oakenshaw Community Centre, Castleditch Lane, Redditch, B98 7YB. Contacts available: Local Group Staff Contact, Parkinson’s UK Helpline.","Redditch, United Kingdom","Redditch, United Kingdom",United Kingdom,In-Person | Support | Wellbeing | Exercise | Parkinson's Care,,in-person,true,official_directory_import,0,0,https://localsupport.parkinsons.org.uk/provider/redditch-and-bromsgrove-activity-group,sjohnson@parkinsons.org.uk,020 7963 3674,Oakenshaw Community Centre,,provider,Parkinson's UK,"Oakenshaw Community Centre, Castleditch Lane, Redditch, B98 7YB",Redditch,B98 7YB,https://localsupport.parkinsons.org.uk/provider/redditch-and-bromsgrove-activity-group,2026-03-27T07:44:50.800Z
parkinsons-uk,Parkinson's UK Local Support,localsupport.parkinsons.org.uk/provider/royal-sutton-coldfield-and-north-birmingham-branch,royal-sutton-coldfield-and-north-birmingham-branch-provider-b72-1qy,Royal Sutton Coldfield and North Birmingham Branch,Exercise Class,"Our group offers friendship and support locally to people with Parkinson’s, their families and carers, contact us to find out more. For information and advice on Parkinson's, or for emotional support, call the Parkinson's UK helpline on 0808 800 0303","Our group offers friendship and support locally to people with Parkinson’s, their families and carers, contact us to find out more. For information and advice on Parkinson's, or for emotional support, call the Parkinson's UK helpline on 0808 800 0303 Schedule: Weekly every Thursday From 13:45 until 15:45. Location: South Parade Methodist Church, Sutton Coldfield, South Parade, Sutton Coldfield, B72 1QY. Contacts available: Contact, Parkinson’s UK Helpline.","Sutton Coldfield, United Kingdom","Sutton Coldfield, United Kingdom",United Kingdom,In-Person | Exercise | Support | Parkinson's Care,,in-person,true,official_directory_import,0,0,https://localsupport.parkinsons.org.uk/provider/royal-sutton-coldfield-and-north-birmingham-branch,suttoncoldfieldparkinsons@gmail.com,07927 539 356,"South Parade Methodist Church, Sutton Coldfield",,provider,Parkinson's UK,"South Parade Methodist Church, Sutton Coldfield, South Parade, Sutton Coldfield, B72 1QY",Sutton Coldfield,B72 1QY,https://localsupport.parkinsons.org.uk/provider/royal-sutton-coldfield-and-north-birmingham-branch,2026-03-27T07:44:50.800Z
parkinsons-uk,Parkinson's UK Local Support,localsupport.parkinsons.org.uk/provider/rugby-branch,rugby-branch-provider-cv22-5ad,Rugby Branch,Exercise Class,"Our group offers friendship and support locally to people with Parkinson’s, their families and carers, contact us to find out more. For information and advice on Parkinson's, or for emotional support, call the Parkinson's UK helpline on 0808 800 0303","Our group offers friendship and support locally to people with Parkinson’s, their families and carers, contact us to find out more. For information and advice on Parkinson's, or for emotional support, call the Parkinson's UK helpline on 0808 800 0303 Schedule: Monthly on the last Thursday From 14:00 until 16:00. Location: Rugby United Reformed Church, 40 Hillmorton Road, Rugby, CV22 5AD. Contacts available: Local Group Staff Contact, Parkinson’s UK Helpline.","Rugby, United Kingdom","Rugby, United Kingdom",United Kingdom,In-Person | Support | Exercise | Parkinson's Care,,in-person,true,official_directory_import,0,0,https://localsupport.parkinsons.org.uk/provider/rugby-branch,sjohnson@parkinsons.org.uk,020 7963 3674,Rugby United Reformed Church,,provider,Parkinson's UK,"Rugby United Reformed Church, 40 Hillmorton Road, Rugby, CV22 5AD",Rugby,CV22 5AD,https://localsupport.parkinsons.org.uk/provider/rugby-branch,2026-03-27T07:44:50.800Z
parkinsons-uk,Parkinson's UK Local Support,localsupport.parkinsons.org.uk/provider/shrewsbury-branch,shrewsbury-branch-provider-sy1-1pd,Shrewsbury Branch,Support Group,"Our group offers friendship and support locally to people with Parkinson’s, their families and carers, contact us to find out more. For information and advice on Parkinson's, or for emotional support, call the Parkinson's UK helpline on 0808 800 0303","Our group offers friendship and support locally to people with Parkinson’s, their families and carers, contact us to find out more. For information and advice on Parkinson's, or for emotional support, call the Parkinson's UK helpline on 0808 800 0303 Schedule: Monthly on the third Wednesday From 11:00 until 12:15. Location: Beaconsfield Club, Meadow Place, Shrewsbury, SY1 1PD. Contacts available: Contact, Parkinson’s UK Helpline.","Shrewsbury, United Kingdom","Shrewsbury, United Kingdom",United Kingdom,In-Person | Support | Wellbeing | Support Group | Parkinson's Care,,in-person,true,official_directory_import,0,0,https://localsupport.parkinsons.org.uk/provider/shrewsbury-branch,sec.shrewsbury.parkinsons@gmail.com,07879 338895,Beaconsfield Club,,provider,Parkinson's UK,"Beaconsfield Club, Meadow Place, Shrewsbury, SY1 1PD",Shrewsbury,SY1 1PD,https://localsupport.parkinsons.org.uk/provider/shrewsbury-branch,2026-03-27T07:44:50.800Z
parkinsons-uk,Parkinson's UK Local Support,localsupport.parkinsons.org.uk/provider/sleaford-support-group,sleaford-support-group-provider-ng34-7tw,Sleaford Support Group,Support Group,"Our group offers friendship and support locally to people with Parkinson’s, their families and carers, contact us to find out more. Volunteers needed! We need to recruit volunteers to help us run the group. Do you have an hour or two per month to spare? If so we would be delighted to hear from you. For more information please get in touch with Debbie Gaskell Tel. 03442253632 email [email protected] For information and advice on Parkinson's, or for emotional support, call the Parkinson's UK helpline on 0808 800 0303","Our group offers friendship and support locally to people with Parkinson’s, their families and carers, contact us to find out more. Volunteers needed! We need to recruit volunteers to help us run the group. Do you have an hour or two per month to spare? If so we would be delighted to hear from you. For more information please get in touch with Debbie Gaskell Tel. 03442253632 email [email protected] For information and advice on Parkinson's, or for emotional support, call the Parkinson's UK helpline on 0808 800 0303 Schedule: Monthly on the last Friday From 10:30 until 12:30. Location: The Hub (Sleaford), Navigation Wharf, Carre Street, Sleaford, NG34 7TW. Contacts available: Local Group Staff Contact, Parkinson’s UK Helpline.","Sleaford, United Kingdom","Sleaford, United Kingdom",United Kingdom,In-Person | Support | Support Group | Parkinson's Care,,in-person,true,official_directory_import,0,0,https://localsupport.parkinsons.org.uk/provider/sleaford-support-group,dgaskell@parkinsons.org.uk,03442 253 632,The Hub (Sleaford),,provider,Parkinson's UK,"The Hub (Sleaford), Navigation Wharf, Carre Street, Sleaford, NG34 7TW",Sleaford,NG34 7TW,https://localsupport.parkinsons.org.uk/provider/sleaford-support-group,2026-03-27T07:44:50.800Z
parkinsons-uk,Parkinson's UK Local Support,localsupport.parkinsons.org.uk/provider/solihull-branch,solihull-branch-provider-b91-1lg,Solihull Branch,Exercise Class,"Our group offers friendship and support locally to people with Parkinson’s, their families and carers, contact us to find out more. For further information and up to date news from our Solihull Branch, visit our website: www.solihullparkinsons.org.uk For information and advice on Parkinson's, or for emotional support, call the Parkinson's UK helpline on 0808 800 0303","Our group offers friendship and support locally to people with Parkinson’s, their families and carers, contact us to find out more. For further information and up to date news from our Solihull Branch, visit our website: www.solihullparkinsons.org.uk For information and advice on Parkinson's, or for emotional support, call the Parkinson's UK helpline on 0808 800 0303 Schedule: Monthly on the second Thursday From 10:30 until 12:30 Monthly on the fourth Thursday From 10:30 until 12:30 | Monthly on the second Thursday From 10:30 until 12:30 | Monthly on the fourth Thursday From 10:30 until 12:30. Location: Solihull Methodist Church Hall, Station Approach, Solihull, B91 1LG. Contacts available: Contact, Parkinson’s UK Helpline.","Solihull, United Kingdom","Solihull, United Kingdom",United Kingdom,In-Person | Exercise | Support | Parkinson's Care,,in-person,true,official_directory_import,0,0,https://localsupport.parkinsons.org.uk/provider/solihull-branch,enquiries@solihullparkinsons.org.uk,0808 800 0303,Solihull Village,,provider,Parkinson's UK,"Solihull Methodist Church Hall, Station Approach, Solihull, B91 1LG",Solihull,B91 1LG,https://localsupport.parkinsons.org.uk/provider/solihull-branch,2026-03-27T07:44:50.800Z
parkinsons-uk,Parkinson's UK Local Support,localsupport.parkinsons.org.uk/provider/spalding-and-district-support-group,spalding-and-district-support-group-provider-pe11-3rb,Spalding and District Support Group,Exercise Class,"Urgent need for new volunteers! We are looking for volunteers, specifically a Finance Volunteer to support the Spalding Group. This flexible role will take a couple of hours each month, and full training will be provided. This role will be pivotal to the group being able to move forward successfully. Please contact Local Volunteer Officer, Debbie Gaskell on [email protected] 0344 2253632 to discuss further.","Urgent need for new volunteers! We are looking for volunteers, specifically a Finance Volunteer to support the Spalding Group. This flexible role will take a couple of hours each month, and full training will be provided. This role will be pivotal to the group being able to move forward successfully. Please contact Local Volunteer Officer, Debbie Gaskell on [email protected] 0344 2253632 to discuss further. Schedule: Monthly on the third Thursday From 10:00 until 12:00. Location: Pinchbeck Village Hall, Knight Street, Spalding, PE11 3RB. Contacts available: Local Group Staff Contact, Parkinson’s UK Helpline.","Spalding, United Kingdom","Spalding, United Kingdom",United Kingdom,In-Person | Support | Exercise | Parkinson's Care,,in-person,true,official_directory_import,0,0,https://localsupport.parkinsons.org.uk/provider/spalding-and-district-support-group,dgaskell@parkinsons.org.uk,0344 225 3632,Pinchbeck Village Hall,,provider,Parkinson's UK,"Pinchbeck Village Hall, Knight Street, Spalding, PE11 3RB",Spalding,PE11 3RB,https://localsupport.parkinsons.org.uk/provider/spalding-and-district-support-group,2026-03-27T07:44:50.800Z
parkinsons-uk,Parkinson's UK Local Support,localsupport.parkinsons.org.uk/provider/stafford-branch,stafford-branch-provider-st16-3du,Stafford Branch,Exercise Class,"Our group offers friendship and support locally to people with Parkinson’s, their families and carers, contact us to find out more. For information and advice on Parkinson's, or for emotional support, call the Parkinson's UK helpline on 0808 800 0303","Our group offers friendship and support locally to people with Parkinson’s, their families and carers, contact us to find out more. For information and advice on Parkinson's, or for emotional support, call the Parkinson's UK helpline on 0808 800 0303 Schedule: Monthly on the first Monday From 14:00 until 16:00. Location: The Northfield Centre Stafford, Cooperative Street, Stafford, ST16 3DU. Contacts available: Local Group Staff Contact, Parkinson’s UK Helpline.","Stafford, United Kingdom","Stafford, United Kingdom",United Kingdom,In-Person | Support | Exercise | Parkinson's Care,,in-person,true,official_directory_import,0,0,https://localsupport.parkinsons.org.uk/provider/stafford-branch,jconn@parkinsons.org.uk,0300 123 3673,The Northfield Centre Stafford,,provider,Parkinson's UK,"The Northfield Centre Stafford, Cooperative Street, Stafford, ST16 3DU",Stafford,ST16 3DU,https://localsupport.parkinsons.org.uk/provider/stafford-branch,2026-03-27T07:44:50.800Z
parkinsons-uk,Parkinson's UK Local Support,localsupport.parkinsons.org.uk/provider/stamford-support-group,stamford-support-group-provider-pe9-2rn,Stamford Support Group,Support Group,"Our group offers friendship and support locally to people with Parkinson’s, their families and carers, contact us to find out more. For information and advice on Parkinson's, or for emotional support, call the Parkinson's UK helpline on 0808 800 0303","Our group offers friendship and support locally to people with Parkinson’s, their families and carers, contact us to find out more. For information and advice on Parkinson's, or for emotional support, call the Parkinson's UK helpline on 0808 800 0303 Schedule: Monthly on the first Tuesday From 11:00 until 12:30. Location: Stamford & District Indoor Bowls Club, Exeter Gardens, Stamford, PE9 2RN. Contacts available: Local Group Staff Contact, Parkinson’s UK Helpline.","Stamford, United Kingdom","Stamford, United Kingdom",United Kingdom,In-Person | Support | Support Group | Parkinson's Care,,in-person,true,official_directory_import,0,0,https://localsupport.parkinsons.org.uk/provider/stamford-support-group,dgaskell@parkinsons.org.uk,03442253632,Stamford & District Indoor Bowls Club,,provider,Parkinson's UK,"Stamford & District Indoor Bowls Club, Exeter Gardens, Stamford, PE9 2RN",Stamford,PE9 2RN,https://localsupport.parkinsons.org.uk/provider/stamford-support-group,2026-03-27T07:44:50.800Z
parkinsons-uk,Parkinson's UK Local Support,localsupport.parkinsons.org.uk/provider/stratford-upon-avon-support-group,stratford-upon-avon-support-group-provider-cv36-4aj,Stratford Upon Avon Support Group,Exercise Class,"Our group offers friendship and support locally to people with Parkinson’s, their families and carers, contact us to find out more. For information and advice on Parkinson's, or for emotional support, call the Parkinson's UK helpline on 0808 800 0303","Our group offers friendship and support locally to people with Parkinson’s, their families and carers, contact us to find out more. For information and advice on Parkinson's, or for emotional support, call the Parkinson's UK helpline on 0808 800 0303 Schedule: Monthly on the fourth Monday From 13:30 until 15:30. Location: The George Townhouse Shipston-on-Stour, 8 High Street, Shipston-on-Stour, CV36 4AJ. Contacts available: Contact, Parkinson’s UK Helpline.","Shipston-on-Stour, United Kingdom","Shipston-on-Stour, United Kingdom",United Kingdom,In-Person | Support | Exercise | Parkinson's Care,,in-person,true,official_directory_import,0,0,https://localsupport.parkinsons.org.uk/provider/stratford-upon-avon-support-group,carolelongden@longden.co.uk,07774 424404,Stratford Sports Club Stratford Upon Avon,,provider,Parkinson's UK,"The George Townhouse Shipston-on-Stour, 8 High Street, Shipston-on-Stour, CV36 4AJ",Shipston-on-Stour,CV36 4AJ,https://localsupport.parkinsons.org.uk/provider/stratford-upon-avon-support-group,2026-03-27T07:44:50.800Z
parkinsons-uk,Parkinson's UK Local Support,localsupport.parkinsons.org.uk/provider/tamworth-support-group,tamworth-support-group-provider-b77-2du,Tamworth Support Group,Exercise Class,"Our group offers friendship and support locally to people with Parkinson’s, their families and carers, contact us to find out more. For information and advice on Parkinson's, or for emotional support, call the Parkinson's UK helpline on 0808 800 0303","Our group offers friendship and support locally to people with Parkinson’s, their families and carers, contact us to find out more. For information and advice on Parkinson's, or for emotional support, call the Parkinson's UK helpline on 0808 800 0303 Schedule: Monthly on the first Tuesday From 13:00 until 15:30. Location: Tamworth District Scout Activity Centre, Moor Burgess Activity Centre, Tamworth, B77 2DU. Contacts available: Local Group Staff Contact, Parkinson’s UK Helpline.","Tamworth, United Kingdom","Tamworth, United Kingdom",United Kingdom,In-Person | Support | Exercise | Parkinson's Care,,in-person,true,official_directory_import,0,0,https://localsupport.parkinsons.org.uk/provider/tamworth-support-group,jconn@parkinsons.org.uk,0300 123 3673,Tamworth District Scout Activity Centre,,provider,Parkinson's UK,"Tamworth District Scout Activity Centre, Moor Burgess Activity Centre, Tamworth, B77 2DU",Tamworth,B77 2DU,https://localsupport.parkinsons.org.uk/provider/tamworth-support-group,2026-03-27T07:44:50.800Z
parkinsons-uk,Parkinson's UK Local Support,localsupport.parkinsons.org.uk/provider/telford-and-wrekin-support-group,telford-and-wrekin-support-group-provider-tf1-5nl,Telford and Wrekin Support Group,Exercise Class,"Our group offers friendship and support locally to people with Parkinson’s, their families and carers, contact us to find out more. For information and advice on Parkinson's, or for emotional support, call the Parkinson's UK helpline on 0808 800 0303","Our group offers friendship and support locally to people with Parkinson’s, their families and carers, contact us to find out more. For information and advice on Parkinson's, or for emotional support, call the Parkinson's UK helpline on 0808 800 0303 Schedule: Monthly on the last Tuesday From 13:00 until 15:00. Location: Hadley Community Centre, 30 High Street, Hadley, TF1 5NL. Contacts available: Local Group Staff Contact, Parkinson’s UK Helpline.","Hadley, United Kingdom","Hadley, United Kingdom",United Kingdom,In-Person | Support | Exercise | Wellbeing | Parkinson's Care,,in-person,true,official_directory_import,0,0,https://localsupport.parkinsons.org.uk/provider/telford-and-wrekin-support-group,jconn@parkinsons.org.uk,0300 123 3673,Hadley Community Centre,,provider,Parkinson's UK,"Hadley Community Centre, 30 High Street, Hadley, TF1 5NL",Hadley,TF1 5NL,https://localsupport.parkinsons.org.uk/provider/telford-and-wrekin-support-group,2026-03-27T07:44:50.800Z
parkinsons-uk,Parkinson's UK Local Support,localsupport.parkinsons.org.uk/provider/uttoxeter-support-group,uttoxeter-support-group-provider-st14-8jb,Uttoxeter Support Group,Exercise Class,"Our group offers friendship and support locally to people with Parkinson’s, their families and carers, contact us to find out more. For information and advice on Parkinson's, or for emotional support, call the Parkinson's UK helpline on 0808 800 0303","Our group offers friendship and support locally to people with Parkinson’s, their families and carers, contact us to find out more. For information and advice on Parkinson's, or for emotional support, call the Parkinson's UK helpline on 0808 800 0303 Schedule: Monthly on the first Thursday From 17:45 until 19:15. Location: Guild Hall (Behind St Mary's), Balance Street, Uttoxeter, ST14 8JB. Contacts available: Parkinson’s UK Helpline.","Uttoxeter, United Kingdom","Uttoxeter, United Kingdom",United Kingdom,In-Person | Support | Exercise | Parkinson's Care,,in-person,true,official_directory_import,0,0,https://localsupport.parkinsons.org.uk/provider/uttoxeter-support-group,hello@parkinsons.org.uk,0808 800 0303,Guild Hall (Behind St Mary's),,provider,Parkinson's UK,"Guild Hall (Behind St Mary's), Balance Street, Uttoxeter, ST14 8JB",Uttoxeter,ST14 8JB,https://localsupport.parkinsons.org.uk/provider/uttoxeter-support-group,2026-03-27T07:44:50.800Z
parkinsons-uk,Parkinson's UK Local Support,localsupport.parkinsons.org.uk/provider/walsall-support-group,walsall-support-group-provider-ws2-8af,Walsall Support Group,Support Group,"Our group offers friendship and support locally to people with Parkinson’s, their families and carers, contact us to find out more. For information and advice on Parkinson's, or for emotional support, call the Parkinson's UK helpline on 0808 800 0303","Our group offers friendship and support locally to people with Parkinson’s, their families and carers, contact us to find out more. For information and advice on Parkinson's, or for emotional support, call the Parkinson's UK helpline on 0808 800 0303 Schedule: Monthly on the second Wednesday From 14:00 until 16:00 Monthly on the fourth Wednesday From 14:00 until 16:00 | Monthly on the second Wednesday From 14:00 until 16:00 | Monthly on the fourth Wednesday From 14:00 until 16:00. Location: The Pretty Bricks Public House, 5 John Street, Walsall, WS2 8AF. Contacts available: Local Group Staff Contact, Parkinson’s UK Helpline.","Walsall, United Kingdom","Walsall, United Kingdom",United Kingdom,In-Person | Support | Support Group | Parkinson's Care,,in-person,true,official_directory_import,0,0,https://localsupport.parkinsons.org.uk/provider/walsall-support-group,sjohnson@parkinsons.org.uk,020 7963 3674,The Pretty Bricks Public House,,provider,Parkinson's UK,"The Pretty Bricks Public House, 5 John Street, Walsall, WS2 8AF",Walsall,WS2 8AF,https://localsupport.parkinsons.org.uk/provider/walsall-support-group,2026-03-27T07:44:50.800Z
parkinsons-uk,Parkinson's UK Local Support,localsupport.parkinsons.org.uk/provider/whitchurch-support-group,whitchurch-support-group-provider-sy13-1eu,Whitchurch Support Group,Support Group,"Our group offers friendship and support locally to people with Parkinson’s, their families and carers, contact us to find out more. For information and advice on Parkinson's, or for emotional support, call the Parkinson's UK helpline on 0808 800 0303","Our group offers friendship and support locally to people with Parkinson’s, their families and carers, contact us to find out more. For information and advice on Parkinson's, or for emotional support, call the Parkinson's UK helpline on 0808 800 0303 Schedule: Monthly on the first Thursday From 13:00 until 15:00. Location: Whitchurch Rugby Club, Edgeley Road, Whitchurch, SY13 1EU. Contacts available: Contact, Parkinson’s UK Helpline.","Whitchurch, United Kingdom","Whitchurch, United Kingdom",United Kingdom,In-Person | Support | Support Group | Parkinson's Care,,in-person,true,official_directory_import,0,0,https://localsupport.parkinsons.org.uk/provider/whitchurch-support-group,whitchurchparkinsons@gmail.com,07973122427,Whitchurch Rugby Club,,provider,Parkinson's UK,"Whitchurch Rugby Club, Edgeley Road, Whitchurch, SY13 1EU",Whitchurch,SY13 1EU,https://localsupport.parkinsons.org.uk/provider/whitchurch-support-group,2026-03-27T07:44:50.800Z
parkinsons-uk,Parkinson's UK Local Support,localsupport.parkinsons.org.uk/provider/worcester-and-district-activity-group,worcester-and-district-activity-group-provider-dy10-2jl,Worcester and District Activity Group,Support Group,"Our group offers friendship and support locally to people with Parkinson’s, their families and carers, contact us to find out more. For information and advice on Parkinson's, or for emotional support, call the Parkinson's UK helpline on 0808 800 0303","Our group offers friendship and support locally to people with Parkinson’s, their families and carers, contact us to find out more. For information and advice on Parkinson's, or for emotional support, call the Parkinson's UK helpline on 0808 800 0303 Schedule: Monthly on the third Monday From 10:30 until 12:30. Location: Kidderminster Trinity Methodist Church Centre, Churchfields, Kidderminster, DY10 2JL. Contacts available: Local Group Staff Contact, Parkinson’s UK Helpline.","Kidderminster, United Kingdom","Kidderminster, United Kingdom",United Kingdom,In-Person | Support | Support Group | Parkinson's Care,,in-person,true,official_directory_import,0,0,https://localsupport.parkinsons.org.uk/provider/worcester-and-district-activity-group,sjohnson@parkinsons.org.uk,020 7963 3674,St Peter's Baptist Church Worcester,,provider,Parkinson's UK,"Kidderminster Trinity Methodist Church Centre, Churchfields, Kidderminster, DY10 2JL",Kidderminster,DY10 2JL,https://localsupport.parkinsons.org.uk/provider/worcester-and-district-activity-group,2026-03-27T07:44:50.800Z
parkinsons-uk,Parkinson's UK Local Support,localsupport.parkinsons.org.uk/provider/barnet-and-brent-branch,barnet-and-brent-branch-provider-n3-1ts,Barnet and Brent Branch,Support Group,"Our group offers friendship and support locally to people with Parkinson’s, their families and carers, contact us to find out more. For information and advice on Parkinson's, or for emotional support, call the Parkinson's UK helpline on 0808 800 0303","Our group offers friendship and support locally to people with Parkinson’s, their families and carers, contact us to find out more. For information and advice on Parkinson's, or for emotional support, call the Parkinson's UK helpline on 0808 800 0303 Schedule: Monthly on the third Wednesday From 19:00 until 20:00. Location: St Mary's Hall, 26 Hendon Lane, London, N3 1TS. Contacts available: Contact, Contact.","London, United Kingdom","London, United Kingdom",United Kingdom,In-Person | Support | Wellbeing | Support Group | Parkinson's Care,,in-person,true,official_directory_import,0,0,https://localsupport.parkinsons.org.uk/provider/barnet-and-brent-branch,kprithwani@parkinsons.org.uk,0344 225 3609,St Mary's Hall,,provider,Parkinson's UK,"St Mary's Hall, 26 Hendon Lane, London, N3 1TS",London,N3 1TS,https://localsupport.parkinsons.org.uk/provider/barnet-and-brent-branch,2026-03-27T07:44:50.800Z
parkinsons-uk,Parkinson's UK Local Support,localsupport.parkinsons.org.uk/provider/bexley-and-dartford-branch,bexley-and-dartford-branch-provider-da1-2jz,Bexley and Dartford Branch,Support Group,"Our group offers friendship and support locally to people with Parkinson’s, their families and carers, contact us to find out more. For information and advice on Parkinson's, or for emotional support, call the Parkinson's UK helpline on 0808 800 0303","Our group offers friendship and support locally to people with Parkinson’s, their families and carers, contact us to find out more. For information and advice on Parkinson's, or for emotional support, call the Parkinson's UK helpline on 0808 800 0303 Schedule: Monthly on the second Wednesday From 19:30 until 21:00. Location: Mick Jagger Centre, Shepherds Lane, Dartford, DA1 2JZ. Contacts available: Local Staff Contact, Parkinson's UK Helpline.","Dartford, United Kingdom","Dartford, United Kingdom",United Kingdom,In-Person | Support | Support Group | Parkinson's Care,,in-person,true,official_directory_import,0,0,https://localsupport.parkinsons.org.uk/provider/bexley-and-dartford-branch,jwilliams@parkinsons.org.uk,020 7963 3612,Mick Jagger Centre,,provider,Parkinson's UK,"Mick Jagger Centre, Shepherds Lane, Dartford, DA1 2JZ",Dartford,DA1 2JZ,https://localsupport.parkinsons.org.uk/provider/bexley-and-dartford-branch,2026-03-27T07:44:50.800Z
parkinsons-uk,Parkinson's UK Local Support,localsupport.parkinsons.org.uk/provider/blackfen-support-group,blackfen-support-group-provider-da15-9lu,Blackfen Support Group,Support Group,"Come rain or shine we meet for a coffee and chat at a lovely community cafe in Blackfen every month. Our members in their own words describe the group as very welcoming - offering people with Parkinson’s, carers and family mutual support, friendship and often fun. This sociable get together allows everyone to share experiences, good and bad, and to not feel so isolated in dealing with Parkinson’s. Free to attend, just buy your own refreshments. Family and friends welcome. You’ll find us in the Blackfen Community Library, please get in touch with Debbie if you'd like to find out more or come along and visit the group. Hope to see you there! You can find more information about our monthly cafe meeting here and watch our YouTube video here.","Come rain or shine we meet for a coffee and chat at a lovely community cafe in Blackfen every month. Our members in their own words describe the group as very welcoming - offering people with Parkinson’s, carers and family mutual support, friendship and often fun. This sociable get together allows everyone to share experiences, good and bad, and to not feel so isolated in dealing with Parkinson’s. Free to attend, just buy your own refreshments. Family and friends welcome. You’ll find us in the Blackfen Community Library, please get in touch with Debbie if you'd like to find out more or come along and visit the group. Hope to see you there! You can find more information about our monthly cafe meeting here and watch our YouTube video here. Schedule: Get in touch for more information.. Location: Blackfen Community Library Cafe, 1A Blackfen Parade, Sidcup, DA15 9LU. Contacts available: Group Contact, Parkinson's UK Helpline.","Sidcup, United Kingdom","Sidcup, United Kingdom",United Kingdom,In-Person | Support | Support Group | Parkinson's Care,,in-person,true,official_directory_import,0,0,https://localsupport.parkinsons.org.uk/provider/blackfen-support-group,blackfenparkinsonscafe@gmail.com,07785 256 244,Blackfen Community Library Cafe,,provider,Parkinson's UK,"Blackfen Community Library Cafe, 1A Blackfen Parade, Sidcup, DA15 9LU",Sidcup,DA15 9LU,https://localsupport.parkinsons.org.uk/provider/blackfen-support-group,2026-03-27T07:44:50.800Z
parkinsons-uk,Parkinson's UK Local Support,localsupport.parkinsons.org.uk/provider/bromley-branch,bromley-and-district-branch-provider-br1-2be,Bromley and District Branch,Support Group,"Our group offers friendship and support locally to people with Parkinson’s, their families and carers, contact us to find out more. Calendar of Events: Find out what's coming up from January to April 2026 by viewing our Calendar of Events Newsletter: Read all the latest news from our Branch by viewing our February 2026 newsletter Volunteer: Our Branch is run by volunteers. As part of our team, you'll help bring the community together through events and activities that truly matter. Read more about what's involved and how to join our friendly volunteer team here, and help make a real difference to people living with Parkinson's in Bromley! To find out more about our Branch, please contact us using the details shared in the Contact box below.","Our group offers friendship and support locally to people with Parkinson’s, their families and carers, contact us to find out more. Calendar of Events: Find out what's coming up from January to April 2026 by viewing our Calendar of Events Newsletter: Read all the latest news from our Branch by viewing our February 2026 newsletter Volunteer: Our Branch is run by volunteers. As part of our team, you'll help bring the community together through events and activities that truly matter. Read more about what's involved and how to join our friendly volunteer team here, and help make a real difference to people living with Parkinson's in Bromley! To find out more about our Branch, please contact us using the details shared in the Contact box below. Schedule: Monthly on the second Saturday From 14:00 until 16:00. Location: St George's Church - Bickley, Bickley Park Road, Bickley, BR1 2BE. Contacts available: Contact, Parkinson's UK Helpline.","Bickley, United Kingdom","Bickley, United Kingdom",United Kingdom,In-Person | Support | Wellbeing | Support Group | Parkinson's Care,,in-person,true,official_directory_import,0,0,https://localsupport.parkinsons.org.uk/provider/bromley-branch,bromleyparkinsonsbranch@gmail.com,07553 082 148,St George's Church - Bickley,,provider,Parkinson's UK,"St George's Church - Bickley, Bickley Park Road, Bickley, BR1 2BE",Bickley,BR1 2BE,https://localsupport.parkinsons.org.uk/provider/bromley-branch,2026-03-27T07:44:50.800Z
parkinsons-uk,Parkinson's UK Local Support,localsupport.parkinsons.org.uk/provider/croydon-and-district-branch,croydon-and-district-branch-provider-cr8-2ln,Croydon and District Branch,Exercise Class,"Our group offers friendship and support locally to people with Parkinson’s, their families and carers, contact us to find out more. For information and advice on Parkinson's, or for emotional support, call the Parkinson's UK helpline on 0808 800 0303","Our group offers friendship and support locally to people with Parkinson’s, their families and carers, contact us to find out more. For information and advice on Parkinson's, or for emotional support, call the Parkinson's UK helpline on 0808 800 0303 Schedule: Monthly on the fourth Tuesday From 14:00 until 16:00. Location: Purley United Reformed Church, 906 Brighton Road, Purley, CR8 2LN. Contacts available: Local Staff Contact, Parkinson's UK Helpline.","Purley, United Kingdom","Purley, United Kingdom",United Kingdom,In-Person | Support | Exercise | Parkinson's Care,,in-person,true,official_directory_import,0,0,https://localsupport.parkinsons.org.uk/provider/croydon-and-district-branch,jwilliams@parkinsons.org.uk,020 7963 3612,Purley United Reformed Church,,provider,Parkinson's UK,"Purley United Reformed Church, 906 Brighton Road, Purley, CR8 2LN",Purley,CR8 2LN,https://localsupport.parkinsons.org.uk/provider/croydon-and-district-branch,2026-03-27T07:44:50.801Z
parkinsons-uk,Parkinson's UK Local Support,localsupport.parkinsons.org.uk/provider/east-london-and-newham-support-group,east-london-and-newham-support-group-provider-e6-3aj,East London and Newham Support Group,Exercise Class,"Our group offers friendship and support locally to people with Parkinson’s, their families and carers, contact us to find out more. For information and advice on Parkinson's, or for emotional support, call the Parkinson's UK helpline on 0808 800 0303","Our group offers friendship and support locally to people with Parkinson’s, their families and carers, contact us to find out more. For information and advice on Parkinson's, or for emotional support, call the Parkinson's UK helpline on 0808 800 0303 Schedule: Monthly on the fourth Monday From 11:00 until 12:00. Location: Central Park Cafe, Bartle Avenue, Newham, London, E6 3AJ. Contacts available: Local Group Staff Contact, Parkinson’s UK Helpline.","London, United Kingdom","London, United Kingdom",United Kingdom,In-Person | Support | Exercise | Parkinson's Care,,in-person,true,official_directory_import,0,0,https://localsupport.parkinsons.org.uk/provider/east-london-and-newham-support-group,kprithwani@parkinsons.org.uk,0344 225 3609,Central Park Cafe,,provider,Parkinson's UK,"Central Park Cafe, Bartle Avenue, Newham, London, E6 3AJ",London,E6 3AJ,https://localsupport.parkinsons.org.uk/provider/east-london-and-newham-support-group,2026-03-27T07:44:50.801Z
parkinsons-uk,Parkinson's UK Local Support,localsupport.parkinsons.org.uk/provider/enfield-support-group,enfield-support-group-provider-en2-6pt,Enfield Support Group,Exercise Class,"Our group offers friendship and support locally to people with Parkinson’s, their families and carers, contact us to find out more. For information and advice on Parkinson's, or for emotional support, call the Parkinson's UK helpline on 0808 800 0303","Our group offers friendship and support locally to people with Parkinson’s, their families and carers, contact us to find out more. For information and advice on Parkinson's, or for emotional support, call the Parkinson's UK helpline on 0808 800 0303 Schedule: Monthly on the first Monday From 11:00 until 13:00 Monthly on the second Tuesday From 14:00 until 16:00 Monthly on the third Monday From 11:00 until 13:00 Monthly on the fourth Tuesday From 14:00 until 16:00 | Monthly on the first Monday From 11:00 until 13:00 | Monthly on the second Tuesday From 14:00 until 16:00 | Monthly on the third Monday From 11:00 until 13:00 | Monthly on the fourth Tuesday From 14:00 until 16:00. Location: Enfield Trinity Church Hall, Gentleman's Row, Enfield, EN2 6PT. Contacts available: Local Group Staff Contact, Parkinson’s UK Helpline.","Enfield, United Kingdom","Enfield, United Kingdom",United Kingdom,In-Person | Support | Exercise | Parkinson's Care,,in-person,true,official_directory_import,0,0,https://localsupport.parkinsons.org.uk/provider/enfield-support-group,kprithwani@parkinsons.org.uk,0344 225 3609,Enfield Trinity Church Hall,,provider,Parkinson's UK,"Enfield Trinity Church Hall, Gentleman's Row, Enfield, EN2 6PT",Enfield,EN2 6PT,https://localsupport.parkinsons.org.uk/provider/enfield-support-group,2026-03-27T07:44:50.801Z
parkinsons-uk,Parkinson's UK Local Support,localsupport.parkinsons.org.uk/provider/greenwich-support-group,greenwich-support-group-provider-se18-5ql,Greenwich Support Group,Exercise Class,"Our group offers friendship and support locally to people with Parkinson’s, their families and carers, contact us to find out more. For information and advice on Parkinson's, or for emotional support, call the Parkinson's UK helpline on 0808 800 0303","Our group offers friendship and support locally to people with Parkinson’s, their families and carers, contact us to find out more. For information and advice on Parkinson's, or for emotional support, call the Parkinson's UK helpline on 0808 800 0303 Schedule: Monthly on the second Tuesday From 14:00 until 15:30. Location: Clockhouse Community Centre, Defiance Walk, Woolwich, SE18 5QL. Contacts available: Local Staff Contact, Parkinson's UK Helpline.","Woolwich, United Kingdom","Woolwich, United Kingdom",United Kingdom,In-Person | Support | Exercise | Parkinson's Care,,in-person,true,official_directory_import,0,0,https://localsupport.parkinsons.org.uk/provider/greenwich-support-group,jwilliams@parkinsons.org.uk,020 7963 3612,Clockhouse Community Centre,,provider,Parkinson's UK,"Clockhouse Community Centre, Defiance Walk, Woolwich, SE18 5QL",Woolwich,SE18 5QL,https://localsupport.parkinsons.org.uk/provider/greenwich-support-group,2026-03-27T07:44:50.801Z
parkinsons-uk,Parkinson's UK Local Support,localsupport.parkinsons.org.uk/activity/london-working-age-parkinsons-meet-hammersmith,london-working-age-parkinson-s-meet-up-hammersmith-evening-activity-w6-9bn,London Working Age Parkinson's Meet Up - Hammersmith (Evening),Support Group,"This is a group for people of working age affected by Parkinson's; it's an informal group with no fixed agendas. It's a safe space for people to meet others with Parkinson's and their carers, to share experiences and learn from each other. We meet up once a month, usually on the third Tuesday of each month from between 6pm and 8.30pm. Feel free to pop in on the day, or please email for further information or dates for the meet-up. Please note the December meeting venue has changed, please contact Rory for more information.","This is a group for people of working age affected by Parkinson's; it's an informal group with no fixed agendas. It's a safe space for people to meet others with Parkinson's and their carers, to share experiences and learn from each other. We meet up once a month, usually on the third Tuesday of each month from between 6pm and 8.30pm. Feel free to pop in on the day, or please email for further information or dates for the meet-up. Please note the December meeting venue has changed, please contact Rory for more information. Schedule: Monthly on the third Tuesday From 18:00 until 20:30. Location: Riverside Studios Bar, 101 Queen Caroline Street, London, W6 9BN.","London, United Kingdom","London, United Kingdom",United Kingdom,In-Person | Support | Support Group | Parkinson's Care,,in-person,true,official_directory_import,0,0,https://localsupport.parkinsons.org.uk/activity/london-working-age-parkinsons-meet-hammersmith,roryoneill299@gmail.com,,Riverside Studios Bar,,activity,Parkinson's UK,"Riverside Studios Bar, 101 Queen Caroline Street, London, W6 9BN",London,W6 9BN,https://localsupport.parkinsons.org.uk/activity/london-working-age-parkinsons-meet-hammersmith,2026-03-27T07:44:50.801Z
parkinsons-uk,Parkinson's UK Local Support,localsupport.parkinsons.org.uk/provider/harrow-support-group,harrow-support-group-provider-ha3-7nd,Harrow Support Group,Exercise Class,"Our group offers friendship and support locally to people with Parkinson’s, their families and carers, contact us to find out more. For information and advice on Parkinson's, or for emotional support, call the Parkinson's UK helpline on 0808 800 0303","Our group offers friendship and support locally to people with Parkinson’s, their families and carers, contact us to find out more. For information and advice on Parkinson's, or for emotional support, call the Parkinson's UK helpline on 0808 800 0303 Schedule: Weekly every Tuesday From 13:30 until 14:30. Location: Methodist Church Hall, Wealdstone, Montrose Road, Wealdstone, HA3 7ND. Contacts available: Local Group Staff Contact, Parkinson’s UK Helpline.","Wealdstone, United Kingdom","Wealdstone, United Kingdom",United Kingdom,In-Person | Exercise | Support | Parkinson's Care,,in-person,true,official_directory_import,0,0,https://localsupport.parkinsons.org.uk/provider/harrow-support-group,kprithwani@parkinsons.org.uk,0344 225 3609,"Methodist Church Hall, Wealdstone",,provider,Parkinson's UK,"Methodist Church Hall, Wealdstone, Montrose Road, Wealdstone, HA3 7ND",Wealdstone,HA3 7ND,https://localsupport.parkinsons.org.uk/provider/harrow-support-group,2026-03-27T07:44:50.801Z
parkinsons-uk,Parkinson's UK Local Support,localsupport.parkinsons.org.uk/provider/havering-and-district-branch,havering-and-district-branch-provider-rm11-1xj,Havering and District Branch,Support Group,"Our group offers friendship and support locally to people with Parkinson’s, their families and carers, contact us to find out more. For information and advice on Parkinson's, or for emotional support, call the Parkinson's UK helpline on 0808 800 0303","Our group offers friendship and support locally to people with Parkinson’s, their families and carers, contact us to find out more. For information and advice on Parkinson's, or for emotional support, call the Parkinson's UK helpline on 0808 800 0303 Schedule: Get in touch for more information.. Location: Langton Registry Office, Billet Lane, London, RM11 1XJ. Contacts available: Local Group Staff Contact, Parkinson’s UK Helpline.","London, United Kingdom","London, United Kingdom",United Kingdom,In-Person | Support | Support Group | Parkinson's Care,,in-person,true,official_directory_import,0,0,https://localsupport.parkinsons.org.uk/provider/havering-and-district-branch,kprithwani@parkinsons.org.uk,0344 225 3609,Langton Registry Office,,provider,Parkinson's UK,"Langton Registry Office, Billet Lane, London, RM11 1XJ",London,RM11 1XJ,https://localsupport.parkinsons.org.uk/provider/havering-and-district-branch,2026-03-27T07:44:50.801Z
parkinsons-uk,Parkinson's UK Local Support,localsupport.parkinsons.org.uk/provider/hillingdon-branch,hillingdon-branch-provider-ub8-1sz,Hillingdon Branch,Exercise Class,"Our group offers friendship and support locally to people with Parkinson’s, their families and carers, contact us to find out more.For information and advice on Parkinson's, or for emotional support, call the Parkinson's UK helpline on 0808 800 0303 As well as the activities run by the branch, we signpost Working Age people to the Working Age Group Parkinson's Coffee Morning in Uxbridge.","Our group offers friendship and support locally to people with Parkinson’s, their families and carers, contact us to find out more.For information and advice on Parkinson's, or for emotional support, call the Parkinson's UK helpline on 0808 800 0303 As well as the activities run by the branch, we signpost Working Age people to the Working Age Group Parkinson's Coffee Morning in Uxbridge. Schedule: Monthly on the last Wednesday From 14:00 until 16:00. Location: Christ Church Uxbridge, Bailey Hall, Christ Church, Redford Way, Uxbridge, UB8 1SZ. Contacts available: Local Group Staff Contact, Parkinson’s UK Helpline.","Uxbridge, United Kingdom","Uxbridge, United Kingdom",United Kingdom,In-Person | Support | Exercise | Parkinson's Care,,in-person,true,official_directory_import,0,0,https://localsupport.parkinsons.org.uk/provider/hillingdon-branch,kprithwani@parkinsons.org.uk,0344 225 3609,Christ Church Uxbridge,,provider,Parkinson's UK,"Christ Church Uxbridge, Bailey Hall, Christ Church, Redford Way, Uxbridge, UB8 1SZ",Uxbridge,UB8 1SZ,https://localsupport.parkinsons.org.uk/provider/hillingdon-branch,2026-03-27T07:44:50.801Z
parkinsons-uk,Parkinson's UK Local Support,localsupport.parkinsons.org.uk/provider/kensington-and-chelsea-support-group,kensington-and-chelsea-support-group-provider-w8-4hn,Kensington and Chelsea Support Group,Exercise Class,"Our group offers friendship and support locally to people with Parkinson’s, their families and carers, contact us to find out more. For information and advice on Parkinson's, or for emotional support, call the Parkinson's UK helpline on 0808 800 0303","Our group offers friendship and support locally to people with Parkinson’s, their families and carers, contact us to find out more. For information and advice on Parkinson's, or for emotional support, call the Parkinson's UK helpline on 0808 800 0303 Schedule: Get in touch for more information.. Location: St Mary Abbots Centre Kensington, Vicarage Gate, London, W8 4HN. Contacts available: Contact, Parkinson’s UK Helpline.","London, United Kingdom","London, United Kingdom",United Kingdom,In-Person | Support | Virtual | Exercise | Parkinson's Care,,hybrid,true,official_directory_import,0,0,https://localsupport.parkinsons.org.uk/provider/kensington-and-chelsea-support-group,kieran@kandc.parkinsonsuk.group,07831672919,St Mary Abbots Centre Kensington,,provider,Parkinson's UK,"St Mary Abbots Centre Kensington, Vicarage Gate, London, W8 4HN",London,W8 4HN,https://localsupport.parkinsons.org.uk/provider/kensington-and-chelsea-support-group,2026-03-27T07:44:50.801Z
parkinsons-uk,Parkinson's UK Local Support,localsupport.parkinsons.org.uk/provider/lewisham-branch,lewisham-branch-provider-se13-7uw,Lewisham Branch,Exercise Class,"Our group offers friendship and support locally to people with Parkinson’s, their families and carers, contact us to find out more. For information and advice on Parkinson's, or for emotional support, call the Parkinson's UK helpline on 0808 800 0303","Our group offers friendship and support locally to people with Parkinson’s, their families and carers, contact us to find out more. For information and advice on Parkinson's, or for emotional support, call the Parkinson's UK helpline on 0808 800 0303 Schedule: Monthly on the fourth Friday From 11:30 until 13:30. Location: St Mary's Centre Lewisham, Ladywell Road, Lewisham, SE13 7UW. Contacts available: Branch Contact, Parkinson's UK Helpline.","Lewisham, United Kingdom","Lewisham, United Kingdom",United Kingdom,In-Person | Support | Exercise | Parkinson's Care,,in-person,true,official_directory_import,0,0,https://localsupport.parkinsons.org.uk/provider/lewisham-branch,juels2030@live.com,07957 751 252,St Mary's Centre Lewisham,,provider,Parkinson's UK,"St Mary's Centre Lewisham, Ladywell Road, Lewisham, SE13 7UW",Lewisham,SE13 7UW,https://localsupport.parkinsons.org.uk/provider/lewisham-branch,2026-03-27T07:44:50.801Z
parkinsons-uk,Parkinson's UK Local Support,localsupport.parkinsons.org.uk/provider/london-central-branch,london-central-branch-provider-nw3-5su,London Central Branch,Support Group,"Our group offers friendship and support locally to people with Parkinson’s, their families and carers, contact us to find out more. For information and advice on Parkinson's, or for emotional support, call the Parkinson's UK helpline on 0808 800 0303","Our group offers friendship and support locally to people with Parkinson’s, their families and carers, contact us to find out more. For information and advice on Parkinson's, or for emotional support, call the Parkinson's UK helpline on 0808 800 0303 Schedule: Monthly on the third Tuesday From 17:00 until 19:00. Location: St Thomas More Hall Swiss Cottage, Maresfield Gardens, London, NW3 5SU. Contacts available: Local Group Staff Contact, Parkinson’s UK Helpline.","London, United Kingdom","London, United Kingdom",United Kingdom,In-Person | Support | Support Group | Parkinson's Care,,in-person,true,official_directory_import,0,0,https://localsupport.parkinsons.org.uk/provider/london-central-branch,kprithwani@parkinsons.org.uk,03442253609,St Thomas More Hall Swiss Cottage,,provider,Parkinson's UK,"St Thomas More Hall Swiss Cottage, Maresfield Gardens, London, NW3 5SU",London,NW3 5SU,https://localsupport.parkinsons.org.uk/provider/london-central-branch,2026-03-27T07:44:50.801Z
parkinsons-uk,Parkinson's UK Local Support,localsupport.parkinsons.org.uk/provider/redbridge-and-epping-forest-branch,redbridge-and-epping-forest-branch-provider-ig8-8pe,Redbridge and Epping Forest Branch,Exercise Class,"Our group offers friendship and support locally to people with Parkinson’s, their families and carers, contact us to find out more. For information and advice on Parkinson's, or for emotional support, call the Parkinson's UK helpline on 0808 800 0303","Our group offers friendship and support locally to people with Parkinson’s, their families and carers, contact us to find out more. For information and advice on Parkinson's, or for emotional support, call the Parkinson's UK helpline on 0808 800 0303 Schedule: Monthly on the second Thursday From 11:00 until 13:00. Location: Broadmead Baptist Church - Chigwell, Chigwell Road, Woodford Green, IG8 8PE. Contacts available: Local Group Staff Contact, Parkinson’s UK Helpline.","Woodford Green, United Kingdom","Woodford Green, United Kingdom",United Kingdom,In-Person | Exercise | Support | Wellbeing | Parkinson's Care,,in-person,true,official_directory_import,0,0,https://localsupport.parkinsons.org.uk/provider/redbridge-and-epping-forest-branch,kprithwani@parkinsons.org.uk,03442253609,Broadmead Baptist Church - Chigwell,,provider,Parkinson's UK,"Broadmead Baptist Church - Chigwell, Chigwell Road, Woodford Green, IG8 8PE",Woodford Green,IG8 8PE,https://localsupport.parkinsons.org.uk/provider/redbridge-and-epping-forest-branch,2026-03-27T07:44:50.801Z
parkinsons-uk,Parkinson's UK Local Support,localsupport.parkinsons.org.uk/provider/richmond-and-hounslow-east-support-group,richmond-and-hounslow-east-support-group-provider-tw12-3rn,Richmond and Hounslow East Support Group,Exercise Class,"Our group offers friendship and support locally to people with Parkinson’s, their families and carers, contact us to find out more. For information and advice on Parkinson's, or for emotional support, call the Parkinson's UK helpline on 0808 800 0303","Our group offers friendship and support locally to people with Parkinson’s, their families and carers, contact us to find out more. For information and advice on Parkinson's, or for emotional support, call the Parkinson's UK helpline on 0808 800 0303 Schedule: Monthly on the first Wednesday From 14:00 until 15:00. Location: White House (Hampton on Thames Community Association), 45 The Avenue, Hampton, TW12 3RN. Contacts available: Local Group Staff Contact, Parkinson’s UK Helpline.","Hampton, United Kingdom","Hampton, United Kingdom",United Kingdom,In-Person | Support | Exercise | Parkinson's Care,,in-person,true,official_directory_import,0,0,https://localsupport.parkinsons.org.uk/provider/richmond-and-hounslow-east-support-group,kprithwani@parkinsons.org.uk,03442253609,White House (Hampton on Thames Community Association),,provider,Parkinson's UK,"White House (Hampton on Thames Community Association), 45 The Avenue, Hampton, TW12 3RN",Hampton,TW12 3RN,https://localsupport.parkinsons.org.uk/provider/richmond-and-hounslow-east-support-group,2026-03-27T07:44:50.801Z
parkinsons-uk,Parkinson's UK Local Support,localsupport.parkinsons.org.uk/provider/slypn-activity-group,slypn-activity-group-provider-se1-8xx,SLYPN Activity Group,Support Group,"Our group offers friendship and support locally to people with Parkinson’s, their families and carers, contact us to find out more. For information and advice on Parkinson's, or for emotional support, call the Parkinson's UK helpline on 0808 800 0303","Our group offers friendship and support locally to people with Parkinson’s, their families and carers, contact us to find out more. For information and advice on Parkinson's, or for emotional support, call the Parkinson's UK helpline on 0808 800 0303 Schedule: Monthly on the last Saturday From 10:00 until 12:00. Location: Riverside Terrace Cafe, Southbank Centre, London, SE1 8XX. Contacts available: Local Staff Contact, Parkinson's UK Helpline.","London, United Kingdom","London, United Kingdom",United Kingdom,In-Person | Support | Support Group | Parkinson's Care,,in-person,true,official_directory_import,0,0,https://localsupport.parkinsons.org.uk/provider/slypn-activity-group,jwilliams@parkinsons.org.uk,020 7963 3612,Riverside Terrace Cafe,,provider,Parkinson's UK,"Riverside Terrace Cafe, Southbank Centre, London, SE1 8XX",London,SE1 8XX,https://localsupport.parkinsons.org.uk/provider/slypn-activity-group,2026-03-27T07:44:50.801Z
parkinsons-uk,Parkinson's UK Local Support,localsupport.parkinsons.org.uk/provider/southwark-and-lambeth-support-group,southwark-and-lambeth-support-group-provider-se5-8eh,Southwark and Lambeth Support Group,Support Group,"Our group offers friendship and support locally to people with Parkinson’s, their families and carers, contact us to find out more. For information and advice on Parkinson's, or for emotional support, call the Parkinson's UK helpline on 0808 800 0303","Our group offers friendship and support locally to people with Parkinson’s, their families and carers, contact us to find out more. For information and advice on Parkinson's, or for emotional support, call the Parkinson's UK helpline on 0808 800 0303 Schedule: Monthly on the last Wednesday From 12:30 until 14:30. Location: Southwark & Lambeth Monthly Social Gathering, Fox on the Hill - Public House, Camberwell, SE5 8EH. Contacts available: Group Contact, Parkinson's UK Helpline.","Camberwell, United Kingdom","Camberwell, United Kingdom",United Kingdom,In-Person | Support | Support Group | Parkinson's Care,,in-person,true,official_directory_import,0,0,https://localsupport.parkinsons.org.uk/provider/southwark-and-lambeth-support-group,lambethsouthwarkparkinsons@gmail.com,020 7963 3612,Southwark & Lambeth Monthly Social Gathering,,provider,Parkinson's UK,"Southwark & Lambeth Monthly Social Gathering, Fox on the Hill - Public House, Camberwell, SE5 8EH",Camberwell,SE5 8EH,https://localsupport.parkinsons.org.uk/provider/southwark-and-lambeth-support-group,2026-03-27T07:44:50.801Z
parkinsons-uk,Parkinson's UK Local Support,localsupport.parkinsons.org.uk/provider/sutton-kingston-and-epsom-branch,sutton-kingston-epsom-and-merton-branch-provider-sm2-6dy,"Sutton, Kingston, Epsom and Merton Branch",Exercise Class,"Our group offers friendship and support locally to people with Parkinson’s, their families and carers, contact us to find out more.For information and advice on Parkinson's, or for emotional support, call the Parkinson's UK helpline on 0808 800 0303","Our group offers friendship and support locally to people with Parkinson’s, their families and carers, contact us to find out more.For information and advice on Parkinson's, or for emotional support, call the Parkinson's UK helpline on 0808 800 0303 Schedule: Monthly on the first Wednesday From 14:30 until 17:00. Location: St John’s Church, Northdown Road, Sutton, SM2 6DY. Contacts available: Local Staff Contact, Parkinson's UK Helpline.","Sutton, United Kingdom","Sutton, United Kingdom",United Kingdom,In-Person | Support | Wellbeing | Virtual | Exercise | Parkinson's Care,,hybrid,true,official_directory_import,0,0,https://localsupport.parkinsons.org.uk/provider/sutton-kingston-and-epsom-branch,jwilliams@parkinsons.org.uk,020 7963 3612,St John’s Church,,provider,Parkinson's UK,"St John’s Church, Northdown Road, Sutton, SM2 6DY",Sutton,SM2 6DY,https://localsupport.parkinsons.org.uk/provider/sutton-kingston-and-epsom-branch,2026-03-27T07:44:50.801Z
parkinsons-uk,Parkinson's UK Local Support,localsupport.parkinsons.org.uk/provider/waltham-forest-support-group,waltham-forest-support-group-provider-e4-9jp,Waltham Forest Support Group,Support Group,"Our group offers friendship and support locally to people with Parkinson’s, their families and carers, contact us to find out more. For information and advice on Parkinson's, or for emotional support, call the Parkinson's UK helpline on 0808 800 0303","Our group offers friendship and support locally to people with Parkinson’s, their families and carers, contact us to find out more. For information and advice on Parkinson's, or for emotional support, call the Parkinson's UK helpline on 0808 800 0303 Schedule: Monthly on the second Tuesday From 11:00 until 13:00. Location: Winchester Road Methodist Church - Highams Park, 82 Winchester Road, London, E4 9JP. Contacts available: Local Group Staff Contact, Parkinson’s UK Helpline.","London, United Kingdom","London, United Kingdom",United Kingdom,In-Person | Support | Wellbeing | Support Group | Parkinson's Care,,in-person,true,official_directory_import,0,0,https://localsupport.parkinsons.org.uk/provider/waltham-forest-support-group,kprithwani@parkinsons.org.uk,03442253609,Winchester Road Methodist Church - Highams Park,,provider,Parkinson's UK,"Winchester Road Methodist Church - Highams Park, 82 Winchester Road, London, E4 9JP",London,E4 9JP,https://localsupport.parkinsons.org.uk/provider/waltham-forest-support-group,2026-03-27T07:44:50.801Z
parkinsons-uk,Parkinson's UK Local Support,localsupport.parkinsons.org.uk/provider/alton-support-group,alton-support-group-provider-gu34-1ba,Alton Support Group,Support Group,"Our group offers friendship and support locally to people with Parkinson’s, their families and carers, contact us to find out more. For information and advice on Parkinson's, or for emotional support, call the Parkinson's UK helpline on 0808 800 0303","Our group offers friendship and support locally to people with Parkinson’s, their families and carers, contact us to find out more. For information and advice on Parkinson's, or for emotional support, call the Parkinson's UK helpline on 0808 800 0303 Schedule: Monthly on the third Wednesday From 14:00 until 16:00. Location: Alton Assembly Rooms, High Street, Alton, GU34 1BA. Contacts available: Local Group Staff Contact, Parkinson’s UK Helpline.","Alton, United Kingdom","Alton, United Kingdom",United Kingdom,In-Person | Support | Support Group | Parkinson's Care,,in-person,true,official_directory_import,0,0,https://localsupport.parkinsons.org.uk/provider/alton-support-group,jltaylor@parkinsons.org.uk,0344 225 3744,Alton Assembly Rooms,,provider,Parkinson's UK,"Alton Assembly Rooms, High Street, Alton, GU34 1BA",Alton,GU34 1BA,https://localsupport.parkinsons.org.uk/provider/alton-support-group,2026-03-27T07:44:50.801Z
parkinsons-uk,Parkinson's UK Local Support,localsupport.parkinsons.org.uk/provider/amersham-and-high-wycombe-branch,amersham-and-high-wycombe-branch-provider-hp6-6aj,Amersham and High Wycombe Branch,Support Group,"Our group offers friendship and support locally to people with Parkinson’s, their families and carers, contact us to find out more. For information and advice on Parkinson's, or for emotional support, call the Parkinson's UK helpline on 0808 800 0303","Our group offers friendship and support locally to people with Parkinson’s, their families and carers, contact us to find out more. For information and advice on Parkinson's, or for emotional support, call the Parkinson's UK helpline on 0808 800 0303 Schedule: Monthly on the second Wednesday From 14:00 until 15:30. Location: Alfred Ellis Hall - Amersham, Amersham Free Church, Amersham, HP6 6AJ. Contacts available: Contact, Parkinson’s UK Helpline.","Amersham, United Kingdom","Amersham, United Kingdom",United Kingdom,In-Person | Support | Wellbeing | Support Group | Parkinson's Care,,in-person,true,official_directory_import,0,0,https://localsupport.parkinsons.org.uk/provider/amersham-and-high-wycombe-branch,stephen.davies@parkinsonsahw.org.uk,0808 800 0303,Alfred Ellis Hall - Amersham,,provider,Parkinson's UK,"Alfred Ellis Hall - Amersham, Amersham Free Church, Amersham, HP6 6AJ",Amersham,HP6 6AJ,https://localsupport.parkinsons.org.uk/provider/amersham-and-high-wycombe-branch,2026-03-27T07:44:50.801Z
parkinsons-uk,Parkinson's UK Local Support,localsupport.parkinsons.org.uk/provider/ashford-activity-group,ashford-activity-group-provider-tn23-3rx,Ashford Activity Group,Support Group,"Our group offers friendship and support locally to people with Parkinson’s, their families and carers, contact us to find out more. For information and advice on Parkinson's, or for emotional support, call the Parkinson's UK helpline on 0808 800 0303","Our group offers friendship and support locally to people with Parkinson’s, their families and carers, contact us to find out more. For information and advice on Parkinson's, or for emotional support, call the Parkinson's UK helpline on 0808 800 0303 Schedule: Monthly on the first Wednesday From 14:00 until 16:00. Location: Repton Connect Community Centre, Repton Avenue, Ashford, TN23 3RX. Contacts available: Parkinson’s UK Helpline, Contact.","Ashford, United Kingdom","Ashford, United Kingdom",United Kingdom,In-Person | Support | Wellbeing | Support Group | Parkinson's Care,,in-person,true,official_directory_import,0,0,https://localsupport.parkinsons.org.uk/provider/ashford-activity-group,hello@parkinsons.org.uk,0808 800 0303,Repton Connect Community Centre,,provider,Parkinson's UK,"Repton Connect Community Centre, Repton Avenue, Ashford, TN23 3RX",Ashford,TN23 3RX,https://localsupport.parkinsons.org.uk/provider/ashford-activity-group,2026-03-27T07:44:50.801Z
parkinsons-uk,Parkinson's UK Local Support,localsupport.parkinsons.org.uk/provider/aylesbury-branch,aylesbury-branch-provider-hp19-0fx,Aylesbury Branch,Support Group,"Our group offers friendship and support locally to people with Parkinson’s, their families and carers, contact us to find out more. For information and advice on Parkinson's, or for emotional support, call the Parkinson's UK helpline on 0808 800 0303","Our group offers friendship and support locally to people with Parkinson’s, their families and carers, contact us to find out more. For information and advice on Parkinson's, or for emotional support, call the Parkinson's UK helpline on 0808 800 0303 Schedule: Monthly on the third Saturday From 11:00 until 13:00. Location: Watermead Village Hall, Watermead, Aylesbury, HP19 0FX. Contacts available: Local Group Staff Contact, Parkinson’s UK Helpline.","Aylesbury, United Kingdom","Aylesbury, United Kingdom",United Kingdom,In-Person | Support | Support Group | Parkinson's Care,,in-person,true,official_directory_import,0,0,https://localsupport.parkinsons.org.uk/provider/aylesbury-branch,zsole@parkinsons.org.uk,0808 800 0303,Watermead Village Hall,,provider,Parkinson's UK,"Watermead Village Hall, Watermead, Aylesbury, HP19 0FX",Aylesbury,HP19 0FX,https://localsupport.parkinsons.org.uk/provider/aylesbury-branch,2026-03-27T07:44:50.801Z
parkinsons-uk,Parkinson's UK Local Support,localsupport.parkinsons.org.uk/provider/Banbury-branch,banbury-branch-provider-ox16-5nt,Banbury Branch,Support Group,"Our group offers friendship and support locally to people with Parkinson’s, their families and carers, contact us to find out more. For information and advice on Parkinson's, or for emotional support, call the Parkinson's UK helpline on 0808 800 0303","Our group offers friendship and support locally to people with Parkinson’s, their families and carers, contact us to find out more. For information and advice on Parkinson's, or for emotional support, call the Parkinson's UK helpline on 0808 800 0303 Schedule: Monthly on the third Wednesday From 15:00 until 16:30. Location: Royal Voluntary Service, Cornhill Centre, Banbury, OX16 5NT. Contacts available: Contact, Contact.","Banbury, United Kingdom","Banbury, United Kingdom",United Kingdom,In-Person | Support | Wellbeing | Support Group | Parkinson's Care,,in-person,true,official_directory_import,0,0,https://localsupport.parkinsons.org.uk/provider/Banbury-branch,zsole@parkinsons.org.uk,0808 800 0303,Royal Voluntary Service,,provider,Parkinson's UK,"Royal Voluntary Service, Cornhill Centre, Banbury, OX16 5NT",Banbury,OX16 5NT,https://localsupport.parkinsons.org.uk/provider/Banbury-branch,2026-03-27T07:44:50.801Z
parkinsons-uk,Parkinson's UK Local Support,localsupport.parkinsons.org.uk/provider/berkshire-working-age-parkinsons-group,berkshire-working-age-parkinson-s-group-provider-rg5-3lw,Berkshire Working Age Parkinson's Group,Support Group,"Our group offers friendship and support locally to people with Parkinson’s, their families and carers, contact us to find out more. For information and advice on Parkinson's, or for emotional support, call the Parkinson's UK helpline on 0808 800 0303","Our group offers friendship and support locally to people with Parkinson’s, their families and carers, contact us to find out more. For information and advice on Parkinson's, or for emotional support, call the Parkinson's UK helpline on 0808 800 0303 Schedule: Monthly on the third Thursday From 19:00 until 20:30. Location: Get in touch for venue details, Various venues, RG5 3LW. Contacts available: Parkinson’s UK Helpline.","Various venues, United Kingdom","Various venues, United Kingdom",United Kingdom,In-Person | Support | Support Group | Parkinson's Care,,in-person,true,official_directory_import,0,0,https://localsupport.parkinsons.org.uk/provider/berkshire-working-age-parkinsons-group,hello@parkinsons.org.uk,0808 800 0303,Get in touch for venue details,,provider,Parkinson's UK,"Get in touch for venue details, Various venues, RG5 3LW",Various venues,RG5 3LW,https://localsupport.parkinsons.org.uk/provider/berkshire-working-age-parkinsons-group,2026-03-27T07:44:50.801Z
parkinsons-uk,Parkinson's UK Local Support,localsupport.parkinsons.org.uk/provider/bracknell-and-district-branch,bracknell-and-district-branch-provider-rg12-2hp,Bracknell and District Branch,Exercise Class,"Our group offers friendship and support locally to people with Parkinson’s, their families and carers, contact us to find out more. For information and advice on Parkinson's, or for emotional support, call the Parkinson's UK helpline on 0808 800 0303","Our group offers friendship and support locally to people with Parkinson’s, their families and carers, contact us to find out more. For information and advice on Parkinson's, or for emotional support, call the Parkinson's UK helpline on 0808 800 0303 Schedule: Monthly on the second Monday From 19:30 until 21:00. Location: Edmonds Court Bracknell, Sandy Lane, Bracknell, RG12 2HP. Contacts available: Local Group Staff Contact, Parkinson’s UK Helpline.","Bracknell, United Kingdom","Bracknell, United Kingdom",United Kingdom,In-Person | Support | Exercise | Parkinson's Care,,in-person,true,official_directory_import,0,0,https://localsupport.parkinsons.org.uk/provider/bracknell-and-district-branch,zsole@parkinsons.org.uk,0808 800 0303,Edmonds Court Bracknell,,provider,Parkinson's UK,"Edmonds Court Bracknell, Sandy Lane, Bracknell, RG12 2HP",Bracknell,RG12 2HP,https://localsupport.parkinsons.org.uk/provider/bracknell-and-district-branch,2026-03-27T07:44:50.801Z
parkinsons-uk,Parkinson's UK Local Support,localsupport.parkinsons.org.uk/provider/brighton-and-hove-support-group,brighton-and-hove-support-group-provider-bn1-5jd,Brighton and Hove Support Group,Exercise Class,"Our group offers friendship and support locally to people with Parkinson’s, their families and carers, contact us to find out more. For information and advice on Parkinson's, or for emotional support, call the Parkinson's UK helpline on 0808 800 0303","Our group offers friendship and support locally to people with Parkinson’s, their families and carers, contact us to find out more. For information and advice on Parkinson's, or for emotional support, call the Parkinson's UK helpline on 0808 800 0303 Schedule: Monthly on the first Tuesday From 10:30 until 12:00. Location: The Sportsman Pub, Withdean Sports Complex, Brighton, BN1 5JD. Contacts available: Contact, Parkinson’s UK Helpline.","Brighton, United Kingdom","Brighton, United Kingdom",United Kingdom,In-Person | Support | Exercise | Parkinson's Care,,in-person,true,official_directory_import,0,0,https://localsupport.parkinsons.org.uk/provider/brighton-and-hove-support-group,parkinsonsbrighton@gmail.com,07825 650672,The Sportsman Pub,,provider,Parkinson's UK,"The Sportsman Pub, Withdean Sports Complex, Brighton, BN1 5JD",Brighton,BN1 5JD,https://localsupport.parkinsons.org.uk/provider/brighton-and-hove-support-group,2026-03-27T07:44:50.801Z
parkinsons-uk,Parkinson's UK Local Support,localsupport.parkinsons.org.uk/provider/canterbury-and-district-branch,canterbury-and-district-branch-provider-ct1-3hq,Canterbury and District Branch,Exercise Class,"Our group offers friendship and support locally to people with Parkinson’s, their families and carers, contact us to find out more. For information and advice on Parkinson's, or for emotional support, call the Parkinson's UK helpline on 0808 800 0303","Our group offers friendship and support locally to people with Parkinson’s, their families and carers, contact us to find out more. For information and advice on Parkinson's, or for emotional support, call the Parkinson's UK helpline on 0808 800 0303 Schedule: Monthly on the third Monday From 14:00 until 16:00. Location: Renaissance Fitness and Wellbeing Centre Canterbury, 41 Dover Street, Canterbury, CT1 3HQ. Contacts available: Contact, Parkinson’s UK Helpline.","Canterbury, United Kingdom","Canterbury, United Kingdom",United Kingdom,In-Person | Exercise | Support | Parkinson's Care,,in-person,true,official_directory_import,0,0,https://localsupport.parkinsons.org.uk/provider/canterbury-and-district-branch,kenandmarion2@talktalk.net,01227 760772,Riverside Church Whitstable,,provider,Parkinson's UK,"Renaissance Fitness and Wellbeing Centre Canterbury, 41 Dover Street, Canterbury, CT1 3HQ",Canterbury,CT1 3HQ,https://localsupport.parkinsons.org.uk/provider/canterbury-and-district-branch,2026-03-27T07:44:50.801Z
parkinsons-uk,Parkinson's UK Local Support,localsupport.parkinsons.org.uk/provider/chichester-and-bognor-regis-branch,chichester-and-bognor-regis-branch-provider-po19-7lg,Chichester and Bognor Regis Branch,Support Group,"Our group offers friendship and support locally to people with Parkinson’s, their families and carers, contact us to find out more. For information and advice on Parkinson's, or for emotional support, call the Parkinson's UK helpline on 0808 800 0303","Our group offers friendship and support locally to people with Parkinson’s, their families and carers, contact us to find out more. For information and advice on Parkinson's, or for emotional support, call the Parkinson's UK helpline on 0808 800 0303 Schedule: Monthly on the third Monday From 14:00 until 16:00. Location: The Newell Centre, Chichester, Tozer Way, Chichester, PO19 7LG. Contacts available: Local Group Staff Contact, Parkinson’s UK Helpline.","Chichester, United Kingdom","Chichester, United Kingdom",United Kingdom,In-Person | Support | Wellbeing | Support Group | Parkinson's Care,,in-person,true,official_directory_import,0,0,https://localsupport.parkinsons.org.uk/provider/chichester-and-bognor-regis-branch,jltaylor@parkinsons.org.uk,0344 225 3744,"The Newell Centre, Chichester",,provider,Parkinson's UK,"The Newell Centre, Chichester, Tozer Way, Chichester, PO19 7LG",Chichester,PO19 7LG,https://localsupport.parkinsons.org.uk/provider/chichester-and-bognor-regis-branch,2026-03-27T07:44:50.801Z
parkinsons-uk,Parkinson's UK Local Support,localsupport.parkinsons.org.uk/provider/cosham-support-group,cosham-support-group-provider-po6-3ap,Cosham Support Group,Support Group,"Our group offers friendship and support locally to people with Parkinson’s, their families and carers, contact us to find out more. For information and advice on Parkinson's, or for emotional support, call the Parkinson's UK helpline on 0808 800 0303","Our group offers friendship and support locally to people with Parkinson’s, their families and carers, contact us to find out more. For information and advice on Parkinson's, or for emotional support, call the Parkinson's UK helpline on 0808 800 0303 Schedule: Monthly on the second Wednesday From 10:00 until 12:00 Monthly on the fourth Wednesday From 10:00 until 12:00 | Monthly on the second Wednesday From 10:00 until 12:00 | Monthly on the fourth Wednesday From 10:00 until 12:00. Location: Cosham Community Centre, Wootton Street, Cosham, PO6 3AP. Contacts available: Contact, Parkinson’s UK Helpline.","Cosham, United Kingdom","Cosham, United Kingdom",United Kingdom,In-Person | Support | Support Group | Parkinson's Care,,in-person,true,official_directory_import,0,0,https://localsupport.parkinsons.org.uk/provider/cosham-support-group,sally@sgl3.co.uk,07726 689 394,Cosham Community Centre,,provider,Parkinson's UK,"Cosham Community Centre, Wootton Street, Cosham, PO6 3AP",Cosham,PO6 3AP,https://localsupport.parkinsons.org.uk/provider/cosham-support-group,2026-03-27T07:44:50.802Z
parkinsons-uk,Parkinson's UK Local Support,localsupport.parkinsons.org.uk/provider/crawley-and-east-grinstead-branch,crawley-and-east-grinstead-branch-provider-rh10-4lj,Crawley and East Grinstead Branch,Exercise Class,"Our group offers friendship and support locally to people with Parkinson’s, their families and carers, contact us to find out more. For information and advice on Parkinson's, or for emotional support, call the Parkinson's UK helpline on 0808 800 0303","Our group offers friendship and support locally to people with Parkinson’s, their families and carers, contact us to find out more. For information and advice on Parkinson's, or for emotional support, call the Parkinson's UK helpline on 0808 800 0303 Schedule: Monthly on the first Wednesday From 11:00 until 13:00. Location: The Haven Centre Crawley, Hophurst Lane, Crawley, RH10 4LJ. Contacts available: Local Group Staff Contact, Parkinson’s UK Helpline.","Crawley, United Kingdom","Crawley, United Kingdom",United Kingdom,In-Person | Support | Exercise | Parkinson's Care,,in-person,true,official_directory_import,0,0,https://localsupport.parkinsons.org.uk/provider/crawley-and-east-grinstead-branch,jltaylor@parkinsons.org.uk,0344 225 3744,The Haven Centre Crawley,,provider,Parkinson's UK,"The Haven Centre Crawley, Hophurst Lane, Crawley, RH10 4LJ",Crawley,RH10 4LJ,https://localsupport.parkinsons.org.uk/provider/crawley-and-east-grinstead-branch,2026-03-27T07:44:50.802Z
parkinsons-uk,Parkinson's UK Local Support,localsupport.parkinsons.org.uk/provider/crowborough-support-group,crowborough-support-group-provider-tn6-2xb,Crowborough Support Group,Exercise Class,"Our group offers friendship and support locally to people with Parkinson’s, their families and carers, contact us to find out more. For information and advice on Parkinson's, or for emotional support, call the Parkinson's UK helpline on 0808 800 0303","Our group offers friendship and support locally to people with Parkinson’s, their families and carers, contact us to find out more. For information and advice on Parkinson's, or for emotional support, call the Parkinson's UK helpline on 0808 800 0303 Schedule: Get in touch for more information.. Location: Crowborough Rugby Club, Steel Cross, Crowborough, TN6 2XB. Contacts available: Contact, Parkinson’s UK Helpline.","Crowborough, United Kingdom","Crowborough, United Kingdom",United Kingdom,In-Person | Support | Exercise | Parkinson's Care,,in-person,true,official_directory_import,0,0,https://localsupport.parkinsons.org.uk/provider/crowborough-support-group,judith.donald1@btinternet.com,07702 173 940,Crowborough Rugby Club,,provider,Parkinson's UK,"Crowborough Rugby Club, Steel Cross, Crowborough, TN6 2XB",Crowborough,TN6 2XB,https://localsupport.parkinsons.org.uk/provider/crowborough-support-group,2026-03-27T07:44:50.802Z
parkinsons-uk,Parkinson's UK Local Support,localsupport.parkinsons.org.uk/provider/dover-branch,dover-branch-provider-ct16-3ly,Dover Branch,Exercise Class,"Our group offers friendship and support locally to people with Parkinson’s, their families and carers, contact us to find out more. For information and advice on Parkinson's, or for emotional support, call the Parkinson's UK helpline on 0808 800 0303","Our group offers friendship and support locally to people with Parkinson’s, their families and carers, contact us to find out more. For information and advice on Parkinson's, or for emotional support, call the Parkinson's UK helpline on 0808 800 0303 Schedule: Monthly on the third Wednesday From 10:30 until 12:00. Location: Whitfield Village Hall - Dover, Sandwich Road, Dover, CT16 3LY. Contacts available: Parkinson’s UK Helpline, Contact.","Dover, United Kingdom","Dover, United Kingdom",United Kingdom,In-Person | Wellbeing | Support | Exercise | Parkinson's Care,,in-person,true,official_directory_import,0,0,https://localsupport.parkinsons.org.uk/provider/dover-branch,hello@parkinsons.org.uk,0808 800 0303,Whitfield Village Hall - Dover,,provider,Parkinson's UK,"Whitfield Village Hall - Dover, Sandwich Road, Dover, CT16 3LY",Dover,CT16 3LY,https://localsupport.parkinsons.org.uk/provider/dover-branch,2026-03-27T07:44:50.802Z
parkinsons-uk,Parkinson's UK Local Support,localsupport.parkinsons.org.uk/provider/eastbourne-branch,eastbourne-branch-provider-bn23-6ht,Eastbourne Branch,Support Group,"Our group offers friendship and support locally to people with Parkinson’s, their families and carers, contact us to find out more. For information and advice on Parkinson's, or for emotional support, call the Parkinson's UK helpline on 0808 800 0303","Our group offers friendship and support locally to people with Parkinson’s, their families and carers, contact us to find out more. For information and advice on Parkinson's, or for emotional support, call the Parkinson's UK helpline on 0808 800 0303 Schedule: Monthly on the fourth Tuesday From 14:00 until 16:00. Location: Christ The King Roman Catholic Church Eastbourne, Princes Road, Eastbourne, BN23 6HT. Contacts available: Local Group Staff Contact, Parkinson’s UK Helpline.","Eastbourne, United Kingdom","Eastbourne, United Kingdom",United Kingdom,In-Person | Support | Wellbeing | Support Group | Parkinson's Care,,in-person,true,official_directory_import,0,0,https://localsupport.parkinsons.org.uk/provider/eastbourne-branch,ebienz@parkinsons.org.uk,020 7963 3842,Christ The King Roman Catholic Church Eastbourne,,provider,Parkinson's UK,"Christ The King Roman Catholic Church Eastbourne, Princes Road, Eastbourne, BN23 6HT",Eastbourne,BN23 6HT,https://localsupport.parkinsons.org.uk/provider/eastbourne-branch,2026-03-27T07:44:50.802Z
parkinsons-uk,Parkinson's UK Local Support,localsupport.parkinsons.org.uk/provider/fareham-gosport-and-districts-branch,fareham-gosport-and-districts-branch-provider-po14-2pp,"Fareham, Gosport and Districts Branch",Exercise Class,"Our group offers friendship and support locally to people with Parkinson’s, their families and carers, contact us to find out more. For information and advice on Parkinson's, or for emotional support, call the Parkinson's UK helpline on 0808 800 0303","Our group offers friendship and support locally to people with Parkinson’s, their families and carers, contact us to find out more. For information and advice on Parkinson's, or for emotional support, call the Parkinson's UK helpline on 0808 800 0303 Schedule: Monthly on the first Wednesday From 14:00 until 16:00 Monthly on the third Wednesday From 14:00 until 16:00 | Monthly on the first Wednesday From 14:00 until 16:00 | Monthly on the third Wednesday From 14:00 until 16:00. Location: Crofton Community Centre Stubbington, Stubbington Lane, Stubbington, PO14 2PP. Contacts available: Local Group Staff Contact, Parkinson’s UK Helpline.","Stubbington, United Kingdom","Stubbington, United Kingdom",United Kingdom,In-Person | Support | Exercise | Parkinson's Care,,in-person,true,official_directory_import,0,0,https://localsupport.parkinsons.org.uk/provider/fareham-gosport-and-districts-branch,jltaylor@parkinsons.org.uk,0344 225 3744,Crofton Community Centre Stubbington,,provider,Parkinson's UK,"Crofton Community Centre Stubbington, Stubbington Lane, Stubbington, PO14 2PP",Stubbington,PO14 2PP,https://localsupport.parkinsons.org.uk/provider/fareham-gosport-and-districts-branch,2026-03-27T07:44:50.802Z
parkinsons-uk,Parkinson's UK Local Support,localsupport.parkinsons.org.uk/provider/farnborough-and-district-branch,farnborough-and-district-branch-provider-gu51-5sj,Farnborough and District Branch,Exercise Class,"Our group offers friendship and support locally to people with Parkinson’s, their families and carers, contact us to find out more. For information and advice on Parkinson's, or for emotional support, call the Parkinson's UK helpline on 0808 800 0303","Our group offers friendship and support locally to people with Parkinson’s, their families and carers, contact us to find out more. For information and advice on Parkinson's, or for emotional support, call the Parkinson's UK helpline on 0808 800 0303 Schedule: Monthly on the third Monday From 10:30 until 12:00. Location: Crookham Social Club, The Street, Fleet, GU51 5SJ. Contacts available: Local Group Staff Contact, Parkinson’s UK Helpline.","Fleet, United Kingdom","Fleet, United Kingdom",United Kingdom,In-Person | Support | Exercise | Parkinson's Care,,in-person,true,official_directory_import,0,0,https://localsupport.parkinsons.org.uk/provider/farnborough-and-district-branch,jltaylor@parkinsons.org.uk,0344 225 3744,Crookham Social Club,,provider,Parkinson's UK,"Crookham Social Club, The Street, Fleet, GU51 5SJ",Fleet,GU51 5SJ,https://localsupport.parkinsons.org.uk/provider/farnborough-and-district-branch,2026-03-27T07:44:50.802Z
parkinsons-uk,Parkinson's UK Local Support,localsupport.parkinsons.org.uk/provider/gravesend-support-group,gravesend-support-group-provider-da12-4uy,Gravesend Support Group,Support Group,"Our group offers friendship and support locally to people with Parkinson’s, their families and carers, contact us to find out more. For information and advice on Parkinson's, or for emotional support, call the Parkinson's UK helpline on 0808 800 0303","Our group offers friendship and support locally to people with Parkinson’s, their families and carers, contact us to find out more. For information and advice on Parkinson's, or for emotional support, call the Parkinson's UK helpline on 0808 800 0303 Schedule: Monthly on the last Monday From 14:00 until 16:00. Location: Chalk Parish Hall Gravesend, 16 Chalk Road, Gravesend, DA12 4UY. Contacts available: Parkinson’s UK Helpline, Contact.","Gravesend, United Kingdom","Gravesend, United Kingdom",United Kingdom,In-Person | Support | Support Group | Parkinson's Care,,in-person,true,official_directory_import,0,0,https://localsupport.parkinsons.org.uk/provider/gravesend-support-group,hello@parkinsons.org.uk,0808 800 0303,Chalk Parish Hall Gravesend,,provider,Parkinson's UK,"Chalk Parish Hall Gravesend, 16 Chalk Road, Gravesend, DA12 4UY",Gravesend,DA12 4UY,https://localsupport.parkinsons.org.uk/provider/gravesend-support-group,2026-03-27T07:44:50.802Z
parkinsons-uk,Parkinson's UK Local Support,localsupport.parkinsons.org.uk/provider/guildford-and-south-surrey-branch,guildford-and-south-surrey-branch-provider-gu4-8bq,Guildford and South Surrey Branch,Exercise Class,"Our branch has over 350 members. They are mainly people who have Parkinson's, but our membership also includes carers, families, and friends. We keep in touch by post, email, and our website: www.guildfordparkinsons.org.uk. Members can take part in numerous activities, from exercise, dance, singing and speech maintenance classes, to outings, fundraising events, meetings and social gatherings. To become a member, please complete the online form on the branch membership page of our website. Every third Wednesday of each month we meet at the Squirrel Inn, Godalming, from 7.00 pm. Most members order something to eat as there is a varied menu from which to order a meal or a dessert and coffee. Formerly called the Working Age Group (WAG) this group is now known as the Friendship Group. Anyone is welcome to attend this informal get-together. For more details visit https://www.guildfordparkinsons.org.uk/social-activities/wednesday-evening-social-meetings/ Our monthly branch social meetings are an informal get-together. Afternoon social meetings, often with a guest speaker, are held on the last Tuesday of each month and all branch members, their partners, carers or family members are welcome to attend. For more details visit https://www.guildfordparkinsons.org.uk/social-activities/tuesday-afternoon-social-meetings/ A social meeting for the newly diagnosed aims to provide support for people with Parkinson’s at a sensitive time in their lives. These Recently Diagnosed gatherings are held in-person. For more details visit https://www.guildfordparkinsons.org.uk/social-activities/recently-diagnosed-social-meetings/ Details of groups, meetings, gatherings and events also appear in “The Park"", our free newsletter which is issued three times a year. You can download recent issues, or subscribe here","Our branch has over 350 members. They are mainly people who have Parkinson's, but our membership also includes carers, families, and friends. We keep in touch by post, email, and our website: www.guildfordparkinsons.org.uk. Members can take part in numerous activities, from exercise, dance, singing and speech maintenance classes, to outings, fundraising events, meetings and social gatherings. To become a member, please complete the online form on the branch membership page of our website. Every third Wednesday of each month we meet at the Squirrel Inn, Godalming, from 7.00 pm. Most members order something to eat as there is a varied menu from which to order a meal or a dessert and coffee. Formerly called the Working Age Group (WAG) this group is now known as the Friendship Group. Anyone is welcome to attend this informal get-together. For more details visit https://www.guildfordparkinsons.org.uk/social-activities/wednesday-evening-social-meetings/ Our monthly branch social meetings are an informal get-together. Afternoon social meetings, often with a guest speaker, are held on the last Tuesday of each month and all branch members, their partners, carers or family members are welcome to attend. For more details visit https://www.guildfordparkinsons.org.uk/social-activities/tuesday-afternoon-social-meetings/ A social meeting for the newly diagnosed aims to provide support for people with Parkinson’s at a sensitive time in their lives. These Recently Diagnosed gatherings are held in-person. For more details visit https://www.guildfordparkinsons.org.uk/social-activities/recently-diagnosed-social-meetings/ Details of groups, meetings, gatherings and events also appear in “The Park"", our free newsletter which is issued three times a year. You can download recent issues, or subscribe here Schedule: Monthly on the last Tuesday From 14:00 until 16:00. Location: Shalford Village Upper Hall, Kings Road, Guildford, GU4 8BQ. Contacts available: Local Group Staff Contact, Parkinson’s UK Helpline.","Guildford, United Kingdom","Guildford, United Kingdom",United Kingdom,In-Person | Support | Exercise | Parkinson's Care,,in-person,true,official_directory_import,0,0,https://localsupport.parkinsons.org.uk/provider/guildford-and-south-surrey-branch,zsole@parkinsons.org.uk,020 7963 3777,Shalford Village Upper Hall,,provider,Parkinson's UK,"Shalford Village Upper Hall, Kings Road, Guildford, GU4 8BQ",Guildford,GU4 8BQ,https://localsupport.parkinsons.org.uk/provider/guildford-and-south-surrey-branch,2026-03-27T07:44:50.802Z
parkinsons-uk,Parkinson's UK Local Support,localsupport.parkinsons.org.uk/provider/hailsham-branch,hailsham-branch-provider-bn27-3ub,Hailsham Branch,Support Group,"Our group offers friendship and support locally to people with Parkinson’s, their families and carers, contact us to find out more. For information and advice on Parkinson's, or for emotional support, call the Parkinson's UK helpline on 0808 800 0303","Our group offers friendship and support locally to people with Parkinson’s, their families and carers, contact us to find out more. For information and advice on Parkinson's, or for emotional support, call the Parkinson's UK helpline on 0808 800 0303 Schedule: Monthly on the last Friday From 13:30 until 15:30. Location: James West Community Centre, Brunel Dr, Hailsham, BN27 3UB. Contacts available: Local Group Staff Contact, Parkinson’s UK Helpline.","Hailsham, United Kingdom","Hailsham, United Kingdom",United Kingdom,In-Person | Support | Wellbeing | Support Group | Parkinson's Care,,in-person,true,official_directory_import,0,0,https://localsupport.parkinsons.org.uk/provider/hailsham-branch,ebienz@parkinsons.org.uk,020 7963 3842,James West Community Centre,,provider,Parkinson's UK,"James West Community Centre, Brunel Dr, Hailsham, BN27 3UB",Hailsham,BN27 3UB,https://localsupport.parkinsons.org.uk/provider/hailsham-branch,2026-03-27T07:44:50.802Z
parkinsons-uk,Parkinson's UK Local Support,localsupport.parkinsons.org.uk/provider/hastings-and-bexhill-group,hastings-and-bexhill-group-provider-tn38-0rd,Hastings and Bexhill Group,Exercise Class,"Our group offers friendship and support locally to people with Parkinson’s, their families and carers, contact us to find out more. For information and advice on Parkinson's, or for emotional support, call the Parkinson's UK helpline on 0808 800 0303","Our group offers friendship and support locally to people with Parkinson’s, their families and carers, contact us to find out more. For information and advice on Parkinson's, or for emotional support, call the Parkinson's UK helpline on 0808 800 0303 Schedule: Monthly on the third Wednesday From 14:00 until 16:00. Location: St John the Evangelist Church, Saint Leonards-on-Sea, Brittany Road, Saint Leonards-on-Sea, TN38 0RD. Contacts available: Local Group Staff Contact, Parkinson’s UK Helpline.","Saint Leonards-on-Sea, United Kingdom","Saint Leonards-on-Sea, United Kingdom",United Kingdom,In-Person | Wellbeing | Exercise | Support | Parkinson's Care,,in-person,true,official_directory_import,0,0,https://localsupport.parkinsons.org.uk/provider/hastings-and-bexhill-group,ebienz@parkinsons.org.uk,020 7963 3842,The Wheatsheaf Inn,,provider,Parkinson's UK,"St John the Evangelist Church, Saint Leonards-on-Sea, Brittany Road, Saint Leonards-on-Sea, TN38 0RD",Saint Leonards-on-Sea,TN38 0RD,https://localsupport.parkinsons.org.uk/provider/hastings-and-bexhill-group,2026-03-27T07:44:50.802Z
parkinsons-uk,Parkinson's UK Local Support,localsupport.parkinsons.org.uk/provider/henley-branch,henley-branch-provider-rg9-1ag,Henley Branch,Exercise Class,"Our group offers friendship and support locally to people with Parkinson’s, their families and carers, contact us to find out more. For information and advice on Parkinson's, or for emotional support, call the Parkinson's UK helpline on 0808 800 0303","Our group offers friendship and support locally to people with Parkinson’s, their families and carers, contact us to find out more. For information and advice on Parkinson's, or for emotional support, call the Parkinson's UK helpline on 0808 800 0303 Schedule: Monthly on the fourth Wednesday From 10:30 until 12:30. Location: Christ Church Centre Henley on Thames, 46 Reading Road, Henley on Thames, RG9 1AG. Contacts available: Local Group Staff Contact, Parkinson’s UK Helpline.","Henley on Thames, United Kingdom","Henley on Thames, United Kingdom",United Kingdom,In-Person | Support | Exercise | Parkinson's Care,,in-person,true,official_directory_import,0,0,https://localsupport.parkinsons.org.uk/provider/henley-branch,zsole@parkinsons.org.uk,020 7963 3777,Christ Church Centre Henley on Thames,,provider,Parkinson's UK,"Christ Church Centre Henley on Thames, 46 Reading Road, Henley on Thames, RG9 1AG",Henley on Thames,RG9 1AG,https://localsupport.parkinsons.org.uk/provider/henley-branch,2026-03-27T07:44:50.802Z
parkinsons-uk,Parkinson's UK Local Support,localsupport.parkinsons.org.uk/provider/horsham-and-district-branch,horsham-and-district-branch-provider-rh13-6ju,Horsham and District Branch,Support Group,"For more information about our group, contact us or visit our website: https://horsham.parkinsonsuk.group/ Our local group offers friendship and support to people with Parkinson’s, their families, and carers. For information and advice on Parkinson’s, or emotional support, call the Parkinson’s UK helpline on 0808 800 0303. Our branch organizes various popular activities four days a week, almost every week of the year. We believe that keeping moving is crucial in Parkinson’s to slow its progression and enhance overall quality of life. It’s essential to find activities that suit your interests, are enjoyable, and supervised by specialists in the specific activity to maximize benefits and minimize the risk of injury. We’ve categorized our activities into three intensity levels: high, medium, and low. For more details, visit our website. Each activity is associated with a contact point. We provide information and timings for these activities, and we also have an online calendar to keep you updated on what’s happening. We recognise the importance of socialisation and problem-solving for individuals with Parkinson’s. We offer two types of meetings: a branch meeting where we invite speakers to discuss various topics, and a working-age group social meeting held in a pub. This latter meeting provides a more informal setting for confidential conversations with other Parkinson’s-affected individuals. For more information, visit our website. Our branch is supported by a team of friendly volunteers, but we always welcome others who would like to contribute. In addition to our local activities, we fundraise to support local activities, research, Parkinson’s nurses, and other services. If you’re interested in helping, please get in touch.","For more information about our group, contact us or visit our website: https://horsham.parkinsonsuk.group/ Our local group offers friendship and support to people with Parkinson’s, their families, and carers. For information and advice on Parkinson’s, or emotional support, call the Parkinson’s UK helpline on 0808 800 0303. Our branch organizes various popular activities four days a week, almost every week of the year. We believe that keeping moving is crucial in Parkinson’s to slow its progression and enhance overall quality of life. It’s essential to find activities that suit your interests, are enjoyable, and supervised by specialists in the specific activity to maximize benefits and minimize the risk of injury. We’ve categorized our activities into three intensity levels: high, medium, and low. For more details, visit our website. Each activity is associated with a contact point. We provide information and timings for these activities, and we also have an online calendar to keep you updated on what’s happening. We recognise the importance of socialisation and problem-solving for individuals with Parkinson’s. We offer two types of meetings: a branch meeting where we invite speakers to discuss various topics, and a working-age group social meeting held in a pub. This latter meeting provides a more informal setting for confidential conversations with other Parkinson’s-affected individuals. For more information, visit our website. Our branch is supported by a team of friendly volunteers, but we always welcome others who would like to contribute. In addition to our local activities, we fundraise to support local activities, research, Parkinson’s nurses, and other services. If you’re interested in helping, please get in touch. Schedule: Monthly on the first Friday. Location: Mannings Heath Village Hall, Goldings Lane, Horsham, RH13 6JU. Contacts available: Local Group Staff Contact, Parkinson’s UK Helpline.","Horsham, United Kingdom","Horsham, United Kingdom",United Kingdom,In-Person | Support | Support Group | Parkinson's Care,,in-person,true,official_directory_import,0,0,https://localsupport.parkinsons.org.uk/provider/horsham-and-district-branch,jltaylor@parkinsons.org.uk,0344 225 3744,Mannings Heath Village Hall,,provider,Parkinson's UK,"Mannings Heath Village Hall, Goldings Lane, Horsham, RH13 6JU",Horsham,RH13 6JU,https://localsupport.parkinsons.org.uk/provider/horsham-and-district-branch,2026-03-27T07:44:50.802Z
parkinsons-uk,Parkinson's UK Local Support,localsupport.parkinsons.org.uk/provider/isle-wight-branch,isle-of-wight-branch-provider-po30-3be,Isle of Wight Branch,Exercise Class,"Our group offers friendship and support locally to people with Parkinson’s, their families and carers, contact us to find out more. We organise a monthly pub meal around the island. Trips, excursions and holidays are also arranged to mainland destinations, please contact Alan for a list. For information and advice on Parkinson's, or for emotional support, call the Parkinson's UK helpline on 0808 800 0303","Our group offers friendship and support locally to people with Parkinson’s, their families and carers, contact us to find out more. We organise a monthly pub meal around the island. Trips, excursions and holidays are also arranged to mainland destinations, please contact Alan for a list. For information and advice on Parkinson's, or for emotional support, call the Parkinson's UK helpline on 0808 800 0303 Schedule: Monthly on the first Monday From 10:00 until 12:00. Location: Newclose County Cricket Ground, Blackwater Rd, Newport, PO30 3BE. Contacts available: Contact, Parkinson’s UK Helpline.","Newport, United Kingdom","Newport, United Kingdom",United Kingdom,In-Person | Support | Exercise | Parkinson's Care,,in-person,true,official_directory_import,0,0,https://localsupport.parkinsons.org.uk/provider/isle-wight-branch,hello@parkinsons.org.uk,07542 032 078,Newclose County Cricket Ground,,provider,Parkinson's UK,"Newclose County Cricket Ground, Blackwater Rd, Newport, PO30 3BE",Newport,PO30 3BE,https://localsupport.parkinsons.org.uk/provider/isle-wight-branch,2026-03-27T07:44:50.802Z
parkinsons-uk,Parkinson's UK Local Support,localsupport.parkinsons.org.uk/provider/lewes-support-group,lewes-and-district-support-group-provider-bn7-2ah,Lewes and District Support Group,Exercise Class,"A friendly and welcoming group covering Lewes and outlying villages, Seaford, Newhaven and Peacehaven. Go to the bottom of this page and click More info to find out more about our regular activities. Contact us to see what else we are up to! We'd love to see you at one of our events, and welcome your friends and supporters to join us too. Please use the links below to find out more about other activities we run in partnership with third party organisations: Parkinson's Exercise Class, Seaford Parkinson's Table Tennis, Seaford","A friendly and welcoming group covering Lewes and outlying villages, Seaford, Newhaven and Peacehaven. Go to the bottom of this page and click More info to find out more about our regular activities. Contact us to see what else we are up to! We'd love to see you at one of our events, and welcome your friends and supporters to join us too. Please use the links below to find out more about other activities we run in partnership with third party organisations: Parkinson's Exercise Class, Seaford Parkinson's Table Tennis, Seaford Schedule: Monthly on the second Wednesday From 10:00 until 11:30. Location: Cliffe Hall Lewes, 23 Cliffe High Street, Lewes, BN7 2AH. Contacts available: Local Group Staff Contact, Parkinson’s UK Helpline.","Lewes, United Kingdom","Lewes, United Kingdom",United Kingdom,In-Person | Exercise | Wellbeing | Support | Parkinson's Care,,in-person,true,official_directory_import,0,0,https://localsupport.parkinsons.org.uk/provider/lewes-support-group,ebienz@parkinsons.org.uk,020 7963 3842,"Drop-in Cafe at The View, Seaford",,provider,Parkinson's UK,"Cliffe Hall Lewes, 23 Cliffe High Street, Lewes, BN7 2AH",Lewes,BN7 2AH,https://localsupport.parkinsons.org.uk/provider/lewes-support-group,2026-03-27T07:44:50.802Z
parkinsons-uk,Parkinson's UK Local Support,localsupport.parkinsons.org.uk/provider/maidstone-branch,maidstone-branch-provider-me15-6az,Maidstone Branch,Exercise Class,"Our group offers friendship and support locally to people with Parkinson’s, their families and carers, contact us to find out more. For information and advice on Parkinson's, or for emotional support, call the Parkinson's UK helpline on 0808 800 0303","Our group offers friendship and support locally to people with Parkinson’s, their families and carers, contact us to find out more. For information and advice on Parkinson's, or for emotional support, call the Parkinson's UK helpline on 0808 800 0303 Schedule: Monthly on the first Thursday From 14:30 until 16:30. Location: Maidstone Hockey Club, Armstrong Road, Maidstone, ME15 6AZ. Contacts available: Contact, Parkinson’s UK Helpline.","Maidstone, United Kingdom","Maidstone, United Kingdom",United Kingdom,In-Person | Support | Exercise | Parkinson's Care,,in-person,true,official_directory_import,0,0,https://localsupport.parkinsons.org.uk/provider/maidstone-branch,thistlethwaite1ar@btinternet.com,01622 859608,Maidstone Hockey Club,,provider,Parkinson's UK,"Maidstone Hockey Club, Armstrong Road, Maidstone, ME15 6AZ",Maidstone,ME15 6AZ,https://localsupport.parkinsons.org.uk/provider/maidstone-branch,2026-03-27T07:44:50.802Z
parkinsons-uk,Parkinson's UK Local Support,localsupport.parkinsons.org.uk/provider/medway-towns-branch,medway-towns-branch-provider-me4-6je,Medway Towns Branch,Exercise Class,"Our group offers friendship and support locally to people with Parkinson’s, their families and carers, contact us to find out more. For information and advice on Parkinson's, or for emotional support, call the Parkinson's UK helpline on 0808 800 0303","Our group offers friendship and support locally to people with Parkinson’s, their families and carers, contact us to find out more. For information and advice on Parkinson's, or for emotional support, call the Parkinson's UK helpline on 0808 800 0303 Schedule: Monthly on the fourth Saturday From 10:30 until 15:30. Location: St Stephen's Church Chatham, Maidstone Road, Chatham, ME4 6JE. Contacts available: Parkinson’s UK Helpline, Contact.","Chatham, United Kingdom","Chatham, United Kingdom",United Kingdom,In-Person | Support | Exercise | Wellbeing | Parkinson's Care,,in-person,true,official_directory_import,0,0,https://localsupport.parkinsons.org.uk/provider/medway-towns-branch,hello@parkinsons.org.uk,0808 800 0303,St Stephen's Church Chatham,,provider,Parkinson's UK,"St Stephen's Church Chatham, Maidstone Road, Chatham, ME4 6JE",Chatham,ME4 6JE,https://localsupport.parkinsons.org.uk/provider/medway-towns-branch,2026-03-27T07:44:50.802Z
parkinsons-uk,Parkinson's UK Local Support,localsupport.parkinsons.org.uk/provider/mid-sussex-branch,mid-sussex-branch-provider-rh17-7qg,Mid Sussex Branch,Exercise Class,"Our group offers friendship and support locally to people with Parkinson’s, their families and carers, contact us to find out more. For information and advice on Parkinson's, or for emotional support, call the Parkinson's UK helpline on 0808 800 0303","Our group offers friendship and support locally to people with Parkinson’s, their families and carers, contact us to find out more. For information and advice on Parkinson's, or for emotional support, call the Parkinson's UK helpline on 0808 800 0303 Schedule: Monthly on the third Friday From 14:30 until 16:30. Location: Wivelsfield Green Village Hall, Eastern Road, Wivelsfield, RH17 7QG. Contacts available: Contact, Parkinson’s UK Helpline.","Wivelsfield, United Kingdom","Wivelsfield, United Kingdom",United Kingdom,In-Person | Support | Exercise | Parkinson's Care,,in-person,true,official_directory_import,0,0,https://localsupport.parkinsons.org.uk/provider/mid-sussex-branch,hello@parkinsons.org.uk,07976 753 272,Wivelsfield Green Village Hall,,provider,Parkinson's UK,"Wivelsfield Green Village Hall, Eastern Road, Wivelsfield, RH17 7QG",Wivelsfield,RH17 7QG,https://localsupport.parkinsons.org.uk/provider/mid-sussex-branch,2026-03-27T07:44:50.802Z
parkinsons-uk,Parkinson's UK Local Support,localsupport.parkinsons.org.uk/provider/milton-keynes-support-group,milton-keynes-support-group-provider-mk9-3bj,Milton Keynes Support Group,Exercise Class,"Our group offers friendship and support locally to people with Parkinson’s, their families and carers, contact us to find out more. Find us on Facebook, here: https://www.facebook.com/groups/271879162086690/For information and advice on Parkinson's, or for emotional support, call the Parkinson's UK helpline on 0808 800 0303","Our group offers friendship and support locally to people with Parkinson’s, their families and carers, contact us to find out more. Find us on Facebook, here: https://www.facebook.com/groups/271879162086690/For information and advice on Parkinson's, or for emotional support, call the Parkinson's UK helpline on 0808 800 0303 Schedule: Monthly on the last Wednesday From 14:00 until 15:30. Location: Centrecom Ltd, 602 North Row, Milton Keynes, MK9 3BJ. Contacts available: Local Group Staff Contact, Parkinson’s UK Helpline.","Milton Keynes, United Kingdom","Milton Keynes, United Kingdom",United Kingdom,In-Person | Support | Exercise | Parkinson's Care,,in-person,true,official_directory_import,0,0,https://localsupport.parkinsons.org.uk/provider/milton-keynes-support-group,zsole@parkinsons.org.uk,0344 225 3744,Centrecom Ltd,,provider,Parkinson's UK,"Centrecom Ltd, 602 North Row, Milton Keynes, MK9 3BJ",Milton Keynes,MK9 3BJ,https://localsupport.parkinsons.org.uk/provider/milton-keynes-support-group,2026-03-27T07:44:50.802Z
parkinsons-uk,Parkinson's UK Local Support,localsupport.parkinsons.org.uk/provider/new-forest-branch,new-forest-branch-provider-so41-5qg,New Forest Branch,Support Group,"Our group offers friendship and support locally to people with Parkinson’s, their families and carers, contact us to find out more. For information and advice on Parkinson's, or for emotional support, call the Parkinson's UK helpline on 0808 800 0303","Our group offers friendship and support locally to people with Parkinson’s, their families and carers, contact us to find out more. For information and advice on Parkinson's, or for emotional support, call the Parkinson's UK helpline on 0808 800 0303 Schedule: Monthly on the third Thursday From 14:00 until 16:00. Location: Boldre Memorial Hall Pilley, Pilley Street, Pilley, SO41 5QG. Contacts available: Local Group Staff Contact, Parkinson’s UK Helpline.","Pilley, United Kingdom","Pilley, United Kingdom",United Kingdom,In-Person | Support | Support Group | Parkinson's Care,,in-person,true,official_directory_import,0,0,https://localsupport.parkinsons.org.uk/provider/new-forest-branch,jltaylor@parkinsons.org.uk,0344 225 3744,Boldre Memorial Hall Pilley,,provider,Parkinson's UK,"Boldre Memorial Hall Pilley, Pilley Street, Pilley, SO41 5QG",Pilley,SO41 5QG,https://localsupport.parkinsons.org.uk/provider/new-forest-branch,2026-03-27T07:44:50.802Z
parkinsons-uk,Parkinson's UK Local Support,localsupport.parkinsons.org.uk/provider/oxford-and-district-branch,oxford-and-district-branch-provider-ox2-9th,Oxford and District Branch,Exercise Class,"Our group offers friendship and support locally to people with Parkinson’s, their families and carers, contact us to find out more.For information and advice on Parkinson's, or for emotional support, call the Parkinson's UK helpline on 0808 800 0303 You are welcome to visit our website for more information about our group just click on the website button.","Our group offers friendship and support locally to people with Parkinson’s, their families and carers, contact us to find out more.For information and advice on Parkinson's, or for emotional support, call the Parkinson's UK helpline on 0808 800 0303 You are welcome to visit our website for more information about our group just click on the website button. Schedule: Monthly on the first Tuesday From 13:30 until 15:30. Location: Seacourt Hall, 3 Church Way, Oxford, OX2 9TH. Contacts available: Contact, Parkinson’s UK Helpline.","Oxford, United Kingdom","Oxford, United Kingdom",United Kingdom,In-Person | Exercise | Support | Parkinson's Care,,in-person,true,official_directory_import,0,0,https://localsupport.parkinsons.org.uk/provider/oxford-and-district-branch,info@oxfordparkinsons.org.uk,0300 772 7003,Dean Court Community Centre Oxford,,provider,Parkinson's UK,"Seacourt Hall, 3 Church Way, Oxford, OX2 9TH",Oxford,OX2 9TH,https://localsupport.parkinsons.org.uk/provider/oxford-and-district-branch,2026-03-27T07:44:50.802Z
parkinsons-uk,Parkinson's UK Local Support,localsupport.parkinsons.org.uk/provider/portsmouth-working-age-group,portsmouth-working-age-group-provider-po2-9qa,Portsmouth Working Age Group,Exercise Class,"Our group offers friendship and support locally to people with Parkinson’s, their families and carers, contact us to find out more. For information and advice on Parkinson's, or for emotional support, call the Parkinson's UK helpline on 0808 800 0303","Our group offers friendship and support locally to people with Parkinson’s, their families and carers, contact us to find out more. For information and advice on Parkinson's, or for emotional support, call the Parkinson's UK helpline on 0808 800 0303 Schedule: Weekly every Friday From 10:00 until 12:00. Location: Mountbatten Centre - Portsmouth, Alexandra Park, Portsmouth, PO2 9QA. Contacts available: Local Group Staff Contact, Parkinson’s UK Helpline.","Portsmouth, United Kingdom","Portsmouth, United Kingdom",United Kingdom,In-Person | Exercise | Parkinson's Care,,in-person,true,official_directory_import,0,0,https://localsupport.parkinsons.org.uk/provider/portsmouth-working-age-group,jltaylor@parkinsons.org.uk,0344 225 3744,Mountbatten Centre - Portsmouth,,provider,Parkinson's UK,"Mountbatten Centre - Portsmouth, Alexandra Park, Portsmouth, PO2 9QA",Portsmouth,PO2 9QA,https://localsupport.parkinsons.org.uk/provider/portsmouth-working-age-group,2026-03-27T07:44:50.802Z
parkinsons-uk,Parkinson's UK Local Support,localsupport.parkinsons.org.uk/provider/reading-branch,reading-branch-provider-rg6-7da,Reading Branch,Support Group,"Our group offers friendship and support locally to people with Parkinson’s, their families and carers, contact us to find out more. For information and advice on Parkinson's, or for emotional support, call the Parkinson's UK helpline on 0808 800 0303","Our group offers friendship and support locally to people with Parkinson’s, their families and carers, contact us to find out more. For information and advice on Parkinson's, or for emotional support, call the Parkinson's UK helpline on 0808 800 0303 Schedule: Monthly on the first Wednesday From 14:15 until 16:00. Location: Our Lady of Peace Church Hall - Reading, 338 Wokingham Road, Reading, RG6 7DA. Contacts available: Local Group Staff Contact, Parkinson’s UK Helpline.","Reading, United Kingdom","Reading, United Kingdom",United Kingdom,In-Person | Support | Wellbeing | Support Group | Parkinson's Care,,in-person,true,official_directory_import,0,0,https://localsupport.parkinsons.org.uk/provider/reading-branch,zsole@parkinsons.org.uk,0808 800 0303,Our Lady of Peace Church Hall - Reading,,provider,Parkinson's UK,"Our Lady of Peace Church Hall - Reading, 338 Wokingham Road, Reading, RG6 7DA",Reading,RG6 7DA,https://localsupport.parkinsons.org.uk/provider/reading-branch,2026-03-27T07:44:50.802Z
parkinsons-uk,Parkinson's UK Local Support,localsupport.parkinsons.org.uk/provider/reigate-support-group,reigate-support-group-provider-rh2-7ls,Reigate Support Group,Support Group,"Our group offers friendship and support locally to people with Parkinson’s, their families and carers To find out more about our group, please visit our website www.parkinsonsukreigate.org or contact us. For information and advice on Parkinson's, or for emotional support, call the Parkinson's UK helpline on 0808 800 0303","Our group offers friendship and support locally to people with Parkinson’s, their families and carers To find out more about our group, please visit our website www.parkinsonsukreigate.org or contact us. For information and advice on Parkinson's, or for emotional support, call the Parkinson's UK helpline on 0808 800 0303 Schedule: Monthly on the third Thursday From 14:00 until 16:00. Location: The Woodhatch Centre - Reigate, Whitebeam Drive, Reigate, RH2 7LS. Contacts available: Local Group Staff Contact, Parkinson’s UK Helpline.","Reigate, United Kingdom","Reigate, United Kingdom",United Kingdom,In-Person | Support | Support Group | Parkinson's Care,,in-person,true,official_directory_import,0,0,https://localsupport.parkinsons.org.uk/provider/reigate-support-group,zsole@parkinsons.org.uk,020 7963 3777,The Woodhatch Centre - Reigate,,provider,Parkinson's UK,"The Woodhatch Centre - Reigate, Whitebeam Drive, Reigate, RH2 7LS",Reigate,RH2 7LS,https://localsupport.parkinsons.org.uk/provider/reigate-support-group,2026-03-27T07:44:50.802Z
parkinsons-uk,Parkinson's UK Local Support,localsupport.parkinsons.org.uk/provider/sevenoaks-branch,sevenoaks-branch-provider-tn13-3ux,Sevenoaks Branch,Support Group,"Our group offers friendship and support locally to people with Parkinson’s, their families and carers, contact us to find out more. For information and advice on Parkinson's, or for emotional support, call the Parkinson's UK helpline on 0808 800 0303","Our group offers friendship and support locally to people with Parkinson’s, their families and carers, contact us to find out more. For information and advice on Parkinson's, or for emotional support, call the Parkinson's UK helpline on 0808 800 0303 Schedule: Monthly on the second Wednesday From 14:00 until 16:00. Location: Sevenoaks Indoor Bowls Centre, Hollybush Close, Sevenoaks, TN13 3UX. Contacts available: Contact, Parkinson’s UK Helpline.","Sevenoaks, United Kingdom","Sevenoaks, United Kingdom",United Kingdom,In-Person | Support | Support Group | Parkinson's Care,,in-person,true,official_directory_import,0,0,https://localsupport.parkinsons.org.uk/provider/sevenoaks-branch,secretarypuksevenoaks@gmail.com,0808 800 0303,Sevenoaks Indoor Bowls Centre,,provider,Parkinson's UK,"Sevenoaks Indoor Bowls Centre, Hollybush Close, Sevenoaks, TN13 3UX",Sevenoaks,TN13 3UX,https://localsupport.parkinsons.org.uk/provider/sevenoaks-branch,2026-03-27T07:44:50.802Z
parkinsons-uk,Parkinson's UK Local Support,localsupport.parkinsons.org.uk/provider/sittingbourne-and-sheppey-branch,sittingbourne-and-sheppey-branch-provider-me10-1eb,Sittingbourne and Sheppey Branch,Exercise Class,"We are a friendly group and welcome all those affected by Parkinson's. We hold various activities, events and outings throughout the year. We also meet once a month for lunch at various restaurants, please contact us for the location.","We are a friendly group and welcome all those affected by Parkinson's. We hold various activities, events and outings throughout the year. We also meet once a month for lunch at various restaurants, please contact us for the location. Schedule: 21/05/2026 From 11:00 until 12:30 16/07/2026 From 11:00 until 12:30 17/09/2026 From 11:00 until 12:30 19/11/2026 From 11:00 until 12:30 | 21/05/2026 From 11:00 until 12:30 | 16/07/2026 From 11:00 until 12:30 | 17/09/2026 From 11:00 until 12:30 | 19/11/2026 From 11:00 until 12:30. Location: Masonic Hall Sittingbourne, 7 Albany Road, Sittingbourne, ME10 1EB. Contacts available: Contact, Parkinson’s UK Helpline.","Sittingbourne, United Kingdom","Sittingbourne, United Kingdom",United Kingdom,In-Person | Exercise | Support | Parkinson's Care,,in-person,true,official_directory_import,0,0,https://localsupport.parkinsons.org.uk/provider/sittingbourne-and-sheppey-branch,winston21558@gmail.com,0789 626 6271,Rumour Cafe,,provider,Parkinson's UK,"Masonic Hall Sittingbourne, 7 Albany Road, Sittingbourne, ME10 1EB",Sittingbourne,ME10 1EB,https://localsupport.parkinsons.org.uk/provider/sittingbourne-and-sheppey-branch,2026-03-27T07:44:50.803Z
parkinsons-uk,Parkinson's UK Local Support,localsupport.parkinsons.org.uk/provider/slough-windsor-and-maidenhead-branch,slough-windsor-and-maidenhead-branch-provider-sl1-7hr,"Slough, Windsor and Maidenhead Branch",Exercise Class,"Our group offers friendship and support locally to people with Parkinson’s, their families and carers, contact us to find out more. For information and advice on Parkinson's, or for emotional support, call the Parkinson's UK helpline on 0808 800 0303","Our group offers friendship and support locally to people with Parkinson’s, their families and carers, contact us to find out more. For information and advice on Parkinson's, or for emotional support, call the Parkinson's UK helpline on 0808 800 0303 Schedule: Monthly on the second Wednesday From 13:30 until 15:00. Location: Burnham Park Hall, Windsor Lane, Burnham, SL1 7HR. Contacts available: Local Group Staff Contact, Parkinson’s UK Helpline.","Burnham, United Kingdom","Burnham, United Kingdom",United Kingdom,In-Person | Support | Exercise | Parkinson's Care,,in-person,true,official_directory_import,0,0,https://localsupport.parkinsons.org.uk/provider/slough-windsor-and-maidenhead-branch,zsole@parkinsons.org.uk,0808 800 0303,Burnham Park Hall,,provider,Parkinson's UK,"Burnham Park Hall, Windsor Lane, Burnham, SL1 7HR",Burnham,SL1 7HR,https://localsupport.parkinsons.org.uk/provider/slough-windsor-and-maidenhead-branch,2026-03-27T07:44:50.803Z
parkinsons-uk,Parkinson's UK Local Support,localsupport.parkinsons.org.uk/provider/southampton-branch,southampton-branch-provider-so15-2lu,Southampton Branch,Exercise Class,"Our group offers friendship and support locally to people with Parkinson’s, their families and carers, contact us to find out more. For information and advice on Parkinson's, or for emotional support, call the Parkinson's UK helpline on 0808 800 0303","Our group offers friendship and support locally to people with Parkinson’s, their families and carers, contact us to find out more. For information and advice on Parkinson's, or for emotional support, call the Parkinson's UK helpline on 0808 800 0303 Schedule: Monthly on the second Tuesday From 14:00 until 15:30. Location: St Mark's Church Hall Southampton, Archers Road, Southampton, SO15 2LU. Contacts available: Local Group Staff Contact, Parkinson’s UK Helpline.","Southampton, United Kingdom","Southampton, United Kingdom",United Kingdom,In-Person | Support | Virtual | Exercise | Wellbeing | Parkinson's Care,,hybrid,true,official_directory_import,0,0,https://localsupport.parkinsons.org.uk/provider/southampton-branch,jltaylor@parkinsons.org.uk,0344 225 3744,St Mark's Church Hall Southampton,,provider,Parkinson's UK,"St Mark's Church Hall Southampton, Archers Road, Southampton, SO15 2LU",Southampton,SO15 2LU,https://localsupport.parkinsons.org.uk/provider/southampton-branch,2026-03-27T07:44:50.803Z
parkinsons-uk,Parkinson's UK Local Support,localsupport.parkinsons.org.uk/provider/spelthorne-parkies,spelthorne-parkies-provider-tw18-1aj,Spelthorne Parkies,Support Group,"Our group offers friendship and support locally to people with Parkinson’s, their families and carers, contact us to find out more. For information and advice on Parkinson's, or for emotional support, call the Parkinson's UK helpline on 0808 800 0303","Our group offers friendship and support locally to people with Parkinson’s, their families and carers, contact us to find out more. For information and advice on Parkinson's, or for emotional support, call the Parkinson's UK helpline on 0808 800 0303 Schedule: Get in touch for more information.. Location: Eclipse Leisure Centre, Knowle Green, Staines, TW18 1AJ. Contacts available: Local Group Staff Contact, Parkinson’s UK Helpline.","Staines, United Kingdom","Staines, United Kingdom",United Kingdom,In-Person | Support | Support Group | Parkinson's Care,,in-person,true,official_directory_import,0,0,https://localsupport.parkinsons.org.uk/provider/spelthorne-parkies,zsole@parkinsons.org.uk,020 7963 3777,Eclipse Leisure Centre,,provider,Parkinson's UK,"Eclipse Leisure Centre, Knowle Green, Staines, TW18 1AJ",Staines,TW18 1AJ,https://localsupport.parkinsons.org.uk/provider/spelthorne-parkies,2026-03-27T07:44:50.803Z
parkinsons-uk,Parkinson's UK Local Support,localsupport.parkinsons.org.uk/provider/staines-branch,staines-support-group-provider-tw18-1rz,Staines Support Group,Support Group,"Our group offers friendship and support locally to people with Parkinson’s, their families and carers, contact us to find out more. For information and advice on Parkinson's, or for emotional support, call the Parkinson's UK helpline on 0808 800 0303","Our group offers friendship and support locally to people with Parkinson’s, their families and carers, contact us to find out more. For information and advice on Parkinson's, or for emotional support, call the Parkinson's UK helpline on 0808 800 0303 Schedule: Monthly on the fourth Wednesday From 16:00 until 18:00. Location: The Lucan Pavilion, The Broadway, Laleham, TW18 1RZ. Contacts available: Local Group Staff Contact, Parkinson’s UK Helpline.","Laleham, United Kingdom","Laleham, United Kingdom",United Kingdom,In-Person | Support | Support Group | Parkinson's Care,,in-person,true,official_directory_import,0,0,https://localsupport.parkinsons.org.uk/provider/staines-branch,zsole@parkinsons.org.uk,07842449295,The Lucan Pavilion,,provider,Parkinson's UK,"The Lucan Pavilion, The Broadway, Laleham, TW18 1RZ",Laleham,TW18 1RZ,https://localsupport.parkinsons.org.uk/provider/staines-branch,2026-03-27T07:44:50.803Z
parkinsons-uk,Parkinson's UK Local Support,localsupport.parkinsons.org.uk/provider/thanet-branch,thanet-branch-provider-ct9-1nr,Thanet Branch,Exercise Class,"Our group offers friendship and support locally to people with Parkinson’s, their families and carers, contact us to find out more. For information and advice on Parkinson's, or for emotional support, call the Parkinson's UK helpline on 0808 800 0303","Our group offers friendship and support locally to people with Parkinson’s, their families and carers, contact us to find out more. For information and advice on Parkinson's, or for emotional support, call the Parkinson's UK helpline on 0808 800 0303 Schedule: Weekly every Friday From 13:45 until 15:45. Location: Union Church Margate, Union Crescent, Margate, CT9 1NR. Contacts available: Contact, Parkinson’s UK Helpline.","Margate, United Kingdom","Margate, United Kingdom",United Kingdom,In-Person | Support | Exercise | Parkinson's Care,,in-person,true,official_directory_import,0,0,https://localsupport.parkinsons.org.uk/provider/thanet-branch,adouglashamilton@aol.com,01843 842985,Union Church Margate,,provider,Parkinson's UK,"Union Church Margate, Union Crescent, Margate, CT9 1NR",Margate,CT9 1NR,https://localsupport.parkinsons.org.uk/provider/thanet-branch,2026-03-27T07:44:50.803Z
parkinsons-uk,Parkinson's UK Local Support,localsupport.parkinsons.org.uk/provider/tunbridge-wells-and-district-branch,tunbridge-wells-and-district-branch-provider-tn2-3te,Tunbridge Wells and District Branch,Exercise Class,"Our group offers friendship and support locally to people with Parkinson’s, their families and carers, contact us to find out more. For information and advice on Parkinson's, or for emotional support, call the Parkinson's UK helpline on 0808 800 0303","Our group offers friendship and support locally to people with Parkinson’s, their families and carers, contact us to find out more. For information and advice on Parkinson's, or for emotional support, call the Parkinson's UK helpline on 0808 800 0303 Schedule: Monthly on the first Wednesday From 11:00 until 13:00. Location: St Philip's Church, Tunbridge Wells, St Philip's Church Hall, Tunbridge Wells, TN2 3TE. Contacts available: Parkinson’s UK Helpline, Contact.","Tunbridge Wells, United Kingdom","Tunbridge Wells, United Kingdom",United Kingdom,In-Person | Support | Exercise | Parkinson's Care,,in-person,true,official_directory_import,0,0,https://localsupport.parkinsons.org.uk/provider/tunbridge-wells-and-district-branch,hello@parkinsons.org.uk,0808 800 0303,"St Philip's Church, Tunbridge Wells",,provider,Parkinson's UK,"St Philip's Church, Tunbridge Wells, St Philip's Church Hall, Tunbridge Wells, TN2 3TE",Tunbridge Wells,TN2 3TE,https://localsupport.parkinsons.org.uk/provider/tunbridge-wells-and-district-branch,2026-03-27T07:44:50.803Z
parkinsons-uk,Parkinson's UK Local Support,localsupport.parkinsons.org.uk/provider/winchester-branch,winchester-branch-provider-so23-7pj,Winchester Branch,Support Group,"Our group offers friendship and support locally to people with Parkinson’s, their families and carers, contact us to find out more. For information and advice on Parkinson's, or for emotional support, call the Parkinson's UK helpline on 0808 800 0303","Our group offers friendship and support locally to people with Parkinson’s, their families and carers, contact us to find out more. For information and advice on Parkinson's, or for emotional support, call the Parkinson's UK helpline on 0808 800 0303 Schedule: Monthly on the fourth Tuesday From 14:00 until 16:00. Location: Tubbs Hall Kingsworthy, Fraser Road, Kingsworthy, SO23 7PJ. Contacts available: Local Group Staff Contact, Parkinson’s UK Helpline.","Kingsworthy, United Kingdom","Kingsworthy, United Kingdom",United Kingdom,In-Person | Support | Virtual | Wellbeing | Support Group | Parkinson's Care,,hybrid,true,official_directory_import,0,0,https://localsupport.parkinsons.org.uk/provider/winchester-branch,jltaylor@parkinsons.org.uk,0344 225 3744,Tubbs Hall Kingsworthy,,provider,Parkinson's UK,"Tubbs Hall Kingsworthy, Fraser Road, Kingsworthy, SO23 7PJ",Kingsworthy,SO23 7PJ,https://localsupport.parkinsons.org.uk/provider/winchester-branch,2026-03-27T07:44:50.803Z
parkinsons-uk,Parkinson's UK Local Support,localsupport.parkinsons.org.uk/provider/woking-and-weybridge-branch,woking-and-weybridge-branch-provider-kt15-3nd,Woking and Weybridge Branch,Exercise Class,"Our group offers friendship and support locally to people with Parkinson’s, their families and carers, contact us to find out more. For information and advice on Parkinson's, or for emotional support, call the Parkinson's UK helpline on 0808 800 0303","Our group offers friendship and support locally to people with Parkinson’s, their families and carers, contact us to find out more. For information and advice on Parkinson's, or for emotional support, call the Parkinson's UK helpline on 0808 800 0303 Schedule: Monthly on the fourth Thursday From 19:30 until 21:30. Location: New Haw Community Centre, 65 Woodham Lane, New Haw, KT15 3ND. Contacts available: Local Group Staff Contact, Parkinson’s UK Helpline.","New Haw, United Kingdom","New Haw, United Kingdom",United Kingdom,In-Person | Exercise | Wellbeing | Support | Parkinson's Care,,in-person,true,official_directory_import,0,0,https://localsupport.parkinsons.org.uk/provider/woking-and-weybridge-branch,zsole@parkinsons.org.uk,020 7963 3777,"St Mary's Day Centre, Byfleet",,provider,Parkinson's UK,"New Haw Community Centre, 65 Woodham Lane, New Haw, KT15 3ND",New Haw,KT15 3ND,https://localsupport.parkinsons.org.uk/provider/woking-and-weybridge-branch,2026-03-27T07:44:50.803Z
parkinsons-uk,Parkinson's UK Local Support,localsupport.parkinsons.org.uk/provider/worthing-and-district-branch,worthing-and-district-branch-provider-bn12-4xb,Worthing and District Branch,Support Group,"Our group offers friendship and support locally to people with Parkinson’s, their families and carers, contact us to find out more. For information and advice on Parkinson's, or for emotional support, call the Parkinson's UK helpline on 0808 800 0303","Our group offers friendship and support locally to people with Parkinson’s, their families and carers, contact us to find out more. For information and advice on Parkinson's, or for emotional support, call the Parkinson's UK helpline on 0808 800 0303 Schedule: Monthly on the last Saturday From 10:00 until 15:00. Location: Bury Drive Methodist Church Hall, Goring, Bury Drive, Goring, BN12 4XB. Contacts available: Local Group Staff Contact, Parkinson’s UK Helpline.","Goring, United Kingdom","Goring, United Kingdom",United Kingdom,In-Person | Support | Support Group | Parkinson's Care,,in-person,true,official_directory_import,0,0,https://localsupport.parkinsons.org.uk/provider/worthing-and-district-branch,jltaylor@parkinsons.org.uk,0344 225 3744,"Bury Drive Methodist Church Hall, Goring",,provider,Parkinson's UK,"Bury Drive Methodist Church Hall, Goring, Bury Drive, Goring, BN12 4XB",Goring,BN12 4XB,https://localsupport.parkinsons.org.uk/provider/worthing-and-district-branch,2026-03-27T07:44:50.803Z
parkinsons-uk,Parkinson's UK Local Support,localsupport.parkinsons.org.uk/provider/basingstoke-activity-group,basingstoke-activity-group-provider-rg21-3dd,Basingstoke Activity Group,Support Group,"Our group offers friendship and support locally to people with Parkinson’s, their families and carers, contact us to find out more. For information and advice on Parkinson's, or for emotional support, call the Parkinson's UK helpline on 0808 800 0303","Our group offers friendship and support locally to people with Parkinson’s, their families and carers, contact us to find out more. For information and advice on Parkinson's, or for emotional support, call the Parkinson's UK helpline on 0808 800 0303 Schedule: Get in touch for more information.. Location: Basingstoke Conservative Club, The Mount, Basingstoke, RG21 3DD. Contacts available: Local Group Staff Contact, Parkinson’s UK Helpline.","Basingstoke, United Kingdom","Basingstoke, United Kingdom",United Kingdom,In-Person | Support | Support Group | Parkinson's Care,,in-person,true,official_directory_import,0,0,https://localsupport.parkinsons.org.uk/provider/basingstoke-activity-group,jltaylor@parkinsons.org.uk,0344 225 3744,Basingstoke Conservative Club,,provider,Parkinson's UK,"Basingstoke Conservative Club, The Mount, Basingstoke, RG21 3DD",Basingstoke,RG21 3DD,https://localsupport.parkinsons.org.uk/provider/basingstoke-activity-group,2026-03-27T07:44:50.803Z
parkinsons-uk,Parkinson's UK Local Support,localsupport.parkinsons.org.uk/provider/bath-and-district-branch,bath-and-district-branch-provider-ba11-1eb,Bath and District Branch,Support Group,"Our group offers friendship and support locally to people with Parkinson’s, their families and carers, contact us to find out more. For information and advice on Parkinson's, or for emotional support, call the Parkinson's UK helpline on 0808 800 0303","Our group offers friendship and support locally to people with Parkinson’s, their families and carers, contact us to find out more. For information and advice on Parkinson's, or for emotional support, call the Parkinson's UK helpline on 0808 800 0303 Schedule: Monthly on the third Monday From 14:00 until 16:00. Location: Frome Town Hall, Christchurch Street West, Frome, BA11 1EB. Contacts available: Local Group Staff Contact, Parkinson’s UK Helpline.","Frome, United Kingdom","Frome, United Kingdom",United Kingdom,In-Person | Support | Support Group | Parkinson's Care,,in-person,true,official_directory_import,0,0,https://localsupport.parkinsons.org.uk/provider/bath-and-district-branch,cdenby@parkinsons.org.uk,020 7963 3731,Odd Down Sports Ground,,provider,Parkinson's UK,"Frome Town Hall, Christchurch Street West, Frome, BA11 1EB",Frome,BA11 1EB,https://localsupport.parkinsons.org.uk/provider/bath-and-district-branch,2026-03-27T07:44:50.803Z
parkinsons-uk,Parkinson's UK Local Support,localsupport.parkinsons.org.uk/provider/bridport-and-district-support-group,bridport-and-district-support-group-provider-dt6-5du,Bridport and District Support Group,Support Group,"Our group offers friendship and support locally to people with Parkinson’s, their families and carers, contact us to find out more. For information and advice on Parkinson's, or for emotional support, call the Parkinson's UK helpline on 0808 800 0303","Our group offers friendship and support locally to people with Parkinson’s, their families and carers, contact us to find out more. For information and advice on Parkinson's, or for emotional support, call the Parkinson's UK helpline on 0808 800 0303 Schedule: Monthly on the fourth Tuesday From 14:00 until 16:00. Location: St Swithun's Church Hall Bridport, North Allington, Bridport, DT6 5DU. Contacts available: Local Group Staff Contact, Parkinson’s UK Helpline.","Bridport, United Kingdom","Bridport, United Kingdom",United Kingdom,In-Person | Support | Support Group | Parkinson's Care,,in-person,true,official_directory_import,0,0,https://localsupport.parkinsons.org.uk/provider/bridport-and-district-support-group,cdenby@parkinsons.org.uk,020 7963 3731,St Swithun's Church Hall Bridport,,provider,Parkinson's UK,"St Swithun's Church Hall Bridport, North Allington, Bridport, DT6 5DU",Bridport,DT6 5DU,https://localsupport.parkinsons.org.uk/provider/bridport-and-district-support-group,2026-03-27T07:44:50.803Z
parkinsons-uk,Parkinson's UK Local Support,localsupport.parkinsons.org.uk/provider/bristol-and-district-branch,bristol-and-district-branch-provider-bs9-3ur,Bristol and District Branch,Support Group,"Our group offers friendship and support locally to people with Parkinson’s, their families and carers, contact us to find out more. For information and advice on Parkinson's, or for emotional support, call the Parkinson's UK helpline on 0808 800 0303","Our group offers friendship and support locally to people with Parkinson’s, their families and carers, contact us to find out more. For information and advice on Parkinson's, or for emotional support, call the Parkinson's UK helpline on 0808 800 0303 Schedule: Monthly on the first Saturday From 10:30 until 12:00. Location: Oatley House Westbury on Trym, St Monica Trust Cote Lane, Bristol, BS9 3UR. Contacts available: Local Group Staff Contact, Parkinson’s UK Helpline.","Bristol, United Kingdom","Bristol, United Kingdom",United Kingdom,In-Person | Support | Wellbeing | Support Group | Parkinson's Care,,in-person,true,official_directory_import,0,0,https://localsupport.parkinsons.org.uk/provider/bristol-and-district-branch,hspawls@parkinsons.org.uk,020 7963 3778,Oatley House Westbury on Trym,,provider,Parkinson's UK,"Oatley House Westbury on Trym, St Monica Trust Cote Lane, Bristol, BS9 3UR",Bristol,BS9 3UR,https://localsupport.parkinsons.org.uk/provider/bristol-and-district-branch,2026-03-27T07:44:50.803Z
parkinsons-uk,Parkinson's UK Local Support,localsupport.parkinsons.org.uk/provider/bude-and-district-support-group,bude-and-district-support-group-provider-ex23-8ld,Bude and District Support Group,Support Group,"Our group offers friendship and support locally to people with Parkinson’s, their families and carers, contact us to find out more. For information and advice on Parkinson's, or for emotional support, call the Parkinson's UK helpline on 0808 800 0303","Our group offers friendship and support locally to people with Parkinson’s, their families and carers, contact us to find out more. For information and advice on Parkinson's, or for emotional support, call the Parkinson's UK helpline on 0808 800 0303 Schedule: Monthly on the last Wednesday From 14:00 until 16:00. Location: The Parkhouse Centre, Ergue-Gaberic Way, Bude, EX23 8LD. Contacts available: Local Group Staff Contact, Parkinson’s UK Helpline.","Bude, United Kingdom","Bude, United Kingdom",United Kingdom,In-Person | Support | Support Group | Parkinson's Care,,in-person,true,official_directory_import,0,0,https://localsupport.parkinsons.org.uk/provider/bude-and-district-support-group,kwalters@parkinsons.org.uk,020 7963 9242,The Parkhouse Centre,,provider,Parkinson's UK,"The Parkhouse Centre, Ergue-Gaberic Way, Bude, EX23 8LD",Bude,EX23 8LD,https://localsupport.parkinsons.org.uk/provider/bude-and-district-support-group,2026-03-27T07:44:50.803Z
parkinsons-uk,Parkinson's UK Local Support,localsupport.parkinsons.org.uk/provider/burnham-sea-support-group,burnham-on-sea-support-group-provider-ta8-1ll,Burnham on Sea Support Group,Support Group,"Our group offers friendship and support locally to people with Parkinson’s, their families and carers, contact us to find out more. For information and advice on Parkinson's, or for emotional support, call the Parkinson's UK helpline on 0808 800 0303","Our group offers friendship and support locally to people with Parkinson’s, their families and carers, contact us to find out more. For information and advice on Parkinson's, or for emotional support, call the Parkinson's UK helpline on 0808 800 0303 Schedule: Monthly on the second Monday From 14:00 until 16:00. Location: The Catholic Church Hall - Burnham-on-Sea, Highbridge Road, Burnham-on-Sea, TA8 1LL. Contacts available: Local Group Staff Contact, Parkinson’s UK Helpline.","Burnham-on-Sea, United Kingdom","Burnham-on-Sea, United Kingdom",United Kingdom,In-Person | Support | Support Group | Parkinson's Care,,in-person,true,official_directory_import,0,0,https://localsupport.parkinsons.org.uk/provider/burnham-sea-support-group,cdenby@parkinsons.org.uk,020 7963 3731,The Catholic Church Hall - Burnham-on-Sea,,provider,Parkinson's UK,"The Catholic Church Hall - Burnham-on-Sea, Highbridge Road, Burnham-on-Sea, TA8 1LL",Burnham-on-Sea,TA8 1LL,https://localsupport.parkinsons.org.uk/provider/burnham-sea-support-group,2026-03-27T07:44:50.803Z
parkinsons-uk,Parkinson's UK Local Support,localsupport.parkinsons.org.uk/activity/cam-and-dursley-group-meeting,cam-and-dursley-group-meeting-activity-gl11-5ps,Cam and Dursley Group Meeting,Support Group,"We offer information, friendship and support to local people with Parkinson's, their families and carers. Come and join us for a chat with others and enjoy a cuppa on the third Thursday of the month. We don't meet in December as we have a Christmas meal! Please get in touch for more information.","We offer information, friendship and support to local people with Parkinson's, their families and carers. Come and join us for a chat with others and enjoy a cuppa on the third Thursday of the month. We don't meet in December as we have a Christmas meal! Please get in touch for more information. Schedule: Monthly on the third Thursday From 10:00 until 13:00. Location: Cam Parish Rooms, 4 Noel Lee Way, Dursley, GL11 5PS.","Dursley, United Kingdom","Dursley, United Kingdom",United Kingdom,In-Person | Support | Support Group | Parkinson's Care,,in-person,true,official_directory_import,0,0,https://localsupport.parkinsons.org.uk/activity/cam-and-dursley-group-meeting,,07710 714811,Cam Parish Rooms,,activity,Parkinson's UK,"Cam Parish Rooms, 4 Noel Lee Way, Dursley, GL11 5PS",Dursley,GL11 5PS,https://localsupport.parkinsons.org.uk/activity/cam-and-dursley-group-meeting,2026-03-27T07:44:50.804Z
parkinsons-uk,Parkinson's UK Local Support,localsupport.parkinsons.org.uk/provider/cheltenham-and-district-branch,cheltenham-and-district-branch-provider-gl51-8px,Cheltenham and District Branch,Exercise Class,"Our group offers friendship and support locally to people with Parkinson’s, their families and carers, contact us to find out more. For information and advice on Parkinson's, or for emotional support, call the Parkinson's UK helpline on 0808 800 0303","Our group offers friendship and support locally to people with Parkinson’s, their families and carers, contact us to find out more. For information and advice on Parkinson's, or for emotional support, call the Parkinson's UK helpline on 0808 800 0303 Schedule: Monthly on the last Tuesday From 14:00 until 15:30. Location: St. Mark's Methodist Church Cheltenham, Gloucester Road, Cheltenham, GL51 8PX. Contacts available: Local Group Staff Contact, Parkinson’s UK Helpline.","Cheltenham, United Kingdom","Cheltenham, United Kingdom",United Kingdom,In-Person | Support | Exercise | Parkinson's Care,,in-person,true,official_directory_import,0,0,https://localsupport.parkinsons.org.uk/provider/cheltenham-and-district-branch,hspawls@parkinsons.org.uk,020 7963 3778,St. Mark's Methodist Church Cheltenham,,provider,Parkinson's UK,"St. Mark's Methodist Church Cheltenham, Gloucester Road, Cheltenham, GL51 8PX",Cheltenham,GL51 8PX,https://localsupport.parkinsons.org.uk/provider/cheltenham-and-district-branch,2026-03-27T07:44:50.804Z
parkinsons-uk,Parkinson's UK Local Support,localsupport.parkinsons.org.uk/provider/christchurch-and-district-branch,christchurch-and-district-branch-provider-bh23-2rr,Christchurch and District Branch,Support Group,"Our group offers friendship and support locally to people with Parkinson’s, their families and carers, contact us to find out more. For information and advice on Parkinson's, or for emotional support, call the Parkinson's UK helpline on 0808 800 0303","Our group offers friendship and support locally to people with Parkinson’s, their families and carers, contact us to find out more. For information and advice on Parkinson's, or for emotional support, call the Parkinson's UK helpline on 0808 800 0303 Schedule: Monthly on the fourth Monday From 14:00 until 16:00. Location: St. Catherines Hill Community Hall - Christchurch, 17 Marlow Drive, Christchurch, BH23 2RR. Contacts available: Local Group Staff Contact, Parkinson’s UK Helpline.","Christchurch, United Kingdom","Christchurch, United Kingdom",United Kingdom,In-Person | Support | Support Group | Parkinson's Care,,in-person,true,official_directory_import,0,0,https://localsupport.parkinsons.org.uk/provider/christchurch-and-district-branch,cdenby@parkinsons.org.uk,020 7963 3731,St. Catherines Hill Community Hall - Christchurch,,provider,Parkinson's UK,"St. Catherines Hill Community Hall - Christchurch, 17 Marlow Drive, Christchurch, BH23 2RR",Christchurch,BH23 2RR,https://localsupport.parkinsons.org.uk/provider/christchurch-and-district-branch,2026-03-27T07:44:50.804Z
parkinsons-uk,Parkinson's UK Local Support,localsupport.parkinsons.org.uk/provider/cirencester-and-stroud-branch,cirencester-and-stroud-branch-provider-gl7-1ud,Cirencester and Stroud Branch,Support Group,"Our group offers friendship and support locally to people with Parkinson’s, their families and carers, contact us to find out more. For information and advice on Parkinson's, or for emotional support, call the Parkinson's UK helpline on 0808 800 0303","Our group offers friendship and support locally to people with Parkinson’s, their families and carers, contact us to find out more. For information and advice on Parkinson's, or for emotional support, call the Parkinson's UK helpline on 0808 800 0303 Schedule: Monthly on the third Monday From 14:00 until 16:00. Location: St Lawrence Church Hall, Cirencester, 33 Countess Lilias Road, Cirencester, GL7 1UD. Contacts available: Local Group Staff Contact, Parkinson’s UK Helpline.","Cirencester, United Kingdom","Cirencester, United Kingdom",United Kingdom,In-Person | Support | Support Group | Parkinson's Care,,in-person,true,official_directory_import,0,0,https://localsupport.parkinsons.org.uk/provider/cirencester-and-stroud-branch,hspawls@parkinsons.org.uk,020 7963 3778,"St Lawrence Church Hall, Cirencester",,provider,Parkinson's UK,"St Lawrence Church Hall, Cirencester, 33 Countess Lilias Road, Cirencester, GL7 1UD",Cirencester,GL7 1UD,https://localsupport.parkinsons.org.uk/provider/cirencester-and-stroud-branch,2026-03-27T07:44:50.804Z
parkinsons-uk,Parkinson's UK Local Support,localsupport.parkinsons.org.uk/provider/crewkerne-and-villages-support-group,crewkerne-and-villages-support-group-provider-ta16-5qh,Crewkerne and Villages Support Group,Support Group,"Our group offers friendship and support locally to people with Parkinson’s, their families and carers, contact us to find out more. For information and advice on Parkinson's, or for emotional support, call the Parkinson's UK helpline on 0808 800 0303","Our group offers friendship and support locally to people with Parkinson’s, their families and carers, contact us to find out more. For information and advice on Parkinson's, or for emotional support, call the Parkinson's UK helpline on 0808 800 0303 Schedule: Monthly on the third Wednesday From 10:30 until 12:00. Location: Merriott Village Hall, Broadway, Merriott, TA16 5QH. Contacts available: Local Group Staff Contact, Parkinson’s UK Helpline.","Merriott, United Kingdom","Merriott, United Kingdom",United Kingdom,In-Person | Support | Wellbeing | Support Group | Parkinson's Care,,in-person,true,official_directory_import,0,0,https://localsupport.parkinsons.org.uk/provider/crewkerne-and-villages-support-group,cdenby@parkinsons.org.uk,020 7963 3731,Merriott Village Hall,,provider,Parkinson's UK,"Merriott Village Hall, Broadway, Merriott, TA16 5QH",Merriott,TA16 5QH,https://localsupport.parkinsons.org.uk/provider/crewkerne-and-villages-support-group,2026-03-27T07:44:50.804Z
parkinsons-uk,Parkinson's UK Local Support,localsupport.parkinsons.org.uk/provider/cullompton-support-group,cullompton-support-group-provider-ex15-2pl,Cullompton Support Group,Support Group,"Our group offers friendship and support locally to people with Parkinson’s, their families and carers, contact us to find out more.","Our group offers friendship and support locally to people with Parkinson’s, their families and carers, contact us to find out more. Schedule: Monthly on the third Wednesday From 13:00 until 15:00. Location: Willand Health & Community Centre, Collumpton, EX15 2PL. Contacts available: Local Group Staff Contact, Parkinson's UK Helpline.","Collumpton, United Kingdom","Collumpton, United Kingdom",United Kingdom,In-Person | Support | Support Group | Parkinson's Care,,in-person,true,official_directory_import,0,0,https://localsupport.parkinsons.org.uk/provider/cullompton-support-group,hworth@parkinsons.org.uk,07955 273 654,Willand Health & Community Centre,,provider,Parkinson's UK,"Willand Health & Community Centre, Collumpton, EX15 2PL",Collumpton,EX15 2PL,https://localsupport.parkinsons.org.uk/provider/cullompton-support-group,2026-03-27T07:44:50.804Z
parkinsons-uk,Parkinson's UK Local Support,localsupport.parkinsons.org.uk/provider/east-devon-support-group,east-devon-support-group-provider-ex10-0na,East Devon Support Group,Exercise Class,"Our group offers friendship and support locally to people with Parkinson’s, their families and carers, contact us to find out more. For information and advice on Parkinson's, or for emotional support, call the Parkinson's UK helpline on 0808 800 0303","Our group offers friendship and support locally to people with Parkinson’s, their families and carers, contact us to find out more. For information and advice on Parkinson's, or for emotional support, call the Parkinson's UK helpline on 0808 800 0303 Schedule: Get in touch for more information.. Location: Kings Garden Centre Sidmouth, Stowford Cross, Sidmouth, EX10 0NA. Contacts available: Local Group Staff Contact, Parkinson’s UK Helpline.","Sidmouth, United Kingdom","Sidmouth, United Kingdom",United Kingdom,In-Person | Support | Exercise | Parkinson's Care,,in-person,true,official_directory_import,0,0,https://localsupport.parkinsons.org.uk/provider/east-devon-support-group,kwalters@parkinsons.org.uk,020 7963 9242,East Budleigh Village Hall,,provider,Parkinson's UK,"Kings Garden Centre Sidmouth, Stowford Cross, Sidmouth, EX10 0NA",Sidmouth,EX10 0NA,https://localsupport.parkinsons.org.uk/provider/east-devon-support-group,2026-03-27T07:44:50.804Z
parkinsons-uk,Parkinson's UK Local Support,localsupport.parkinsons.org.uk/provider/east-dorset-branch,east-dorset-branch-provider-bh22-9eu,East Dorset Branch,Exercise Class,"Our group offers friendship and support locally to people with Parkinson’s, their families and carers, contact us to find out more. For more information, please visit our website: https://www.edparkinsons.co.uk/For information and advice on Parkinson's, or for emotional support, call the Parkinson's UK helpline on 0808 800 0303","Our group offers friendship and support locally to people with Parkinson’s, their families and carers, contact us to find out more. For more information, please visit our website: https://www.edparkinsons.co.uk/For information and advice on Parkinson's, or for emotional support, call the Parkinson's UK helpline on 0808 800 0303 Schedule: Monthly on the third Thursday From 14:00 until 16:00. Location: St Mary's Church - Ferndown, Church Road, Ferndown, BH22 9EU. Contacts available: Contact, Parkinson’s UK Helpline.","Ferndown, United Kingdom","Ferndown, United Kingdom",United Kingdom,In-Person | Support | Exercise | Parkinson's Care,,in-person,true,official_directory_import,0,0,https://localsupport.parkinsons.org.uk/provider/east-dorset-branch,cdenby@parkinsons.org.uk,020 7963 3731,St Mary's Church - Ferndown,,provider,Parkinson's UK,"St Mary's Church - Ferndown, Church Road, Ferndown, BH22 9EU",Ferndown,BH22 9EU,https://localsupport.parkinsons.org.uk/provider/east-dorset-branch,2026-03-27T07:44:50.804Z
parkinsons-uk,Parkinson's UK Local Support,localsupport.parkinsons.org.uk/provider/gloucester-support-group,gloucester-support-group-provider-gl2-9eb,Gloucester Support Group,Support Group,"Our group offers friendship and support locally to people with Parkinson’s, their families and carers, contact us to find out more. For information and advice on Parkinson's, or for emotional support, call the Parkinson's UK helpline on 0808 800 0303","Our group offers friendship and support locally to people with Parkinson’s, their families and carers, contact us to find out more. For information and advice on Parkinson's, or for emotional support, call the Parkinson's UK helpline on 0808 800 0303 Schedule: Monthly on the first Tuesday From 19:15 until 21:00. Location: The Gala Club, Fairmile Gardens, Gloucester, GL2 9EB. Contacts available: Local Group Staff Contact, Parkinson’s UK Helpline.","Gloucester, United Kingdom","Gloucester, United Kingdom",United Kingdom,In-Person | Support | Support Group | Parkinson's Care,,in-person,true,official_directory_import,0,0,https://localsupport.parkinsons.org.uk/provider/gloucester-support-group,hspawls@parkinsons.org.uk,020 7963 3778,The Gala Club,,provider,Parkinson's UK,"The Gala Club, Fairmile Gardens, Gloucester, GL2 9EB",Gloucester,GL2 9EB,https://localsupport.parkinsons.org.uk/provider/gloucester-support-group,2026-03-27T07:44:50.804Z
parkinsons-uk,Parkinson's UK Local Support,localsupport.parkinsons.org.uk/provider/ivybridge-parkinsons-group,ivybridge-parkinson-s-group-provider-pl21-0bj,Ivybridge Parkinson's Group,Support Group,"Our group offers friendship and support locally to people with Parkinson’s, their families and carers, contact us to find out more. For information and advice on Parkinson's, or for emotional support, call the Parkinson's UK helpline on 0808 800 0303","Our group offers friendship and support locally to people with Parkinson’s, their families and carers, contact us to find out more. For information and advice on Parkinson's, or for emotional support, call the Parkinson's UK helpline on 0808 800 0303 Schedule: Weekly every Friday From 10:15 until 11:45. Location: Baptist Church Hall, Exeter Rd, Ivybridge, PL21 0BJ. Contacts available: Local Group Staff Contact, Parkinson’s UK Helpline.","Ivybridge, United Kingdom","Ivybridge, United Kingdom",United Kingdom,In-Person | Support | Support Group | Parkinson's Care,,in-person,true,official_directory_import,0,0,https://localsupport.parkinsons.org.uk/provider/ivybridge-parkinsons-group,kwalters@parkinsons.org.uk,020 7963 9242,Baptist Church Hall,,provider,Parkinson's UK,"Baptist Church Hall, Exeter Rd, Ivybridge, PL21 0BJ",Ivybridge,PL21 0BJ,https://localsupport.parkinsons.org.uk/provider/ivybridge-parkinsons-group,2026-03-27T07:44:50.804Z
parkinsons-uk,Parkinson's UK Local Support,localsupport.parkinsons.org.uk/provider/jersey-branch,jersey-branch-provider-je3-9sh,Jersey Branch,Exercise Class,"Our group offers friendship and support locally to people with Parkinson’s, their families and carers, contact us to find out more. For information and advice on Parkinson's, or for emotional support, call the Parkinson's UK helpline on 0808 800 0303","Our group offers friendship and support locally to people with Parkinson’s, their families and carers, contact us to find out more. For information and advice on Parkinson's, or for emotional support, call the Parkinson's UK helpline on 0808 800 0303 Schedule: Monthly on the fourth Tuesday From 12:30 until 14:30. Location: Holme Grown, La Rue au Long, Fauvic, JE3 9SH. Contacts available: Local Group Staff Contact, Parkinson’s UK Helpline.","Fauvic, United Kingdom","Fauvic, United Kingdom",United Kingdom,In-Person | Support | Exercise | Parkinson's Care,,in-person,true,official_directory_import,0,0,https://localsupport.parkinsons.org.uk/provider/jersey-branch,kwalters@parkinsons.org.uk,020 7963 9242,Holme Grown,,provider,Parkinson's UK,"Holme Grown, La Rue au Long, Fauvic, JE3 9SH",Fauvic,JE3 9SH,https://localsupport.parkinsons.org.uk/provider/jersey-branch,2026-03-27T07:44:50.804Z
parkinsons-uk,Parkinson's UK Local Support,localsupport.parkinsons.org.uk/provider/lyme-regis-district-support-group,lyme-regis-district-support-group-provider-dt7-3le,Lyme Regis District Support Group,Support Group,"Our group offers friendship and support locally to people with Parkinson’s, their families and carers, contact us to find out more. For information and advice on Parkinson's, or for emotional support, call the Parkinson's UK helpline on 0808 800 0303","Our group offers friendship and support locally to people with Parkinson’s, their families and carers, contact us to find out more. For information and advice on Parkinson's, or for emotional support, call the Parkinson's UK helpline on 0808 800 0303 Schedule: Monthly on the second Tuesday From 14:00 until 15:30. Location: Lyme Regis Powerboat Club, Monmouth Beach, Lyme Regis, DT7 3LE. Contacts available: Local Group Staff Contact, Parkinson’s UK Helpline.","Lyme Regis, United Kingdom","Lyme Regis, United Kingdom",United Kingdom,In-Person | Support | Support Group | Parkinson's Care,,in-person,true,official_directory_import,0,0,https://localsupport.parkinsons.org.uk/provider/lyme-regis-district-support-group,cdenby@parkinsons.org.uk,020 7963 3731,Lyme Regis Powerboat Club,,provider,Parkinson's UK,"Lyme Regis Powerboat Club, Monmouth Beach, Lyme Regis, DT7 3LE",Lyme Regis,DT7 3LE,https://localsupport.parkinsons.org.uk/provider/lyme-regis-district-support-group,2026-03-27T07:44:50.804Z
parkinsons-uk,Parkinson's UK Local Support,localsupport.parkinsons.org.uk/provider/malmesbury-and-district-branch,malmesbury-and-district-branch-provider-sn16-9bz,Malmesbury and District Branch,Exercise Class,"Our group offers friendship and support locally to people with Parkinson’s, their families and carers, contact us to find out more. For information and advice on Parkinson's, or for emotional support, call the Parkinson's UK helpline on 0808 800 0303","Our group offers friendship and support locally to people with Parkinson’s, their families and carers, contact us to find out more. For information and advice on Parkinson's, or for emotional support, call the Parkinson's UK helpline on 0808 800 0303 Schedule: Monthly on the last Wednesday From 14:30 until 16:00. Location: Malmesbury Town Hall, Cross Hayes, Malmesbury, SN16 9BZ. Contacts available: Local Group Staff Contact, Parkinson’s UK Helpline.","Malmesbury, United Kingdom","Malmesbury, United Kingdom",United Kingdom,In-Person | Support | Exercise | Parkinson's Care,,in-person,true,official_directory_import,0,0,https://localsupport.parkinsons.org.uk/provider/malmesbury-and-district-branch,hspawls@parkinsons.org.uk,020 7963 3778,Malmesbury Town Hall,,provider,Parkinson's UK,"Malmesbury Town Hall, Cross Hayes, Malmesbury, SN16 9BZ",Malmesbury,SN16 9BZ,https://localsupport.parkinsons.org.uk/provider/malmesbury-and-district-branch,2026-03-27T07:44:50.804Z
parkinsons-uk,Parkinson's UK Local Support,localsupport.parkinsons.org.uk/provider/newbury-branch,newbury-branch-provider-rg14-6tw,Newbury Branch,Exercise Class,"Our group offers friendship and support locally to people with Parkinson’s, their families and carers, contact us to find out more. For information and advice on Parkinson's, or for emotional support, call the Parkinson's UK helpline on 0808 800 0303","Our group offers friendship and support locally to people with Parkinson’s, their families and carers, contact us to find out more. For information and advice on Parkinson's, or for emotional support, call the Parkinson's UK helpline on 0808 800 0303 Schedule: Monthly on the third Wednesday From 19:00 until 20:30. Location: Bowlers Arms - Wash Common, Enborne Street, Wash Common, RG14 6TW. Contacts available: Local Group Staff Contact, Parkinson’s UK Helpline.","Wash Common, United Kingdom","Wash Common, United Kingdom",United Kingdom,In-Person | Support | Virtual | Exercise | Parkinson's Care,,hybrid,true,official_directory_import,0,0,https://localsupport.parkinsons.org.uk/provider/newbury-branch,zsole@parkinsons.org.uk,0808 800 0303,Bowlers Arms - Wash Common,,provider,Parkinson's UK,"Bowlers Arms - Wash Common, Enborne Street, Wash Common, RG14 6TW",Wash Common,RG14 6TW,https://localsupport.parkinsons.org.uk/provider/newbury-branch,2026-03-27T07:44:50.804Z
parkinsons-uk,Parkinson's UK Local Support,localsupport.parkinsons.org.uk/provider/north-west-somerset-support-group,north-west-somerset-support-group-provider-bs48-2lp,North West Somerset Support Group,Exercise Class,"Our group offers friendship and support locally to people with Parkinson’s, their families and carers, contact us to find out more. For information and advice on Parkinson's, or for emotional support, call the Parkinson's UK helpline on 0808 800 0303","Our group offers friendship and support locally to people with Parkinson’s, their families and carers, contact us to find out more. For information and advice on Parkinson's, or for emotional support, call the Parkinson's UK helpline on 0808 800 0303 Schedule: Monthly on the second Saturday From 10:30 until 12:15. Location: St Francis Church Hall - Nailsea, Little Meadow End, Nailsea, BS48 2LP. Contacts available: Local Group Staff Contact, Parkinson’s UK Helpline.","Nailsea, United Kingdom","Nailsea, United Kingdom",United Kingdom,In-Person | Support | Wellbeing | Exercise | Parkinson's Care,,in-person,true,official_directory_import,0,0,https://localsupport.parkinsons.org.uk/provider/north-west-somerset-support-group,cdenby@parkinsons.org.uk,020 7963 3731,St Francis Church Hall - Nailsea,,provider,Parkinson's UK,"St Francis Church Hall - Nailsea, Little Meadow End, Nailsea, BS48 2LP",Nailsea,BS48 2LP,https://localsupport.parkinsons.org.uk/provider/north-west-somerset-support-group,2026-03-27T07:44:50.804Z
parkinsons-uk,Parkinson's UK Local Support,localsupport.parkinsons.org.uk/provider/north-wiltshire-working-age-group,north-wiltshire-working-age-group-provider-sn16-9pa,North Wiltshire Working Age Group,Support Group,"Our group offers friendship and support locally to people with Parkinson’s, their families and carers, contact us to find out more. For information and advice on Parkinson's, or for emotional support, call the Parkinson's UK helpline on 0808 800 0303","Our group offers friendship and support locally to people with Parkinson’s, their families and carers, contact us to find out more. For information and advice on Parkinson's, or for emotional support, call the Parkinson's UK helpline on 0808 800 0303 Schedule: Monthly on the second Friday From 19:00 until 21:00. Location: The Rose & Crown, The Street, Malmesbury, SN16 9PA. Contacts available: Local Group Staff Contact, Parkinson’s UK Helpline.","Malmesbury, United Kingdom","Malmesbury, United Kingdom",United Kingdom,In-Person | Support | Support Group | Parkinson's Care,,in-person,true,official_directory_import,0,0,https://localsupport.parkinsons.org.uk/provider/north-wiltshire-working-age-group,hspawls@parkinsons.org.uk,07955 273 653,The Rose & Crown,,provider,Parkinson's UK,"The Rose & Crown, The Street, Malmesbury, SN16 9PA",Malmesbury,SN16 9PA,https://localsupport.parkinsons.org.uk/provider/north-wiltshire-working-age-group,2026-03-27T07:44:50.804Z
parkinsons-uk,Parkinson's UK Local Support,localsupport.parkinsons.org.uk/provider/northern-devon-branch,northern-devon-branch-provider-ex39-5aw,Northern Devon Branch,Support Group,"Our group offers friendship and support locally to people with Parkinson’s, their families and carers, contact us to find out more. For information and advice on Parkinson's, or for emotional support, call the Parkinson's UK helpline on 0808 800 0303","Our group offers friendship and support locally to people with Parkinson’s, their families and carers, contact us to find out more. For information and advice on Parkinson's, or for emotional support, call the Parkinson's UK helpline on 0808 800 0303 Schedule: Monthly on the first Thursday From 10:30 until 12:00. Location: Village Hall Alwington, Village Hall, Bideford, EX39 5AW. Contacts available: Contact, Parkinson’s UK Helpline.","Bideford, United Kingdom","Bideford, United Kingdom",United Kingdom,In-Person | Support | Support Group | Parkinson's Care,,in-person,true,official_directory_import,0,0,https://localsupport.parkinsons.org.uk/provider/northern-devon-branch,oaktree955@gmail.com,0808 800 0303,Village Hall Alwington,,provider,Parkinson's UK,"Village Hall Alwington, Village Hall, Bideford, EX39 5AW",Bideford,EX39 5AW,https://localsupport.parkinsons.org.uk/provider/northern-devon-branch,2026-03-27T07:44:50.804Z
parkinsons-uk,Parkinson's UK Local Support,localsupport.parkinsons.org.uk/provider/okehampton-support-group,okehampton-support-group-provider-ex20-1ge,Okehampton Support Group,Support Group,"Our group offers friendship and support locally to people with Parkinson’s, their families and carers, contact us to find out more. For information and advice on Parkinson's, or for emotional support, call the Parkinson's UK helpline on 0808 800 0303","Our group offers friendship and support locally to people with Parkinson’s, their families and carers, contact us to find out more. For information and advice on Parkinson's, or for emotional support, call the Parkinson's UK helpline on 0808 800 0303 Schedule: Monthly on the last Thursday From 10:30 until 12:00. Location: Upstairs room at the OCRA centre, Pavillion in the park, Okehampton, EX20 1GE. Contacts available: Parkinson’s UK Helpline.","Okehampton, United Kingdom","Okehampton, United Kingdom",United Kingdom,In-Person | Support | Support Group | Parkinson's Care,,in-person,true,official_directory_import,0,0,https://localsupport.parkinsons.org.uk/provider/okehampton-support-group,hello@parkinsons.org.uk,0808 800 0303,Upstairs room at the OCRA centre,,provider,Parkinson's UK,"Upstairs room at the OCRA centre, Pavillion in the park, Okehampton, EX20 1GE",Okehampton,EX20 1GE,https://localsupport.parkinsons.org.uk/provider/okehampton-support-group,2026-03-27T07:44:50.804Z
parkinsons-uk,Parkinson's UK Local Support,localsupport.parkinsons.org.uk/provider/parkinsons-cornwall,parkinson-s-cornwall-provider-tr8-5dy,Parkinson's Cornwall,Support Group,"Our group offers friendship and support locally to people with Parkinson’s, their families and carers, contact us to find out more. For information and advice on Parkinson's, or for emotional support, call the Parkinson's UK helpline on 0808 800 0303","Our group offers friendship and support locally to people with Parkinson’s, their families and carers, contact us to find out more. For information and advice on Parkinson's, or for emotional support, call the Parkinson's UK helpline on 0808 800 0303 Schedule: Monthly on the second Wednesday From 10:30 until 13:30. Location: Summercourt Memorial Hall, School Road, Summercourt, TR8 5DY. Contacts available: Local Group Staff Contact, Parkinson’s UK Helpline.","Summercourt, United Kingdom","Summercourt, United Kingdom",United Kingdom,In-Person | Wellbeing | Support | Support Group | Parkinson's Care,,in-person,true,official_directory_import,0,0,https://localsupport.parkinsons.org.uk/provider/parkinsons-cornwall,kwalters@parkinsons.org.uk,020 7963 9242,Bethel Chapel Rooms St Austell,,provider,Parkinson's UK,"Summercourt Memorial Hall, School Road, Summercourt, TR8 5DY",Summercourt,TR8 5DY,https://localsupport.parkinsons.org.uk/provider/parkinsons-cornwall,2026-03-27T07:44:50.804Z
parkinsons-uk,Parkinson's UK Local Support,localsupport.parkinsons.org.uk/provider/parky-south-devon,parky-south-devon-provider-tq12-5tn,Parky South Devon,Support Group,"Our group offers friendship and support locally to people with Parkinson’s, their families and carers, contact us to find out more. For information and advice on Parkinson's, or for emotional support, call the Parkinson's UK helpline on 0808 800 0303","Our group offers friendship and support locally to people with Parkinson’s, their families and carers, contact us to find out more. For information and advice on Parkinson's, or for emotional support, call the Parkinson's UK helpline on 0808 800 0303 Schedule: Monthly on the second Monday From 18:00 until 19:00. Location: Dainton Golf Club, Totnes Road, Newton Abbot, TQ12 5TN. Contacts available: Local Group Staff Contact, Parkinson’s UK Helpline.","Newton Abbot, United Kingdom","Newton Abbot, United Kingdom",United Kingdom,In-Person | Support | Support Group | Parkinson's Care,,in-person,true,official_directory_import,0,0,https://localsupport.parkinsons.org.uk/provider/parky-south-devon,kwalters@parkinsons.org.uk,020 7963 9242,Dainton Golf Club,,provider,Parkinson's UK,"Dainton Golf Club, Totnes Road, Newton Abbot, TQ12 5TN",Newton Abbot,TQ12 5TN,https://localsupport.parkinsons.org.uk/provider/parky-south-devon,2026-03-27T07:44:50.804Z
parkinsons-uk,Parkinson's UK Local Support,localsupport.parkinsons.org.uk/provider/plymouth-and-district-branch,plymouth-and-district-branch-provider-pl2-2nd,Plymouth and District Branch,Exercise Class,"Our group offers friendship and support locally to people with Parkinson’s, their families and carers, contact us to find out more. For information and advice on Parkinson's, or for emotional support, call the Parkinson's UK helpline on 0808 800 0303","Our group offers friendship and support locally to people with Parkinson’s, their families and carers, contact us to find out more. For information and advice on Parkinson's, or for emotional support, call the Parkinson's UK helpline on 0808 800 0303 Schedule: Monthly on the second Monday From 13:00 until 14:30. Location: The Beacon Community Centre, 163 North Prospect Road, Plymouth, PL2 2ND. Contacts available: Local Group Staff Contact, Parkinson’s UK Helpline.","Plymouth, United Kingdom","Plymouth, United Kingdom",United Kingdom,In-Person | Support | Exercise | Parkinson's Care,,in-person,true,official_directory_import,0,0,https://localsupport.parkinsons.org.uk/provider/plymouth-and-district-branch,kwalters@parkinsons.org.uk,020 7963 9242,The Beacon Community Centre,,provider,Parkinson's UK,"The Beacon Community Centre, 163 North Prospect Road, Plymouth, PL2 2ND",Plymouth,PL2 2ND,https://localsupport.parkinsons.org.uk/provider/plymouth-and-district-branch,2026-03-27T07:44:50.804Z
parkinsons-uk,Parkinson's UK Local Support,localsupport.parkinsons.org.uk/provider/poole-and-district-branch,poole-and-district-branch-provider-bh15-3eu,Poole and District Branch,Exercise Class,"Our group offers friendship and support locally to people with Parkinson’s, their families and carers, contact us to find out more. For information and advice on Parkinson's, or for emotional support, call the Parkinson's UK helpline on 0808 800 0303","Our group offers friendship and support locally to people with Parkinson’s, their families and carers, contact us to find out more. For information and advice on Parkinson's, or for emotional support, call the Parkinson's UK helpline on 0808 800 0303 Schedule: Monthly on the third Saturday From 14:30 until 16:00. Location: St George's Church Hall - Poole, Oakdale, Poole, BH15 3EU. Contacts available: Local Group Staff Contact, Parkinson’s UK Helpline.","Poole, United Kingdom","Poole, United Kingdom",United Kingdom,In-Person | Support | Exercise | Parkinson's Care,,in-person,true,official_directory_import,0,0,https://localsupport.parkinsons.org.uk/provider/poole-and-district-branch,cdenby@parkinsons.org.uk,020 7963 3731,St George's Church Hall - Poole,,provider,Parkinson's UK,"St George's Church Hall - Poole, Oakdale, Poole, BH15 3EU",Poole,BH15 3EU,https://localsupport.parkinsons.org.uk/provider/poole-and-district-branch,2026-03-27T07:44:50.804Z
parkinsons-uk,Parkinson's UK Local Support,localsupport.parkinsons.org.uk/provider/purbeckparkys?_gl=1%2Ahgoszo%2A_gcl_au%2AMTQyNTk5NDY5NS4xNzUyNTY4Mzcz%2A_ga%2AMTczOTU4OTg0MC4xNzUyNTA3MTE1%2A_ga_455LC56RDF%2AczE3NTYzOTE3OTAkbzk3JGcxJHQxNzU2Mzk1MzQ5JGo3JGwwJGgw,purbeckparkys-provider-bh19-1lg,PurbeckParkys,Support Group,"Our group offers friendship and support locally to people with Parkinson’s, their families and carers, contact us to find out more. For information and advice on Parkinson's, or for emotional support, call the Parkinson's UK helpline on 0808 800 0303","Our group offers friendship and support locally to people with Parkinson’s, their families and carers, contact us to find out more. For information and advice on Parkinson's, or for emotional support, call the Parkinson's UK helpline on 0808 800 0303 Schedule: Monthly on the third Wednesday From 14:00 until 16:00. Location: Swanage Cricket Club, Days Park, Swanage, BH19 1LG. Contacts available: Parkinson's UK Helpline.","Swanage, United Kingdom","Swanage, United Kingdom",United Kingdom,In-Person | Support | Support Group | Parkinson's Care,,in-person,true,official_directory_import,0,0,https://localsupport.parkinsons.org.uk/provider/purbeckparkys?_gl=1%2Ahgoszo%2A_gcl_au%2AMTQyNTk5NDY5NS4xNzUyNTY4Mzcz%2A_ga%2AMTczOTU4OTg0MC4xNzUyNTA3MTE1%2A_ga_455LC56RDF%2AczE3NTYzOTE3OTAkbzk3JGcxJHQxNzU2Mzk1MzQ5JGo3JGwwJGgw,hello@parkinsons.org.uk,0808 800 0303,Swanage Cricket Club,,provider,Parkinson's UK,"Swanage Cricket Club, Days Park, Swanage, BH19 1LG",Swanage,BH19 1LG,https://localsupport.parkinsons.org.uk/provider/purbeckparkys?_gl=1%2Ahgoszo%2A_gcl_au%2AMTQyNTk5NDY5NS4xNzUyNTY4Mzcz%2A_ga%2AMTczOTU4OTg0MC4xNzUyNTA3MTE1%2A_ga_455LC56RDF%2AczE3NTYzOTE3OTAkbzk3JGcxJHQxNzU2Mzk1MzQ5JGo3JGwwJGgw,2026-03-27T07:44:50.804Z
parkinsons-uk,Parkinson's UK Local Support,localsupport.parkinsons.org.uk/provider/riviera-parkinsons-friends,riviera-parkinson-s-friends-provider-tq2-8sa,Riviera Parkinson's Friends,Support Group,"Our group offers friendship and support locally to people with Parkinson’s, their families and carers, contact us to find out more. For information and advice on Parkinson's, or for emotional support, call the Parkinson's UK helpline on 0808 800 0303","Our group offers friendship and support locally to people with Parkinson’s, their families and carers, contact us to find out more. For information and advice on Parkinson's, or for emotional support, call the Parkinson's UK helpline on 0808 800 0303 Location: Medway Centre, Medway Road, Torquay, TQ2 8SA. Contacts available: Contact, Contact.","Torquay, United Kingdom","Torquay, United Kingdom",United Kingdom,In-Person | Support | Support Group | Parkinson's Care,,in-person,true,official_directory_import,0,0,https://localsupport.parkinsons.org.uk/provider/riviera-parkinsons-friends,kwalters@parkinsons.org.uk,07955 269 718,,,provider,Parkinson's UK,"Medway Centre, Medway Road, Torquay, TQ2 8SA",Torquay,TQ2 8SA,https://localsupport.parkinsons.org.uk/provider/riviera-parkinsons-friends,2026-03-27T07:44:50.804Z
parkinsons-uk,Parkinson's UK Local Support,localsupport.parkinsons.org.uk/provider/salisbury-branch,salisbury-branch-provider-sp2-7ep,Salisbury Branch,Exercise Class,"Our group offers friendship and support locally to people with Parkinson’s, their families and carers, contact us to find out more. For information and advice on Parkinson's, or for emotional support, call the Parkinson's UK helpline on 0808 800 0303","Our group offers friendship and support locally to people with Parkinson’s, their families and carers, contact us to find out more. For information and advice on Parkinson's, or for emotional support, call the Parkinson's UK helpline on 0808 800 0303 Schedule: Monthly on the third Tuesday From 14:00 until 16:00. Location: Salisbury Quaker Meeting House, 51 Wilton Road, Salisbury, SP2 7EP. Contacts available: Local Group Staff Contact, Parkinson’s UK Helpline.","Salisbury, United Kingdom","Salisbury, United Kingdom",United Kingdom,In-Person | Support | Exercise | Parkinson's Care,,in-person,true,official_directory_import,0,0,https://localsupport.parkinsons.org.uk/provider/salisbury-branch,hspawls@parkinsons.org.uk,020 7963 3778,Salisbury Quaker Meeting House,,provider,Parkinson's UK,"Salisbury Quaker Meeting House, 51 Wilton Road, Salisbury, SP2 7EP",Salisbury,SP2 7EP,https://localsupport.parkinsons.org.uk/provider/salisbury-branch,2026-03-27T07:44:50.804Z
parkinsons-uk,Parkinson's UK Local Support,localsupport.parkinsons.org.uk/provider/swindon-parkinsons-activity-group,swindon-parkinson-s-activity-group-provider-sn3-4jy,Swindon Parkinson's Activity Group,Exercise Class,"Our group offers a variety of activities for people affected by Parkinson's, family, carers and friends. From walking football to seated and standing exercise, coffee mornings to outings, there is plenty going on! We meet across Swindon in various places depending on the activity. You can take a look at our local website or contact us for more information about the things we do at the Swindon Parkinson's Activity Group.","Our group offers a variety of activities for people affected by Parkinson's, family, carers and friends. From walking football to seated and standing exercise, coffee mornings to outings, there is plenty going on! We meet across Swindon in various places depending on the activity. You can take a look at our local website or contact us for more information about the things we do at the Swindon Parkinson's Activity Group. Schedule: Monthly on the second Thursday From 10:45 until 12:30. Location: Grange Leisure Centre Swindon, Grange Drive, Swindon, SN3 4JY. Contacts available: Local Group Staff Contact, Parkinson’s UK Helpline.","Swindon, United Kingdom","Swindon, United Kingdom",United Kingdom,In-Person | Exercise | Parkinson's Care,,in-person,true,official_directory_import,0,0,https://localsupport.parkinsons.org.uk/provider/swindon-parkinsons-activity-group,hspawls@parkinsons.org.uk,020 7963 3778,Gorse Hill Community Centre,,provider,Parkinson's UK,"Grange Leisure Centre Swindon, Grange Drive, Swindon, SN3 4JY",Swindon,SN3 4JY,https://localsupport.parkinsons.org.uk/provider/swindon-parkinsons-activity-group,2026-03-27T07:44:50.804Z
parkinsons-uk,Parkinson's UK Local Support,localsupport.parkinsons.org.uk/provider/taunton-and-mid-somerset-branch,taunton-and-mid-somerset-branch-provider-ta2-8jy,Taunton and Mid Somerset Branch,Support Group,"Our group offers friendship and support locally to people with Parkinson’s, their families and carers, contact us to find out more. For information and advice on Parkinson's, or for emotional support, call the Parkinson's UK helpline on 0808 800 0303","Our group offers friendship and support locally to people with Parkinson’s, their families and carers, contact us to find out more. For information and advice on Parkinson's, or for emotional support, call the Parkinson's UK helpline on 0808 800 0303 Schedule: Monthly on the fourth Tuesday From 11:00 until 15:00. Location: Cheddon Fitzpaine Memorial Hall, Rowford, Taunton, TA2 8JY. Contacts available: Local Group Staff Contact, Parkinson’s UK Helpline.","Taunton, United Kingdom","Taunton, United Kingdom",United Kingdom,In-Person | Support | Support Group | Parkinson's Care,,in-person,true,official_directory_import,0,0,https://localsupport.parkinsons.org.uk/provider/taunton-and-mid-somerset-branch,cdenby@parkinsons.org.uk,020 7963 3731,Cheddon Fitzpaine Memorial Hall,,provider,Parkinson's UK,"Cheddon Fitzpaine Memorial Hall, Rowford, Taunton, TA2 8JY",Taunton,TA2 8JY,https://localsupport.parkinsons.org.uk/provider/taunton-and-mid-somerset-branch,2026-03-27T07:44:50.804Z
parkinsons-uk,Parkinson's UK Local Support,localsupport.parkinsons.org.uk/provider/tavistock-parky-wharf,tavistock-parky-at-the-wharf-provider-pl19-8at,Tavistock Parky at the Wharf,Support Group,"Our group offers friendship and support locally to people with Parkinson’s, their families and carers, contact us to find out more. For information and advice on Parkinson's, or for emotional support, call the Parkinson's UK helpline on 0808 800 0303","Our group offers friendship and support locally to people with Parkinson’s, their families and carers, contact us to find out more. For information and advice on Parkinson's, or for emotional support, call the Parkinson's UK helpline on 0808 800 0303 Schedule: Monthly on the second Thursday From 13:30 until 15:00. Location: Tavistock Wharf, Canal Road, Tavistock, PL19 8AT. Contacts available: Local Group Staff Contact, Parkinson's UK Helpline.","Tavistock, United Kingdom","Tavistock, United Kingdom",United Kingdom,In-Person | Support | Support Group | Parkinson's Care,,in-person,true,official_directory_import,0,0,https://localsupport.parkinsons.org.uk/provider/tavistock-parky-wharf,kwalters@parkinsons.org.uk,020 7963 9242,Tavistock Wharf,,provider,Parkinson's UK,"Tavistock Wharf, Canal Road, Tavistock, PL19 8AT",Tavistock,PL19 8AT,https://localsupport.parkinsons.org.uk/provider/tavistock-parky-wharf,2026-03-27T07:44:50.804Z
parkinsons-uk,Parkinson's UK Local Support,localsupport.parkinsons.org.uk/provider/weston-super-mare-branch,weston-super-mare-branch-provider-bs23-3en,Weston Super Mare Branch,Exercise Class,"Our group offers friendship and support locally to people with Parkinson’s, their families and carers, contact us to find out more. For information and advice on Parkinson's, or for emotional support, call the Parkinson's UK helpline on 0808 800 0303","Our group offers friendship and support locally to people with Parkinson’s, their families and carers, contact us to find out more. For information and advice on Parkinson's, or for emotional support, call the Parkinson's UK helpline on 0808 800 0303 Schedule: Monthly on the first Thursday From 14:30 until 16:00. Location: St Saviour's Church Hall Weston Super Mare, Locking Road, Weston Super Mare, BS23 3EN. Contacts available: Contact, Parkinson’s UK Helpline.","Weston Super Mare, United Kingdom","Weston Super Mare, United Kingdom",United Kingdom,In-Person | Support | Exercise | Parkinson's Care,,in-person,true,official_directory_import,0,0,https://localsupport.parkinsons.org.uk/provider/weston-super-mare-branch,lyndakirkwood@btinternet.com,01934 813547,St Saviour's Church Hall Weston Super Mare,,provider,Parkinson's UK,"St Saviour's Church Hall Weston Super Mare, Locking Road, Weston Super Mare, BS23 3EN",Weston Super Mare,BS23 3EN,https://localsupport.parkinsons.org.uk/provider/weston-super-mare-branch,2026-03-27T07:44:50.804Z
parkinsons-uk,Parkinson's UK Local Support,localsupport.parkinsons.org.uk/provider/weymouth-and-dorchester-branch,weymouth-and-dorchester-branch-provider-dt3-5nq,Weymouth and Dorchester Branch,Support Group,"Our group offers friendship and support locally to people with Parkinson’s, their families and carers, contact us to find out more. For information and advice on Parkinson's, or for emotional support, call the Parkinson's UK helpline on 0808 800 0303","Our group offers friendship and support locally to people with Parkinson’s, their families and carers, contact us to find out more. For information and advice on Parkinson's, or for emotional support, call the Parkinson's UK helpline on 0808 800 0303 Schedule: Monthly on the third Monday From 14:00 until 16:00. Location: Memorial Hall Upwey and Broadwey Weymouth, Victoria Ave, Weymouth, DT3 5NQ. Contacts available: Local Group Staff Contact, Parkinson’s UK Helpline.","Weymouth, United Kingdom","Weymouth, United Kingdom",United Kingdom,In-Person | Support | Support Group | Parkinson's Care,,in-person,true,official_directory_import,0,0,https://localsupport.parkinsons.org.uk/provider/weymouth-and-dorchester-branch,cdenby@parkinsons.org.uk,020 7963 3731,Memorial Hall Upwey and Broadwey Weymouth,,provider,Parkinson's UK,"Memorial Hall Upwey and Broadwey Weymouth, Victoria Ave, Weymouth, DT3 5NQ",Weymouth,DT3 5NQ,https://localsupport.parkinsons.org.uk/provider/weymouth-and-dorchester-branch,2026-03-27T07:44:50.804Z
parkinsons-uk,Parkinson's UK Local Support,localsupport.parkinsons.org.uk/provider/wincanton-branch,wincanton-branch-provider-ba9-8hf,Wincanton Branch,Exercise Class,"Our group offers friendship and support locally to people with Parkinson’s, their families and carers, contact us to find out more. For information and advice on Parkinson's, or for emotional support, call the Parkinson's UK helpline on 0808 800 0303","Our group offers friendship and support locally to people with Parkinson’s, their families and carers, contact us to find out more. For information and advice on Parkinson's, or for emotional support, call the Parkinson's UK helpline on 0808 800 0303 Schedule: Monthly on the third Tuesday From 14:30 until 16:00. Location: Charlton Musgrove Memorial Hall, Shalford Lane, Charlton Musgrove, BA9 8HF. Contacts available: Local Group Staff Contact, Parkinson’s UK Helpline.","Charlton Musgrove, United Kingdom","Charlton Musgrove, United Kingdom",United Kingdom,In-Person | Support | Exercise | Parkinson's Care,,in-person,true,official_directory_import,0,0,https://localsupport.parkinsons.org.uk/provider/wincanton-branch,cdenby@parkinsons.org.uk,020 7963 3731,Charlton Musgrove Memorial Hall,,provider,Parkinson's UK,"Charlton Musgrove Memorial Hall, Shalford Lane, Charlton Musgrove, BA9 8HF",Charlton Musgrove,BA9 8HF,https://localsupport.parkinsons.org.uk/provider/wincanton-branch,2026-03-27T07:44:50.804Z
parkinsons-uk,Parkinson's UK Local Support,localsupport.parkinsons.org.uk/provider/armagh-support-group,armagh-support-group-provider-bt63-5hw,Armagh Support Group,Support Group,"Our group offers friendship and support locally to people with Parkinson’s, their families and carers, contact us to find out more. For information and advice on Parkinson's, or for emotional support, call the Parkinson's UK helpline on 0808 800 0303","Our group offers friendship and support locally to people with Parkinson’s, their families and carers, contact us to find out more. For information and advice on Parkinson's, or for emotional support, call the Parkinson's UK helpline on 0808 800 0303 Schedule: Monthly on the last Tuesday From 14:00 until 15:30. Location: Seagoe Parish Centre Portadown, 46 Seagoe Road, Portadown, BT63 5HW. Contacts available: Local Group Staff Contact, Contact.","Portadown, United Kingdom","Portadown, United Kingdom",United Kingdom,In-Person | Support | Support Group | Parkinson's Care,,in-person,true,official_directory_import,0,0,https://localsupport.parkinsons.org.uk/provider/armagh-support-group,mchambers@parkinsons.org.uk,020 7963 3618,Seagoe Parish Centre Portadown,,provider,Parkinson's UK,"Seagoe Parish Centre Portadown, 46 Seagoe Road, Portadown, BT63 5HW",Portadown,BT63 5HW,https://localsupport.parkinsons.org.uk/provider/armagh-support-group,2026-03-27T07:44:50.805Z
parkinsons-uk,Parkinson's UK Local Support,localsupport.parkinsons.org.uk/provider/ballymena-and-district-branch,ballymena-and-district-branch-provider-bt43-6hb,Ballymena and District Branch,Support Group,"Our group offers friendship and support locally to people with Parkinson’s, their families and carers, contact us to find out more. For information and advice on Parkinson's, or for emotional support, call the Parkinson's UK helpline on 0808 800 0303","Our group offers friendship and support locally to people with Parkinson’s, their families and carers, contact us to find out more. For information and advice on Parkinson's, or for emotional support, call the Parkinson's UK helpline on 0808 800 0303 Schedule: Monthly on the third Friday From 15:00 until 16:30. Location: Ballymena North Business Centre, 120 Cushendall Road, Ballymena, BT43 6HB. Contacts available: Local Group Staff Contact, Parkinson’s UK Helpline.","Ballymena, United Kingdom","Ballymena, United Kingdom",United Kingdom,In-Person | Support | Support Group | Parkinson's Care,,in-person,true,official_directory_import,0,0,https://localsupport.parkinsons.org.uk/provider/ballymena-and-district-branch,mchambers@parkinsons.org.uk,020 7963 3618,Ballymena North Business Centre,,provider,Parkinson's UK,"Ballymena North Business Centre, 120 Cushendall Road, Ballymena, BT43 6HB",Ballymena,BT43 6HB,https://localsupport.parkinsons.org.uk/provider/ballymena-and-district-branch,2026-03-27T07:44:50.805Z
parkinsons-uk,Parkinson's UK Local Support,localsupport.parkinsons.org.uk/provider/belfast-support-group,belfast-support-group-provider-bt5-6ab,Belfast Support Group,Support Group,"Our group offers friendship and support locally to people with Parkinson’s, their families and carers, contact us to find out more. For information and advice on Parkinson's, or for emotional support, call the Parkinson's UK helpline on 0808 800 0303","Our group offers friendship and support locally to people with Parkinson’s, their families and carers, contact us to find out more. For information and advice on Parkinson's, or for emotional support, call the Parkinson's UK helpline on 0808 800 0303 Schedule: Monthly on the second Wednesday From 14:00 until 16:00. Location: St John's Church Hall Belfast, St John's Orangefield, Belfast, BT5 6AB. Contacts available: Local Group Staff Contact, Parkinson’s UK Helpline.","Belfast, United Kingdom","Belfast, United Kingdom",United Kingdom,In-Person | Support | Support Group | Parkinson's Care,,in-person,true,official_directory_import,0,0,https://localsupport.parkinsons.org.uk/provider/belfast-support-group,mchambers@parkinsons.org.uk,020 7963 3618,St John's Church Hall Belfast,,provider,Parkinson's UK,"St John's Church Hall Belfast, St John's Orangefield, Belfast, BT5 6AB",Belfast,BT5 6AB,https://localsupport.parkinsons.org.uk/provider/belfast-support-group,2026-03-27T07:44:50.805Z
parkinsons-uk,Parkinson's UK Local Support,localsupport.parkinsons.org.uk/provider/foyle-branch,foyle-branch-provider-bt47-6ju,Foyle Branch,Support Group,"Our group offers friendship and support locally to people with Parkinson’s, their families and carers, contact us to find out more. For information and advice on Parkinson's, or for emotional support, call the Parkinson's UK helpline on 0808 800 0303","Our group offers friendship and support locally to people with Parkinson’s, their families and carers, contact us to find out more. For information and advice on Parkinson's, or for emotional support, call the Parkinson's UK helpline on 0808 800 0303 Schedule: Monthly on the third Wednesday From 19:30 until 21:00. Location: St Columb's Park House Derry/Londonderry, 4 Limavady Road, Derry/Londonderry, BT47 6JU. Contacts available: Local Group Staff Contact, Parkinson’s UK Helpline.","Derry/Londonderry, United Kingdom","Derry/Londonderry, United Kingdom",United Kingdom,In-Person | Support | Wellbeing | Support Group | Parkinson's Care,,in-person,true,official_directory_import,0,0,https://localsupport.parkinsons.org.uk/provider/foyle-branch,mchambers@parkinsons.org.uk,07825 450219,St Columb's Park House Derry/Londonderry,,provider,Parkinson's UK,"St Columb's Park House Derry/Londonderry, 4 Limavady Road, Derry/Londonderry, BT47 6JU",Derry/Londonderry,BT47 6JU,https://localsupport.parkinsons.org.uk/provider/foyle-branch,2026-03-27T07:44:50.805Z
parkinsons-uk,Parkinson's UK Local Support,localsupport.parkinsons.org.uk/provider/lisburn-branch,lisburn-branch-provider-bt27-4nw,Lisburn Branch,Exercise Class,"Our group offers friendship and support locally to people with Parkinson’s, their families and carers, contact us to find out more. For information and advice on Parkinson's, or for emotional support, call the Parkinson's UK helpline on 0808 800 0303","Our group offers friendship and support locally to people with Parkinson’s, their families and carers, contact us to find out more. For information and advice on Parkinson's, or for emotional support, call the Parkinson's UK helpline on 0808 800 0303 Schedule: Monthly on the third Monday From 14:30 until 16:00. Location: Harmony Hill Presbyterian Church, Moss Road, Lisburn, BT27 4NW. Contacts available: Local Group Staff Contact, Parkinson’s UK Helpline.","Lisburn, United Kingdom","Lisburn, United Kingdom",United Kingdom,In-Person | Support | Wellbeing | Exercise | Parkinson's Care,,in-person,true,official_directory_import,0,0,https://localsupport.parkinsons.org.uk/provider/lisburn-branch,mchambers@parkinsons.org.uk,020 7963 3618,Harmony Hill Presbyterian Church,,provider,Parkinson's UK,"Harmony Hill Presbyterian Church, Moss Road, Lisburn, BT27 4NW",Lisburn,BT27 4NW,https://localsupport.parkinsons.org.uk/provider/lisburn-branch,2026-03-27T07:44:50.805Z
parkinsons-uk,Parkinson's UK Local Support,localsupport.parkinsons.org.uk/provider/newry-and-mourne-support-group,newry-and-mourne-support-group-provider-bt34-1ee,Newry and Mourne Support Group,Support Group,"Our group offers friendship and support locally to people with Parkinson’s, their families and carers, contact us to find out more. For information and advice on Parkinson's, or for emotional support, call the Parkinson's UK helpline on 0808 800 0303","Our group offers friendship and support locally to people with Parkinson’s, their families and carers, contact us to find out more. For information and advice on Parkinson's, or for emotional support, call the Parkinson's UK helpline on 0808 800 0303 Location: Altnaveigh House, 51 Downshire Road, Newry, BT34 1EE. Contacts available: Local Group Staff Contact, Parkinson’s UK Helpline.","Newry, United Kingdom","Newry, United Kingdom",United Kingdom,In-Person | Support | Support Group | Parkinson's Care,,in-person,true,official_directory_import,0,0,https://localsupport.parkinsons.org.uk/provider/newry-and-mourne-support-group,mchambers@parkinsons.org.uk,020 7963 3618,Mourne Country Hotel,,provider,Parkinson's UK,"Altnaveigh House, 51 Downshire Road, Newry, BT34 1EE",Newry,BT34 1EE,https://localsupport.parkinsons.org.uk/provider/newry-and-mourne-support-group,2026-03-27T07:44:50.805Z
parkinsons-uk,Parkinson's UK Local Support,localsupport.parkinsons.org.uk/provider/newtownabbey-support-group,newtownabbey-support-group-provider-bt37-0sl,Newtownabbey Support Group,Exercise Class,"Our group offers friendship and support locally to people with Parkinson’s, their families and carers, contact us to find out more. For information and advice on Parkinson's, or for emotional support, call the Parkinson's UK helpline on 0808 800 0303","Our group offers friendship and support locally to people with Parkinson’s, their families and carers, contact us to find out more. For information and advice on Parkinson's, or for emotional support, call the Parkinson's UK helpline on 0808 800 0303 Schedule: Monthly on the third Thursday From 19:30 until 21:00. Location: Whiteabbey Methodist Church, 568 Shore Road, Newtownabbey, BT37 0SL. Contacts available: Contact, Parkinson’s UK Helpline.","Newtownabbey, United Kingdom","Newtownabbey, United Kingdom",United Kingdom,In-Person | Support | Exercise | Parkinson's Care,,in-person,true,official_directory_import,0,0,https://localsupport.parkinsons.org.uk/provider/newtownabbey-support-group,mchambers@parkinsons.org.uk,020 7963 3618,Whiteabbey Methodist Church,,provider,Parkinson's UK,"Whiteabbey Methodist Church, 568 Shore Road, Newtownabbey, BT37 0SL",Newtownabbey,BT37 0SL,https://localsupport.parkinsons.org.uk/provider/newtownabbey-support-group,2026-03-27T07:44:50.805Z
parkinsons-uk,Parkinson's UK Local Support,localsupport.parkinsons.org.uk/provider/north-down-support-group,north-down-and-ards-support-group-provider-bt23-8sg,North Down and Ards Support Group,Exercise Class,"Our group offers friendship and support locally to people with Parkinson’s, their families and carers, contact us to find out more. For information and advice on Parkinson's, or for emotional support, call the Parkinson's UK helpline on 0808 800 0303","Our group offers friendship and support locally to people with Parkinson’s, their families and carers, contact us to find out more. For information and advice on Parkinson's, or for emotional support, call the Parkinson's UK helpline on 0808 800 0303 Schedule: Monthly on the third Monday From 14:00 until 16:00. Location: Londonderry Park, Portaferry Road, Newtownards, BT23 8SG. Contacts available: Local Group Staff Contact, Parkinson’s UK Helpline.","Newtownards, United Kingdom","Newtownards, United Kingdom",United Kingdom,In-Person | Support | Exercise | Parkinson's Care,,in-person,true,official_directory_import,0,0,https://localsupport.parkinsons.org.uk/provider/north-down-support-group,mchambers@parkinsons.org.uk,020 7963 3618,Londonderry Park,,provider,Parkinson's UK,"Londonderry Park, Portaferry Road, Newtownards, BT23 8SG",Newtownards,BT23 8SG,https://localsupport.parkinsons.org.uk/provider/north-down-support-group,2026-03-27T07:44:50.805Z
parkinsons-uk,Parkinson's UK Local Support,localsupport.parkinsons.org.uk/provider/omagh-branch,omagh-branch-provider-bt78-1hl,Omagh Branch,Exercise Class,"Our group offers friendship and support locally to people with Parkinson’s, their families and carers, contact us to find out more. For information and advice on Parkinson's, or for emotional support, call the Parkinson's UK helpline on 0808 800 0303","Our group offers friendship and support locally to people with Parkinson’s, their families and carers, contact us to find out more. For information and advice on Parkinson's, or for emotional support, call the Parkinson's UK helpline on 0808 800 0303 Schedule: Monthly on the third Tuesday From 14:30 until 16:00. Location: Omagh Library, 1 Spillars Place, Omagh, BT78 1HL. Contacts available: Local Group Staff Contact, Parkinson’s UK Helpline.","Omagh, United Kingdom","Omagh, United Kingdom",United Kingdom,In-Person | Support | Exercise | Parkinson's Care,,in-person,true,official_directory_import,0,0,https://localsupport.parkinsons.org.uk/provider/omagh-branch,mchambers@parkinsons.org.uk,020 7963 3618,Omagh Library,,provider,Parkinson's UK,"Omagh Library, 1 Spillars Place, Omagh, BT78 1HL",Omagh,BT78 1HL,https://localsupport.parkinsons.org.uk/provider/omagh-branch,2026-03-27T07:44:50.805Z
parkinsons-uk,Parkinson's UK Local Support,localsupport.parkinsons.org.uk/provider/spires-magherafelt-branch,spires-magherafelt-branch-provider-bt45-6aw,Spires Magherafelt Branch,Exercise Class,"Our group offers friendship and support locally to people with Parkinson’s, their families and carers, contact us to find out more. For information and advice on Parkinson's, or for emotional support, call the Parkinson's UK helpline on 0808 800 0303","Our group offers friendship and support locally to people with Parkinson’s, their families and carers, contact us to find out more. For information and advice on Parkinson's, or for emotional support, call the Parkinson's UK helpline on 0808 800 0303 Schedule: Monthly on the second Thursday From 19:00 until 21:00. Location: Magherafelt Methodist Church Hall, Wesleyan Mews, 26b Church Street, Magherafelt, BT45 6AW. Contacts available: Local Group Staff Contact, Parkinson’s UK Helpline.","Magherafelt, United Kingdom","Magherafelt, United Kingdom",United Kingdom,In-Person | Support | Exercise | Parkinson's Care,,in-person,true,official_directory_import,0,0,https://localsupport.parkinsons.org.uk/provider/spires-magherafelt-branch,mchambers@parkinsons.org.uk,020 7963 3618,Magherafelt Methodist Church Hall,,provider,Parkinson's UK,"Magherafelt Methodist Church Hall, Wesleyan Mews, 26b Church Street, Magherafelt, BT45 6AW",Magherafelt,BT45 6AW,https://localsupport.parkinsons.org.uk/provider/spires-magherafelt-branch,2026-03-27T07:44:50.805Z
parkinsons-uk,Parkinson's UK Local Support,localsupport.parkinsons.org.uk/provider/aberdeen-branch,aberdeen-branch-provider-ab15-8aa,Aberdeen Branch,Exercise Class,"Our group offers friendship and support locally to people with Parkinson’s, their families and carers, contact us to find out more. For information and advice on Parkinson's, or for emotional support, call the Parkinson's UK helpline on 0808 800 0303","Our group offers friendship and support locally to people with Parkinson’s, their families and carers, contact us to find out more. For information and advice on Parkinson's, or for emotional support, call the Parkinson's UK helpline on 0808 800 0303 Schedule: Monthly on the last Thursday From 14:00 until 16:00. Location: Craigiebuckler Church, 185 Springfield Road, Aberdeen, AB15 8AA. Contacts available: Parkinson’s UK Helpline.","Aberdeen, United Kingdom","Aberdeen, United Kingdom",United Kingdom,In-Person | Support | Wellbeing | Exercise | Parkinson's Care,,in-person,true,official_directory_import,0,0,https://localsupport.parkinsons.org.uk/provider/aberdeen-branch,hello@parkinsons.org.uk,0808 800 0303,Craigiebuckler Church,,provider,Parkinson's UK,"Craigiebuckler Church, 185 Springfield Road, Aberdeen, AB15 8AA",Aberdeen,AB15 8AA,https://localsupport.parkinsons.org.uk/provider/aberdeen-branch,2026-03-27T07:44:50.805Z
parkinsons-uk,Parkinson's UK Local Support,localsupport.parkinsons.org.uk/provider/annan-support-group,annan-support-group-provider-dg12-5er,Annan Support Group,Support Group,"Our group offers friendship and support locally to people with Parkinson’s, their families and carers, contact us to find out more. For information and advice on Parkinson's, or for emotional support, call the Parkinson's UK helpline on 0808 800 0303","Our group offers friendship and support locally to people with Parkinson’s, their families and carers, contact us to find out more. For information and advice on Parkinson's, or for emotional support, call the Parkinson's UK helpline on 0808 800 0303 Schedule: Monthly on the fourth Thursday From 14:00 until 15:30. Location: Lodge Caledonian 238, Campbell House, Annan, DG12 5ER. Contacts available: Contact, Parkinson’s UK Helpline.","Annan, United Kingdom","Annan, United Kingdom",United Kingdom,In-Person | Support | Support Group | Parkinson's Care,,in-person,true,official_directory_import,0,0,https://localsupport.parkinsons.org.uk/provider/annan-support-group,vc.scotland2@parkinsons.org.uk,0344 225 9836,Lodge Caledonian 238,,provider,Parkinson's UK,"Lodge Caledonian 238, Campbell House, Annan, DG12 5ER",Annan,DG12 5ER,https://localsupport.parkinsons.org.uk/provider/annan-support-group,2026-03-27T07:44:50.805Z
parkinsons-uk,Parkinson's UK Local Support,localsupport.parkinsons.org.uk/provider/ayrshire-support-group,ayrshire-support-group-provider-ka12-9ew,Ayrshire Support Group,Support Group,"Our group offers friendship and support locally to people with Parkinson’s, their families and carers, contact us to find out more. We have a dedicated Facebook page so that you can see what we're up to and there is also a closed group for more private exchanges. For information and advice on Parkinson's, or for emotional support, call the Parkinson's UK helpline on 0808 800 0303","Our group offers friendship and support locally to people with Parkinson’s, their families and carers, contact us to find out more. We have a dedicated Facebook page so that you can see what we're up to and there is also a closed group for more private exchanges. For information and advice on Parkinson's, or for emotional support, call the Parkinson's UK helpline on 0808 800 0303 Schedule: Monthly on the first Tuesday From 14:00 until 16:00. Location: Redburn Community Hub, Dickson Drive, Irvine, KA12 9EW. Contacts available: Local Group Staff Contact, Parkinson’s UK Helpline.","Irvine, United Kingdom","Irvine, United Kingdom",United Kingdom,In-Person | Support | Support Group | Parkinson's Care,,in-person,true,official_directory_import,0,0,https://localsupport.parkinsons.org.uk/provider/ayrshire-support-group,ahall@parkinsons.org.uk,0344 225 3725,Redburn Community Hub,,provider,Parkinson's UK,"Redburn Community Hub, Dickson Drive, Irvine, KA12 9EW",Irvine,KA12 9EW,https://localsupport.parkinsons.org.uk/provider/ayrshire-support-group,2026-03-27T07:44:50.805Z
parkinsons-uk,Parkinson's UK Local Support,localsupport.parkinsons.org.uk/provider/borders-support-group,borders-support-group-provider-td1-3hy,Borders Support Group,Support Group,"Our group offers friendship and support locally to people with Parkinson’s, their families and carers, contact us to find out more. For information and advice on Parkinson's, or for emotional support, call the Parkinson's UK helpline on 0808 800 0303","Our group offers friendship and support locally to people with Parkinson’s, their families and carers, contact us to find out more. For information and advice on Parkinson's, or for emotional support, call the Parkinson's UK helpline on 0808 800 0303 Schedule: Monthly on the last Monday From 14:00 until 16:00. Location: The Kingsknowes Hotel, Selkirk Road, Galashiels, TD1 3HY. Contacts available: Local Group Staff Contact, Parkinson’s UK Helpline.","Galashiels, United Kingdom","Galashiels, United Kingdom",United Kingdom,In-Person | Support | Support Group | Parkinson's Care,,in-person,true,official_directory_import,0,0,https://localsupport.parkinsons.org.uk/provider/borders-support-group,vc.scotland1@parkinsons.org.uk,0344 225 3725,The Kingsknowes Hotel,,provider,Parkinson's UK,"The Kingsknowes Hotel, Selkirk Road, Galashiels, TD1 3HY",Galashiels,TD1 3HY,https://localsupport.parkinsons.org.uk/provider/borders-support-group,2026-03-27T07:44:50.805Z
parkinsons-uk,Parkinson's UK Local Support,localsupport.parkinsons.org.uk/provider/caithness-support-group,caithness-support-group-provider-kw14-7aa,Caithness Support Group,Support Group,"Our group offers friendship and support locally to people with Parkinson’s, their families and carers, contact us to find out more. For information and advice on Parkinson's, or for emotional support, call the Parkinson's UK helpline on 0808 800 0303","Our group offers friendship and support locally to people with Parkinson’s, their families and carers, contact us to find out more. For information and advice on Parkinson's, or for emotional support, call the Parkinson's UK helpline on 0808 800 0303 Schedule: Monthly on the first Tuesday From 14:00 until 16:00. Location: Pentland Hotel Thurso, Princes Street, Thurso, KW14 7AA. Contacts available: Parkinson’s UK Helpline.","Thurso, United Kingdom","Thurso, United Kingdom",United Kingdom,In-Person | Support | Support Group | Parkinson's Care,,in-person,true,official_directory_import,0,0,https://localsupport.parkinsons.org.uk/provider/caithness-support-group,hello@parkinsons.org.uk,0808 800 0303,Pentland Hotel Thurso,,provider,Parkinson's UK,"Pentland Hotel Thurso, Princes Street, Thurso, KW14 7AA",Thurso,KW14 7AA,https://localsupport.parkinsons.org.uk/provider/caithness-support-group,2026-03-27T07:44:50.805Z
parkinsons-uk,Parkinson's UK Local Support,localsupport.parkinsons.org.uk/provider/clydesdale-support-group,clydesdale-support-group-provider-ml11-9dz,Clydesdale Support Group,Support Group,"Our group offers friendship and support locally to people with Parkinson’s, their families and carers, contact us to find out more. For information and advice on Parkinson's, or for emotional support, call the Parkinson's UK helpline on 0808 800 0303","Our group offers friendship and support locally to people with Parkinson’s, their families and carers, contact us to find out more. For information and advice on Parkinson's, or for emotional support, call the Parkinson's UK helpline on 0808 800 0303 Schedule: Monthly on the last Thursday From 14:00 until 16:00. Location: St Nicholas Church Hall Lanark, Castlegate, Lanark, ML11 9DZ. Contacts available: Local Group Staff Contact, Parkinson’s UK Helpline.","Lanark, United Kingdom","Lanark, United Kingdom",United Kingdom,In-Person | Support | Support Group | Parkinson's Care,,in-person,true,official_directory_import,0,0,https://localsupport.parkinsons.org.uk/provider/clydesdale-support-group,ahall@parkinsons.org.uk,0344 225 3725,St Nicholas Church Hall Lanark,,provider,Parkinson's UK,"St Nicholas Church Hall Lanark, Castlegate, Lanark, ML11 9DZ",Lanark,ML11 9DZ,https://localsupport.parkinsons.org.uk/provider/clydesdale-support-group,2026-03-27T07:44:50.805Z
parkinsons-uk,Parkinson's UK Local Support,localsupport.parkinsons.org.uk/provider/cowal-support-group,cowal-support-group-provider-pa23-7rn,Cowal Support Group,Support Group,"Our group offers friendship and support locally to people with Parkinson’s, their families and carers, contact us to find out more. For information and advice on Parkinson's, or for emotional support, call the Parkinson's UK helpline on 0808 800 0303","Our group offers friendship and support locally to people with Parkinson’s, their families and carers, contact us to find out more. For information and advice on Parkinson's, or for emotional support, call the Parkinson's UK helpline on 0808 800 0303 Schedule: Monthly on the last Tuesday From 14:00 until 16:00. Location: Walkers Mica Home and Garden Centre, 361 Argyll Street, Dunoon, PA23 7RN. Contacts available: Contact, Contact.","Dunoon, United Kingdom","Dunoon, United Kingdom",United Kingdom,In-Person | Support | Support Group | Parkinson's Care,,in-person,true,official_directory_import,0,0,https://localsupport.parkinsons.org.uk/provider/cowal-support-group,ahall@parkinsons.org.uk,0344 225 3725,Walkers Mica Home and Garden Centre,,provider,Parkinson's UK,"Walkers Mica Home and Garden Centre, 361 Argyll Street, Dunoon, PA23 7RN",Dunoon,PA23 7RN,https://localsupport.parkinsons.org.uk/provider/cowal-support-group,2026-03-27T07:44:50.805Z
parkinsons-uk,Parkinson's UK Local Support,localsupport.parkinsons.org.uk/provider/dumfries-branch,dumfries-branch-provider-dg2-8pp,Dumfries Branch,Exercise Class,"Our group offers friendship and support locally to people with Parkinson’s, their families and carers, contact us to find out more. For information and advice on Parkinson's, or for emotional support, call the Parkinson's UK helpline on 0808 800 0303","Our group offers friendship and support locally to people with Parkinson’s, their families and carers, contact us to find out more. For information and advice on Parkinson's, or for emotional support, call the Parkinson's UK helpline on 0808 800 0303 Schedule: Monthly on the third Tuesday From 14:00 until 16:00. Location: Garden Wise, Castle Douglas Road, Dumfries, DG2 8PP. Contacts available: Local Group Staff Contact, Parkinson’s UK Helpline.","Dumfries, United Kingdom","Dumfries, United Kingdom",United Kingdom,In-Person | Support | Exercise | Parkinson's Care,,in-person,true,official_directory_import,0,0,https://localsupport.parkinsons.org.uk/provider/dumfries-branch,ahall@parkinsons.org.uk,0344 225 3725,Garden Wise,,provider,Parkinson's UK,"Garden Wise, Castle Douglas Road, Dumfries, DG2 8PP",Dumfries,DG2 8PP,https://localsupport.parkinsons.org.uk/provider/dumfries-branch,2026-03-27T07:44:50.805Z
parkinsons-uk,Parkinson's UK Local Support,localsupport.parkinsons.org.uk/provider/dundee-and-angus-support-group,dundee-and-angus-support-group-provider-dd1-4dg,Dundee and Angus Support Group,Support Group,"Our group offers friendship and support locally to people with Parkinson’s, their families and carers, contact us to find out more. For information and advice on Parkinson's, or for emotional support, call the Parkinson's UK helpline on 0808 800 0303","Our group offers friendship and support locally to people with Parkinson’s, their families and carers, contact us to find out more. For information and advice on Parkinson's, or for emotional support, call the Parkinson's UK helpline on 0808 800 0303 Schedule: Monthly on the last Tuesday From 14:00 until 16:00. Location: The Steeple Church Dundee, Nethergate, Dundee, DD1 4DG. Contacts available: Local Group Staff Contact, Parkinson’s UK Helpline.","Dundee, United Kingdom","Dundee, United Kingdom",United Kingdom,In-Person | Support | Support Group | Parkinson's Care,,in-person,true,official_directory_import,0,0,https://localsupport.parkinsons.org.uk/provider/dundee-and-angus-support-group,vc.scotland1@parkinsons.org.uk,0344 225 3725,The Steeple Church Dundee,,provider,Parkinson's UK,"The Steeple Church Dundee, Nethergate, Dundee, DD1 4DG",Dundee,DD1 4DG,https://localsupport.parkinsons.org.uk/provider/dundee-and-angus-support-group,2026-03-27T07:44:50.805Z
parkinsons-uk,Parkinson's UK Local Support,localsupport.parkinsons.org.uk/provider/edinburgh-and-midlothian-branch,edinburgh-and-midlothian-branch-provider-eh10-4hn,Edinburgh and Midlothian Branch,Exercise Class,"Our group offers friendship and support locally to people with Parkinson’s, their families and carers, contact us to find out more. For information and advice on Parkinson's, or for emotional support, call the Parkinson's UK helpline on 0808 800 0303","Our group offers friendship and support locally to people with Parkinson’s, their families and carers, contact us to find out more. For information and advice on Parkinson's, or for emotional support, call the Parkinson's UK helpline on 0808 800 0303 Schedule: Monthly on the second Wednesday From 14:00 until 16:00. Location: Barclay Viewforth Church Edinburgh, 1 Wright's Houses, Edinburgh, EH10 4HN. Contacts available: Local Group Staff Contact, Parkinson’s UK Helpline.","Edinburgh, United Kingdom","Edinburgh, United Kingdom",United Kingdom,In-Person | Exercise | Support | Wellbeing | Parkinson's Care,,in-person,true,official_directory_import,0,0,https://localsupport.parkinsons.org.uk/provider/edinburgh-and-midlothian-branch,vc.scotland1@parkinsons.org.uk,0344 225 3725,Lifecare Edinburgh,,provider,Parkinson's UK,"Barclay Viewforth Church Edinburgh, 1 Wright's Houses, Edinburgh, EH10 4HN",Edinburgh,EH10 4HN,https://localsupport.parkinsons.org.uk/provider/edinburgh-and-midlothian-branch,2026-03-27T07:44:50.805Z
parkinsons-uk,Parkinson's UK Local Support,localsupport.parkinsons.org.uk/provider/edinburgh-younger-parkinsons-group,edinburgh-younger-parkinson-s-group-provider-eh13-9ng,Edinburgh Younger Parkinson's Group,Exercise Class,"Our group offers friendship and support locally to people with Parkinson’s, their families and carers, contact us to find out more. For information and advice on Parkinson's, or for emotional support, call the Parkinson's UK helpline on 0808 800 0303","Our group offers friendship and support locally to people with Parkinson’s, their families and carers, contact us to find out more. For information and advice on Parkinson's, or for emotional support, call the Parkinson's UK helpline on 0808 800 0303 Schedule: Get in touch for more information.. Location: Hunter's Tryst, 97 Oxgangs Road, Edinburgh, EH13 9NG. Contacts available: Local Group Staff Contact, Parkinson’s UK Helpline.","Edinburgh, United Kingdom","Edinburgh, United Kingdom",United Kingdom,In-Person | Support | Exercise | Parkinson's Care,,in-person,true,official_directory_import,0,0,https://localsupport.parkinsons.org.uk/provider/edinburgh-younger-parkinsons-group,vc.scotland1@parkinsons.org.uk,0344 225 3725,Hunter's Tryst,,provider,Parkinson's UK,"Hunter's Tryst, 97 Oxgangs Road, Edinburgh, EH13 9NG",Edinburgh,EH13 9NG,https://localsupport.parkinsons.org.uk/provider/edinburgh-younger-parkinsons-group,2026-03-27T07:44:50.805Z
parkinsons-uk,Parkinson's UK Local Support,localsupport.parkinsons.org.uk/provider/elgin-support-group,elgin-support-group-provider-iv30-1ab,Elgin Support Group,Exercise Class,"Our group offers friendship and support locally to people with Parkinson’s, their families and carers, contact us to find out more. For information and advice on Parkinson's, or for emotional support, call the Parkinson's UK helpline on 0808 800 0303","Our group offers friendship and support locally to people with Parkinson’s, their families and carers, contact us to find out more. For information and advice on Parkinson's, or for emotional support, call the Parkinson's UK helpline on 0808 800 0303 Schedule: Monthly on the second Monday From 14:00 until 16:00. Location: Elgin and Forres Free Church of Scotland, South Street, Elgin, IV30 1AB. Contacts available: Contact, Parkinson’s UK Helpline.","Elgin, United Kingdom","Elgin, United Kingdom",United Kingdom,In-Person | Support | Exercise | Parkinson's Care,,in-person,true,official_directory_import,0,0,https://localsupport.parkinsons.org.uk/provider/elgin-support-group,elginanddistrictpsg@gmail.com,07907 877267,Elgin and Forres Free Church of Scotland,,provider,Parkinson's UK,"Elgin and Forres Free Church of Scotland, South Street, Elgin, IV30 1AB",Elgin,IV30 1AB,https://localsupport.parkinsons.org.uk/provider/elgin-support-group,2026-03-27T07:44:50.805Z
parkinsons-uk,Parkinson's UK Local Support,localsupport.parkinsons.org.uk/provider/falkirk-support-group,falkirk-support-group-provider-fk1-5at,Falkirk Support Group,Exercise Class,"Our group offers friendship and support locally to people with Parkinson’s, their families and carers, contact us to find out more. For information and advice on Parkinson's, or for emotional support, call the Parkinson's UK helpline on 0808 800 0303","Our group offers friendship and support locally to people with Parkinson’s, their families and carers, contact us to find out more. For information and advice on Parkinson's, or for emotional support, call the Parkinson's UK helpline on 0808 800 0303 Schedule: Monthly on the second Tuesday From 14:00 until 16:00. Location: St Francis Xavier's Church Hall - Falkirk, 1 Hope Street, Falkirk, FK1 5AT. Contacts available: Local Group Staff Contact, Parkinson’s UK Helpline.","Falkirk, United Kingdom","Falkirk, United Kingdom",United Kingdom,In-Person | Exercise | Parkinson's Care,,in-person,true,official_directory_import,0,0,https://localsupport.parkinsons.org.uk/provider/falkirk-support-group,vc.scotland1@parkinsons.org.uk,0344 225 3725,St Francis Xavier's Church Hall - Falkirk,,provider,Parkinson's UK,"St Francis Xavier's Church Hall - Falkirk, 1 Hope Street, Falkirk, FK1 5AT",Falkirk,FK1 5AT,https://localsupport.parkinsons.org.uk/provider/falkirk-support-group,2026-03-27T07:44:50.805Z
parkinsons-uk,Parkinson's UK Local Support,localsupport.parkinsons.org.uk/provider/fife-branch,fife-branch-provider-ky7-5ns,Fife Branch,Support Group,"We organise regular activities, events and social activities at various locations in the Fife area for people with Parkinson's, their families, partners, friends and carers. Please contact us for more information. You can get in touch using the details or through our website: https://fife.parkinsonsuk.group/For information and advice on Parkinson's, or for emotional support, call the Parkinson's UK helpline on 0808 800 0303","We organise regular activities, events and social activities at various locations in the Fife area for people with Parkinson's, their families, partners, friends and carers. Please contact us for more information. You can get in touch using the details or through our website: https://fife.parkinsonsuk.group/For information and advice on Parkinson's, or for emotional support, call the Parkinson's UK helpline on 0808 800 0303 Schedule: Monthly on the second Thursday From 12:00 until 15:00. Location: Glenrothes Bridge Centre, Glenrothes Baptist Church, Unicorn House, Glenrothes, KY7 5NS. Contacts available: Local Group Staff Contact, Parkinson’s UK Helpline.","Glenrothes, United Kingdom","Glenrothes, United Kingdom",United Kingdom,In-Person | Support | Support Group | Parkinson's Care,,in-person,true,official_directory_import,0,0,https://localsupport.parkinsons.org.uk/provider/fife-branch,vc.scotland1@parkinsons.org.uk,0344 225 3725,Glenrothes Bridge Centre,,provider,Parkinson's UK,"Glenrothes Bridge Centre, Glenrothes Baptist Church, Unicorn House, Glenrothes, KY7 5NS",Glenrothes,KY7 5NS,https://localsupport.parkinsons.org.uk/provider/fife-branch,2026-03-27T07:44:50.805Z
parkinsons-uk,Parkinson's UK Local Support,localsupport.parkinsons.org.uk/provider/Fraserburgh-Support-Group,fraserburgh-support-group-provider-ab43-9aj,Fraserburgh Support Group,Support Group,"Our group offers friendship and support locally to people with Parkinson’s, their families and carers, contact us to find out more. For information and advice on Parkinson's, or for emotional support, call the Parkinson's UK helpline on 0808 800 0303","Our group offers friendship and support locally to people with Parkinson’s, their families and carers, contact us to find out more. For information and advice on Parkinson's, or for emotional support, call the Parkinson's UK helpline on 0808 800 0303 Schedule: Monthly on the third Friday From 14:00 until 16:00. Location: URC Church, 6-12 Mid Street, Fraserburgh, AB43 9AJ. Contacts available: Parkinson’s UK Helpline.","Fraserburgh, United Kingdom","Fraserburgh, United Kingdom",United Kingdom,In-Person | Support | Support Group | Parkinson's Care,,in-person,true,official_directory_import,0,0,https://localsupport.parkinsons.org.uk/provider/Fraserburgh-Support-Group,hello@parkinsons.org.uk,0808 800 0303,URC Church,,provider,Parkinson's UK,"URC Church, 6-12 Mid Street, Fraserburgh, AB43 9AJ",Fraserburgh,AB43 9AJ,https://localsupport.parkinsons.org.uk/provider/Fraserburgh-Support-Group,2026-03-27T07:44:50.805Z
parkinsons-uk,Parkinson's UK Local Support,localsupport.parkinsons.org.uk/provider/garioch-support-group,garioch-support-group-provider-localsupport-parkinsons-org-uk-provider-garioch-support-group,Garioch Support Group,Support Group,"Our group offers friendship and support locally to people with Parkinson’s, their families and carers, contact us to find out more. For information and advice on Parkinson's, or for emotional support, call the Parkinson's UK helpline on 0808 800 0303","Our group offers friendship and support locally to people with Parkinson’s, their families and carers, contact us to find out more. For information and advice on Parkinson's, or for emotional support, call the Parkinson's UK helpline on 0808 800 0303 Schedule: Monthly on the last Tuesday From 14:00 until 16:00. Contacts available: Local Group Staff Contact, Parkinson’s UK Helpline.",United Kingdom,United Kingdom,United Kingdom,Support Group | Parkinson's Care,,in-person,true,official_directory_import,0,0,https://localsupport.parkinsons.org.uk/provider/garioch-support-group,vc.scotland1@parkinsons.org.uk,0344 225 3725,The Acorn Centre Inverurie,,provider,Parkinson's UK,United Kingdom,,,https://localsupport.parkinsons.org.uk/provider/garioch-support-group,2026-03-27T07:44:50.805Z
parkinsons-uk,Parkinson's UK Local Support,localsupport.parkinsons.org.uk/provider/glasgow-north-support-group,glasgow-north-support-group-provider-localsupport-parkinsons-org-uk-provider-glasgow-north-support-group,Glasgow North Support Group,Support Group,"Our group offers friendship and support locally to people with Parkinson’s, their families and carers, contact us to find out more. For information and advice on Parkinson's, or for emotional support, call the Parkinson's UK helpline on 0808 800 0303","Our group offers friendship and support locally to people with Parkinson’s, their families and carers, contact us to find out more. For information and advice on Parkinson's, or for emotional support, call the Parkinson's UK helpline on 0808 800 0303 Schedule: Monthly on the third Wednesday From 13:00 until 15:00. Contacts available: Local Group Staff Contact, Parkinson’s UK Helpline.",United Kingdom,United Kingdom,United Kingdom,Support Group | Parkinson's Care,,in-person,true,official_directory_import,0,0,https://localsupport.parkinsons.org.uk/provider/glasgow-north-support-group,ahall@parkinsons.org.uk,0344 225 3725,Bishopbriggs Community Church Glasgow,,provider,Parkinson's UK,United Kingdom,,,https://localsupport.parkinsons.org.uk/provider/glasgow-north-support-group,2026-03-27T07:44:50.805Z
parkinsons-uk,Parkinson's UK Local Support,localsupport.parkinsons.org.uk/provider/glasgow-young-onset-parkinsons-group,glasgow-young-onset-parkinson-s-group-provider-g1-1dq,Glasgow Young Onset Parkinson's Group,Exercise Class,"Our group offers friendship and support locally to people with Parkinson’s, their families and carers, contact us to find out more. For information and advice on Parkinson's, or for emotional support, call the Parkinson's UK helpline on 0808 800 0303","Our group offers friendship and support locally to people with Parkinson’s, their families and carers, contact us to find out more. For information and advice on Parkinson's, or for emotional support, call the Parkinson's UK helpline on 0808 800 0303 Schedule: Monthly on the first Wednesday From 19:00 until 21:00. Location: Mercure Glasgow City Hotel, 201 Ingram Street, Glasgow, G1 1DQ. Contacts available: Local Group Staff Contact, Parkinson’s UK Helpline.","Glasgow, United Kingdom","Glasgow, United Kingdom",United Kingdom,In-Person | Support | Exercise | Parkinson's Care,,in-person,true,official_directory_import,0,0,https://localsupport.parkinsons.org.uk/provider/glasgow-young-onset-parkinsons-group,ahall@parkinsons.org.uk,0344 225 3725,Mercure Glasgow City Hotel,,provider,Parkinson's UK,"Mercure Glasgow City Hotel, 201 Ingram Street, Glasgow, G1 1DQ",Glasgow,G1 1DQ,https://localsupport.parkinsons.org.uk/provider/glasgow-young-onset-parkinsons-group,2026-03-27T07:44:50.806Z
parkinsons-uk,Parkinson's UK Local Support,localsupport.parkinsons.org.uk/provider/hebridean-support-group,hebridean-support-group-provider-localsupport-parkinsons-org-uk-provider-hebridean-support-group,Hebridean Support Group,Support Group,"Our group offers friendship and support locally to people with Parkinson’s, their families and carers, contact us to find out more. For information and advice on Parkinson's, or for emotional support, call the Parkinson's UK helpline on 0808 800 0303","Our group offers friendship and support locally to people with Parkinson’s, their families and carers, contact us to find out more. For information and advice on Parkinson's, or for emotional support, call the Parkinson's UK helpline on 0808 800 0303 Schedule: Monthly on the third Friday From 11:00 until 12:30. Contacts available: Local Group Staff Contact, Parkinson’s UK Helpline.",United Kingdom,United Kingdom,United Kingdom,Support Group | Parkinson's Care,,in-person,true,official_directory_import,0,0,https://localsupport.parkinsons.org.uk/provider/hebridean-support-group,ahall@parkinsons.org.uk,0344 225 3725,The Failte Centre,,provider,Parkinson's UK,United Kingdom,,,https://localsupport.parkinsons.org.uk/provider/hebridean-support-group,2026-03-27T07:44:50.806Z
parkinsons-uk,Parkinson's UK Local Support,localsupport.parkinsons.org.uk/provider/helensburgh-and-dunbartonshire-support-group,helensburgh-and-dunbartonshire-support-group-provider-localsupport-parkinsons-org-uk-provider-helensburgh-and-dunbartonshire-support-group,Helensburgh and Dunbartonshire Support Group,Support Group,"Our group offers friendship and support locally to people with Parkinson’s, their families and carers, contact us to find out more. For information and advice on Parkinson's, or for emotional support, call the Parkinson's UK helpline on 0808 800 0303","Our group offers friendship and support locally to people with Parkinson’s, their families and carers, contact us to find out more. For information and advice on Parkinson's, or for emotional support, call the Parkinson's UK helpline on 0808 800 0303 Schedule: Monthly on the last Monday From 13:30 until 15:00. Contacts available: Local Group Staff Contact, Parkinson’s UK Helpline.",United Kingdom,United Kingdom,United Kingdom,Support Group | Parkinson's Care,,in-person,true,official_directory_import,0,0,https://localsupport.parkinsons.org.uk/provider/helensburgh-and-dunbartonshire-support-group,ahall@parkinsons.org.uk,0344 225 3725,Helensburgh Parish Church Hall,,provider,Parkinson's UK,United Kingdom,,,https://localsupport.parkinsons.org.uk/provider/helensburgh-and-dunbartonshire-support-group,2026-03-27T07:44:50.806Z
parkinsons-uk,Parkinson's UK Local Support,localsupport.parkinsons.org.uk/provider/inverclyde-support-group,inverclyde-support-group-provider-pa15-4np,Inverclyde Support Group,Support Group,"Our group offers friendship and support locally to people with Parkinson’s, their families and carers, contact us to find out more. For information and advice on Parkinson's, or for emotional support, call the Parkinson's UK helpline on 0808 800 0303","Our group offers friendship and support locally to people with Parkinson’s, their families and carers, contact us to find out more. For information and advice on Parkinson's, or for emotional support, call the Parkinson's UK helpline on 0808 800 0303 Schedule: Monthly on the last Friday From 12:30 until 14:30. Location: Greenock Salvation Army Hall, 57 Regent Street, Greenock, PA15 4NP. Contacts available: Local Group Staff Contact, Parkinson’s UK Helpline.","Greenock, United Kingdom","Greenock, United Kingdom",United Kingdom,In-Person | Support | Support Group | Parkinson's Care,,in-person,true,official_directory_import,0,0,https://localsupport.parkinsons.org.uk/provider/inverclyde-support-group,ahall@parkinsons.org.uk,0344 225 3725,Greenock Salvation Army Hall,,provider,Parkinson's UK,"Greenock Salvation Army Hall, 57 Regent Street, Greenock, PA15 4NP",Greenock,PA15 4NP,https://localsupport.parkinsons.org.uk/provider/inverclyde-support-group,2026-03-27T07:44:50.806Z
parkinsons-uk,Parkinson's UK Local Support,localsupport.parkinsons.org.uk/provider/inverness-support-group,inverness-support-group-provider-iv2-7gs,Inverness Support Group,Support Group,"Our group offers friendship and support locally to people with Parkinson’s, their families and carers, contact us to find out more. For information and advice on Parkinson's, or for emotional support, call the Parkinson's UK helpline on 0808 800 0303","Our group offers friendship and support locally to people with Parkinson’s, their families and carers, contact us to find out more. For information and advice on Parkinson's, or for emotional support, call the Parkinson's UK helpline on 0808 800 0303 Schedule: Monthly on the third Thursday From 10:30 until 12:00. Location: Culloden Balloch Baptist Church, Wellside Road, Inverness, IV2 7GS. Contacts available: Parkinson’s UK Helpline.","Inverness, United Kingdom","Inverness, United Kingdom",United Kingdom,In-Person | Support | Support Group | Parkinson's Care,,in-person,true,official_directory_import,0,0,https://localsupport.parkinsons.org.uk/provider/inverness-support-group,hello@parkinsons.org.uk,0808 800 0303,Culloden Balloch Baptist Church,,provider,Parkinson's UK,"Culloden Balloch Baptist Church, Wellside Road, Inverness, IV2 7GS",Inverness,IV2 7GS,https://localsupport.parkinsons.org.uk/provider/inverness-support-group,2026-03-27T07:44:50.806Z
parkinsons-uk,Parkinson's UK Local Support,localsupport.parkinsons.org.uk/provider/isle-arran-support-group,isle-of-arran-support-group-provider-localsupport-parkinsons-org-uk-provider-isle-arran-support-group,Isle of Arran Support Group,Support Group,"Our group offers friendship and support locally to people with Parkinson’s, their families and carers, contact us to find out more. For information and advice on Parkinson's, or for emotional support, call the Parkinson's UK helpline on 0808 800 0303","Our group offers friendship and support locally to people with Parkinson’s, their families and carers, contact us to find out more. For information and advice on Parkinson's, or for emotional support, call the Parkinson's UK helpline on 0808 800 0303 Contacts available: Local Group Staff Contact, Parkinson’s UK Helpline.",United Kingdom,United Kingdom,United Kingdom,Support Group | Parkinson's Care,,in-person,true,official_directory_import,0,0,https://localsupport.parkinsons.org.uk/provider/isle-arran-support-group,ahall@parkinsons.org.uk,0344 225 3725,,,provider,Parkinson's UK,United Kingdom,,,https://localsupport.parkinsons.org.uk/provider/isle-arran-support-group,2026-03-27T07:44:50.806Z
parkinsons-uk,Parkinson's UK Local Support,localsupport.parkinsons.org.uk/provider/kintyre-support-group,kintyre-support-group-provider-localsupport-parkinsons-org-uk-provider-kintyre-support-group,Kintyre Support Group,Support Group,"Our group offers friendship and support locally to people with Parkinson’s, their families and carers, contact us to find out more. For information and advice on Parkinson's, or for emotional support, call the Parkinson's UK helpline on 0808 800 0303","Our group offers friendship and support locally to people with Parkinson’s, their families and carers, contact us to find out more. For information and advice on Parkinson's, or for emotional support, call the Parkinson's UK helpline on 0808 800 0303 Schedule: Monthly on the first Wednesday From 14:00 until 16:00. Contacts available: Parkinson’s UK Helpline.",United Kingdom,United Kingdom,United Kingdom,Support Group | Parkinson's Care,,in-person,true,official_directory_import,0,0,https://localsupport.parkinsons.org.uk/provider/kintyre-support-group,hello@parkinsons.org.uk,0808 800 0303,Shopper-Aide,,provider,Parkinson's UK,United Kingdom,,,https://localsupport.parkinsons.org.uk/provider/kintyre-support-group,2026-03-27T07:44:50.806Z
parkinsons-uk,Parkinson's UK Local Support,localsupport.parkinsons.org.uk/provider/lanarkshire-and-glasgow-south-branch,lanarkshire-and-glasgow-south-support-group-provider-g73-1jq,Lanarkshire and Glasgow South Support Group,Support Group,"Our group offers friendship and support locally to people with Parkinson’s, their families and carers, contact us to find out more. For information and advice on Parkinson's, or for emotional support, call the Parkinson's UK helpline on 0808 800 0303","Our group offers friendship and support locally to people with Parkinson’s, their families and carers, contact us to find out more. For information and advice on Parkinson's, or for emotional support, call the Parkinson's UK helpline on 0808 800 0303 Schedule: Weekly every Tuesday From 13:30 until 15:30. Location: Wardlawhill Church - Rutherglen, 3 Western Avenue, Rutherglen, G73 1JQ. Contacts available: Local Group Staff Contact, Parkinson’s UK Helpline.","Rutherglen, United Kingdom","Rutherglen, United Kingdom",United Kingdom,In-Person | Support | Support Group | Parkinson's Care,,in-person,true,official_directory_import,0,0,https://localsupport.parkinsons.org.uk/provider/lanarkshire-and-glasgow-south-branch,ahall@parkinsons.org.uk,0344 225 3725,Wardlawhill Church - Rutherglen,,provider,Parkinson's UK,"Wardlawhill Church - Rutherglen, 3 Western Avenue, Rutherglen, G73 1JQ",Rutherglen,G73 1JQ,https://localsupport.parkinsons.org.uk/provider/lanarkshire-and-glasgow-south-branch,2026-03-27T07:44:50.806Z
parkinsons-uk,Parkinson's UK Local Support,localsupport.parkinsons.org.uk/provider/lochaber-support-group,lochaber-support-group-provider-ph33-6az,Lochaber Support Group,Support Group,"Our group offers friendship and support locally to people with Parkinson’s, their families and carers, contact us to find out more. For information and advice on Parkinson's, or for emotional support, call the Parkinson's UK helpline on 0808 800 0303","Our group offers friendship and support locally to people with Parkinson’s, their families and carers, contact us to find out more. For information and advice on Parkinson's, or for emotional support, call the Parkinson's UK helpline on 0808 800 0303 Schedule: Monthly on the last Tuesday From 14:00 until 16:00. Location: Alexandra Hotel, Fort William, The Parade, Fort William, PH33 6AZ. Contacts available: Local Group Staff Contact, Parkinson’s UK Helpline.","Fort William, United Kingdom","Fort William, United Kingdom",United Kingdom,In-Person | Support | Support Group | Parkinson's Care,,in-person,true,official_directory_import,0,0,https://localsupport.parkinsons.org.uk/provider/lochaber-support-group,ahall@parkinsons.org.uk,0344 225 3725,"Alexandra Hotel, Fort William",,provider,Parkinson's UK,"Alexandra Hotel, Fort William, The Parade, Fort William, PH33 6AZ",Fort William,PH33 6AZ,https://localsupport.parkinsons.org.uk/provider/lochaber-support-group,2026-03-27T07:44:50.806Z
parkinsons-uk,Parkinson's UK Local Support,localsupport.parkinsons.org.uk/provider/perth-support-group,perth-support-group-provider-ph1-1pr,Perth Support Group,Support Group,"Our group offers friendship and support locally to people with Parkinson’s, their families and carers, contact us to find out more. For information and advice on Parkinson's, or for emotional support, call the Parkinson's UK helpline on 0808 800 0303","Our group offers friendship and support locally to people with Parkinson’s, their families and carers, contact us to find out more. For information and advice on Parkinson's, or for emotional support, call the Parkinson's UK helpline on 0808 800 0303 Schedule: Monthly on the second Thursday From 14:00 until 16:00. Location: The Mustard Seed Cafe, Christian Outreach Centre, Perth, PH1 1PR. Contacts available: Local Group Staff Contact, Parkinson’s UK Helpline.","Perth, United Kingdom","Perth, United Kingdom",United Kingdom,In-Person | Support | Wellbeing | Support Group | Parkinson's Care,,in-person,true,official_directory_import,0,0,https://localsupport.parkinsons.org.uk/provider/perth-support-group,vc.scotland1@parkinsons.org.uk,0344 225 3725,The Mustard Seed Cafe,,provider,Parkinson's UK,"The Mustard Seed Cafe, Christian Outreach Centre, Perth, PH1 1PR",Perth,PH1 1PR,https://localsupport.parkinsons.org.uk/provider/perth-support-group,2026-03-27T07:44:50.806Z
parkinsons-uk,Parkinson's UK Local Support,localsupport.parkinsons.org.uk/provider/peterhead-support-group,peterhead-support-group-provider-ab42-1nr,Peterhead Support Group,Exercise Class,"Our group offers friendship and support locally to people with Parkinson’s, their families and carers, contact us to find out more. For information and advice on Parkinson's, or for emotional support, call the Parkinson's UK helpline on 0808 800 0303","Our group offers friendship and support locally to people with Parkinson’s, their families and carers, contact us to find out more. For information and advice on Parkinson's, or for emotional support, call the Parkinson's UK helpline on 0808 800 0303 Schedule: Monthly on the second Monday From 14:00 until 16:00. Location: Buchanhaven Heritage Centre, 4 Ugie Road, Peterhead, AB42 1NR. Contacts available: Local Group Staff Contact, Parkinson’s UK Helpline.","Peterhead, United Kingdom","Peterhead, United Kingdom",United Kingdom,In-Person | Support | Exercise | Parkinson's Care,,in-person,true,official_directory_import,0,0,https://localsupport.parkinsons.org.uk/provider/peterhead-support-group,vc.scotland1@parkinsons.org.uk,0344 225 3725,Buchanhaven Heritage Centre,,provider,Parkinson's UK,"Buchanhaven Heritage Centre, 4 Ugie Road, Peterhead, AB42 1NR",Peterhead,AB42 1NR,https://localsupport.parkinsons.org.uk/provider/peterhead-support-group,2026-03-27T07:44:50.806Z
parkinsons-uk,Parkinson's UK Local Support,localsupport.parkinsons.org.uk/provider/shetland-support-group,shetland-support-group-provider-ze1-0de,Shetland Support Group,Support Group,"Our group offers friendship and support locally to people with Parkinson’s, their families and carers, contact us to find out more. For information and advice on Parkinson's, or for emotional support, call the Parkinson's UK helpline on 0808 800 0303","Our group offers friendship and support locally to people with Parkinson’s, their families and carers, contact us to find out more. For information and advice on Parkinson's, or for emotional support, call the Parkinson's UK helpline on 0808 800 0303 Schedule: Monthly on the first Monday From 14:00 until 16:00. Location: Market House, 14 Market Street, Lerwick, ZE1 0DE. Contacts available: Parkinson’s UK Helpline.","Lerwick, United Kingdom","Lerwick, United Kingdom",United Kingdom,In-Person | Support | Support Group | Parkinson's Care,,in-person,true,official_directory_import,0,0,https://localsupport.parkinsons.org.uk/provider/shetland-support-group,hello@parkinsons.org.uk,0808 800 0303,Market House,,provider,Parkinson's UK,"Market House, 14 Market Street, Lerwick, ZE1 0DE",Lerwick,ZE1 0DE,https://localsupport.parkinsons.org.uk/provider/shetland-support-group,2026-03-27T07:44:50.806Z
parkinsons-uk,Parkinson's UK Local Support,localsupport.parkinsons.org.uk/provider/skye-and-lochalsh-support-group,skye-and-lochalsh-support-group-provider-iv49-9aw,Skye and Lochalsh Support Group,Support Group,"Our group offers friendship and support locally to people with Parkinson’s, their families and carers, contact us to find out more. For information and advice on Parkinson's, or for emotional support, call the Parkinson's UK helpline on 0808 800 0303","Our group offers friendship and support locally to people with Parkinson’s, their families and carers, contact us to find out more. For information and advice on Parkinson's, or for emotional support, call the Parkinson's UK helpline on 0808 800 0303 Schedule: Get in touch for more information.. Location: An Acarsaid Care Home, Liveras Park, Broadford, IV49 9AW. Contacts available: Local Group Staff Contact, Parkinson’s UK Helpline.","Broadford, United Kingdom","Broadford, United Kingdom",United Kingdom,In-Person | Support | Support Group | Parkinson's Care,,in-person,true,official_directory_import,0,0,https://localsupport.parkinsons.org.uk/provider/skye-and-lochalsh-support-group,ahall@parkinsons.org.uk,0344 225 3725,An Acarsaid Care Home,,provider,Parkinson's UK,"An Acarsaid Care Home, Liveras Park, Broadford, IV49 9AW",Broadford,IV49 9AW,https://localsupport.parkinsons.org.uk/provider/skye-and-lochalsh-support-group,2026-03-27T07:44:50.806Z
parkinsons-uk,Parkinson's UK Local Support,localsupport.parkinsons.org.uk/provider/south-west-glasgow-support-group,south-west-glasgow-support-group-provider-pa1-3bl,South West Glasgow Support Group,Support Group,"Our group offers friendship and support locally to people with Parkinson’s, their families and carers, contact us to find out more. For information and advice on Parkinson's, or for emotional support, call the Parkinson's UK helpline on 0808 800 0303","Our group offers friendship and support locally to people with Parkinson’s, their families and carers, contact us to find out more. For information and advice on Parkinson's, or for emotional support, call the Parkinson's UK helpline on 0808 800 0303 Schedule: Monthly on the third Monday From 13:00 until 15:00. Location: Ralston Community Centre Paisley, (next to the Library), Paisley, PA1 3BL. Contacts available: Local Group Staff Contact, Parkinson’s UK Helpline.","Paisley, United Kingdom","Paisley, United Kingdom",United Kingdom,In-Person | Support | Support Group | Parkinson's Care,,in-person,true,official_directory_import,0,0,https://localsupport.parkinsons.org.uk/provider/south-west-glasgow-support-group,ahall@parkinsons.org.uk,0344 225 3725,Ralston Community Centre Paisley,,provider,Parkinson's UK,"Ralston Community Centre Paisley, (next to the Library), Paisley, PA1 3BL",Paisley,PA1 3BL,https://localsupport.parkinsons.org.uk/provider/south-west-glasgow-support-group,2026-03-27T07:44:50.806Z
parkinsons-uk,Parkinson's UK Local Support,localsupport.parkinsons.org.uk/provider/stirling-and-clackmannanshire-support-group,stirling-and-clackmannanshire-support-group-provider-fk12-5lj,Stirling and Clackmannanshire Support Group,Exercise Class,"Our group offers friendship and support locally to people with Parkinson’s, their families and carers, contact us to find out more. For information and advice on Parkinson's, or for emotional support, call the Parkinson's UK helpline on 0808 800 0303","Our group offers friendship and support locally to people with Parkinson’s, their families and carers, contact us to find out more. For information and advice on Parkinson's, or for emotional support, call the Parkinson's UK helpline on 0808 800 0303 Schedule: Monthly on the first Wednesday From 13:30 until 15:30. Location: Cochrane Hall, West Stirling Street, Stirling, FK12 5LJ. Contacts available: Local Group Staff Contact, Parkinson’s UK Helpline.","Stirling, United Kingdom","Stirling, United Kingdom",United Kingdom,In-Person | Support | Wellbeing | Exercise | Parkinson's Care,,in-person,true,official_directory_import,0,0,https://localsupport.parkinsons.org.uk/provider/stirling-and-clackmannanshire-support-group,ahall@parkinsons.org.uk,0344 225 3725,Cochrane Hall,,provider,Parkinson's UK,"Cochrane Hall, West Stirling Street, Stirling, FK12 5LJ",Stirling,FK12 5LJ,https://localsupport.parkinsons.org.uk/provider/stirling-and-clackmannanshire-support-group,2026-03-27T07:44:50.806Z
parkinsons-uk,Parkinson's UK Local Support,localsupport.parkinsons.org.uk/provider/west-lothian-support-group,west-lothian-support-group-provider-eh52-6bn,West Lothian Support Group,Exercise Class,"Our group offers friendship and support locally to people with Parkinson’s, their families and carers, contact us to find out more. For information and advice on Parkinson's, or for emotional support, call the Parkinson's UK helpline on 0808 800 0303","Our group offers friendship and support locally to people with Parkinson’s, their families and carers, contact us to find out more. For information and advice on Parkinson's, or for emotional support, call the Parkinson's UK helpline on 0808 800 0303 Schedule: Monthly on the last Wednesday From 13:00 until 15:00. Location: Uphall Community Centre, Strathbrock Place, Uphall, EH52 6BN. Contacts available: Local Group Staff Contact, Parkinson’s UK Helpline.","Uphall, United Kingdom","Uphall, United Kingdom",United Kingdom,In-Person | Exercise | Support | Parkinson's Care,,in-person,true,official_directory_import,0,0,https://localsupport.parkinsons.org.uk/provider/west-lothian-support-group,vc.scotland1@parkinsons.org.uk,0344 225 3725,Uphall Community Centre,,provider,Parkinson's UK,"Uphall Community Centre, Strathbrock Place, Uphall, EH52 6BN",Uphall,EH52 6BN,https://localsupport.parkinsons.org.uk/provider/west-lothian-support-group,2026-03-27T07:44:50.806Z
parkinsons-uk,Parkinson's UK Local Support,localsupport.parkinsons.org.uk/provider/blaenau-gwent-support-group,blaenau-gwent-support-group-provider-np23-5pp,Blaenau Gwent Support Group,Support Group,"Our group offers friendship and support locally to people with Parkinson’s, their families and carers, contact us to find out more. For information and advice on Parkinson's, or for emotional support, call the Parkinson's UK helpline on 0808 800 0303","Our group offers friendship and support locally to people with Parkinson’s, their families and carers, contact us to find out more. For information and advice on Parkinson's, or for emotional support, call the Parkinson's UK helpline on 0808 800 0303 Schedule: Monthly on the second Wednesday From 10:30 until 12:00. Location: Rassau Resource Community Centre, School Road, Rassau, NP23 5PP. Contacts available: Parkinson’s UK Helpline.","Rassau, United Kingdom","Rassau, United Kingdom",United Kingdom,In-Person | Support | Wellbeing | Support Group | Parkinson's Care,,in-person,true,official_directory_import,0,0,https://localsupport.parkinsons.org.uk/provider/blaenau-gwent-support-group,hello@parkinsons.org.uk,0808 800 0303,Rassau Resource Community Centre,,provider,Parkinson's UK,"Rassau Resource Community Centre, School Road, Rassau, NP23 5PP",Rassau,NP23 5PP,https://localsupport.parkinsons.org.uk/provider/blaenau-gwent-support-group,2026-03-27T07:44:50.806Z
parkinsons-uk,Parkinson's UK Local Support,localsupport.parkinsons.org.uk/provider/bridgend-support-group,bridgend-support-group-provider-cf31-1jw,Bridgend Support Group,Support Group,"Our group offers friendship and support locally to people with Parkinson’s, their families and carers, contact us to find out more. For information and advice on Parkinson's, or for emotional support, call the Parkinson's UK helpline on 0808 800 0303","Our group offers friendship and support locally to people with Parkinson’s, their families and carers, contact us to find out more. For information and advice on Parkinson's, or for emotional support, call the Parkinson's UK helpline on 0808 800 0303 Schedule: Monthly on the second Wednesday From 13:00 until 16:00. Location: Mental Health Matters, Union Building, Quarella Road, Bridgend, CF31 1JW. Contacts available: Local Group Staff Contact, Parkinson’s UK Helpline.","Bridgend, United Kingdom","Bridgend, United Kingdom",United Kingdom,In-Person | Support | Support Group | Parkinson's Care,,in-person,true,official_directory_import,0,0,https://localsupport.parkinsons.org.uk/provider/bridgend-support-group,wales@parkinsons.org.uk,0808 800 0303,"Mental Health Matters, Union Building",,provider,Parkinson's UK,"Mental Health Matters, Union Building, Quarella Road, Bridgend, CF31 1JW",Bridgend,CF31 1JW,https://localsupport.parkinsons.org.uk/provider/bridgend-support-group,2026-03-27T07:44:50.806Z
parkinsons-uk,Parkinson's UK Local Support,localsupport.parkinsons.org.uk/provider/caerphilly-branch,caerphilly-county-borough-support-group-provider-cf83-1bq,Caerphilly County Borough Support Group,Exercise Class,"Our group offers friendship and support locally to people with Parkinson’s, their families and carers, contact us to find out more. For information and advice on Parkinson's, or for emotional support, call the Parkinson's UK helpline on 0808 800 0303","Our group offers friendship and support locally to people with Parkinson’s, their families and carers, contact us to find out more. For information and advice on Parkinson's, or for emotional support, call the Parkinson's UK helpline on 0808 800 0303 Schedule: Monthly on the last Thursday From 14:00 until 15:30. Location: Creazione Fitness Village - Caerphilly, Sparks House, Caerphilly, CF83 1BQ. Contacts available: Local Group Staff Contact, Parkinson’s UK Helpline.","Caerphilly, United Kingdom","Caerphilly, United Kingdom",United Kingdom,In-Person | Exercise | Support | Parkinson's Care,,in-person,true,official_directory_import,0,0,https://localsupport.parkinsons.org.uk/provider/caerphilly-branch,rlydon@parkinsons.org.uk,0344 225 3714,Wesleyan Methodist Church,,provider,Parkinson's UK,"Creazione Fitness Village - Caerphilly, Sparks House, Caerphilly, CF83 1BQ",Caerphilly,CF83 1BQ,https://localsupport.parkinsons.org.uk/provider/caerphilly-branch,2026-03-27T07:44:50.806Z
parkinsons-uk,Parkinson's UK Local Support,localsupport.parkinsons.org.uk/provider/cardiff-parkinsons-group,cardiff-branch-provider-cf23-6eg,Cardiff Branch,Exercise Class,"The Cardiff Group offers friendship and support, as well as a range of activities, to people with Parkinson’s, their families and carers. Contact Neil or Rebecca to find out more. For information and advice on Parkinson's, or for emotional support, call the Parkinson's UK helpline on 0808 800 0303","The Cardiff Group offers friendship and support, as well as a range of activities, to people with Parkinson’s, their families and carers. Contact Neil or Rebecca to find out more. For information and advice on Parkinson's, or for emotional support, call the Parkinson's UK helpline on 0808 800 0303 Schedule: Monthly on the fourth Tuesday From 11:00 until 12:30. Location: Rhydypennau Library Cardiff, Llandennis Road, Cardiff, CF23 6EG. Contacts available: Cardiff Group Contact, Cardiff Group Staff Contact, Parkinson’s UK Helpline.","Cardiff, United Kingdom","Cardiff, United Kingdom",United Kingdom,In-Person | Support | Exercise | Parkinson's Care,,in-person,true,official_directory_import,0,0,https://localsupport.parkinsons.org.uk/provider/cardiff-parkinsons-group,neilgot@me.com,07860 647367,Rhydypennau Library Cardiff,,provider,Parkinson's UK,"Rhydypennau Library Cardiff, Llandennis Road, Cardiff, CF23 6EG",Cardiff,CF23 6EG,https://localsupport.parkinsons.org.uk/provider/cardiff-parkinsons-group,2026-03-27T07:44:50.806Z
parkinsons-uk,Parkinson's UK Local Support,localsupport.parkinsons.org.uk/provider/chepstow-support-group,chepstow-support-group-provider-np16-5yx,Chepstow Support Group,Support Group,"Our group offers friendship and support locally to people with Parkinson’s, their families and carers, contact us to find out more. For information and advice on Parkinson's, or for emotional support, call the Parkinson's UK helpline on 0808 800 0303","Our group offers friendship and support locally to people with Parkinson’s, their families and carers, contact us to find out more. For information and advice on Parkinson's, or for emotional support, call the Parkinson's UK helpline on 0808 800 0303 Schedule: Monthly on the second Wednesday From 19:00 until 21:00. Location: Salkeld Day Hospital Chepstow, Chepstow Community Hospital, Chepstow, NP16 5YX. Contacts available: Local Group Staff Contact, Parkinson’s UK Helpline.","Chepstow, United Kingdom","Chepstow, United Kingdom",United Kingdom,In-Person | Support | Wellbeing | Support Group | Parkinson's Care,,in-person,true,official_directory_import,0,0,https://localsupport.parkinsons.org.uk/provider/chepstow-support-group,rlydon@parkinsons.org.uk,0344 225 3714,Salkeld Day Hospital Chepstow,,provider,Parkinson's UK,"Salkeld Day Hospital Chepstow, Chepstow Community Hospital, Chepstow, NP16 5YX",Chepstow,NP16 5YX,https://localsupport.parkinsons.org.uk/provider/chepstow-support-group,2026-03-27T07:44:50.806Z
parkinsons-uk,Parkinson's UK Local Support,localsupport.parkinsons.org.uk/provider/conwy-support-group,conwy-support-group-provider-ll30-2tq,Conwy Support Group,Exercise Class,"Our group offers friendship and support locally to people with Parkinson’s, their families and carers, contact us to find out more. For information and advice on Parkinson's, or for emotional support, call the Parkinson's UK helpline on 0808 800 0303","Our group offers friendship and support locally to people with Parkinson’s, their families and carers, contact us to find out more. For information and advice on Parkinson's, or for emotional support, call the Parkinson's UK helpline on 0808 800 0303 Schedule: Weekly every Monday From 14:00 until 16:00. Location: Trinity Centre, Trinity Avenue, Llandudno, LL30 2TQ. Contacts available: Contact, Parkinson’s UK Helpline.","Llandudno, United Kingdom","Llandudno, United Kingdom",United Kingdom,In-Person | Support | Exercise | Parkinson's Care,,in-person,true,official_directory_import,0,0,https://localsupport.parkinsons.org.uk/provider/conwy-support-group,kyffin.jones@hotmail.co.uk,0808 800 0303,Trinity Centre,,provider,Parkinson's UK,"Trinity Centre, Trinity Avenue, Llandudno, LL30 2TQ",Llandudno,LL30 2TQ,https://localsupport.parkinsons.org.uk/provider/conwy-support-group,2026-03-27T07:44:50.806Z
parkinsons-uk,Parkinson's UK Local Support,localsupport.parkinsons.org.uk/provider/emlyn-and-tivyside-support-group,emlyn-and-tivyside-support-group-provider-sa38-9az,Emlyn and Tivyside Support Group,Support Group,"Our group offers friendship and support locally to people with Parkinson’s, their families and carers, contact us to find out more. For information and advice on Parkinson's, or for emotional support, call the Parkinson's UK helpline on 0808 800 0303","Our group offers friendship and support locally to people with Parkinson’s, their families and carers, contact us to find out more. For information and advice on Parkinson's, or for emotional support, call the Parkinson's UK helpline on 0808 800 0303 Schedule: Monthly on the third Tuesday From 11:00 until 14:00. Location: Newcastle Emlyn Rugby Club, Dol Wiber, Newcastle Emlyn, SA38 9AZ. Contacts available: Contact, Parkinson’s UK Helpline.","Newcastle Emlyn, United Kingdom","Newcastle Emlyn, United Kingdom",United Kingdom,In-Person | Support | Support Group | Parkinson's Care,,in-person,true,official_directory_import,0,0,https://localsupport.parkinsons.org.uk/provider/emlyn-and-tivyside-support-group,j.purnell136@btinternet.com,07771 359005,Newcastle Emlyn Rugby Club,,provider,Parkinson's UK,"Newcastle Emlyn Rugby Club, Dol Wiber, Newcastle Emlyn, SA38 9AZ",Newcastle Emlyn,SA38 9AZ,https://localsupport.parkinsons.org.uk/provider/emlyn-and-tivyside-support-group,2026-03-27T07:44:50.806Z
parkinsons-uk,Parkinson's UK Local Support,localsupport.parkinsons.org.uk/provider/flintshire-support-group,flintshire-support-group-provider-ch7-6uh,Flintshire Support Group,Exercise Class,"Our group offers friendship, information and support to local people affected by Parkinson's. Come and join us for our various activities, such as Tai Chi and Boccia. You'll find more details by clicking the ""More info"" button below each activity at the bottom of this page. You're also welcome to get in touch for further information. We look forward to hearing from you.","Our group offers friendship, information and support to local people affected by Parkinson's. Come and join us for our various activities, such as Tai Chi and Boccia. You'll find more details by clicking the ""More info"" button below each activity at the bottom of this page. You're also welcome to get in touch for further information. We look forward to hearing from you. Schedule: Weekly every Thursday From 10:30 until 11:30. Location: Caffi Isa Arts & Community Centre, Mercia Drive, Mold, CH7 6UH. Contacts available: Local Group Staff Contact, Parkinson’s UK Helpline.","Mold, United Kingdom","Mold, United Kingdom",United Kingdom,In-Person | Exercise | Support | Parkinson's Care,,in-person,true,official_directory_import,0,0,https://localsupport.parkinsons.org.uk/provider/flintshire-support-group,wallison@parkinsons.org.uk,0344 225 3631,Caffi Isa Arts & Community Centre,,provider,Parkinson's UK,"Caffi Isa Arts & Community Centre, Mercia Drive, Mold, CH7 6UH",Mold,CH7 6UH,https://localsupport.parkinsons.org.uk/provider/flintshire-support-group,2026-03-27T07:44:50.806Z
parkinsons-uk,Parkinson's UK Local Support,localsupport.parkinsons.org.uk/provider/gwynedd-support-groups,gwynedd-support-groups-provider-ll42-1ef,Gwynedd Support Groups,Exercise Class,"Our group offers friendship and support locally to people with Parkinson’s, their families and carers, contact us to find out more. For information and advice on Parkinson's, or for emotional support, call the Parkinson's UK helpline on 0808 800 0303","Our group offers friendship and support locally to people with Parkinson’s, their families and carers, contact us to find out more. For information and advice on Parkinson's, or for emotional support, call the Parkinson's UK helpline on 0808 800 0303 Schedule: Monthly on the third Wednesday From 11:00 until 13:00. Location: Dragon Theatre, Jubilee Terrace, Barmouth, LL42 1EF. Contacts available: Parkinson’s UK Helpline.","Barmouth, United Kingdom","Barmouth, United Kingdom",United Kingdom,In-Person | Support | Exercise | Parkinson's Care,,in-person,true,official_directory_import,0,0,https://localsupport.parkinsons.org.uk/provider/gwynedd-support-groups,hello@parkinsons.org.uk,0808 800 0303,Y Ganolfan,,provider,Parkinson's UK,"Dragon Theatre, Jubilee Terrace, Barmouth, LL42 1EF",Barmouth,LL42 1EF,https://localsupport.parkinsons.org.uk/provider/gwynedd-support-groups,2026-03-27T07:44:50.806Z
parkinsons-uk,Parkinson's UK Local Support,localsupport.parkinsons.org.uk/provider/llanelli-support-group,llanelli-support-group-provider-sa14-8lw,Llanelli Support Group,Support Group,"Our group offers friendship and support locally to people with Parkinson’s, their families and carers, contact us to find out more. For information and advice on Parkinson's, or for emotional support, call the Parkinson's UK helpline on 0808 800 0303","Our group offers friendship and support locally to people with Parkinson’s, their families and carers, contact us to find out more. For information and advice on Parkinson's, or for emotional support, call the Parkinson's UK helpline on 0808 800 0303 Schedule: Monthly on the last Wednesday From 14:00 until 16:30. Location: Dafen Church Hall, Bryngwyn Rd, Llanelli, SA14 8LW. Contacts available: Contact, Parkinson’s UK Helpline.","Llanelli, United Kingdom","Llanelli, United Kingdom",United Kingdom,In-Person | Support | Wellbeing | Support Group | Parkinson's Care,,in-person,true,official_directory_import,0,0,https://localsupport.parkinsons.org.uk/provider/llanelli-support-group,howellsmandy1@gmail.com,01269 832 739,Dafen Church Hall,,provider,Parkinson's UK,"Dafen Church Hall, Bryngwyn Rd, Llanelli, SA14 8LW",Llanelli,SA14 8LW,https://localsupport.parkinsons.org.uk/provider/llanelli-support-group,2026-03-27T07:44:50.806Z
parkinsons-uk,Parkinson's UK Local Support,localsupport.parkinsons.org.uk/provider/monmouth-support-group,monmouth-support-group-provider-np25-5dn,Monmouth Support Group,Support Group,"Our group offers friendship and support locally to people with Parkinson’s, their families and carers, contact us to find out more. For information and advice on Parkinson's, or for emotional support, call the Parkinson's UK helpline on 0808 800 0303","Our group offers friendship and support locally to people with Parkinson’s, their families and carers, contact us to find out more. For information and advice on Parkinson's, or for emotional support, call the Parkinson's UK helpline on 0808 800 0303 Schedule: Monthly on the third Friday From 14:00 until 16:00. Location: Rockfield Park Community Centre, 25 Cornwallis Way, Monmouth, NP25 5DN. Contacts available: Local Group Staff Contact, Parkinson’s UK Helpline.","Monmouth, United Kingdom","Monmouth, United Kingdom",United Kingdom,In-Person | Support | Support Group | Parkinson's Care,,in-person,true,official_directory_import,0,0,https://localsupport.parkinsons.org.uk/provider/monmouth-support-group,rlydon@parkinsons.org.uk,0344 225 3714,Rockfield Park Community Centre,,provider,Parkinson's UK,"Rockfield Park Community Centre, 25 Cornwallis Way, Monmouth, NP25 5DN",Monmouth,NP25 5DN,https://localsupport.parkinsons.org.uk/provider/monmouth-support-group,2026-03-27T07:44:50.806Z
parkinsons-uk,Parkinson's UK Local Support,localsupport.parkinsons.org.uk/provider/montgomeryshire-support-group,montgomeryshire-support-group-provider-sy21-7te,Montgomeryshire Support Group,Support Group,"Our group offers friendship and support locally to people with Parkinson’s, their families and carers, contact us to find out more. For information and advice on Parkinson's, or for emotional support, call the Parkinson's UK helpline on 0808 800 0303","Our group offers friendship and support locally to people with Parkinson’s, their families and carers, contact us to find out more. For information and advice on Parkinson's, or for emotional support, call the Parkinson's UK helpline on 0808 800 0303 Schedule: Monthly on the last Thursday From 14:00 until 16:00. Location: COWSHACC Welshpool, Oldford Lane, Welshpool, SY21 7TE. Contacts available: Contact, Parkinson’s UK Helpline.","Welshpool, United Kingdom","Welshpool, United Kingdom",United Kingdom,In-Person | Support | Support Group | Parkinson's Care,,in-person,true,official_directory_import,0,0,https://localsupport.parkinsons.org.uk/provider/montgomeryshire-support-group,dmcguinness@parkinsons.org.uk,0344 225 3713,COWSHACC Welshpool,,provider,Parkinson's UK,"COWSHACC Welshpool, Oldford Lane, Welshpool, SY21 7TE",Welshpool,SY21 7TE,https://localsupport.parkinsons.org.uk/provider/montgomeryshire-support-group,2026-03-27T07:44:50.806Z
parkinsons-uk,Parkinson's UK Local Support,localsupport.parkinsons.org.uk/provider/neath-port-talbot-support-group,neath-port-talbot-support-group-provider-sa10-7hd,Neath Port Talbot Support Group,Support Group,"Our group offers friendship and support locally to people with Parkinson’s, their families and carers, contact us to find out more. For information and advice on Parkinson's, or for emotional support, call the Parkinson's UK helpline on 0808 800 0303","Our group offers friendship and support locally to people with Parkinson’s, their families and carers, contact us to find out more. For information and advice on Parkinson's, or for emotional support, call the Parkinson's UK helpline on 0808 800 0303 Schedule: Monthly on the third Wednesday From 10:30 until 12:00. Location: Longford Memorial Hall Neath Port Talbot, The Drive, Neath Port Talbot, SA10 7HD. Contacts available: Local Group Staff Contact, Parkinson’s UK Helpline.","Neath Port Talbot, United Kingdom","Neath Port Talbot, United Kingdom",United Kingdom,In-Person | Support | Support Group | Parkinson's Care,,in-person,true,official_directory_import,0,0,https://localsupport.parkinsons.org.uk/provider/neath-port-talbot-support-group,rlydon@parkinsons.org.uk,0344 225 3714,Longford Memorial Hall Neath Port Talbot,,provider,Parkinson's UK,"Longford Memorial Hall Neath Port Talbot, The Drive, Neath Port Talbot, SA10 7HD",Neath Port Talbot,SA10 7HD,https://localsupport.parkinsons.org.uk/provider/neath-port-talbot-support-group,2026-03-27T07:44:50.806Z
parkinsons-uk,Parkinson's UK Local Support,localsupport.parkinsons.org.uk/provider/newport-support-group,newport-support-group-provider-np20-3xt,Newport Support Group,Support Group,"Our group offers friendship and support locally to people with Parkinson’s, their families and carers, contact us to find out more. For information and advice on Parkinson's, or for emotional support, call the Parkinson's UK helpline on 0808 800 0303","Our group offers friendship and support locally to people with Parkinson’s, their families and carers, contact us to find out more. For information and advice on Parkinson's, or for emotional support, call the Parkinson's UK helpline on 0808 800 0303 Schedule: Monthly on the last Monday From 14:30 until 16:00. Location: Maesglas Comunity Centre, Bideford Road, Newport, NP20 3XT. Contacts available: Local Group Staff Contact, Parkinson’s UK Helpline.","Newport, United Kingdom","Newport, United Kingdom",United Kingdom,In-Person | Support | Support Group | Parkinson's Care,,in-person,true,official_directory_import,0,0,https://localsupport.parkinsons.org.uk/provider/newport-support-group,rlydon@parkinsons.org.uk,0344 225 3714,Maesglas Comunity Centre,,provider,Parkinson's UK,"Maesglas Comunity Centre, Bideford Road, Newport, NP20 3XT",Newport,NP20 3XT,https://localsupport.parkinsons.org.uk/provider/newport-support-group,2026-03-27T07:44:50.806Z
parkinsons-uk,Parkinson's UK Local Support,localsupport.parkinsons.org.uk/provider/pembrokeshire-branch,pembrokeshire-branch-provider-sa62-3bw,Pembrokeshire Branch,Support Group,"Our group offers friendship and support locally to people with Parkinson’s, their families and carers, contact us to find out more. For information and advice on Parkinson's, or for emotional support, call the Parkinson's UK helpline on 0808 800 0303","Our group offers friendship and support locally to people with Parkinson’s, their families and carers, contact us to find out more. For information and advice on Parkinson's, or for emotional support, call the Parkinson's UK helpline on 0808 800 0303 Schedule: Weekly every Wednesday From 10:00 until 13:00. Location: Tiers Cross United Reform Church, Tiers Cross, Haverfordwest, SA62 3BW. Contacts available: Contact, Parkinson’s UK Helpline.","Haverfordwest, United Kingdom","Haverfordwest, United Kingdom",United Kingdom,In-Person | Support | Support Group | Parkinson's Care,,in-person,true,official_directory_import,0,0,https://localsupport.parkinsons.org.uk/provider/pembrokeshire-branch,highblean@btinternet.com,07817 429 245,Tiers Cross United Reform Church,,provider,Parkinson's UK,"Tiers Cross United Reform Church, Tiers Cross, Haverfordwest, SA62 3BW",Haverfordwest,SA62 3BW,https://localsupport.parkinsons.org.uk/provider/pembrokeshire-branch,2026-03-27T07:44:50.806Z
parkinsons-uk,Parkinson's UK Local Support,localsupport.parkinsons.org.uk/provider/south-powys-branch,south-powys-support-group-provider-ld3-7tr,South Powys Support Group,Exercise Class,"Our group offers friendship and support locally to people with Parkinson’s, their families and carers, contact us to find out more. For information and advice on Parkinson's, or for emotional support, call the Parkinson's UK helpline on 0808 800 0303","Our group offers friendship and support locally to people with Parkinson’s, their families and carers, contact us to find out more. For information and advice on Parkinson's, or for emotional support, call the Parkinson's UK helpline on 0808 800 0303 Schedule: Get in touch for more information.. Location: Llangors Community Hall Powys, Llangors, Powys, LD3 7TR. Contacts available: Local Group Staff Contact, Parkinson’s UK Helpline.","Powys, United Kingdom","Powys, United Kingdom",United Kingdom,In-Person | Support | Exercise | Parkinson's Care,,in-person,true,official_directory_import,0,0,https://localsupport.parkinsons.org.uk/provider/south-powys-branch,rlydon@parkinsons.org.uk,0344 225 3714,Llangors Community Hall Powys,,provider,Parkinson's UK,"Llangors Community Hall Powys, Llangors, Powys, LD3 7TR",Powys,LD3 7TR,https://localsupport.parkinsons.org.uk/provider/south-powys-branch,2026-03-27T07:44:50.806Z
parkinsons-uk,Parkinson's UK Local Support,localsupport.parkinsons.org.uk/provider/swansea-district-branch,swansea-district-branch-provider-sa4-4ee,Swansea District Branch,Exercise Class,"Our group offers friendship and support locally to people with Parkinson’s, their families and carers, contact us to find out more. For information and advice on Parkinson's, or for emotional support, call the Parkinson's UK helpline on 0808 800 0303","Our group offers friendship and support locally to people with Parkinson’s, their families and carers, contact us to find out more. For information and advice on Parkinson's, or for emotional support, call the Parkinson's UK helpline on 0808 800 0303 Schedule: Monthly on the last Friday From 12:30 until 15:30. Location: Gorseinon Institute Swansea, Lime Street, Swansea, SA4 4EE. Contacts available: Local Group Staff Contact, Parkinson’s UK Helpline.","Swansea, United Kingdom","Swansea, United Kingdom",United Kingdom,In-Person | Support | Exercise | Parkinson's Care,,in-person,true,official_directory_import,0,0,https://localsupport.parkinsons.org.uk/provider/swansea-district-branch,rlydon@parkinsons.org.uk,0344 225 3714,Gorseinon Institute Swansea,,provider,Parkinson's UK,"Gorseinon Institute Swansea, Lime Street, Swansea, SA4 4EE",Swansea,SA4 4EE,https://localsupport.parkinsons.org.uk/provider/swansea-district-branch,2026-03-27T07:44:50.807Z
parkinsons-uk,Parkinson's UK Local Support,localsupport.parkinsons.org.uk/provider/torfaen-support-group,torfaen-support-group-provider-np44-1an,Torfaen Support Group,Support Group,"Our group offers friendship and support locally to people with Parkinson’s, their families and carers, contact us to find out more. For information and advice on Parkinson's, or for emotional support, call the Parkinson's UK helpline on 0808 800 0303","Our group offers friendship and support locally to people with Parkinson’s, their families and carers, contact us to find out more. For information and advice on Parkinson's, or for emotional support, call the Parkinson's UK helpline on 0808 800 0303 Schedule: Monthly on the third Thursday From 13:30 until 15:00. Location: Mount Pleasant Hall, Mount Pleasant Road, Cwmbran, NP44 1AN. Contacts available: Local Group Staff Contact, Parkinson’s UK Helpline.","Cwmbran, United Kingdom","Cwmbran, United Kingdom",United Kingdom,In-Person | Support | Support Group | Parkinson's Care,,in-person,true,official_directory_import,0,0,https://localsupport.parkinsons.org.uk/provider/torfaen-support-group,rlydon@parkinsons.org.uk,0344 225 3714,Mount Pleasant Hall,,provider,Parkinson's UK,"Mount Pleasant Hall, Mount Pleasant Road, Cwmbran, NP44 1AN",Cwmbran,NP44 1AN,https://localsupport.parkinsons.org.uk/provider/torfaen-support-group,2026-03-27T07:44:50.807Z
parkinsons-uk,Parkinson's UK Local Support,localsupport.parkinsons.org.uk/provider/vale-clwyd-support-group,vale-of-clwyd-support-group-provider-ll19-8la,Vale of Clwyd Support Group,Exercise Class,"Our group offers friendship and support locally to people with Parkinson’s, their families and carers, contact us to find out more. For information and advice on Parkinson's, or for emotional support, call the Parkinson's UK helpline on 0808 800 0303","Our group offers friendship and support locally to people with Parkinson’s, their families and carers, contact us to find out more. For information and advice on Parkinson's, or for emotional support, call the Parkinson's UK helpline on 0808 800 0303 Schedule: Monthly on the first Monday From 14:00 until 16:00. Location: Meliden Community Centre, Ffordd Talargoch, Meliden, LL19 8LA. Contacts available: Parkinson’s UK Helpline.","Meliden, United Kingdom","Meliden, United Kingdom",United Kingdom,In-Person | Support | Exercise | Parkinson's Care,,in-person,true,official_directory_import,0,0,https://localsupport.parkinsons.org.uk/provider/vale-clwyd-support-group,hello@parkinsons.org.uk,0808 800 0303,Meliden Community Centre,,provider,Parkinson's UK,"Meliden Community Centre, Ffordd Talargoch, Meliden, LL19 8LA",Meliden,LL19 8LA,https://localsupport.parkinsons.org.uk/provider/vale-clwyd-support-group,2026-03-27T07:44:50.807Z
parkinsons-uk,Parkinson's UK Local Support,localsupport.parkinsons.org.uk/provider/vale-glamorgan-support-group,vale-of-glamorgan-support-group-provider-cf64-4qq,Vale of Glamorgan Support Group,Support Group,"Our group offers friendship and support locally to people with Parkinson’s, their families and carers, contact us to find out more. For information and advice on Parkinson's, or for emotional support, call the Parkinson's UK helpline on 0808 800 0303","Our group offers friendship and support locally to people with Parkinson’s, their families and carers, contact us to find out more. For information and advice on Parkinson's, or for emotional support, call the Parkinson's UK helpline on 0808 800 0303 Schedule: Monthly on the first Tuesday From 14:00 until 16:00. Location: Murchfield Hall Dinas Powy, Sunnycroft Lane, Dinas Powy, CF64 4QQ. Contacts available: Local Group Staff Contact, Parkinson’s UK Helpline.","Dinas Powy, United Kingdom","Dinas Powy, United Kingdom",United Kingdom,In-Person | Support | Support Group | Parkinson's Care,,in-person,true,official_directory_import,0,0,https://localsupport.parkinsons.org.uk/provider/vale-glamorgan-support-group,rlydon@parkinsons.org.uk,0344 225 3714,Murchfield Hall Dinas Powy,,provider,Parkinson's UK,"Murchfield Hall Dinas Powy, Sunnycroft Lane, Dinas Powy, CF64 4QQ",Dinas Powy,CF64 4QQ,https://localsupport.parkinsons.org.uk/provider/vale-glamorgan-support-group,2026-03-27T07:44:50.807Z
parkinsons-uk,Parkinson's UK Local Support,localsupport.parkinsons.org.uk/provider/wrexham-and-north-east-wales-support-group,wrexham-and-north-east-wales-support-group-provider-ll11-2sh,Wrexham and North East Wales Support Group,Support Group,"Our group offers friendship and support locally to people with Parkinson’s, their families and carers, contact us to find out more. For information and advice on Parkinson's, or for emotional support, call the Parkinson's UK helpline on 0808 800 0303","Our group offers friendship and support locally to people with Parkinson’s, their families and carers, contact us to find out more. For information and advice on Parkinson's, or for emotional support, call the Parkinson's UK helpline on 0808 800 0303 Schedule: Monthly on the fourth Monday From 14:00 until 16:00. Location: St. Margaret’s Church Community Hall Wrexham, Chester Road, Wrexham, LL11 2SH. Contacts available: Parkinson’s UK Helpline, Group Contact.","Wrexham, United Kingdom","Wrexham, United Kingdom",United Kingdom,In-Person | Support | Support Group | Parkinson's Care,,in-person,true,official_directory_import,0,0,https://localsupport.parkinsons.org.uk/provider/wrexham-and-north-east-wales-support-group,hello@parkinsons.org.uk,0808 800 0303,St. Margaret’s Church Community Hall Wrexham,,provider,Parkinson's UK,"St. Margaret’s Church Community Hall Wrexham, Chester Road, Wrexham, LL11 2SH",Wrexham,LL11 2SH,https://localsupport.parkinsons.org.uk/provider/wrexham-and-north-east-wales-support-group,2026-03-27T07:44:50.807Z
parkinsons-uk,Parkinson's UK Local Support,localsupport.parkinsons.org.uk/activity/adult-children-parents-parkinsons-online-support-group,adult-children-of-parents-with-parkinson-s-online-support-group-activity-localsupport-parkinsons-org-uk-activity-adult-children-parents-parkinsons-online-support-group,Adult Children of Parents with Parkinson's Online Support Group,Support Group,Join us at a monthly online peer support group for adults with parents with Parkinson's. You must be over 18 to join this group. For the next meeting date and to request a link to join contact Sarah at [email protected].,Join us at a monthly online peer support group for adults with parents with Parkinson's. You must be over 18 to join this group. For the next meeting date and to request a link to join contact Sarah at [email protected]. Schedule: Get in touch for more information..,United Kingdom,United Kingdom,United Kingdom,Virtual | Support | Support Group | Parkinson's Care,,virtual,true,official_directory_import,0,0,https://localsupport.parkinsons.org.uk/activity/adult-children-parents-parkinsons-online-support-group,southlondon@parkinsons.org.uk,,,,activity,Parkinson's UK,United Kingdom,,,https://localsupport.parkinsons.org.uk/activity/adult-children-parents-parkinsons-online-support-group,2026-03-27T07:44:50.807Z
parkinsons-uk,Parkinson's UK Local Support,localsupport.parkinsons.org.uk/activity/advanced-parkinsons-online-carers-support-group,advanced-parkinson-s-online-carers-support-group-activity-localsupport-parkinsons-org-uk-activity-advanced-parkinsons-online-carers-support-group,Advanced Parkinson's Online Carers Support Group,Support Group,"Online Carers Group via Zoom, welcomes anyone living with or caring for someone living with advanced Parkinson's. An informal peer to peer support group, with an experienced facilitator. Open to anyone living in the UK. Takes place the 2nd Monday of each month, from 7.30pm to 8.30pm. Please contact Sarah using the contact details below to book a free place.","Online Carers Group via Zoom, welcomes anyone living with or caring for someone living with advanced Parkinson's. An informal peer to peer support group, with an experienced facilitator. Open to anyone living in the UK. Takes place the 2nd Monday of each month, from 7.30pm to 8.30pm. Please contact Sarah using the contact details below to book a free place. Schedule: Monthly on the second Monday From 19:30 until 20:30.",United Kingdom,United Kingdom,United Kingdom,Virtual | Support | Support Group | Parkinson's Care,,virtual,true,official_directory_import,0,0,https://localsupport.parkinsons.org.uk/activity/advanced-parkinsons-online-carers-support-group,sspencer-bowdage@parkinsons.org.uk,0344 225 9849,,,activity,Parkinson's UK,United Kingdom,,,https://localsupport.parkinsons.org.uk/activity/advanced-parkinsons-online-carers-support-group,2026-03-27T07:44:50.807Z
parkinsons-uk,Parkinson's UK Local Support,localsupport.parkinsons.org.uk/activity/black-asian-arab-and-mixed-heritage-support-group-meeting,black-asian-arab-and-mixed-heritage-support-group-meeting-activity-localsupport-parkinsons-org-uk-activity-black-asian-arab-and-mixed-heritage-support-group-meeting,"Black, Asian, Arab and Mixed Heritage Support Group Meeting",Exercise Class,"Our monthly meeting is for people with Parkinson's from Black, Asian, Arab, and Mixed Heritage backgrounds and their families to: Connect with people affected by Parkinson's from similar backgrounds Get support and share experiences in a culturally sensitive environment Learn from experts about managing Parkinson's Our meetings are held on the first Monday of each month from 1pm to 2pm. Shamsa leads and attends our support group. She said, ""This group offers a safe, supportive space with no judgment or pity. It’s helped me feel less alone and less different. I’ve learned about diet, exercise, research, and more. No question is too small."" To sign up and get the online Zoom meeting links: Please get in touch with Zahra Bibi by email at [email protected] or by phone at 07964037154. or fill out this form Are you new to online meetings but want to join? Let us know if you need some support to join in.","Our monthly meeting is for people with Parkinson's from Black, Asian, Arab, and Mixed Heritage backgrounds and their families to: Connect with people affected by Parkinson's from similar backgrounds Get support and share experiences in a culturally sensitive environment Learn from experts about managing Parkinson's Our meetings are held on the first Monday of each month from 1pm to 2pm. Shamsa leads and attends our support group. She said, ""This group offers a safe, supportive space with no judgment or pity. It’s helped me feel less alone and less different. I’ve learned about diet, exercise, research, and more. No question is too small."" To sign up and get the online Zoom meeting links: Please get in touch with Zahra Bibi by email at [email protected] or by phone at 07964037154. or fill out this form Are you new to online meetings but want to join? Let us know if you need some support to join in. Schedule: Monthly on the first Monday From 13:00 until 14:00.",United Kingdom,United Kingdom,United Kingdom,Virtual | Support | Exercise | Parkinson's Care,,virtual,true,official_directory_import,0,0,https://localsupport.parkinsons.org.uk/activity/black-asian-arab-and-mixed-heritage-support-group-meeting,zbibi@parkinsons.org.uk,07964037154,,,activity,Parkinson's UK,United Kingdom,,,https://localsupport.parkinsons.org.uk/activity/black-asian-arab-and-mixed-heritage-support-group-meeting,2026-03-27T07:44:50.807Z
parkinsons-uk,Parkinson's UK Local Support,localsupport.parkinsons.org.uk/activity/deep-brain-stimulation-dbs-peer-support-group-online-4,deep-brain-stimulation-dbs-peer-support-group-online-activity-localsupport-parkinsons-org-uk-activity-deep-brain-stimulation-dbs-peer-support-group-online-4,Deep Brain Stimulation (DBS) Peer Support Group - Online,Support Group,"A small inclusive peer support group offering support and non medical advice for those who have undergone or are awaiting Deep Brain Stimulation (DBS), living in the UK. Partners and carers are also welcome to join. The meetings take place online via Zoom and are guided by a volunteer who has experience of DBS. For the next meeting date and to request a link to join, please get in touch using the contact details below.","A small inclusive peer support group offering support and non medical advice for those who have undergone or are awaiting Deep Brain Stimulation (DBS), living in the UK. Partners and carers are also welcome to join. The meetings take place online via Zoom and are guided by a volunteer who has experience of DBS. For the next meeting date and to request a link to join, please get in touch using the contact details below. Schedule: Get in touch for more information..",United Kingdom,United Kingdom,United Kingdom,Virtual | Support | Support Group | Parkinson's Care,,virtual,true,official_directory_import,0,0,https://localsupport.parkinsons.org.uk/activity/deep-brain-stimulation-dbs-peer-support-group-online-4,wales@parkinsons.org.uk,,,,activity,Parkinson's UK,United Kingdom,,,https://localsupport.parkinsons.org.uk/activity/deep-brain-stimulation-dbs-peer-support-group-online-4,2026-03-27T07:44:50.807Z
parkinsons-uk,Parkinson's UK Local Support,localsupport.parkinsons.org.uk/activity/lgbtqia-network-online,lgbtqia-network-online-activity-localsupport-parkinsons-org-uk-activity-lgbtqia-network-online,LGBTQIA+ Network (Online),Support Group,"A safe space for anyone identifying as LGBTQIA+ to meet others affected by Parkinson’s. Meeting online every second Thursday of the month, from 7pm to 8.30pm. Join us for a combination of guest speakers, discussions and social evenings. 2026 dates 8 January 2026 12 February 2026 12 March 2026 9 April 2026 14 May 2026 11 June 2026 Get in touch to sign up and get the online meeting link. New to online meetings but keen to come along? Let us know if you need some tech support to join in. During the meeting, optional closed captions will be enabled.","A safe space for anyone identifying as LGBTQIA+ to meet others affected by Parkinson’s. Meeting online every second Thursday of the month, from 7pm to 8.30pm. Join us for a combination of guest speakers, discussions and social evenings. 2026 dates 8 January 2026 12 February 2026 12 March 2026 9 April 2026 14 May 2026 11 June 2026 Get in touch to sign up and get the online meeting link. New to online meetings but keen to come along? Let us know if you need some tech support to join in. During the meeting, optional closed captions will be enabled. Schedule: Monthly on the second Thursday From 19:00 until 20:30.",United Kingdom,United Kingdom,United Kingdom,Virtual | Support | Support Group | Parkinson's Care,,virtual,true,official_directory_import,0,0,https://localsupport.parkinsons.org.uk/activity/lgbtqia-network-online,cconnolly@parkinsons.org.uk,020 7963 3693,,,activity,Parkinson's UK,United Kingdom,,,https://localsupport.parkinsons.org.uk/activity/lgbtqia-network-online,2026-03-27T07:44:50.807Z
parkinsons-uk,Parkinson's UK Local Support,localsupport.parkinsons.org.uk/activity/online-military-support-group,online-military-support-group-activity-localsupport-parkinsons-org-uk-activity-online-military-support-group,Online Military Support Group,Support Group,"Our aim is to provide a UK wide place of support to discuss the unique challenges of being a service person, family member of a service person or a veteran with Parkinson's. We want to create a safe environment where people can discuss their concerns and challenges, signposting them to military support services where available. If you're interested in attending and would like to be informed of our group's upcoming online meetings and activities, please complete our Google form.","Our aim is to provide a UK wide place of support to discuss the unique challenges of being a service person, family member of a service person or a veteran with Parkinson's. We want to create a safe environment where people can discuss their concerns and challenges, signposting them to military support services where available. If you're interested in attending and would like to be informed of our group's upcoming online meetings and activities, please complete our Google form. Schedule: Get in touch for more information..",United Kingdom,United Kingdom,United Kingdom,Virtual | Support | Support Group | Parkinson's Care,,virtual,true,official_directory_import,0,0,https://localsupport.parkinsons.org.uk/activity/online-military-support-group,localnetworks@parkinsons.org.uk,,,,activity,Parkinson's UK,United Kingdom,,,https://localsupport.parkinsons.org.uk/activity/online-military-support-group,2026-03-27T07:44:50.807Z
parkinsons-uk,Parkinson's UK Local Support,localsupport.parkinsons.org.uk/onlinecarersgroup,online-working-age-newly-diagnosed-carers-support-group-activity-localsupport-parkinsons-org-uk-onlinecarersgroup,Online Working Age / Newly Diagnosed Carers Support Group,Support Group,"The group is open to all carers and family members aged over 18 and under 67 supporting someone newly diagnosed with Parkinson’s. You do not have to be a registered carer. It's free to join. The informal online sessions are facilitated by volunteers with caring experience and a chance to talk with people in similar situations, share experiences, and support each other. We aim for the group to provide mutual support to those living with or caring for a person diagnosed with Parkinson’s within (approximately) the last 3 years. If you do not meet the newly diagnosed or age criteria, we host another online carers support group, which you are welcome to join. For carers under the age of 18, we suggest finding a group specifically aimed for young carers would best meet your needs. This online group is for peer-to-peer support and is not monitored by professional advisers. If participants want additional or one-to-one support, they may be signposted by volunteers to other groups, services, or other Parkinson’s UK support opportunities. Places are limited to 15 to help ensure people feel supported and listened to. The group is closed and we plan to only take new participants if space becomes available after the first six sessions. This is to allow the group to build trusting relationships with the same people. If the group becomes oversubscribed, a waiting list will be created for people wanting to join the next six sessions. Join our session on the 3rd Wednesday of the month, from 7pm to 8.30pm. To book a place, please contact Satpal using the contact details below. When booking, please provide your name, email address, telephone number, and address.","The group is open to all carers and family members aged over 18 and under 67 supporting someone newly diagnosed with Parkinson’s. You do not have to be a registered carer. It's free to join. The informal online sessions are facilitated by volunteers with caring experience and a chance to talk with people in similar situations, share experiences, and support each other. We aim for the group to provide mutual support to those living with or caring for a person diagnosed with Parkinson’s within (approximately) the last 3 years. If you do not meet the newly diagnosed or age criteria, we host another online carers support group, which you are welcome to join. For carers under the age of 18, we suggest finding a group specifically aimed for young carers would best meet your needs. This online group is for peer-to-peer support and is not monitored by professional advisers. If participants want additional or one-to-one support, they may be signposted by volunteers to other groups, services, or other Parkinson’s UK support opportunities. Places are limited to 15 to help ensure people feel supported and listened to. The group is closed and we plan to only take new participants if space becomes available after the first six sessions. This is to allow the group to build trusting relationships with the same people. If the group becomes oversubscribed, a waiting list will be created for people wanting to join the next six sessions. Join our session on the 3rd Wednesday of the month, from 7pm to 8.30pm. To book a place, please contact Satpal using the contact details below. When booking, please provide your name, email address, telephone number, and address. Schedule: Monthly on the third Wednesday From 19:00 until 20:30.",United Kingdom,United Kingdom,United Kingdom,Virtual | Support | Support Group | Parkinson's Care,,virtual,true,official_directory_import,0,0,https://localsupport.parkinsons.org.uk/onlinecarersgroup,sghatora@parkinsons.org.uk,0344 225 3700,,,activity,Parkinson's UK,United Kingdom,,,https://localsupport.parkinsons.org.uk/onlinecarersgroup,2026-03-27T07:44:50.807Z
parkinsons-uk,Parkinson's UK Local Support,localsupport.parkinsons.org.uk/activity/polish-parkinsons-online-cafe,polish-parkinson-s-online-cafe-activity-localsupport-parkinsons-org-uk-activity-polish-parkinsons-online-cafe,Polish Parkinson's Online Cafe,Support Group,"Join us at our monthly Polish Parkinson's Online Cafe, taking place on the last Thursday of every month via Zoom. For anyone in the Polish community affected by Parkinson's wanting to connect, share experiences and support one another. For details about our next meeting and to book your place, contact Kinga on [email protected] or Lyndsay Taylor (Community Support Officer) on [email protected] or 07815 610 129.","Join us at our monthly Polish Parkinson's Online Cafe, taking place on the last Thursday of every month via Zoom. For anyone in the Polish community affected by Parkinson's wanting to connect, share experiences and support one another. For details about our next meeting and to book your place, contact Kinga on [email protected] or Lyndsay Taylor (Community Support Officer) on [email protected] or 07815 610 129. Schedule: Monthly on the last Thursday From 18:30 until 20:00.",United Kingdom,United Kingdom,United Kingdom,Virtual | Support | Support Group | Parkinson's Care,,virtual,true,official_directory_import,0,0,https://localsupport.parkinsons.org.uk/activity/polish-parkinsons-online-cafe,ltaylor@parkinsons.org.uk,07815 610 129,,,activity,Parkinson's UK,United Kingdom,,,https://localsupport.parkinsons.org.uk/activity/polish-parkinsons-online-cafe,2026-03-27T07:44:50.807Z