pageType,name,url,description,categories,locationName,address,addressLine1,addressLine2,city,postcode,scheduleText,cost,contactName,phones,emails,providerName,providerUrl,contactBlockTitles,linkedActivityUrls
provider,Alnwick Support Group,https://localsupport.parkinsons.org.uk/provider/alnwick-support-group,"Our group offers friendship and support locally to people with Parkinson’s, their families and carers, contact us to find out more. For information and advice on Parkinson's, or for emotional support, call the Parkinson's UK helpline on 0808 800 0303",In-Person | Support,The Lindesfarne Centre,"The Lindesfarne Centre, 30 Lindesfarne Road, Alnwick, NE66 1AU",,,Alnwick,NE66 1AU,Monthly on the first Tuesday From 13:30 until 15:00,,,0808 800 0303 | 07955267379,hello@parkinsons.org.uk | mkelly@parkinsons.org.uk,,,Parkinson's UK Helpline | Local Group Staff Contact,https://localsupport.parkinsons.org.uk/activity/alnwick-support-group-drop
provider,Barnsley and District Branch,https://localsupport.parkinsons.org.uk/provider/barnsley-and-district-branch,"Our group offers friendship and support locally to people with Parkinson’s, their families and carers, contact us to find out more. Read our latest newsletter here. For more information please visit our Barnsley Branch website. Volunteers needed! We need to recruit volunteers to help us run the group. Do you have an hour or two per month to spare? If so we would be delighted to hear from you. There is more information about how you can get involved here or contact the Branch Chair, Terry Kendall, by emailing [email protected]. For information and advice on Parkinson's, or for emotional support, call the Parkinson's UK helpline on 0808 800 0303",In-Person | Exercise | Support,Barnsley Emmanuel Church,"Barnsley Emmanuel Church, Huddersfield Road, Barnsley, S75 1DT",,,Barnsley,S75 1DT,Monthly on the third Tuesday From 14:00 until 16:00,,,0808 800 0303,terry.kendall@sky.com | hello@parkinsons.org.uk,,,Branch Contact | Parkinson’s UK Helpline,https://localsupport.parkinsons.org.uk/activity/barnsley-group-meeting | https://localsupport.parkinsons.org.uk/activity/falls-management-exercise-fame-programme | https://localsupport.parkinsons.org.uk/activity/natter-cafe-barnsley
provider,Bishop Auckland Support Group,https://localsupport.parkinsons.org.uk/provider/bishop-auckland-support-group,"Our group offers friendship and support locally to people with Parkinson’s, their families and carers, contact us to find out more. For information and advice on Parkinson's, or for emotional support, call the Parkinson's UK helpline on 0808 800 0303",In-Person | Support,Bishop Auckland Town Hall,"Bishop Auckland Town Hall, Market Place, Bishop Auckland, DL14 7NP",,,Bishop Auckland,DL14 7NP,Monthly on the first Tuesday From 10:30 until 12:00,,,0808 800 0303 | 07955267379,hello@parkinsons.org.uk | mkelly@parkinsons.org.uk,,,Parkinson's UK Helpline | Local Group Staff Contact,https://localsupport.parkinsons.org.uk/activity/bishop-auckland-support-group
provider,Bradford and Shipley Support Group,https://localsupport.parkinsons.org.uk/provider/bradford-and-shipley-support-group,"Our group offers friendship and support locally to people with Parkinson’s, their families and carers, contact us to find out more. For information and advice on Parkinson's, or for emotional support, call the Parkinson's UK helpline on 0808 800 0303",In-Person | Exercise | Support,Noble Combe Pub,"Bolton Methodist Church Hall Bradford, 1186 Bolton Road, Bradford, BD2 4HT",,,Bradford,BD2 4HT,Monthly on the first Monday From 11:00 until 14:00,,,020 7963 3666 | 0808 800 0303,rcraft@parkinsons.org.uk | hello@parkinsons.org.uk,,,Local Group Staff Contact | Parkinson’s UK Helpline,https://localsupport.parkinsons.org.uk/activity/bradford-social-group-meeting | https://localsupport.parkinsons.org.uk/activity/bradford-seated-exercise
provider,Carlisle Branch,https://localsupport.parkinsons.org.uk/provider/carlisle-branch,"Our group offers friendship and support locally to people with Parkinson’s, their families and carers, contact us to find out more. For information and advice on Parkinson's, or for emotional support, call the Parkinson's UK helpline on 0808 800 0303",In-Person | Exercise | Support,St James Parish Hall - Carlisle,"Greystone Community Centre Carlisle, Close St, Carlisle, CA1 2HA",,,Carlisle,CA1 2HA,Monthly on the third Tuesday From 14:30 until 16:00,,,0808 800 0303 | 07955267379,hello@parkinsons.org.uk | mkelly@parkinsons.org.uk,,,Parkinson's UK Helpline | Local Group Staff Contact,https://localsupport.parkinsons.org.uk/activity/carlisle-group-meeting | https://localsupport.parkinsons.org.uk/activity/exercise-classes-carlisle | https://localsupport.parkinsons.org.uk/activity/live-well-and-dance-parkinsons-carlisle
provider,Darlington Branch,https://localsupport.parkinsons.org.uk/provider/darlington-branch,"Our group offers friendship and support locally to people with Parkinson’s, their families and carers, contact us to find out more. For information and advice on Parkinson's, or for emotional support, call the Parkinson's UK helpline on 0808 800 0303",In-Person | Support | Exercise,Elm Ridge Methodist Church Darlington,"Elm Ridge Methodist Church Darlington, Carmel Road South, Darlington, DL3 8DJ",,,Darlington,DL3 8DJ,Monthly on the second Wednesday From 14:00 until 16:00,,,0808 800 0303 | 07955 267379,hello@parkinsons.org.uk | mkelly@parkinsons.org.uk,,,Parkinson's UK Helpline | Local Group Staff Contact,https://localsupport.parkinsons.org.uk/activity/darlington-group-meeting | https://localsupport.parkinsons.org.uk/activity/parkinsons-exercise-barnard-castle | https://localsupport.parkinsons.org.uk/activity/darlington-cafe
provider,Doncaster Support Group,https://localsupport.parkinsons.org.uk/provider/doncaster-support-group,"Our group offers friendship and support locally to people with Parkinson’s, their families and carers, contact us to find out more. Here is a copy of our latest newsletter. If you would like to be added to the list to receive a copy please email [email protected] For information and advice on Parkinson's, or for emotional support, call the Parkinson's UK helpline on 0808 800 0303",In-Person | Support,Armthorpe Community Centre,"Armthorpe Community Centre, 20 Church Street, Doncaster, DN3 3AG",,,Doncaster,DN3 3AG,Monthly on the first Monday From 13:30 until 15:30,,,07517 957 235 | 0808 800 0303,parkinsonsukdoncaster@gmail.com | hello@parkinsons.org.uk,,,Contact | Parkinson’s UK Helpline,https://localsupport.parkinsons.org.uk/activity/doncaster-group-meeting
provider,Durham Support Group,https://localsupport.parkinsons.org.uk/provider/durham-support-group,"Our group offers friendship and support locally to people with Parkinson’s, their families and carers, contact us to find out more. For information and advice on Parkinson's, or for emotional support, call the Parkinson's UK helpline on 0808 800 0303",In-Person | Exercise | Support,Newton Hall Community Centre Durham,"Newton Hall Community Centre Durham, Kira Drive, Durham, DH1 5GU",,,Durham,DH1 5GU,Monthly on the last Friday From 13:00 until 15:00,,,0808 800 0303 | 07955267379,hello@parkinsons.org.uk | mkelly@parkinsons.org.uk,,,Parkinson's UK Helpline | Local Group Staff Contact,https://localsupport.parkinsons.org.uk/activity/durham-parkinsons-group-meeting | https://localsupport.parkinsons.org.uk/activity/parkinsons-exercise-durham | https://localsupport.parkinsons.org.uk/activity/durham-parkinsons-carers-meeting
provider,Easingwold Support Group,https://localsupport.parkinsons.org.uk/provider/easingwold-support-group,"Our group offers friendship and support locally to people with Parkinson’s, their families and carers, contact us to find out more. For information and advice on Parkinson's, or for emotional support, call the Parkinson's UK helpline on 0808 800 0303",In-Person | Support,Easingwold Town Football Club,"Easingwold Town Football Club, Stillington Road, York, YO61 3FR",,,York,YO61 3FR,Monthly on the first Wednesday From 11:00 until 12:30,,,020 796 33666 | 0808 800 0303,rcraft@parkinsons.org.uk | hello@parkinsons.org.uk,,,Local Group Staff Contact | Parkinson’s UK Helpline,https://localsupport.parkinsons.org.uk/activity/easingwold-support-group
provider,Eden Support Group,https://localsupport.parkinsons.org.uk/provider/eden-support-group,"Our group offers friendship and support locally to people with Parkinson’s, their families and carers, contact us to find out more. For information and advice on Parkinson's, or for emotional support, call the Parkinson's UK helpline on 0808 800 0303",In-Person | Support | Exercise,Various locations around Penrith - get in touch for information about the next venue,"Various locations around Penrith - get in touch for information about the next venue, A6, Penrith, CA11 7ST",,,Penrith,CA11 7ST,Get in touch for more information.,,,0808 800 0303 | 07955267379,hello@parkinsons.org.uk | mkelly@parkinsons.org.uk,,,Parkinson's UK Helpline | Local Group Staff Contact,https://localsupport.parkinsons.org.uk/activity/eden-group-meeting | https://localsupport.parkinsons.org.uk/activity/parkinsons-exercise-class-penrith | https://localsupport.parkinsons.org.uk/activity/cuppa-and-chat-penrith
provider,Goole Parkinson's Support Group,https://localsupport.parkinsons.org.uk/provider/goole-parkinsons-support-group,Read our latest newsletter here.,In-Person | Support,Vikings,"Vikings, Western Road, Goole, DN14 6RG",,,Goole,DN14 6RG,Monthly on the first Thursday From 14:00 until 16:00,,,07845 822 253 | 0808 800 0303,afindlayslt@outlook.com | hello@parkinsons.org.uk,,,Contact | Parkinson’s UK Helpline,https://localsupport.parkinsons.org.uk/activity/goole-parkinsons-support-group
provider,Grimsby Support Group,https://localsupport.parkinsons.org.uk/provider/grimsby-support-group,"Our group offers friendship and support locally to people with Parkinson’s, their families and carers, contact us to find out more. Volunteers needed! We need to recruit volunteers to help us run the group. Do you have an hour or two per month to spare? If so we would be delighted to hear from you. For more information please get in touch with Chris Dougherty at [email protected] or on 07792 308 327. For information and advice on Parkinson's, or for emotional support, call the Parkinson's UK helpline on 0808 800 0303",In-Person | Support | Exercise,Grimsby Support Group monthly social meeting,"Grimsby Support Group monthly social meeting, Pelham Suite, Cambridge Road, Grimsby, DN34 5SZ",,,Grimsby,DN34 5SZ,Monthly on the first Monday From 14:00 until 16:00,,,07792 308 327 | 0808 800 0303,chris.dougherty@sky.com | hello@parkinsons.org.uk,,,Group Contact | Parkinson’s UK Helpline,https://localsupport.parkinsons.org.uk/activity/grimsby-support-group-monthly-meeting | https://localsupport.parkinsons.org.uk/activity/seated-exercise-class-5
provider,Halifax Branch,https://localsupport.parkinsons.org.uk/provider/halifax-branch,"Our group offers friendship and support locally to people with Parkinson’s, their families and carers, contact us to find out more. Please see our latest news on our website: https://www.parkinsonshalifax.org.uk/index.php/news/For information and advice on Parkinson's, or for emotional support, call the Parkinson's UK helpline on 0808 800 0303",In-Person | Support | Wellbeing,Halifax Elim Pentecostal Church,"Halifax Elim Pentecostal Church, Hall Street, Halifax, HX1 5AY",,,Halifax,HX1 5AY,Monthly on the second Saturday From 14:00 until 16:00,,,07967 419880 | 0808 800 0303,ianbarraclough@icloud.com | hello@parkinsons.org.uk,,,Contact | Parkinson’s UK Helpline,https://localsupport.parkinsons.org.uk/activity/halifax-group-meeting | https://localsupport.parkinsons.org.uk/activity/halifax-games-hour | https://localsupport.parkinsons.org.uk/activity/speech-therapy-halifax
provider,Harrogate and District Branch,https://localsupport.parkinsons.org.uk/provider/harrogate-branch,"Our group offers friendship and support locally to people with Parkinson’s, their families and carers, contact us to find out more. For information and advice on Parkinson's, or for emotional support, call the Parkinson's UK helpline on 0808 800 0303",In-Person | Support,Harrogate Masonic Hall,"St. Wilfrid’s Community Centre, Trinity Lane, Ripon, HG4 2AB",,,Ripon,HG4 2AB,Monthly on the second Tuesday From 14:00 until 16:00,,,020 796 33666 | 0808 800 0303,rcraft@parkinsons.org.uk | hello@parkinsons.org.uk,,,Local Group Staff Contact | Parkinson’s UK Helpline,https://localsupport.parkinsons.org.uk/activity/harrogate-social-group-meeting | https://localsupport.parkinsons.org.uk/activity/ripon-social-group-meeting | https://localsupport.parkinsons.org.uk/activity/boston-spa-parkinsons-drop
provider,Huddersfield Branch,https://localsupport.parkinsons.org.uk/provider/huddersfield-branch,"Our group offers friendship and support locally to people with Parkinson’s, their families and carers, contact us to find out more. For information and advice on Parkinson's, or for emotional support, call the Parkinson's UK helpline on 0808 800 0303",In-Person | Support | Exercise | Wellbeing,Longley Golf Club Huddersfield,"Longley Golf Club Huddersfield, Maple Street, Huddersfield, HD5 9AX",,,Huddersfield,HD5 9AX,Monthly on the third Thursday From 15:00 until 16:30,,,020 796 33666 | 0808 800 0303,rcraft@parkinsons.org.uk | hello@parkinsons.org.uk,,,Local Group Staff Contact | Parkinson’s UK Helpline,https://localsupport.parkinsons.org.uk/activity/huddersfield-group-meeting | https://localsupport.parkinsons.org.uk/activity/huddersfield-chair-yoga | https://localsupport.parkinsons.org.uk/activity/song-choir-huddersfield
provider,Hull and East Yorkshire Support Group,https://localsupport.parkinsons.org.uk/provider/hull-and-east-yorkshire-branch,"Our group offers friendship and support locally to people with Parkinson’s, their families and carers, contact us to find out more. You can read the latest newsletter here. Volunteers needed! We are always looking for volunteers to help with the group. If you have an hour or two to spare each month we would be delighted to hear from you! There is more information here or contact the Hull & East Yorkshire Support Group Volunteer Team on 07484 420 616 or [email protected]. For information and advice on Parkinson's, or for emotional support, call the Parkinson's UK helpline on 0808 800 0303",In-Person | Support | Exercise,Cottingham Civic Hall,"Cottingham Civic Hall, Market Green, Cottingham, HU16 5QG",,,Cottingham,HU16 5QG,Monthly on the third Monday From 13:30 until 15:30,,,07484 420 616 | 0808 800 0303,contact@hull.parkinsonsuk.group | hello@parkinsons.org.uk,,,Group Contact | Parkinson’s UK Helpline,https://localsupport.parkinsons.org.uk/activity/hull-support-group-social-meeting | https://localsupport.parkinsons.org.uk/activity/smooth-movers-dance-session | https://localsupport.parkinsons.org.uk/activity/mind-body-breath-chair-yoga-michelle
provider,Keighley Support Group,https://localsupport.parkinsons.org.uk/provider/keighley-support-group,"Our group offers friendship and support locally to people with Parkinson’s, their families and carers, contact us to find out more. For information and advice on Parkinson's, or for emotional support, call the Parkinson's UK helpline on 0808 800 0303",In-Person | Support | Exercise,Keighley Healthy Living,"Keighley Healthy Living, 13 Scott Street, Keighley, BD21 2JH",,,Keighley,BD21 2JH,Weekly every Monday From 13:30 until 15:30,,,020 796 33666 | 0808 800 0303,rcraft@parkinsons.org.uk | hello@parkinsons.org.uk,,,Local Group Staff Contact | Parkinson’s UK Helpline,https://localsupport.parkinsons.org.uk/activity/keighley-social-group-meeting | https://localsupport.parkinsons.org.uk/activity/keighley-exercise-class
provider,Leeds and District Branch,https://localsupport.parkinsons.org.uk/provider/leeds-and-district-branch,"Our group offers friendship and support locally to people with Parkinson’s, their families and carers, contact us to find out more. For information and advice on Parkinson's, or for emotional support, call the Parkinson's UK helpline on 0808 800 0303",In-Person | Support | Wellbeing | Exercise,St Chad's Parish Centre - Leeds,"St Chad's Parish Centre - Leeds, Otley Road, Leeds, LS16 5JT",,,Leeds,LS16 5JT,Monthly on the second Wednesday From 14:00 until 16:00,,,01943 513 607 | 0808 800 0303,cookcarolann55@gmail.com | hello@parkinsons.org.uk,,,Contact | Parkinson’s UK Helpline,https://localsupport.parkinsons.org.uk/activity/leeds-group-meeting | https://localsupport.parkinsons.org.uk/activity/art-therapy-horsforth | https://localsupport.parkinsons.org.uk/activity/circuit-training-leeds
provider,North Tyneside Support Group,https://localsupport.parkinsons.org.uk/provider/north-tyneside-support-group,"Our group offers friendship and support locally to people with Parkinson’s, their families and carers, contact us to find out more. For information and advice on Parkinson's, or for emotional support, call the Parkinson's UK helpline on 0808 800 0303",In-Person | Support,Linskill Centre,"Linskill Centre, Linskill Terrace, North Shields, NE30 2AY",,,North Shields,NE30 2AY,Monthly on the third Monday From 14:00 until 15:30,,,0808 800 0303 | 07955 267379,hello@parkinsons.org.uk | mkelly@parkinsons.org.uk,,,Parkinson's UK Helpline | Local Group Staff Contact,https://localsupport.parkinsons.org.uk/activity/north-tyneside-support-group
provider,Northumberland Tyne and Wear AP Branch,https://localsupport.parkinsons.org.uk/provider/northumberland-tyne-and-wear-ap-branch,"Our group offers friendship and support locally to people with Parkinson’s, their families and carers, contact us to find out more. For information and advice on Parkinson's, or for emotional support, call the Parkinson's UK helpline on 0808 800 0303",In-Person | Support | Exercise,Marriott Hotel Gateshead,"Marriott Hotel Gateshead, MetroCentre, Gateshead, NE11 9XF",,,Gateshead,NE11 9XF,Monthly on the first Sunday From 17:00 until 19:00,,,0808 800 0303 | 07955267379,hello@parkinsons.org.uk | mkelly@parkinsons.org.uk,,,Parkinson's UK Helpline | Local Group Staff Contact,https://localsupport.parkinsons.org.uk/activity/northumberland-tyne-and-wear-ap-group-meeting | https://localsupport.parkinsons.org.uk/activity/badminton-tyneside-badminton-centre
provider,Redcar Area Support Group,https://localsupport.parkinsons.org.uk/provider/redcar-area-support-group,"Our group offers friendship and support locally to people with Parkinson’s, their families and carers, contact us to find out more. For information and advice on Parkinson's, or for emotional support, call the Parkinson's UK helpline on 0808 800 0303",In-Person | Exercise | Support,25K Community Centre - Redcar,"25K Community Centre - Redcar, Ayton Drive, Redcar, TS10 4LR",,,Redcar,TS10 4LR,Monthly on the second Thursday From 14:00 until 16:00,,,0808 800 0303 | 07955 267379,hello@parkinsons.org.uk | mkelly@parkinsons.org.uk,,,Parkinson's UK Helpline | Local Group Staff Contact,https://localsupport.parkinsons.org.uk/activity/redcar-area-group-meeting | https://localsupport.parkinsons.org.uk/activity/parkinsons-exercise-class-redcar
provider,Rotherham Support Group,https://localsupport.parkinsons.org.uk/provider/rotherham-support-group,"Our group offers friendship and support locally to people with Parkinson’s, their families and carers, contact us to find out more. For information and advice on Parkinson's, or for emotional support, call the Parkinson's UK helpline on 0808 800 0303",In-Person | Support,Herringthorpe United Reform Church,"Herringthorpe United Reform Church, Wickersley Road, Rotherham, S60 4JN",,,Rotherham,S60 4JN,Monthly on the second Monday From 13:00 until 15:00,,,0808 800 0303,localsupport@parkinsons.org.uk | hello@parkinsons.org.uk,,,Contact | Parkinson’s UK Helpline,https://localsupport.parkinsons.org.uk/activity/rotherham-monthly-social-meeting | https://localsupport.parkinsons.org.uk/activity/rotherham-support-group-wednesday-lunch-club
provider,Ryedale Support Group,https://localsupport.parkinsons.org.uk/provider/ryedale-support-group,"Our group offers friendship and support locally to people with Parkinson’s, their families and carers, contact us to find out more. For information and advice on Parkinson's, or for emotional support, call the Parkinson's UK helpline on 0808 800 0303",In-Person | Support,Norton Trinity Methodist Church,"Norton Trinity Methodist Church, Commercial Street, Norton, YO17 9ES",,,Norton,YO17 9ES,Monthly on the second Thursday From 14:00 until 15:30,,,020 7963 3666 | 0808 800 0303,rcraft@parkinsons.org.uk | hello@parkinsons.org.uk,,,Local Group Staff Contact | Parkinson’s UK Helpline,https://localsupport.parkinsons.org.uk/activity/ryedale-group-meeting
provider,Scarborough Branch,https://localsupport.parkinsons.org.uk/provider/scarborough-branch,"Our group offers friendship and support locally to people with Parkinson’s, their families and carers, contact us to find out more. For information and advice on Parkinson's, or for emotional support, call the Parkinson's UK helpline on 0808 800 0303",In-Person | Support,Wreyfield Drive Methodist Church,"Wreyfield Drive Methodist Church, Wreyfield Drive, Scarborough, YO12 6NP",,,Scarborough,YO12 6NP,Weekly every Thursday From 14:00 until 16:00,,,020 7963 3666 | 0808 800 0303,rcraft@parkinsons.org.uk | hello@parkinsons.org.uk,,,Local Group Staff Contact | Parkinson’s UK Helpline,https://localsupport.parkinsons.org.uk/activity/scarborough-branch-meeting | https://localsupport.parkinsons.org.uk/activity/pickering-parkinsons-cafe | https://localsupport.parkinsons.org.uk/activity/bridlington-parkinsons-cafe
provider,Scunthorpe Branch,https://localsupport.parkinsons.org.uk/provider/scunthorpe-branch,"Our group offers friendship and support locally to people with Parkinson’s, their families and carers, contact us to find out more. For information and advice on Parkinson's, or for emotional support, call the Parkinson's UK helpline on 0808 800 0303",In-Person | Exercise | Support | Wellbeing,Salvation Army Centre - Scunthorpe,"Salvation Army Centre - Scunthorpe, 187 Ashby High Street, Scunthorpe, DN16 2JT",,,Scunthorpe,DN16 2JT,Get in touch for more information.,,,0808 800 0303,localsupport@parkinsons.org.uk | hello@parkinsons.org.uk,,,Contact | Parkinson’s UK Helpline,https://localsupport.parkinsons.org.uk/activity/scunthorpe-group-meeting | https://localsupport.parkinsons.org.uk/activity/gentle-exercise-yoga | https://localsupport.parkinsons.org.uk/activity/loud-voice-group
provider,Selby Support Group,https://localsupport.parkinsons.org.uk/provider/selby-support-group,"Our group offers friendship and support locally to people with Parkinson’s, their families and carers, contact us to find out more. For information and advice on Parkinson's, or for emotional support, call the Parkinson's UK helpline on 0808 800 0303",In-Person | Exercise | Support,Regen Centre,"The Studios Selby, Cochrane's Shipyard, Selby, YO8 8AW",,,Selby,YO8 8AW,Monthly on the first Thursday From 10:00 until 12:00,,,07935 749411 | 0808 800 0303,infoatselbyparkinsonsgroup@gmail.com | hello@parkinsons.org.uk,,,Contact | Parkinson’s UK Helpline,https://localsupport.parkinsons.org.uk/activity/selby-social-group | https://localsupport.parkinsons.org.uk/activity/chair-pilates-parkinsons-1000am-class | https://localsupport.parkinsons.org.uk/activity/pilates-parkinsons-1100am-class
provider,Sheffield Support Group,https://localsupport.parkinsons.org.uk/provider/sheffield-support-group,"About our group You can read the latest newsletter here. If you would like adding to the mailing list please call Val Heap on 0114 262 0468 or email [email protected]. You can also find us on Facebook, here. The ethos of the Sheffield Support Group is to support activities to enable people with Parkinson’s to build physical and mental wellness through participation in social events, learning and creative activities with like-minded people. The group is run for the charity by volunteers who are living with Parkinson’s themselves, or who have experience of Parkinson’s. It is supported by professional staff to: Offer information, friendship, and support to those with Parkinson’s, their carers, families and friends Organise or assist with events and social activities for members Raise funds for research to support people affected by Parkinson’s We believe that doing something positive for yourself is good for the soul. We arrange classes and activities that include: Posture and general fitness, Boxing, Pilates, Tango, Voice (singing), Saturday morning walks and monthly meetings, with a speaker, and an opportunity to meet others over a cup of tea A monthly drop in Parkinson’s Cafe held in Parson Cross Community Development Forum ""A Positively Parkinson’s"" group that holds monthly evening socials at the Waggon and Horses restaurant/pub on Abbeydale Road and is aimed at people aged 66 years and under A Supporters Group for those living with a person with Parkinson's We also signpost to privately run classes and other resources that may be of interest to people affected by Parkinson’s in the Sheffield area, eg: PD Warrior programme Personalised strength and fitness A machine-based circuits class We follow the values of Parkinson’s UK by putting People first and at the centre of decisions, Uniting all those who are affected by Parkinson’s in Sheffield, Pioneering with a can-do attitude and we are Driven to find a cure and offer support until one is found. Volunteers needed! We need to recruit volunteers to help us run the group. Do you have an hour or two per month to spare? If so we would be delighted to hear from you. For more information please email [email protected].",In-Person | Support | Wellbeing | Exercise,Tapton Masonic Hall,"Tapton Masonic Hall, Shore Lane Sheffield, Sheffield, S10 3BU",,,Sheffield,S10 3BU,02/06/2026 01/09/2026 03/11/2026 | 02/06/2026 | 01/09/2026 | 03/11/2026,,,0114 262 0468 | 0808 800 0303,valheap@outlook.com | hello@parkinsons.org.uk,,,Contact | Parkinson’s UK Helpline,https://localsupport.parkinsons.org.uk/activity/sheffield-parkinsons-support-group-quarterly-meetings | https://localsupport.parkinsons.org.uk/activity/steel-city-tremorloes-singing-group | https://localsupport.parkinsons.org.uk/activity/boxing-training-sheffield
provider,Skipton and District Support Group,https://localsupport.parkinsons.org.uk/provider/skipton-and-district-support-group,"Our group offers friendship and support locally to people with Parkinson’s, their families and carers, contact us to find out more. For information and advice on Parkinson's, or for emotional support, call the Parkinson's UK helpline on 0808 800 0303",In-Person | Support,"The Hub, Skipton Town Hall","The Hub, Skipton Town Hall, High Street, Skipton, BD23 1AH",,,Skipton,BD23 1AH,Monthly on the third Thursday From 14:00 until 15:30,,,020 796 33666 | 0808 800 0303,membershipskipton@outlook.com | hello@parkinsons.org.uk,,,Local Group Staff Contact | Parkinson’s UK Helpline,https://localsupport.parkinsons.org.uk/activity/skipton-hub-club-meeting
provider,South Tyneside Support Group,https://localsupport.parkinsons.org.uk/provider/south-tyneside-support-group,"Our group offers friendship and support locally to people with Parkinson’s, their families and carers, contact us to find out more. For information and advice on Parkinson's, or for emotional support, call the Parkinson's UK helpline on 0808 800 0303",In-Person | Exercise | Support,South Shields Museum & Art Gallery,"South Shields Museum & Art Gallery, Ocean Road, South Shields, NE33 2JA",,,South Shields,NE33 2JA,Monthly on the first Monday From 12:00 until 13:00,,,0808 800 0303 | 07955 267379,hello@parkinsons.org.uk | mkelly@parkinsons.org.uk,,,Parkinson's UK Helpline | Local Group Staff Contact,https://localsupport.parkinsons.org.uk/activity/south-tyneside-support-group | https://localsupport.parkinsons.org.uk/activity/gentle-parkinsons-exercise-south-shields
provider,Sunderland Branch,https://localsupport.parkinsons.org.uk/provider/sunderland-branch,"Our group offers friendship and support locally to people with Parkinson’s, their families and carers, contact us to find out more. For information and advice on Parkinson's, or for emotional support, call the Parkinson's UK helpline on 0808 800 0303",In-Person | Support,Bede Tower Sunderland,"Bede Tower Sunderland, Burdon Road, Sunderland, SR2 7EA",,,Sunderland,SR2 7EA,Monthly on the second Monday From 14:00 until 15:30,,,0808 800 0303 | 07955 267379,hello@parkinsons.org.uk | mkelly@parkinsons.org.uk,,,Parkinson's UK Helpline | Local Group Staff Contact,https://localsupport.parkinsons.org.uk/activity/sunderland-group-meeting
provider,Tees Valley Support Group,https://localsupport.parkinsons.org.uk/provider/tees-valley-branch,"Our group offers friendship and support locally to people with Parkinson’s, their families and carers, contact us to find out more. For information and advice on Parkinson's, or for emotional support, call the Parkinson's UK helpline on 0808 800 0303",In-Person | Support | Exercise,Co-op Function Room,"Co-op Function Room, Millfield House, Stockton-on-Tees, TS18 2BG",,,Stockton-on-Tees,TS18 2BG,Monthly on the third Friday From 10:00 until 11:30,,,0808 800 0303 | 07955 267379,hello@parkinsons.org.uk | mkelly@parkinsons.org.uk,,,Parkinson's UK Helpline | Local Group Staff Contact,https://localsupport.parkinsons.org.uk/activity/tees-valley-group-meeting | https://localsupport.parkinsons.org.uk/activity/stockton-parkinsons-cafe | https://localsupport.parkinsons.org.uk/activity/parkinsons-table-tennis
provider,Wakefield Support Group,https://localsupport.parkinsons.org.uk/provider/wakefield-support-group,"Our group offers friendship and support locally to people with Parkinson’s, their families and carers, contact us to find out more. For information and advice on Parkinson's, or for emotional support, call the Parkinson's UK helpline on 0808 800 0303",In-Person | Support | Exercise,Wrenthorpe Village Hall,"Wrenthorpe Village Hall, Wrenthorpe Lane, Wakefield, WF2 0NE",,,Wakefield,WF2 0NE,Monthly on the fourth Wednesday From 13:30 until 15:00,,,020 796 33666 | 0808 800 0303,wakefieldparkies@gmail.com | hello@parkinsons.org.uk,,,Local Group Staff Contact | Parkinson’s UK Helpline,https://localsupport.parkinsons.org.uk/activity/wakefield-support-group | https://localsupport.parkinsons.org.uk/activity/wakefield-pugneys-park-walking-group | https://localsupport.parkinsons.org.uk/activity/thornes-park-walking-group-thursday
provider,York Branch,https://localsupport.parkinsons.org.uk/provider/york-branch,"Our group offers friendship and support locally to people with Parkinson’s, their families and carers, contact us to find out more. For information and advice on Parkinson's, or for emotional support, call the Parkinson's UK helpline on 0808 800 0303",In-Person | Exercise,New Earswick Folk Hall York,"Wigginton Recreational Hall York, The Village, York, YO32 2LL",,,York,YO32 2LL,Monthly on the second Wednesday From 14:00 until 16:00,,,07943 137616 | 0808 800 0303,info@yorkparkinsons.co.uk | hello@parkinsons.org.uk,,,Branch Contact | Parkinson’s UK Helpline,https://localsupport.parkinsons.org.uk/activity/york-group-meeting | https://localsupport.parkinsons.org.uk/activity/exercise-class-wigginton | https://localsupport.parkinsons.org.uk/activity/pd-power-circuits | https://localsupport.parkinsons.org.uk/activity/rise-and-shine-pilates
provider,Blackpool Fylde and Wyre Branch,https://localsupport.parkinsons.org.uk/provider/blackpool-fylde-and-wyre-branch,"Our group offers friendship and support locally to people with Parkinson’s, their families and carers, contact us to find out more. For information and advice on Parkinson's, or for emotional support, call the Parkinson's UK helpline on 0808 800 0303",In-Person | Support,Cleveleys Park Methodist Church Hall,"Cleveleys Park Methodist Church Hall, Stockdove Way, Thornton-Cleveleys, FY5 2BL",,,Thornton-Cleveleys,FY5 2BL,Monthly on the first Monday From 19:00 until 21:00,,,01253 868 086 | 0808 800 0303,marjoriefleming@talktalk.net | hello@parkinsons.org.uk,,,Contact | Parkinson’s UK Helpline,https://localsupport.parkinsons.org.uk/activity/blackpool-fylde-and-wyre-group-meeting | https://localsupport.parkinsons.org.uk/activity/grange-community-hub-parkinsons-cafe | https://localsupport.parkinsons.org.uk/activity/blackpool-fylde-wyre-golden-eagle-parkinsons-uk-lunch-club
provider,Bolton Branch,https://localsupport.parkinsons.org.uk/provider/bolton-branch,"Our group offers friendship and support locally to people with Parkinson’s, their families and carers, contact us to find out more. For information and advice on Parkinson's, or for emotional support, call the Parkinson's UK helpline on 0808 800 0303",In-Person | Support | Exercise,Kings Church,"Kings Church, The Mill, Bolton, BL2 6QE",,,Bolton,BL2 6QE,Monthly on the first Tuesday From 14:00 until 16:00,,,0344 2253611 | 0808 800 0303,croot@parkinsons.org.uk | hello@parkinsons.org.uk,,,Local Group Staff Contact | Parkinson’s UK Helpline,https://localsupport.parkinsons.org.uk/activity/bolton-group-meeting | https://localsupport.parkinsons.org.uk/activity/easy-exercise-chair-based | https://localsupport.parkinsons.org.uk/activity/bolton-nordic-walking
provider,Bury Support Group,https://localsupport.parkinsons.org.uk/provider/bury-support-group,"Our group offers friendship and support locally to people with Parkinson’s, their families and carers, contact us to find out more. For information and advice on Parkinson's, or for emotional support, call the Parkinson's UK helpline on 0808 800 0303",In-Person | Support | Exercise,Bolton Road Methodist Church - Bury,"Bolton Road Methodist Church - Bury, Bolton Road, Bury, BL8 2PH",,,Bury,BL8 2PH,Monthly on the first Monday From 14:00 until 16:00,,,01204 363061 | 0808 800 0303,alijohn.aj27@gmail.com | hello@parkinsons.org.uk,,,Contact | Parkinson’s UK Helpline,https://localsupport.parkinsons.org.uk/activity/bury-group-meeting | https://localsupport.parkinsons.org.uk/activity/bury-indoor-kurling
provider,Chester and District Branch,https://localsupport.parkinsons.org.uk/provider/chester-branch,"Supporting our community with friendship, activities and help. Are you or someone you know affected by Parkinson's? You'll find a warm welcome here. Join us for singing, socialising, exercise and support. Our website is a great place to find out more about all the events on offer, how to join and who to contact. We offer something for everyone and there is always something to look forward to, from afternoon tea to a tasty brunch with a friendly group. You can sign up for as many or as few events as you like, or join one of our regular activities. We share news, views and updates on the website, don't hesitate to take a look and get in touch!",Virtual | Support | In-Person | Wellbeing,Hoole United Reformed Church,"St Columba's Church Hall, Plas Newton Lane, Chester, CH2 1SA",,,Chester,CH2 1SA,Monthly on the third Thursday From 14:30 until 16:00,,,07903 085 776 | 0808 800 0303,fetherston132@gmail.com | hello@parkinsons.org.uk,,,Contact | Parkinson’s UK Helpline,https://localsupport.parkinsons.org.uk/activity/drop-cafe-hoole | https://localsupport.parkinsons.org.uk/activity/online-social-group-join-anywhere | https://localsupport.parkinsons.org.uk/activity/chester-district-parkinsons-singing-group
provider,Chorley and South Ribble Branch,https://localsupport.parkinsons.org.uk/provider/chorley-and-south-ribble-branch,"Our group offers friendship and support locally to people with Parkinson’s, their families and carers, contact us to find out more. For information and advice on Parkinson's, or for emotional support, call the Parkinson's UK helpline on 0808 800 0303",In-Person | Support | Exercise,Heskin Village Hall,"Heskin Village Hall, Heskin, PR7 5NS",,,Heskin,PR7 5NS,Monthly on the first Tuesday From 13:00 until 15:00,,,07837 831722 | 0808 800 0303,charliecsg1@hotmail.co.uk | hello@parkinsons.org.uk,,,Contact | Parkinson’s UK Helpline,https://localsupport.parkinsons.org.uk/activity/chorley-and-south-ribble-group-meeting | https://localsupport.parkinsons.org.uk/activity/sit-and-be-fit-exercise-sessions-chorley-south-ribble | https://localsupport.parkinsons.org.uk/activity/connect-flow-dance-chorley-south-ribble
provider,Crewe and District Branch,https://localsupport.parkinsons.org.uk/provider/crewe-and-district-branch,"Our group offers friendship and support locally to people with Parkinson’s, their families and carers. Contact us to find out more or visit our branch website. We are based in Crewe with a sub group in Winsford, please scroll down the page to see a full list of our activities For information and advice on Parkinson's, or for emotional support, call the Parkinson's UK helpline on 0808 800 0303",In-Person | Support | Exercise,Hopes and Beams Crewe,"Hopes and Beams Crewe, Broad Street, Crewe, CW1 3UD",,,Crewe,CW1 3UD,Monthly on the first Tuesday From 13:30 until 15:00 Monthly on the third Tuesday From 13:30 until 15:00 Monthly on the fourth Tuesday From 13:30 until 15:00 | Monthly on the first Tuesday From 13:30 until 15:00 | Monthly on the third Tuesday From 13:30 until 15:00 | Monthly on the fourth Tuesday From 13:30 until 15:00,,,07749 596 425 | 0808 800 0303,carolejaneb@yahoo.co.uk | hello@parkinsons.org.uk,,,Contact | Parkinson’s UK Helpline,https://localsupport.parkinsons.org.uk/activity/crewe-group-meeting | https://localsupport.parkinsons.org.uk/activity/crewe-group-lunch-meeting | https://localsupport.parkinsons.org.uk/activity/winsford-exercise-class
provider,East Lancashire Activity Group,https://localsupport.parkinsons.org.uk/provider/east-lancashire-activity-group,"Our group offers friendship and support locally to people with Parkinson’s, their families and carers, contact us to find out more. For information and advice on Parkinson's, or for emotional support, call the Parkinson's UK helpline on 0808 800 0303",In-Person | Support,Holmefield House,"Holmefield House, Gisburn Road, Barrowford, BB9 8ND",,,Barrowford,BB9 8ND,Fortnightly on a Friday From 11:30 until 13:30 This activity is next on 03/04/2026,,,0344 225 3611 | 0808 800 0303,croot@parkinsons.org.uk | hello@parkinsons.org.uk,,,Local Group Staff Contact | Parkinson’s UK Helpline,https://localsupport.parkinsons.org.uk/activity/nelson-pop-parkinsons-wellbeing-cafe | https://localsupport.parkinsons.org.uk/activity/rossendale-parkinsons-cafe
provider,Furness Support Group,https://localsupport.parkinsons.org.uk/provider/furness-support-group,"Our group offers friendship and support locally to people with Parkinson’s, their families and carers, contact us to find out more. For information and advice on Parkinson's, or for emotional support, call the Parkinson's UK helpline on 0808 800 0303",In-Person | Support | Wellbeing,Dalton Community Centre,"Dalton Community Centre, Dalton-in-Furness, LA15 8AF",,,Dalton-in-Furness,LA15 8AF,Monthly on the first Wednesday From 13:30 until 16:00,,,07890010239 | 0808 800 0303,loulou.taylor10@gmail.com | hello@parkinsons.org.uk,,,Contact | Parkinson’s UK Helpline,https://localsupport.parkinsons.org.uk/activity/furness-group-meeting | https://localsupport.parkinsons.org.uk/activity/dalton-furness-parkinsons-carers-cafe-meeting | https://localsupport.parkinsons.org.uk/activity/complementary-therapies-people-parkinsons-ulverston
provider,Halton and District Support Group,https://localsupport.parkinsons.org.uk/provider/halton-and-district-support-group,"Our group offers friendship and support locally to people with Parkinson’s, their families and carers, contact us to find out more. For information and advice on Parkinson's, or for emotional support, call the Parkinson's UK helpline on 0808 800 0303",In-Person | Support | Exercise,St Edwards Church Hall Runcorn,"St Edwards Church Hall Runcorn, Ivy Street, Runcorn, WA7 5NZ",,,Runcorn,WA7 5NZ,Monthly on the second Tuesday From 13:30 until 15:30,,,01928 574518 | 0808 800 0303,mbrolly@tiscali.co.uk | hello@parkinsons.org.uk,,,Contact | Parkinson’s UK Helpline,https://localsupport.parkinsons.org.uk/activity/halton-group-meeting | https://localsupport.parkinsons.org.uk/activity/stand-or-sit-exercise-all
provider,Hyndburn and Ribble Valley Support Group,https://localsupport.parkinsons.org.uk/provider/hyndburn-and-ribble-valley-support-group,"Our group offers friendship and support locally to people with Parkinson’s, their families and carers, contact us to find out more. For information and advice on Parkinson's, or for emotional support, call the Parkinson's UK helpline on 0808 800 0303",In-Person | Support,Accrington Town Hall,"Accrington Town Hall, 42 Blackburn Road, Accrington, BB5 1LA",,,Accrington,BB5 1LA,Get in touch for more information.,,,07484 829017 | 0808 800 0303,hello@parkinsons.org.uk,,,Contact | Parkinson’s UK Helpline,https://localsupport.parkinsons.org.uk/activity/hyndburn-and-ribble-valley-group-meeting
provider,Kendal Support Group,https://localsupport.parkinsons.org.uk/provider/kendal-support-group,"Our group offers friendship and support locally to people with Parkinson’s, their families and carers, contact us to find out more.For information and advice on Parkinson's, or for emotional support, call the Parkinson's UK helpline on 0808 800 0303 You can view all of our activities by scrolling to the bottom of this page, you can also view our most recent leaflet here",In-Person | Support | Exercise,Kendal Rugby Club,"Kendal Rugby Club, Mint Bridge, Shap Road, Kendal, LA9 6NZ",,,Kendal,LA9 6NZ,Monthly on the last Thursday From 12:30 until 14:30,,,0344 225 3611 | 0808 800 0303,croot@parkinsons.org.uk | hello@parkinsons.org.uk,,,Local Group Staff Contact | Parkinson’s UK Helpline,https://localsupport.parkinsons.org.uk/activity/kendal-parkinsons-group-lunch | https://localsupport.parkinsons.org.uk/activity/parkinsons-cafe-hansens-kendal | https://localsupport.parkinsons.org.uk/activity/alexander-technique-kendal
provider,Lancaster and Morecambe Support Group,https://localsupport.parkinsons.org.uk/provider/lancaster-and-morecambe-support-group,"Our group offers friendship and support locally to people with Parkinson’s, their families and carers, contact us to find out more. For information and advice on Parkinson's, or for emotional support, call the Parkinson's UK helpline on 0808 800 0303",In-Person | Support,Slyne with Hest Church Hall,"Slyne with Hest Church Hall, Shady Lane, Lancaster, LA2 6JG",,,Lancaster,LA2 6JG,Weekly every Friday From 12:00 until 14:00,,,01524 770831 | 0808 800 0303,path1946@live.co.uk | hello@parkinsons.org.uk,,,Contact | Parkinson’s UK Helpline,https://localsupport.parkinsons.org.uk/activity/lancaster-and-morecambe-group-meeting
provider,Liverpool Central Branch,https://localsupport.parkinsons.org.uk/provider/liverpool-central-branch,"Our group offers friendship and support locally to people with Parkinson’s, their families and carers, contact us to find out more. For information and advice on Parkinson's, or for emotional support, call the Parkinson's UK helpline on 0808 800 0303",In-Person | Support,"The Brain Charity, Liverpool","The Brain Charity, Liverpool, Norton Street, Liverpool, L3 8LR",,,Liverpool,L3 8LR,Monthly on the first Friday From 14:00 until 16:00,,,0344 225 3775 | 0808 800 0303,htaggart@parkinsons.org.uk | hello@parkinsons.org.uk,,,Local Group Staff Contact | Parkinson’s UK Helpline,https://localsupport.parkinsons.org.uk/activity/liverpool-central-group-meeting
provider,Lytham St Annes Support Group,https://localsupport.parkinsons.org.uk/provider/lytham-st-annes-support-group,"Our group offers friendship and support locally to people with Parkinson’s, their families and carers, contact us to find out more. For information and advice on Parkinson's, or for emotional support, call the Parkinson's UK helpline on 0808 800 0303",In-Person | Support,Fairhaven United Reformed Church,"Fairhaven United Reformed Church, 22A Clifton Drive, Lytham St Annes, FY8 1AX",,,Lytham St Annes,FY8 1AX,Monthly on the first Tuesday From 13:45 until 15:45,,,01253 712783 | 0808 800 0303,deeceethomas@gmail.com | hello@parkinsons.org.uk,,,Contact | Parkinson’s UK Helpline,https://localsupport.parkinsons.org.uk/activity/lytham-st-annes-group-meeting | https://localsupport.parkinsons.org.uk/activity/lytham-group-cafe
provider,Macclesfield Branch,https://localsupport.parkinsons.org.uk/provider/macclesfield-branch,"Our group offers friendship and support locally to people with Parkinson’s, their families and carers. We also work together closely with our sub-group, The ALEX Project. You can find details of additional activities and support available for the Parkinson’s community in the area on the The ALEX Project page. Please get in touch for more information.",In-Person | Wellbeing | Virtual | Exercise,St Oswald's Church,"St Oswald's Church, 7 Bollington Rd, Bollington, SK10 5EG",,,Bollington,SK10 5EG,Fortnightly on a Tuesday From 14:00 This activity is next on 31/03/2026,,,0344 225 9846 | 0808 800 0303,aashworth@parkinsons.org.uk | hello@parkinsons.org.uk,,,Local Group Staff Contact | Parkinson’s UK Helpline,https://localsupport.parkinsons.org.uk/activity/singing-class-bollington | https://localsupport.parkinsons.org.uk/activity/online-dance-class | https://localsupport.parkinsons.org.uk/activity/online-exercise-class
provider,Manchester Activity Group,https://localsupport.parkinsons.org.uk/provider/manchester-activity-group,"Our group offers friendship and support locally to people with Parkinson’s, their families and carers, contact us to find out more. For information and advice on Parkinson's, or for emotional support, call the Parkinson's UK helpline on 0808 800 0303",In-Person | Exercise,Crumpsall Methodist Church,"Crumpsall Methodist Church, Lansdowne Road, Manchester, M8 5ST",,,Manchester,M8 5ST,Weekly every Wednesday From 11:30 until 12:00,,,0344 225 3611 | 0808 800 0303,croot@parkinsons.org.uk | hello@parkinsons.org.uk,,,Local Group Staff Contact | Parkinson’s UK Helpline,https://localsupport.parkinsons.org.uk/activity/coffee-and-chat | https://localsupport.parkinsons.org.uk/activity/live-well-and-move-parkinsons-class-north-manchester
provider,Oldham Branch,https://localsupport.parkinsons.org.uk/provider/oldham-branch,"Our group offers friendship and support locally to people with Parkinson’s, their families and carers, contact us to find out more. For information and advice on Parkinson's, or for emotional support, call the Parkinson's UK helpline on 0808 800 0303",In-Person | Support | Exercise,The Primrose Centre Oldham,"The Primrose Centre Oldham, Magnolia Gardens, Oldham, OL8 1HX",,,Oldham,OL8 1HX,Monthly on the last Wednesday From 14:30 until 17:00,,,07913 559432 | 0808 800 0303,les.shel@talktalk.net | hello@parkinsons.org.uk,,,Contact | Parkinson’s UK Helpline,https://localsupport.parkinsons.org.uk/activity/oldham-group-meeting | https://localsupport.parkinsons.org.uk/activity/exercise-class-oldham
provider,Preston Branch,https://localsupport.parkinsons.org.uk/provider/preston-branch,"Our group offers friendship and support locally to people with Parkinson’s, their families and carers, contact us to find out more. For information and advice on Parkinson's, or for emotional support, call the Parkinson's UK helpline on 0808 800 0303",In-Person | Support | Exercise,St Anthony's Social Centre Preston,"St Anthony's Social Centre Preston, St Anthony's Drive, Preston, PR2 3SQ",,,Preston,PR2 3SQ,Monthly on the second Wednesday From 19:30 until 21:30,,,0344 225 3611 | 0808 800 0303,croot@parkinsons.org.uk | hello@parkinsons.org.uk,,,Local Group Staff Contact | Parkinson’s UK Helpline,https://localsupport.parkinsons.org.uk/activity/preston-group-meeting | https://localsupport.parkinsons.org.uk/activity/preston-circuit-training | https://localsupport.parkinsons.org.uk/activity/boxing-exercise-class-penwortham
provider,Rochdale Branch,https://localsupport.parkinsons.org.uk/provider/rochdale-branch,"Our group offers friendship and support locally to people with Parkinson’s, their families and carers, contact us to find out more. For information and advice on Parkinson's, or for emotional support, call the Parkinson's UK helpline on 0808 800 0303",In-Person | Support | Exercise,Castleton Community Centre Rochdale,"Castleton Community Centre Rochdale, Manchester Road, Rochdale, OL11 3AF",,,Rochdale,OL11 3AF,Monthly on the first Thursday From 12:30 until 15:00,,,0344 225 3611 | 0808 800 0303,croot@parkinsons.org.uk | hello@parkinsons.org.uk,,,Local Group Staff Contact | Parkinson’s UK Helpline,https://localsupport.parkinsons.org.uk/activity/rochdale-group-meeting | https://localsupport.parkinsons.org.uk/activity/table-tennis
provider,South Liverpool Branch,https://localsupport.parkinsons.org.uk/provider/south-liverpool-branch,"Our group offers friendship and support locally to people with Parkinson’s, their families and carers, contact us to find out more. For information and advice on Parkinson's, or for emotional support, call the Parkinson's UK helpline on 0808 800 0303",In-Person | Support | Exercise,Mossley Hill Parish Church Liverpool,"Mossley Hill Parish Church Liverpool, Rose Lane, Liverpool, L18 8DB",,,Liverpool,L18 8DB,Monthly on the second Thursday From 13:30 until 15:30,,,0344 225 3775 | 0808 800 0303,htaggart@parkinsons.org.uk | hello@parkinsons.org.uk,,,Local Group Staff Contact | Parkinson’s UK Helpline,https://localsupport.parkinsons.org.uk/activity/south-liverpool-group-meeting | https://localsupport.parkinsons.org.uk/activity/seated-pilates-exercise-class | https://localsupport.parkinsons.org.uk/activity/last-friday-month-lunch
provider,South Manchester Parkinson's Support Group,https://localsupport.parkinsons.org.uk/provider/south-manchester-parkinsons-support-group,"Our group offers friendship and support locally to people with Parkinson’s, their families and carers, contact us to find out more. For information and advice on Parkinson's, or for emotional support, call the Parkinson's UK helpline on 0808 800 0303",In-Person | Support,Didsbury Baptist Church,"Didsbury Baptist Church, School Lane / Beaver Road, Didsbury Manchester, M20 6SX",,,Didsbury Manchester,M20 6SX,Monthly on the second Monday From 12:00 until 14:00,,,0344 225 9846 | 0808 800 0303,aashworth@parkinsons.org.uk | hello@parkinsons.org.uk,,,Local Group Staff Contact | Parkinson’s UK Helpline,https://localsupport.parkinsons.org.uk/activity/south-manchester-parkinsons-support-group
provider,Southport and District Support Group,https://localsupport.parkinsons.org.uk/provider/southport-and-district-support-group,"Our group offers friendship and support locally to people with Parkinson’s, their families and carers, contact us to find out more. For information and advice on Parkinson's, or for emotional support, call the Parkinson's UK helpline on 0808 800 0303",In-Person | Support,Formby Methodist Church Hall,"Formby Methodist Church Hall, 8 Elbow Lane, Formby, L37 4AF",,,Formby,L37 4AF,Monthly on the third Wednesday From 14:00 until 15:30,,,0344 225 3775 | 0808 800 0303,htaggart@parkinsons.org.uk | hello@parkinsons.org.uk,,,Local Group Staff Contact | Parkinson’s UK Helpline,https://localsupport.parkinsons.org.uk/activity/southport-group-meeting | https://localsupport.parkinsons.org.uk/activity/cafe-meet-southport
provider,St Helens Branch,https://localsupport.parkinsons.org.uk/provider/st-helens-branch,"Our group offers friendship and support locally to people with Parkinson’s, their families and carers, contact us to find out more. For information and advice on Parkinson's, or for emotional support, call the Parkinson's UK helpline on 0808 800 0303",In-Person | Exercise,St Luke's Church - St Helen's,"St Luke's Church - St Helen's, Knowsley Road, St Helen's, WA10 4PU",,,St Helen's,WA10 4PU,Fortnightly on a Tuesday From 11:00 until 13:30 This activity is next on 31/03/2026,,,0344 225 3775 | 0808 800 0303,htaggart@parkinsons.org.uk | hello@parkinsons.org.uk,,,Local Group Staff Contact | Parkinson’s UK Helpline,https://localsupport.parkinsons.org.uk/activity/st-helens-group-meeting-seated-pilates-class | https://localsupport.parkinsons.org.uk/activity/st-helens-branch-seated-exercise-class
provider,Stockport Support Group,https://localsupport.parkinsons.org.uk/provider/stockport-support-group,"Our group offers friendship and support locally to people with Parkinson’s, their families and carers, contact us to find out more. For information and advice on Parkinson's, or for emotional support, call the Parkinson's UK helpline on 0808 800 0303",In-Person | Exercise | Wellbeing | Support,Offerton Community Centre,"Offerton Community Centre, Castle Shaw Road, Offerton, SK2 5NX",,,Offerton,SK2 5NX,Monthly on the first Wednesday From 14:00 until 15:45 Monthly on the third Wednesday From 14:00 until 15:45 Monthly on the fourth Wednesday From 14:00 until 15:45 Monthly on the last Wednesday From 14:00 until 15:45 | Monthly on the first Wednesday From 14:00 until 15:45 | Monthly on the third Wednesday From 14:00 until 15:45 | Monthly on the fourth Wednesday From 14:00 until 15:45 | Monthly on the last Wednesday From 14:00 until 15:45,,,0161 4398993 | 0808 800 0303,egodfreymusic@sky.com | hello@parkinsons.org.uk,,,Contact | Parkinson’s UK Helpline,https://localsupport.parkinsons.org.uk/activity/activity-and-chatdrop | https://localsupport.parkinsons.org.uk/activity/seated-exercise-class | https://localsupport.parkinsons.org.uk/activity/singing-parkinsons-stockport
provider,Tameside and Glossop Support Group,https://localsupport.parkinsons.org.uk/provider/tameside-and-glossop-support-group,"Our group offers friendship and support locally to people with Parkinson’s, their families and carers, contact us to find out more. For information and advice on Parkinson's, or for emotional support, call the Parkinson's UK helpline on 0808 800 0303",In-Person | Support,Denton Methodist Church,"Denton Methodist Church, Hyde Road, Denton, M34 3AF",,,Denton,M34 3AF,Monthly on the third Tuesday From 13:30 until 15:30,,,0344 225 9846 | 0808 800 0303,aashworth@parkinsons.org.uk | hello@parkinsons.org.uk,,,Local Group Staff Contact | Parkinson’s UK Helpline,https://localsupport.parkinsons.org.uk/activity/tameside-and-glossop-group-meeting
provider,Trafford Branch,https://localsupport.parkinsons.org.uk/provider/trafford-branch,"Our group offers friendship and support locally to people with Parkinson’s, their families and carers, contact us to find out more. For information and advice on Parkinson's, or for emotional support, call the Parkinson's UK helpline on 0808 800 0303",In-Person | Support | Exercise,The Larkhill Centre - Timperley,"The Larkhill Centre - Timperley, Larkhill Park, Timperley, WA15 7AZ",,,Timperley,WA15 7AZ,Monthly on the last Tuesday From 19:00 until 21:00,,,07580 256867 | 0808 800 0303,traffordparkinsons@gmail.com | hello@parkinsons.org.uk,,,Contact | Parkinson’s UK Helpline,https://localsupport.parkinsons.org.uk/activity/trafford-group-meeting | https://localsupport.parkinsons.org.uk/activity/dance-class | https://localsupport.parkinsons.org.uk/activity/exercise-class-9
provider,Warrington Support Group,https://localsupport.parkinsons.org.uk/provider/warrington-support-group,"Our group offers friendship and support locally to people with Parkinson’s, their families and carers, contact us to find out more. For information and advice on Parkinson's, or for emotional support, call the Parkinson's UK helpline on 0808 800 0303",In-Person | Support,Orford Park Community Centre,"Orford Park Community Centre, Green Building adjacent to Victors Snack Bar, off Alder Lane, Warrington, WA2 8AG",,,Warrington,WA2 8AG,Monthly on the first Wednesday From 13:30 until 15:00,,,01925 654890 | 0808 800 0303,jolleykat@protonmail.com | hello@parkinsons.org.uk,,,Contact | Parkinson’s UK Helpline,https://localsupport.parkinsons.org.uk/activity/warrington-group-meeting
provider,West Cumbria Branch,https://localsupport.parkinsons.org.uk/provider/west-cumbria-branch,"Our group offers friendship and support locally to people with Parkinson’s, their families and carers, contact us to find out more. For information and advice on Parkinson's, or for emotional support, call the Parkinson's UK helpline on 0808 800 0303",In-Person | Wellbeing | Exercise,St Michael's Church Rooms Workington,"Moorclose Community Centre Workington, 86 Needham Street, Workington, CA14 3SE",,,Workington,CA14 3SE,Monthly on the third Wednesday From 12:00 until 14:00,,,0808 800 0303 | 07955267379,hello@parkinsons.org.uk | mkelly@parkinsons.org.uk,,,Parkinson's UK Helpline | Local Group Staff Contact,https://localsupport.parkinsons.org.uk/activity/west-cumbria-group-meeting | https://localsupport.parkinsons.org.uk/activity/arts-and-crafts-workington | https://localsupport.parkinsons.org.uk/activity/tai-chi-class | https://localsupport.parkinsons.org.uk/activity/sing-pleasure-singing-workington
provider,Wirral Branch,https://localsupport.parkinsons.org.uk/provider/wirral-branch,"Our group offers friendship and support locally to people with Parkinson’s, their families and carers, contact us to find out more. For information and advice on Parkinson's, or for emotional support, call the Parkinson's UK helpline on 0808 800 0303",In-Person | Support | Exercise,RAFA Club Oxton,"RAFA Club Oxton, 17 Shrewsbury Road, Oxton, CH43 1UU",,,Oxton,CH43 1UU,Monthly on the first Wednesday From 14:00 until 16:00,,,0808 800 0303,annfraser581@gmail.com | hello@parkinsons.org.uk,,,Contact | Parkinson’s UK Helpline,https://localsupport.parkinsons.org.uk/activity/wirral-group-meeting | https://localsupport.parkinsons.org.uk/activity/seated-exercise-class-0 | https://localsupport.parkinsons.org.uk/activity/table-tennis-5
provider,Bedford Support Group,https://localsupport.parkinsons.org.uk/provider/bedford-support-group,"Our group offers friendship and support locally to people with Parkinson’s, their families and carers, contact us to find out more. For information and advice on Parkinson's, or for emotional support, call the Parkinson's UK helpline on 0808 800 0303",In-Person | Support,Gardener’s Retreat Restaurant - Roxton Garden Centre,"Gardener’s Retreat Restaurant - Roxton Garden Centre, Bedford Road, Bedford, MK44 3DY",,,Bedford,MK44 3DY,Monthly on the first Thursday From 14:00 until 16:00,,,07944 695917 | 0808 800 0303,bedfordparkinsons@gmail.com | hello@parkinsons.org.uk,,,Contact | Parkinson’s UK Helpline,https://localsupport.parkinsons.org.uk/activity/bedford-support-group-monthly-meet | https://localsupport.parkinsons.org.uk/activity/bedford-support-group-quarterly-information-session | https://localsupport.parkinsons.org.uk/activity/bedford-support-group-young-and-active-pub-social
provider,Billericay Support Group,https://localsupport.parkinsons.org.uk/provider/billericay-branch,"Our group offers friendship and support locally to people with Parkinson’s, their families and carers, contact us to find out more. For information and advice on Parkinson's, or for emotional support, call the Parkinson's UK helpline on 0808 800 0303",In-Person | Support | Exercise,Billericay Emmanuel Church,"Billericay Emmanuel Church, Laindon Road, Billericay, CM12 9LD",,,Billericay,CM12 9LD,Monthly on the third Saturday From 14:30 until 16:30,,,0808 800 0303 | 0344 225 9825,hello@parkinsons.org.uk | info@billericayparkinsons.org.uk | tparker@parkinsons.org.uk,,,Parkinson’s UK Helpline | Contact | Local Group Staff Contact,https://localsupport.parkinsons.org.uk/activity/billericay-group-meeting | https://localsupport.parkinsons.org.uk/activity/movement-and-music-group | https://localsupport.parkinsons.org.uk/activity/walk-and-talk-lake-meadows-park
provider,Bishops Stortford Support Group,https://localsupport.parkinsons.org.uk/provider/bishop-stortford-support-group,"Our group offers friendship and support locally to people with Parkinson’s, their families and carers, contact us to find out more. For information and advice on Parkinson's, or for emotional support, call the Parkinson's UK helpline on 0808 800 0303",In-Person | Support | Exercise,Thorley Community Centre,"Thorley Community Centre, Friedberg Avenue, Bishop's Stortford, CM23 4RF",,,Bishop's Stortford,CM23 4RF,Monthly on the last Thursday From 13:00 until 15:00,,,0344 225 9825 | 0808 800 0303,tparker@parkinsons.org.uk | hello@parkinsons.org.uk,,,Local Group Staff Contact | Parkinson’s UK Helpline,https://localsupport.parkinsons.org.uk/activity/bishops-stortford-group-meeting | https://localsupport.parkinsons.org.uk/activity/gentle-yoga | https://localsupport.parkinsons.org.uk/activity/bishops-stortford-social-walks
provider,Braintree Support Group,https://localsupport.parkinsons.org.uk/provider/braintree-support-group,"Our group offers friendship and support locally to people with Parkinson’s, their families and carers, contact us to find out more. For information and advice on Parkinson's, or for emotional support, call the Parkinson's UK helpline on 0808 800 0303",In-Person | Support,Braintree and Bocking Community Association,"Braintree and Bocking Community Association, 19-21 Bocking End, Braintree, CM7 9AE",,,Braintree,CM7 9AE,Monthly on the fourth Thursday From 14:00 until 16:00,,,0808 800 0303 | 01376 342729 | 0344 225 9825,hello@parkinsons.org.uk | jackie.moorey@parkinsons-uk.goassemble.com | tparker@parkinsons.org.uk,,,Parkinson’s UK Helpline | Contact | Local Group Staff Contact,https://localsupport.parkinsons.org.uk/activity/braintree-group-meeting
provider,Brentwood Branch,https://localsupport.parkinsons.org.uk/provider/brentwood-branch,"Our group offers friendship and support locally to people with Parkinson’s, their families and carers, contact us to find out more. For information and advice on Parkinson's, or for emotional support, call the Parkinson's UK helpline on 0808 800 0303",In-Person | Support,Hutton and Shenfield Union Church Brentwood,"Hutton and Shenfield Union Church Brentwood, Roundwood Avenue, Shenfield, CM13 2NA",,,Shenfield,CM13 2NA,Weekly every Wednesday From 14:00 until 16:00,,,0808 800 0303 | 0344 225 9825,hello@parkinsons.org.uk | tparker@parkinsons.org.uk,,,Parkinson’s UK Helpline | Local Group Staff Contact,https://localsupport.parkinsons.org.uk/activity/brentwood-group-meeting
provider,Bury St Edmunds Support Group,https://localsupport.parkinsons.org.uk/provider/bury-st-edmunds-branch,"Our group offers friendship and support locally to people with Parkinson’s, their families and carers, contact us to find out more. For information and advice on Parkinson's, or for emotional support, call the Parkinson's UK helpline on 0808 800 0303",In-Person | Support | Wellbeing | Exercise,Moreton Hall Community Centre - Bury St Edmunds,"Moreton Hall Community Centre - Bury St Edmunds, Symonds Road, Bury St Edmunds, IP32 7EW",,,Bury St Edmunds,IP32 7EW,Monthly on the third Monday From 14:00 until 16:00,,,0344 225 9825 | 0808 800 0303,tparker@parkinsons.org.uk | hello@parkinsons.org.uk,,,Local Group Staff Contact | Parkinson’s UK Helpline,https://localsupport.parkinsons.org.uk/activity/bury-st-edmunds-group-meeting | https://localsupport.parkinsons.org.uk/activity/parkinsongsters | https://localsupport.parkinsons.org.uk/activity/ten-pin-bowling
provider,Cambridge Branch,https://localsupport.parkinsons.org.uk/provider/cambridge-branch,"Our group offers friendship and support locally to people with Parkinson’s, their families and carers. You can find out more about the Cambridge Branch and the activities we have on offer by going to our local website https://parkinsonscambridge.org/ or contacting us. For information and advice on Parkinson's, or for emotional support, call the Parkinson's UK helpline on 0808 800 0303",Virtual | Support | In-Person,David Rayner Building Cambridge,"Cambridge Manor Care Home, 33 Milton Road, Cambridge, CB4 1UZ",,,Cambridge,CB4 1UZ,Monthly on the fourth Friday From 10:30 until 12:30,,,01223 314279 | 0808 800 0303,carolinebent@me.com | hello@parkinsons.org.uk,,,Contact | Parkinson’s UK Helpline,https://localsupport.parkinsons.org.uk/activity/cambridge-branch-monthly-meeting | https://localsupport.parkinsons.org.uk/activity/cambridge-branch-carers-online-meeting | https://localsupport.parkinsons.org.uk/activity/parkinsons-cafe-cambridge-manor
provider,Chelmsford Support Group,https://localsupport.parkinsons.org.uk/provider/chelmsford-support-group,"Our group offers friendship and support locally to people with Parkinson’s, their families and carers, contact us to find out more. For information and advice on Parkinson's, or for emotional support, call the Parkinson's UK helpline on 0808 800 0303",In-Person | Support | Wellbeing | Exercise,Christchurch Hall Chelmsford,"Christchurch Hall Chelmsford, 164 New London Road, Chelmsford, CM2 0AW",,,Chelmsford,CM2 0AW,Monthly on the third Friday From 14:00 until 16:00,,,0808 800 0303 | 0344 225 9825,hello@parkinsons.org.uk | tparker@parkinsons.org.uk,,,Parkinson’s UK Helpline | Local Group Staff Contact,https://localsupport.parkinsons.org.uk/activity/chelmsford-group-meeting | https://localsupport.parkinsons.org.uk/activity/chelmsford-singing-group | https://localsupport.parkinsons.org.uk/activity/chelmsford-movement-class
provider,Clacton Branch,https://localsupport.parkinsons.org.uk/provider/clacton-branch,"Our group offers friendship and support locally to people with Parkinson’s, their families and carers, contact us to find out more. For information and advice on Parkinson's, or for emotional support, call the Parkinson's UK helpline on 0808 800 0303",In-Person | Support | Exercise,Holland-On-Sea Public Hall,"Holland-On-Sea Public Hall, 137-139 Frinton Road, Clacton, CO15 5UR",,,Clacton,CO15 5UR,Monthly on the second Tuesday From 14:00 until 16:00,,,07596 900740 | 0344 225 9825 | 0808 800 0303,tparker@parkinsons.org.uk | hello@parkinsons.org.uk,,,Contact | Local Group Staff Contact | Parkinson’s UK Helpline,https://localsupport.parkinsons.org.uk/activity/clacton-branch-afternoon-meeting | https://localsupport.parkinsons.org.uk/activity/ten-pin-bowling-clacton | https://localsupport.parkinsons.org.uk/activity/clacton-carers-meeting
provider,Colchester Support Group,https://localsupport.parkinsons.org.uk/provider/colchester-support-group,"Our group offers friendship and support locally to people with Parkinson’s, their families and carers, contact us to find out more. For information and advice on Parkinson's, or for emotional support, call the Parkinson's UK helpline on 0808 800 0303",In-Person | Support | Exercise,Stanway Village Hall - Colchester,"Stanway Village Hall - Colchester, Villa Road, Colchester, CO3 0RH",,,Colchester,CO3 0RH,Monthly on the first Wednesday From 14:30 until 16:30,,,0808 800 0303 | 07768 718 209 | 0344 225 9825,hello@parkinsons.org.uk | stuartmoore1953@hotmail.com | tparker@parkinsons.org.uk,,,Parkinson’s UK Helpline | Contact | Local Group Staff Contact,https://localsupport.parkinsons.org.uk/activity/colchester-group-meeting | https://localsupport.parkinsons.org.uk/activity/positively-parkinsons-coffee-morning-colchester | https://localsupport.parkinsons.org.uk/activity/movement-music-colchester
provider,Dereham Support Group,https://localsupport.parkinsons.org.uk/provider/dereham-support-group,"Our group offers friendship and support locally to people with Parkinson’s, their families and carers, contact us to find out more. For information and advice on Parkinson's, or for emotional support, call the Parkinson's UK helpline on 0808 800 0303",In-Person | Support,Toftwood Village Hall,"Toftwood Village Hall, 47 Shipdham Road, Dereham, NR191JL",,,Dereham,NR191JL,Monthly on the first Thursday From 13:00 until 15:00,,,07810 282377 | 0808 800 0303,christinestuart@ymail.com | hello@parkinsons.org.uk,,,Contact | Parkinson’s UK Helpline,https://localsupport.parkinsons.org.uk/activity/dereham-group-meeting
provider,Diss and Eye Support Group,https://localsupport.parkinsons.org.uk/provider/diss-and-eye-support-group,"Our group offers friendship and support locally to people with Parkinson’s, their families and carers, contact us to find out more. For information and advice on Parkinson's, or for emotional support, call the Parkinson's UK helpline on 0808 800 0303",In-Person | Support | Exercise,St Henry Morse Roman Catholic Church,"St Henry Morse Roman Catholic Church, Shelfanger Road, Diss, IP22 4DX",,,Diss,IP22 4DX,Monthly on the second Monday From 14:00 until 16:00,,,01379 309367 | 0808 800 0303,carolinemawalker@icloud.com | hello@parkinsons.org.uk,,,Contact | Parkinson’s UK Helpline,https://localsupport.parkinsons.org.uk/activity/diss-and-eye-social-meeting | https://localsupport.parkinsons.org.uk/activity/bat-chat-table-tennis-parkinsons
provider,Off Beat Activity,https://localsupport.parkinsons.org.uk/provider/beat-activity,"Our group offers friendship and support locally to people with Parkinson’s, their families and carers, contact us to find out more. For information and advice on Parkinson's, or for emotional support, call the Parkinson's UK helpline on 0808 800 0303",In-Person | Exercise,,"Castle Hedingham, Essex, CO9 3DA",,,Essex,CO9 3DA,,,,020 7963 9273 | 0808 800 0303,offbeatactivity@gmail.com | irogers@parkinsons.org.uk | hello@parkinsons.org.uk,,,Group Contact | Local Group Staff Contact | Parkinson's UK Helpline,https://localsupport.parkinsons.org.uk/activity/hells-bells-morris-dancing
provider,Fakenham and Wells Support Group,https://localsupport.parkinsons.org.uk/provider/fakenham-support-group,"Our group offers friendship and support locally to people with Parkinson’s, their families and carers, contact us to find out more. For information and advice on Parkinson's, or for emotional support, call the Parkinson's UK helpline on 0808 800 0303",In-Person | Support,Running Horse,"Wells Community Hospital, Mill Road, Wells-next-sea, NR23 1RF",,,Wells-next-sea,NR23 1RF,Monthly on the first Wednesday From 11:00 until 12:30,,,0344 225 3614 | 0808 800 0303,llowe@parkinsons.org.uk | hello@parkinsons.org.uk,,,Local Group Staff Contact | Parkinson’s UK Helpline,https://localsupport.parkinsons.org.uk/activity/fakenham-wells-support-group-fakenham-cuppa-and-chat | https://localsupport.parkinsons.org.uk/activity/fakenham-wells-support-group-wells-next-sea-cuppa-and-chat
provider,Felixstowe Support Group,https://localsupport.parkinsons.org.uk/provider/felixstowe-support-group,"Our group offers friendship and support locally to people with Parkinson’s, their families and carers, contact us to find out more. For information and advice on Parkinson's, or for emotional support, call the Parkinson's UK helpline on 0808 800 0303",In-Person | Support,Old Felixstowe Community Centre,"Old Felixstowe Community Centre, Ferry Road, Felixstowe, IP11 9NB",,,Felixstowe,IP11 9NB,Monthly on the second Monday From 14:00 until 16:00,,,07912394021 | 0808 800 0303,cbrooks5@sky.com | hello@parkinsons.org.uk,,,Contact | Parkinson’s UK Helpline,https://localsupport.parkinsons.org.uk/activity/felixstowe-group-meeting | https://localsupport.parkinsons.org.uk/activity/carers-support-meeting-felixstowe
provider,Harlow Support Group,https://localsupport.parkinsons.org.uk/provider/harlow-support-group,"Our group offers friendship and support locally to people with Parkinson’s, their families and carers, contact us to find out more. For information and advice on Parkinson's, or for emotional support, call the Parkinson's UK helpline on 0808 800 0303",In-Person | Support,David Livingstone Club Harlow,"David Livingstone Club Harlow, 11 Potter Street, Harlow, CM17 9AE",,,Harlow,CM17 9AE,Weekly every Wednesday From 11:00 until 15:00,,,0808 800 0303 | 0344 225 9825,hello@parkinsons.org.uk | tparker@parkinsons.org.uk,,,Parkinson’s UK Helpline | Local Group Staff Contact,https://localsupport.parkinsons.org.uk/activity/harlow-group-meeting
provider,Harpenden Support Group,https://localsupport.parkinsons.org.uk/provider/harpenden-support-group,"Our group offers friendship and support locally to people with Parkinson’s, their families and carers, contact us to find out more. For information and advice on Parkinson's, or for emotional support, call the Parkinson's UK helpline on 0808 800 0303",In-Person | Support,Harpenden Trust Halls,"Harpenden Trust Halls, Southdown Road, Harpenden, AL5 1PU",,,Harpenden,AL5 1PU,Get in touch for more information.,,,0808 800 0303 | 0344 225 9825,hello@parkinsons.org.uk | tparker@parkinsons.org.uk,,,Parkinson’s UK Helpline | Local Group Staff Contact,https://localsupport.parkinsons.org.uk/activity/pd-buddies
provider,Harwich Support Group,https://localsupport.parkinsons.org.uk/provider/harwich-support-group,"Our group offers friendship and support locally to people with Parkinson’s, their families and carers, contact us to find out more. For information and advice on Parkinson's, or for emotional support, call the Parkinson's UK helpline on 0808 800 0303",In-Person | Support,Park Pavillion,"Park Pavillion, Barrack Lane, Harwich, CO12 3NS",,,Harwich,CO12 3NS,Monthly on the second Thursday From 14:30 until 16:30,,,0344 225 9825 | 0808 800 0303,tparker@parkinsons.org.uk | hello@parkinsons.org.uk,,,Local Group Staff Contact | Parkinson’s UK Helpline,https://localsupport.parkinsons.org.uk/activity/harwich-group-meeting
provider,Huntingdonshire Branch,https://localsupport.parkinsons.org.uk/provider/huntingdonshire-branch,"Our group offers friendship and support locally to people with Parkinson’s, their families and carers, contact us to find out more. For information and advice on Parkinson's, or for emotional support, call the Parkinson's UK helpline on 0808 800 0303",In-Person | Support | Exercise,Judiths Field Pavilion,"Buffalo Restaurant, 22 Huntington Street, St Neots, PE19 1BB",,,St Neots,PE19 1BB,Monthly on the fourth Monday From 14:00 until 16:00,,,07720 080749 | 0808 800 0303,malcolm.ryman1@btinternet.com | hello@parkinsons.org.uk,,,Contact | Parkinson’s UK Helpline,https://localsupport.parkinsons.org.uk/activity/huntingdonshire-branch-support-group-0 | https://localsupport.parkinsons.org.uk/activity/st-neots-winers-and-diners | https://localsupport.parkinsons.org.uk/activity/parkinsons-exercise-sarah | https://localsupport.parkinsons.org.uk/activity/st-ives-lunch-club
provider,Ipswich and East Suffolk Branch,https://localsupport.parkinsons.org.uk/provider/ipswich-and-east-suffolk-branch,"Our group offers friendship and support locally to people with Parkinson’s, their families and carers, contact us to find out more. For information and advice on Parkinson's, or for emotional support, call the Parkinson's UK helpline on 0808 800 0303",In-Person | Support,The Key Ipswich,"St John's Conservative Club Ipswich, 54 Kirby Street, Ipswich, IP4 4PT",,,Ipswich,IP4 4PT,Weekly every Friday From 10:30 until 14:00,,,07913 439 912 | 0808 800 0303,marionb991@gmail.com | hello@parkinsons.org.uk,,,Contact | Parkinson’s UK Helpline,https://localsupport.parkinsons.org.uk/activity/key-drop | https://localsupport.parkinsons.org.uk/activity/ipswich-and-east-suffolk-social-activities | https://localsupport.parkinsons.org.uk/activity/ipswich-parkinsons-parky-people-pub-group
provider,Kings Lynn and West Norfolk Support Group,https://localsupport.parkinsons.org.uk/provider/kings-lynn-and-west-norfolk-support-group,"Our group offers friendship and support locally to people with Parkinson’s, their families and carers, contact us to find out more. For information and advice on Parkinson's, or for emotional support, call the Parkinson's UK helpline on 0808 800 0303",In-Person | Support | Exercise,Gaywood Community Centre,"Gaywood Community Centre, Cemetery Drive, off Gayton Road, Kings Lynn, PE30 4EE",,,Kings Lynn,PE30 4EE,Monthly on the third Thursday From 14:00 until 16:00,,,07765058132 | 0808 800 0303,jeanette0101759@gmail.com | hello@parkinsons.org.uk,,,Contact | Parkinson’s UK Helpline,https://localsupport.parkinsons.org.uk/activity/kings-lynn-and-west-norfolk-group-meeting | https://localsupport.parkinsons.org.uk/activity/kings-lynn-shufflers-walking-group
provider,Leighton Buzzard Activity Group,https://localsupport.parkinsons.org.uk/leightonbuzzardactivitygroup,"Our group offers friendship and support locally to people with Parkinson’s, their families and carers, contact us to find out more. For information and advice on Parkinson's, or for emotional support, call the Parkinson's UK helpline on 0808 800 0303",In-Person | Exercise | Support,Linslade Memorial Pavilion,"Trinity Methodist Church Hall, North Street, Leighton Buzzard, LU7 1ES",,,Leighton Buzzard,LU7 1ES,Monthly on the second Tuesday From 15:30 until 16:45,,,07843 421842 | 0808 800 0303,enquiries@zestfitness.net | hello@parkinsons.org.uk,,,Contact,https://localsupport.parkinsons.org.uk/activity/leighton-buzzard-activity-group-cuppa-cake-chat-social-meeting | https://localsupport.parkinsons.org.uk/activity/leighton-buzzard-activity-group-seated-pilates
provider,Maldon Support Group,https://localsupport.parkinsons.org.uk/provider/maldon-support-group,"Our group offers friendship and support locally to people with Parkinson’s, their families and carers, contact us to find out more. For information and advice on Parkinson's, or for emotional support, call the Parkinson's UK helpline on 0808 800 0303",In-Person | Support | Exercise,Plantation Hall - Heybridge,"Plantation Hall - Heybridge, Colchester Road, Heybridge, CM9 4AL",,,Heybridge,CM9 4AL,Monthly on the third Friday From 14:00 until 16:00,,,07582 813299 | 0344 225 9825 | 0808 800 0303,pukmaldon@gmail.com | tparker@parkinsons.org.uk | hello@parkinsons.org.uk,,,Contact | Local Group Staff Contact | Parkinson’s UK Helpline,https://localsupport.parkinsons.org.uk/activity/maldon-group-meeting | https://localsupport.parkinsons.org.uk/activity/seated-exercise-based-pilates | https://localsupport.parkinsons.org.uk/activity/ten-pin-bowling-maldon
provider,March Support Group,https://localsupport.parkinsons.org.uk/provider/march-support-group,"Our group offers friendship and support locally to people with Parkinson’s, their families and carers, contact us to find out more. For information and advice on Parkinson's, or for emotional support, call the Parkinson's UK helpline on 0808 800 0303",In-Person | Support,Braza Club March,"Braza Club March, Elm Road, March, PE15 8NZ",,,March,PE15 8NZ,Monthly on the first Wednesday From 10:30 until 12:30,,,0344 225 3614 | 0808 800 0303,llowe@parkinsons.org.uk | hello@parkinsons.org.uk,,,Local Group Staff Contact | Parkinson’s UK Helpline,https://localsupport.parkinsons.org.uk/activity/march-group-meeting
provider,Mid Essex Working Age Group,https://localsupport.parkinsons.org.uk/provider/mid-essex-working-age-group,"Our group offers friendship and support locally to people with Parkinson’s, their families and carers, contact us to find out more. For information and advice on Parkinson's, or for emotional support, call the Parkinson's UK helpline on 0808 800 0303",In-Person | Support,The Duke of Wellington,"The Duke of Wellington, The Street, Hatfield Peverel, CM3 2EA",,,Hatfield Peverel,CM3 2EA,Monthly on the second Monday From 18:30 until 20:30,,,0808 800 0303 | 0344 225 9825,hello@parkinsons.org.uk | tparker@parkinsons.org.uk,,,Parkinson’s UK Helpline | Local Group Staff Contact,https://localsupport.parkinsons.org.uk/activity/mid-essex-working-age-group
provider,Newmarket Support Group,https://localsupport.parkinsons.org.uk/provider/newmarket-support-group,"Our group offers friendship and support locally to people with Parkinson’s, their families and carers, contact us to find out more. For information and advice on Parkinson's, or for emotional support, call the Parkinson's UK helpline on 0808 800 0303",In-Person | Support,The Stable,"The Stable, 65 High Street, Newmarket, CB8 8NA",,,Newmarket,CB8 8NA,Monthly on the third Thursday From 10:30 until 12:00,,,0344 225 9825 | 0808 800 0303,tparker@parkinsons.org.uk | hello@parkinsons.org.uk,,,Local Group Staff Contact | Parkinson’s UK Helpline,https://localsupport.parkinsons.org.uk/activity/newmarket-group-meeting
provider,North Hertfordshire and Stevenage Branch,https://localsupport.parkinsons.org.uk/provider/north-hertfordshire-and-stevenage-branch,"Our group offers friendship and support locally to people with Parkinson’s, their families and carers, contact us to find out more. For information and advice on Parkinson's, or for emotional support, call the Parkinson's UK helpline on 0808 800 0303",In-Person | Exercise | Support,St John's Community Centre Hitchin,"St John's Community Centre Hitchin, St John's Road, Hitchin, SG4 9JP",,,Hitchin,SG4 9JP,Weekly every Friday From 13:30 until 14:30,,,0344 225 9825 | 0808 800 0303,tparker@parkinsons.org.uk | hello@parkinsons.org.uk,,,Local Group Staff Contact | Parkinson’s UK Helpline,https://localsupport.parkinsons.org.uk/activity/weekly-seated-and-standing-exercise-class-hitchin | https://localsupport.parkinsons.org.uk/activity/hitchin-monthly-carers-catch
provider,North Walsham and Alysham Support Group,https://localsupport.parkinsons.org.uk/provider/north-walsham-and-alysham-support-group,"Our group offers friendship and support locally to people with Parkinson’s, their families and carers, contact us to find out more. For information and advice on Parkinson's, or for emotional support, call the Parkinson's UK helpline on 0808 800 0303",In-Person | Support,Sacred Heart Church Hall,"Sacred Heart Church Hall, Norwich Road, North Walsham, NR28 9JP",,,North Walsham,NR28 9JP,Monthly on the second Tuesday From 10:30 until 12:00,,,0808 800 0303,andy@thehardings.uk | hello@parkinsons.org.uk,,,Contact | Parkinson’s UK Helpline,https://localsupport.parkinsons.org.uk/activity/north-walsham-and-alysham-support-group-monthly-meeting
provider,Norwich and District Branch,https://localsupport.parkinsons.org.uk/provider/norwich-and-district-branch,"Our group offers friendship and support locally to people with Parkinson’s, their families and carers, contact us to find out more. For information and advice on Parkinson's, or for emotional support, call the Parkinson's UK helpline on 0808 800 0303",In-Person | Support | Exercise,St Georges Catholic Church Hall,"St Georges Catholic Church Hall, 225 Sprowston Road, Norwich, NR3 4HZ",,,Norwich,NR3 4HZ,Monthly on the first Tuesday From 14:00 until 16:00,,,01603 936874 | 0808 800 0303,puknorwichdistrictbranch@gmail.com | hello@parkinsons.org.uk,,,Contact | Parkinson’s UK Helpline,https://localsupport.parkinsons.org.uk/activity/norwich-local-group-meeting | https://localsupport.parkinsons.org.uk/activity/norwich-branch-star-exercise-class
provider,Peterborough Branch,https://localsupport.parkinsons.org.uk/provider/peterborough-branch,"Our group offers friendship and support locally to people with Parkinson’s, their families and carers, contact us to find out more. For information and advice on Parkinson's, or for emotional support, call the Parkinson's UK helpline on 0808 800 0303",In-Person | Support | Exercise,Various locations across Peterborough,"Various locations across Peterborough, Various locations, Peterborough, PE1 2AU",,,Peterborough,PE1 2AU,Get in touch for more information.,,,07752 014998 | 0808 800 0303,ruthbrinkler@gmail.com | hello@parkinsons.org.uk,,,Contact | Parkinson’s UK Helpline,https://localsupport.parkinsons.org.uk/activity/peterborough-coffee-meeting | https://localsupport.parkinsons.org.uk/activity/tai-chi-peterborough | https://localsupport.parkinsons.org.uk/activity/peterborough-branch-pilates-class
provider,Royston Activity Group,https://localsupport.parkinsons.org.uk/provider/royston-activity-group-0,"Our group offers friendship and support locally to people with Parkinson’s, their families and carers, contact us to find out more. For information and advice on Parkinson's, or for emotional support, call the Parkinson's UK helpline on 0808 800 0303",In-Person | Support | Wellbeing,The Old Bull Inn Royston,"The Old Bull Inn Royston, 56 High Street, Royston, SG8 9AW",,,Royston,SG8 9AW,Monthly on the last Tuesday From 10:30 until 11:30,,,0808 800 0303 | 0344 225 9825,hello@parkinsons.org.uk | tparker@parkinsons.org.uk,,,Parkinson’s UK Helpline | Local Group Staff Contact,https://localsupport.parkinsons.org.uk/activity/royston-parkinsons-cafe | https://localsupport.parkinsons.org.uk/activity/stay-active-parkinsing-royston | https://localsupport.parkinsons.org.uk/activity/walk-and-talk-royston
provider,Southend and District Support Group,https://localsupport.parkinsons.org.uk/provider/southend-and-district-support-group,"Our group offers friendship and support locally to people with Parkinson’s, their families and carers, contact us to find out more. For information and advice on Parkinson's, or for emotional support, call the Parkinson's UK helpline on 0808 800 0303",In-Person | Support | Exercise,Crowstone Christian Centre (St George's),"Crowstone Christian Centre (St George's), Crowstone Road, Westcliff-on-Sea, SS0 8LH",,,Westcliff-on-Sea,SS0 8LH,Monthly on the first Thursday From 14:00 until 16:00,,,0808 800 0303 | 0344 225 9825 | 0771 823 5041,hello@parkinsons.org.uk | tparker@parkinsons.org.uk | baz227@outlook.com,,,Parkinson’s UK Helpline | Local Group Staff Contact | Group contact,https://localsupport.parkinsons.org.uk/activity/southend-and-district-group-meeting-westcliff-sea | https://localsupport.parkinsons.org.uk/activity/seated-exercise-people-parkinsons
provider,Uttlesford Support Group,https://localsupport.parkinsons.org.uk/provider/uttlesford-support-group,"Our group offers friendship and support locally to people with Parkinson’s, their families and carers, contact us to find out more. For information and advice on Parkinson's, or for emotional support, call the Parkinson's UK helpline on 0808 800 0303",In-Person | Support,The Community Link,"The Community Link, The Saffron Walden Building Society, Saffron Walden, CB10 1HX",,,Saffron Walden,CB10 1HX,Monthly on the second Tuesday From 14:00 until 16:00,,,0808 800 0303 | 0344 225 9825,hello@parkinsons.org.uk | tparker@parkinsons.org.uk,,,Parkinson’s UK Helpline | Local Group Staff Contact,https://localsupport.parkinsons.org.uk/activity/uttlesford-group-meeting-saffron-walden
provider,Welwyn and Hatfield Branch,https://localsupport.parkinsons.org.uk/provider/welwyn-and-hatfield-branch,"Our group offers friendship and support locally to people with Parkinson’s, their families and carers, contact us to find out more. For information and advice on Parkinson's, or for emotional support, call the Parkinson's UK helpline on 0808 800 0303",In-Person | Support,"Parish Centre, Hall Grove","Parish Centre, Hall Grove, Hall Grove, Welwyn Garden City, AL7 4PJ",,,Welwyn Garden City,AL7 4PJ,Weekly every Thursday From 14:00 until 16:00,,,0344 225 9825 | 0808 800 0303,tparker@parkinsons.org.uk | hello@parkinsons.org.uk,,,Local Group Staff Contact | Parkinson’s UK Helpline,https://localsupport.parkinsons.org.uk/activity/welwyn-and-hatfield-group-meeting
provider,West Hertfordshire Support Group,https://localsupport.parkinsons.org.uk/provider/west-hertfordshire-branch,"Our group offers friendship and support locally to people with Parkinson’s, their families and carers, contact us to find out more. This group is run by volunteers, we are always interested in hearing from people who may like to find out more about volunteering at a local group activity. We are currently looking for volunteers to help organise and run our activities across Watford, Harpenden, Hemel Hempstead and St Albans, if you feel you have a few hours to spare each month then please contact Tom Parker, the Local Volunteer Officer.",Virtual | Support | In-Person,"St Paul's Church, St Albans","St Paul's Church, St Albans, Blandford Road, St Albans, AL1 4JP",,,St Albans,AL1 4JP,Monthly on the second Monday From 14:30 until 16:00,,,0344 225 9825 | 0808 800 0303,tparker@parkinsons.org.uk | hello@parkinsons.org.uk,,,Local Group Staff Contact | Parkinson’s UK Helpline,https://localsupport.parkinsons.org.uk/activity/st-albans-social-and-support-meetings | https://localsupport.parkinsons.org.uk/activity/hertfordshire-keep-moving-working-age-group | https://localsupport.parkinsons.org.uk/activity/watford-social-and-support-meetings
provider,Wymondham Support Group,https://localsupport.parkinsons.org.uk/provider/wymondham-support-group,"Our group offers friendship and support locally to people with Parkinson’s, their families and carers, contact us to find out more. For information and advice on Parkinson's, or for emotional support, call the Parkinson's UK helpline on 0808 800 0303",In-Person | Support,Hethersett Village Hall,"Hethersett Village Hall, Back Lane, Hethersett, NR9 3JJ",,,Hethersett,NR9 3JJ,Monthly on the second Wednesday From 14:00 until 16:00,,,01508 499220 | 0808 800 0303,theresadye39@yahoo.co.uk | hello@parkinsons.org.uk,,,Contact | Parkinson’s UK Helpline,https://localsupport.parkinsons.org.uk/activity/wymondham-group-meeting | https://localsupport.parkinsons.org.uk/activity/wymondham-support-group-coffee-morning
provider,Ashbourne Branch,https://localsupport.parkinsons.org.uk/provider/ashbourne-branch,"Our group offers friendship and support locally to people with Parkinson’s, their families and carers, contact us to find out more. For information and advice on Parkinson's, or for emotional support, call the Parkinson's UK helpline on 0808 800 0303",In-Person | Support,St Oswald's Church Hall,"St Oswald's Church Hall, 5 School Lane, Ashbourne, DE6 1AN",,,Ashbourne,DE6 1AN,Monthly on the third Thursday From 14:00 until 16:00,,,0300 123 3673 | 0808 800 0303,jconn@parkinsons.org.uk | hello@parkinsons.org.uk,,,Local Staff Contact | Parkinson's UK Helpline,https://localsupport.parkinsons.org.uk/activity/ashbourne-group-meeting
provider,Bassetlaw Branch,https://localsupport.parkinsons.org.uk/provider/bassetlaw-branch,"Our group offers friendship and support locally to people with Parkinson’s, their families and carers, contact us to find out more. You can read the latest newsletter here. For information and advice on Parkinson's, or for emotional support, call the Parkinson's UK helpline on 0808 800 0303",In-Person | Exercise | Support,Worksop Cricket and Sports Club,"The Crossing Church and Centre- Worksop, Newcastle Street, Worksop, S80 2AT",,,Worksop,S80 2AT,Monthly on the first Tuesday From 14:00 until 16:00,,,01909 730 629 | 0808 800 0303,chriscoldwell@talktalk.net | hello@parkinsons.org.uk,,,Contact | Parkinson’s UK Helpline,https://localsupport.parkinsons.org.uk/activity/bassetlaw-group-meeting | https://localsupport.parkinsons.org.uk/activity/pilates-class | https://localsupport.parkinsons.org.uk/activity/worksop-lunch-club
provider,Birmingham South Support Group,https://localsupport.parkinsons.org.uk/provider/birmingham-south-support-group,"We aim to provide support to all those living with Parkinson’s which includes all spouses, partners and carers, as well as those who have been diagnosed. We organise a range of regular activities, which you can find more information about at the bottom of this page. Throughout the year, we also usually organise: A group trip to Birmingham Hippodrome panto in early January. A subsidised three course meal in early May. An annual Fundraising Quiz Night at Kings Heath Cricket Club in early August. A subsidised Christmas Meal at Kings Heath Cricket Club in early December. A weekend away at Warners Studley Castle Hotel in June. Membership of the group is FREE to join, and we ask you to make a contribution, usually £3, to most activities on the door. Our fundraising events include our annual quiz night and monthly Crafty Natters, and we aim to hold a variety of events to appeal to the wider public outside the group. The group is run by a committee of volunteers, who meet once a month. View our January to June calendar of events here and July to December calendar here. See our Facebook page here.",In-Person | Support | Wellbeing | Exercise,Bournville Gardens ExtraCare Retirement Village,"Bournville Gardens ExtraCare Retirement Village, 49 Bristol Road South, Birmingham, B31 2FR",,,Birmingham,B31 2FR,Monthly on the first Tuesday From 13:30 until 15:30,,,07341 668 891 | 0808 800 0303,pukbhamsouth@gmail.com | hello@parkinsons.org.uk,,,Contact | Parkinson’s UK Helpline,https://localsupport.parkinsons.org.uk/activity/monthly-open-meeting | https://localsupport.parkinsons.org.uk/activity/birmingham-south-singing-group | https://localsupport.parkinsons.org.uk/activity/birmingham-south-dance-parkinsons
provider,Bourne Support Group,https://localsupport.parkinsons.org.uk/provider/bourne-support-group,"Our group offers friendship and support locally to people with Parkinson’s, their families and carers, contact us to find out more. Volunteers needed! We need to recruit volunteers to help us run the group. Do you have an hour or two per month to spare? If so, we'd be delighted to hear from you. For more information, please get in touch with Debbie Gaskell using the contact details below.",In-Person | Support,Bourne Methodist Church Hall,"Bourne Methodist Church Hall, Abbey Road, Bourne, PE10 9LH",,,Bourne,PE10 9LH,Monthly on the last Wednesday From 10:30 until 12:30,,,0344 225 3632 | 0808 800 0303,dgaskell@parkinsons.org.uk | hello@parkinsons.org.uk,,,Local Group Staff Contact | Parkinson’s UK Helpline,https://localsupport.parkinsons.org.uk/activity/bourne-group-meeting
provider,Burton on Trent Support Group,https://localsupport.parkinsons.org.uk/provider/burton-trent-support-group,"Our group offers friendship and support locally to people with Parkinson’s, their families and carers, contact us to find out more. For information and advice on Parkinson's, or for emotional support, call the Parkinson's UK helpline on 0808 800 0303",In-Person | Support | Exercise,Brook House,"Brook House, 18 Shobnall Road, Burton on Trent, DE14 2BA",,,Burton on Trent,DE14 2BA,Monthly on the fourth Thursday From 14:00 until 16:00,,,0300 123 3673 | 0808 800 0303,jconn@parkinsons.org.uk | hello@parkinsons.org.uk,,,Local Group Staff Contact | Parkinson’s UK Helpline,https://localsupport.parkinsons.org.uk/activity/burton-trent-group-meeting | https://localsupport.parkinsons.org.uk/activity/nordic-walking-people-living-parkinsons
provider,Buxton Support Group,https://localsupport.parkinsons.org.uk/provider/buxton-support-group,"Our group offers friendship and support locally to people with Parkinson’s, their families and carers, contact us to find out more. For information and advice on Parkinson's, or for emotional support, call the Parkinson's UK helpline on 0808 800 0303",In-Person | Support,Buxton Methodist Church,"Buxton Methodist Church, Chapel Street (entrance via side door on Fountain Street), Buxton, SK17 6HX",,,Buxton,SK17 6HX,Monthly on the first Thursday From 14:00 until 16:00,,,0344 225 3634 | 0808 800 0303,rcrawley@parkinsons.org.uk | hello@parkinsons.org.uk,,,Contact | Parkinson’s UK Helpline,https://localsupport.parkinsons.org.uk/activity/buxton-group-meeting
provider,Chase Support Group,https://localsupport.parkinsons.org.uk/provider/chase-support-group,"Our group offers friendship and support locally to people with Parkinson’s, their families and carers, contact us to find out more. For information and advice on Parkinson's, or for emotional support, call the Parkinson's UK helpline on 0808 800 0303",In-Person | Support | Exercise,The Soldiers Club (Hednesford & District Ex Service Mens Club & Institute),"The Soldiers Club (Hednesford & District Ex Service Mens Club & Institute), Anglesey Street, Hednesford, WS12 1AB",,,Hednesford,WS12 1AB,Monthly on the last Wednesday From 11:00 until 13:00,,,0300 123 3673 | 0808 800 0303,jconn@parkinsons.org.uk | hello@parkinsons.org.uk,,,Local Group Staff Contact | Parkinson’s UK Helpline,https://localsupport.parkinsons.org.uk/activity/chase-parkinsons-group-meeting | https://localsupport.parkinsons.org.uk/activity/chase-parkinsons-exercise-group
provider,Chesterfield Support Group,https://localsupport.parkinsons.org.uk/provider/chesterfield-support-group,"Our group offers friendship and support locally to people with Parkinson's, their families and carers. Contact us to find out more: [email protected] or tel. 01246 861888. For information and advice on Parkinson's, or for emotional support, call the Parkinson's UK helpline on 0808 800 0303",In-Person | Support,St Johns Church Centre,"St Johns Church Centre, Walton Back Lane, Chesterfield, S42 7LT",,,Chesterfield,S42 7LT,Monthly on the third Friday From 14:00 until 16:00,,,01246 861888 | 0808 800 0303,colin_rosemary@outlook.com | hello@parkinsons.org.uk,,,Contact | Parkinson’s UK Helpline,https://localsupport.parkinsons.org.uk/activity/chesterfield-group-meeting | https://localsupport.parkinsons.org.uk/activity/tulip-carers-group
provider,Church Stretton Support Group,https://localsupport.parkinsons.org.uk/provider/church-stretton-support-group,"Our group offers friendship and support locally to people with Parkinson’s, their families and carers, contact us to find out more. For information and advice on Parkinson's, or for emotional support, call the Parkinson's UK helpline on 0808 800 0303",In-Person | Support,Mayfair Community Centre - Church Stretton,"Mayfair Community Centre - Church Stretton, Easthope Road, Church Stretton, SY6 6BL",,,Church Stretton,SY6 6BL,Monthly on the fourth Monday From 14:30 until 16:30,,,07823 523696 | 0808 800 0303,hjbowman@live.com | hello@parkinsons.org.uk,,,Contact | Parkinson’s UK Helpline,https://localsupport.parkinsons.org.uk/activity/church-stretton-group-meeting
provider,Coventry Support Group,https://localsupport.parkinsons.org.uk/provider/coventry-branch,"Our group offers friendship and support locally to people with Parkinson’s, their families and carers, contact us to find out more. For information and advice on Parkinson's, or for emotional support, call the Parkinson's UK helpline on 0808 800 0303",In-Person | Support | Exercise,Sherbourne Community Church,"Sherbourne Community Church, 22 Lammas Road, Coventry, CV6 1QL",,,Coventry,CV6 1QL,Monthly on the second Thursday From 10:30 until 12:30 Monthly on the fourth Thursday From 10:30 until 12:30 | Monthly on the second Thursday From 10:30 until 12:30 | Monthly on the fourth Thursday From 10:30 until 12:30,,,020 7963 3674 | 0808 800 0303,sjohnson@parkinsons.org.uk | hello@parkinsons.org.uk,,,Local Group Staff Contact | Parkinson’s UK Helpline,https://localsupport.parkinsons.org.uk/activity/coventry-group-meeting | https://localsupport.parkinsons.org.uk/activity/parkinsons-walking-football-sphinx-sports-social-club
provider,Derby Support Group,https://localsupport.parkinsons.org.uk/provider/derby-branch,"Our group offers friendship and support locally to people with Parkinson’s, their families and carers, contact us to find out more. For information and advice on Parkinson's, or for emotional support, call the Parkinson's UK helpline on 0808 800 0303",In-Person | Support | Wellbeing,Broadway Baptist Church,"Broadway Baptist Church, 166 Broadway, Derby, DE22 1BP",,,Derby,DE22 1BP,Monthly on the first Tuesday From 14:00 until 16:00,,,0808 800 0303,contactderbyparkinsons@gmail.com | hello@parkinsons.org.uk,,,Contact | Parkinson’s UK Helpline,https://localsupport.parkinsons.org.uk/activity/derby-support-group-meeting | https://localsupport.parkinsons.org.uk/activity/movers-and-shakers-singing-group-derby | https://localsupport.parkinsons.org.uk/activity/derby-working-age-group-squad
activity,YOPD for under 65 years of age - Derby,https://localsupport.parkinsons.org.uk/activity/yopd-under-65-years-age-derby,"Younger members (Everyone of working age) are always wanting to meet up with similar age groups and interests. If you are interested in an informal support and social group for like minded people, please come along and find out more. Spouses and supporters welcome. We look forward to meeting you! The group is led by a Specialist Occupational Therapist (OT) for Parkinson's from University Hospitals of Derby & Burton NHS Foundation Trust's Specialist Rehabilitation Florence Nightingale Community Hospital. In addition, members of our Parkinson's Derby & District Branch will be there to talk to you and support you. Meetings take place in the Quad Digital suite on the 1st floor (lift available) Please follow us on Facebook and Twitter",In-Person | Support,Derby QUAD,"Derby QUAD, Market Place Cathedral Quarter, Derby, DE1 3AS",Market Place Cathedral Quarter,,Derby,DE1 3AS,Monthly on the last Thursday From 18:45 until 20:15,No,Derby Support Group,,contactderbyparkinsons@gmail.com,Derby Support Group,https://localsupport.parkinsons.org.uk/provider/derby-support-group,,
provider,Dudley Support Group,https://localsupport.parkinsons.org.uk/provider/dudley-support-group,"Our group offers friendship and support locally to people with Parkinson’s, their families and carers, contact us to find out more. For information and advice on Parkinson's, or for emotional support, call the Parkinson's UK helpline on 0808 800 0303",In-Person | Exercise | Support,Brierley Hill Methodist Church,"Brierley Hill Methodist Church, Bank Street, Brierley Hill, DY5 3DA",,,Brierley Hill,DY5 3DA,Monthly on the second Friday From 10:45 until 11:45 Monthly on the fourth Friday From 10:45 until 11:45 | Monthly on the second Friday From 10:45 until 11:45 | Monthly on the fourth Friday From 10:45 until 11:45,,,01384 293 356 | 0808 800 0303,dudleyparkinsons@gmail.com | hello@parkinsons.org.uk,,,Contact | Parkinson’s UK Helpline,https://localsupport.parkinsons.org.uk/activity/dudley-seated-exercise-classes | https://localsupport.parkinsons.org.uk/activity/dudley-carers-group
provider,Grantham Branch,https://localsupport.parkinsons.org.uk/provider/grantham-branch,"Our group offers friendship and support locally to people with Parkinson’s, their families and carers, contact us to find out more. For information and advice on Parkinson's, or for emotional support, call the Parkinson's UK helpline on 0808 800 0303",In-Person | Support | Exercise,Church Hall of St John the Evangelist Manthorpe,"Church Hall of St John the Evangelist Manthorpe, 10 High Road, Grantham, NG31 8NF",,,Grantham,NG31 8NF,Get in touch for more information.,,,0808 800 0303,ianaskew493@btinternet.com | hello@parkinsons.org.uk,,,Contact | Parkinson’s UK Helpline,https://localsupport.parkinsons.org.uk/activity/grantham-group-meeting | https://localsupport.parkinsons.org.uk/activity/exercise-music-classes
provider,Herefordshire Branch,https://localsupport.parkinsons.org.uk/provider/herefordshire-branch,"Our group offers friendship and support locally to people with Parkinson’s, their families and carers, contact us to find out more. For more information, please get in touch with Sara Johnson using the details further below. For information and advice on Parkinson's, or for emotional support, call the Parkinson's UK helpline on 0808 800 0303",In-Person | Wellbeing | Support,St Martin’s Church Hall,"The Kindle Centre, Belmont Road, Hereford, HR2 7JE",,,Hereford,HR2 7JE,Monthly on the fourth Saturday From 10:30 until 11:30,,,020 7963 3674 | 0808 800 0303,sjohnson@parkinsons.org.uk | hello@parkinsons.org.uk,,,Local Group Staff Contact | Parkinson’s UK Helpline,https://localsupport.parkinsons.org.uk/activity/hereford-friendship-group | https://localsupport.parkinsons.org.uk/activity/singing-parkinsons-canaries | https://localsupport.parkinsons.org.uk/activity/leominster-friendship-group
provider,Hinckley and District Branch,https://localsupport.parkinsons.org.uk/provider/hinckley-and-district-branch,"Welcome to the Hinckley and District Branch for Parkinson's UK! Our aim is to bring together local people with Parkinson's, their families and carers to create supportive and friendly social opportunities. As well as meeting new people, we can also help signpost you to local support and information about living with Parkinson's. In addition to our regular monthly meeting, we also deliver a fun programme of activities throughout the year that include speakers, days out, lunches, carers support and even a regular singing group!",In-Person | Support | Wellbeing | Exercise,Mary Forryan Centre Hinckley,"Mary Forryan Centre Hinckley, St Peter's Church, Hinckley, LE10 1LW",,,Hinckley,LE10 1LW,Monthly on the second Sunday From 14:00 until 16:00,,,07932 615 233 | 0808 800 0303,janetandjohn101@hotmail.co.uk | hello@parkinsons.org.uk,,,Contact | Parkinson’s UK Helpline,https://localsupport.parkinsons.org.uk/activity/hinckley-group-meeting | https://localsupport.parkinsons.org.uk/activity/hinckley-singing-fun | https://localsupport.parkinsons.org.uk/activity/hinckley-movement-music-sessions
provider,Kettering Branch,https://localsupport.parkinsons.org.uk/provider/kettering-branch,"Our group offers friendship and support locally to people with Parkinson’s, their families and carers, contact us to find out more. For information and advice on Parkinson's, or for emotional support, call the Parkinson's UK helpline on 0808 800 0303",In-Person | Support | Exercise | Wellbeing,The Crescent Community Centre - Kettering,"The Crescent Community Centre - Kettering, Laburnum Crescent, Kettering, NN16 9PH",,,Kettering,NN16 9PH,Monthly on the third Monday From 19:30 until 20:30,,,0344 225 3632 | 0808 800 0303,dgaskell@parkinsons.org.uk | hello@parkinsons.org.uk,,,Local Group Staff Contact | Parkinson’s UK Helpline,https://localsupport.parkinsons.org.uk/activity/kettering-group-meeting | https://localsupport.parkinsons.org.uk/activity/kettering-branch-exercise-class | https://localsupport.parkinsons.org.uk/activity/kettering-singing-group
provider,Leamington Spa Branch,https://localsupport.parkinsons.org.uk/provider/leamington-spa-branch,"We are a group of volunteers who offer information, friendship and support to people with Parkinson’s, their families and carers in Leamington Spa, Warwick, Kenilworth, Southam and surrounding areas. Our group offers friendship and support locally to people with Parkinson’s, their families and carers, contact us to find out more.For information and advice on Parkinson's, or for emotional support, call the Parkinson's UK helpline on 0808 800 0303",In-Person | Support | Wellbeing,The Nelson Club,"The Nelson Club, 21 Charles Street, Warwick, CV34 5LE",,,Warwick,CV34 5LE,Monthly on the second Thursday From 14:00 until 16:00,,,07753 911454 | 0808 800 0303,miles337@btinternet.com | hello@parkinsons.org.uk,,,Contact | Parkinson’s UK Helpline,https://localsupport.parkinsons.org.uk/activity/leamington-spa-group-meeting | https://localsupport.parkinsons.org.uk/activity/leamington-spa-group-physiotherapy | https://localsupport.parkinsons.org.uk/activity/singing-parkinsons-leamington-spa
provider,Leek Support Group,https://localsupport.parkinsons.org.uk/provider/leek-support-group,"Our group offers friendship and support locally to people with Parkinson’s, their families and carers, contact us to find out more. For information and advice on Parkinson's, or for emotional support, call the Parkinson's UK helpline on 0808 800 0303",In-Person | Support,Sheltered Housing Leek,"Sheltered Housing Leek, Mount Pleasant, Leek, ST13 5HB",,,Leek,ST13 5HB,Fortnightly on a Thursday From 11:00 until 14:00 This activity is next on 02/04/2026,,,01538 383195 | 0808 800 0303,barbara.edwards21@btinternet.com | hello@parkinsons.org.uk,,,Group Contact | Parkinson’s UK Helpline,https://localsupport.parkinsons.org.uk/activity/leek-group-meeting
provider,Leicester East Activity Group,https://localsupport.parkinsons.org.uk/provider/leicester-east-activity-group-0,"Our group offers friendship and support locally to people with Parkinson’s, their families and carers, contact us to find out more. For information and advice on Parkinson's, or for emotional support, call the Parkinson's UK helpline on 0808 800 0303",In-Person | Support,Barnabas Centre Oadby,"Market Harborough Congregational Church, Bowden Lane, Market Harborough, LE16 7JD",,,Market Harborough,LE16 7JD,Monthly on the first Tuesday From 10:00 until 12:00,,,07782 220 014 | 0808 800 0303,contact@leicesterparkinsons.org.uk | hello@parkinsons.org.uk,,,Contact | Parkinson’s UK Helpline,https://localsupport.parkinsons.org.uk/activity/oadby-group | https://localsupport.parkinsons.org.uk/activity/market-harborough-meeting | https://localsupport.parkinsons.org.uk/activity/rutland-meeting
provider,Leicester West Activity Group,https://localsupport.parkinsons.org.uk/provider/leicester-west-activity-group,"Our group offers friendship and support locally to people with Parkinson’s, their families and carers, contact us to find out more. For information and advice on Parkinson's, or for emotional support, call the Parkinson's UK helpline on 0808 800 0303",In-Person | Support,Whitwich Methodist Church,"Gorse Covert Community Centre Loughborough, Maxwell Drive, Loughborough, LE11 4RZ",,,Loughborough,LE11 4RZ,Monthly on the first Tuesday From 14:00 until 16:00,,,07734700180 | 0808 800 0303,contact@leicesterparkinsons.org.uk | hello@parkinsons.org.uk,,,Contact | Parkinson’s UK Helpline,https://localsupport.parkinsons.org.uk/activity/ashby-and-north-west-leicestershire-group | https://localsupport.parkinsons.org.uk/activity/loughborough-and-charnwood-meeting | https://localsupport.parkinsons.org.uk/activity/syston-meeting | https://localsupport.parkinsons.org.uk/activity/leicester-south-east-asian-parkinsons-cafe
provider,Lichfield Support Group,https://localsupport.parkinsons.org.uk/provider/lichfield-parkinsons-support-group-0,"Our group offers friendship and support locally to people with Parkinson’s, their families and carers, contact us to find out more. For information and advice on Parkinson's, or for emotional support, call the Parkinson's UK helpline on 0808 800 0303",In-Person | Support | Virtual | Exercise,Martin Heath Hall,"Martin Heath Hall, Christchurch Lane, Lichfield, WS13 8AY",,,Lichfield,WS13 8AY,Monthly on the second Thursday From 14:00 until 16:00,,,07547 123 589 | 0808 800 0303,amanda.simsva@gmail.com | hello@parkinsons.org.uk,,,Group Contact | Parkinson’s UK Helpline,https://localsupport.parkinsons.org.uk/activity/lichfield-parkinsons-support-group | https://localsupport.parkinsons.org.uk/activity/speech-and-language-therapy-online
provider,Lincoln Support Group,https://localsupport.parkinsons.org.uk/provider/lincoln-support-group,"Our group offers friendship and support locally to people with Parkinson’s, their families and carers. For more information, please get in touch with Debbie using the contact details below.",In-Person | Support,St Columba's Church,"St Columba's Church, Brant Road, Lincoln, LN5 9TR",,,Lincoln,LN5 9TR,Monthly on the second Monday From 10:30 until 12:30,,,0344 225 3632 | 0808 800 0303,dgaskell@parkinsons.org.uk | hello@parkinsons.org.uk,,,Local Group Staff Contact | Parkinson’s UK Helpline,https://localsupport.parkinsons.org.uk/activity/lincoln-support-group-social-meeting | https://localsupport.parkinsons.org.uk/activity/bailgate-drop-cafe
provider,Long Eaton Support Group,https://localsupport.parkinsons.org.uk/provider/long-eaton-support-group,"Our group offers friendship and support locally to people with Parkinson’s, their families and carers, contact us to find out more. Volunteers needed! We need to recruit volunteers to help us run the group. Do you have an hour or two per month to spare? If so we would be delighted to hear from you. For more information please get in touch.",In-Person | Exercise | Support,Long Eaton Cafe - Cleavers Coffee,"Erewash Voluntary Action, Granville Avenue, Derbyshire, NG10 4HD",,,Derbyshire,NG10 4HD,Monthly on the first Thursday From 13:30 until 15:30,,,07947 009 453 | 0808 800 0303,longeatonpdsg@btinternet.com | hello@parkinsons.org.uk,,,Group Contact | Parkinson’s UK Helpline,https://localsupport.parkinsons.org.uk/activity/long-eaton-cafe | https://localsupport.parkinsons.org.uk/activity/friday-exercise-class-people-parkinsons
provider,Louth and District Branch,https://localsupport.parkinsons.org.uk/provider/louth-and-district-branch,"Our group offers friendship and support locally to people with Parkinson’s, their families and carers, contact us to find out more. You can find our Facebook page here. For information and advice on Parkinson's, or for emotional support, call the Parkinson's UK helpline on 0808 800 0303",In-Person | Support,Utterby Village Hall,"Campus for Future Living, Stanley Avenue, Mablethorpe, LN12 1DP",,,Mablethorpe,LN12 1DP,Get in touch for more information.,,,0344 225 3632 | 0808 800 0303,dgaskell@parkinsons.org.uk | hello@parkinsons.org.uk,,,Local Group Staff Contact | Parkinson’s UK Helpline,https://localsupport.parkinsons.org.uk/activity/louth-and-district-branch-social-meeting | https://localsupport.parkinsons.org.uk/activity/mablethorpe-parkinsons-cafe | https://localsupport.parkinsons.org.uk/activity/monthly-luncheon-club-louth
provider,Lutterworth Support Group,https://localsupport.parkinsons.org.uk/provider/lutterworth-support-group,"Our group offers friendship and support locally to people with Parkinson’s, their families and carers, contact us to find out more. For information and advice on Parkinson's, or for emotional support, call the Parkinson's UK helpline on 0808 800 0303",In-Person | Support | Exercise,Our Ladies Catholic Church,"Our Ladies Catholic Church, Bitteswell Road, Lutterworth, LE17 4EY",,,Lutterworth,LE17 4EY,Monthly on the last Monday From 10:15 until 12:00,,,0808 800 0303,lutterworthpsg@gmail.com | hello@parkinsons.org.uk,,,Contact | Parkinson’s UK Helpline,https://localsupport.parkinsons.org.uk/activity/lutterworth-support-group-meeting | https://localsupport.parkinsons.org.uk/activity/lutterworth-group-social-meeting | https://localsupport.parkinsons.org.uk/activity/lutterworth-exercise-class-love-move
provider,Mansfield Support Group,https://localsupport.parkinsons.org.uk/provider/mansfield-support-group,"Our group offers friendship and support locally to people with Parkinson’s, their families and carers, contact us to find out more. For information and advice on Parkinson's, or for emotional support, call the Parkinson's UK helpline on 0808 800 0303",In-Person | Support,Acacia Centre Kirkby in Ashfield,"Acacia Centre Kirkby in Ashfield, Acacia Avenue, Kirkby in Ashfield, NG17 9BH",,,Kirkby in Ashfield,NG17 9BH,Monthly on the second Wednesday From 14:00 until 16:00,,,0808 800 0303,mansfieldsupgroup.pduk@gmail.com | hello@parkinsons.org.uk,,,Contact | Parkinson’s UK Helpline,https://localsupport.parkinsons.org.uk/activity/mansfield-group-meeting
provider,Melton Mowbray Support Group,https://localsupport.parkinsons.org.uk/provider/melton-mowbray-support-group,"Our group offers friendship and support locally to people with Parkinson’s, their families and carers, contact us to find out more. For information and advice on Parkinson's, or for emotional support, call the Parkinson's UK helpline on 0808 800 0303",In-Person | Support | Exercise,Waterford Function Room ‘Sysonby Acres’,"Waterford Function Room ‘Sysonby Acres’, Asfordby Road, Melton Mowbray, LE13 0HW",,,Melton Mowbray,LE13 0HW,Monthly on the third Thursday From 11:00 until 13:00,,,01664 851235 | 0808 800 0303,paul.g.stammers@gmail.com | hello@parkinsons.org.uk,,,Contact | Parkinson’s UK Helpline,https://localsupport.parkinsons.org.uk/activity/melton-mowbray-group-meeting | https://localsupport.parkinsons.org.uk/activity/melton-mowbray-gentle-exercise-class
provider,Northampton and District Support Group,https://localsupport.parkinsons.org.uk/provider/northampton-daventry-and-towcester-support-group,"Our group offers friendship and support locally to people with Parkinson’s, their families and carers, contact us to find out more. For information and advice on Parkinson's, or for emotional support, call the Parkinson's UK helpline on 0808 800 0303",In-Person | Support,St Crispin Retirement Village Duston,"St Crispin Retirement Village Duston, St Crispin Drive, Duston, NN5 4RB",,,Duston,NN5 4RB,Monthly on the second Tuesday From 11:00 until 12:30,,,0344 225 3632 | 0808 800 0303,dgaskell@parkinsons.org.uk | hello@parkinsons.org.uk,,,Local Group Staff Contact | Parkinson’s UK Helpline,https://localsupport.parkinsons.org.uk/activity/northampton-support-group-duston-cafe | https://localsupport.parkinsons.org.uk/activity/northampton-support-group-northampton-garden-centre-cafe
provider,North Staffordshire Branch,https://localsupport.parkinsons.org.uk/provider/north-staffordshire-branch,"Our group offers friendship and support locally to people with Parkinson’s, their families and carers, contact us to find out more. For information and advice on Parkinson's, or for emotional support, call the Parkinson's UK helpline on 0808 800 0303",In-Person | Support,Red Street Community Centre Chesterton,"Red Street Community Centre Chesterton, Talke Road, Newcastle-under-Lyme, ST5 7AH",,,Newcastle-under-Lyme,ST5 7AH,Weekly every Wednesday From 10:00 until 13:00,,,07870 743551 | 0808 800 0303,hello@parkinsons.org.uk,,,Contact | Parkinson’s UK Helpline,https://localsupport.parkinsons.org.uk/activity/north-staffordshire-group-meeting
provider,Nottingham Support Group,https://localsupport.parkinsons.org.uk/provider/nottingham-support-group,"Our group offers friendship and support locally to people with Parkinson’s, their families and carers, contact us to find out more. Please note: Our social meeting on Wednesday 18 February is cancelled and the next one will be on Wednesday 18 March. Volunteers needed! We need to recruit volunteers to help us run the group. Do you have an hour or two per month to spare? If so, we would be delighted to hear from you. For more information please get in touch with Debbie Gaskell email [email protected] For information and advice on Parkinson's, or for emotional support, call the Parkinson's UK helpline on 0808 800 0303",In-Person | Support,"St Judes Church Hall, Nottingham","St Judes Church Hall, Nottingham, 405 Woodborough Road, Nottingham, NG3 5HE",,,Nottingham,NG3 5HE,Monthly on the third Wednesday From 13:30 until 15:30,,,03442253632 | 0808 800 0303,dgaskell@parkinsons.org.uk | hello@parkinsons.org.uk,,,Local Group Staff Contact | Parkinson’s UK Helpline,https://localsupport.parkinsons.org.uk/activity/nottingham-group-social-meeting | https://localsupport.parkinsons.org.uk/activity/tuesday-drop-nottingham | https://localsupport.parkinsons.org.uk/activity/trent-bridge-parkinsons-cafe
provider,Nuneaton and Bedworth Support Group,https://localsupport.parkinsons.org.uk/provider/nuneaton-and-bedworth-support-group,"Our group offers friendship and support locally to people with Parkinson’s, their families and carers, contact us to find out more. For information and advice on Parkinson's, or for emotional support, call the Parkinson's UK helpline on 0808 800 0303",In-Person | Support,Beaumont Room,"Beaumont Room, Bulkington Village Community and Conference Centre, Bulkington, CV12 9JB",,,Bulkington,CV12 9JB,Monthly on the last Tuesday From 14:00 until 16:00,,,020 7963 3674 | 0808 800 0303,sjohnson@parkinsons.org.uk | hello@parkinsons.org.uk,,,Local Group Staff Contact | Parkinson’s UK Helpline,https://localsupport.parkinsons.org.uk/activity/nuneaton-and-bedworth-group-meeting
provider,Redditch and Bromsgrove Activity Group,https://localsupport.parkinsons.org.uk/provider/redditch-and-bromsgrove-activity-group,"Our group offers friendship and support locally to people with Parkinson’s, their families and carers, contact us to find out more. For information and advice on Parkinson's, or for emotional support, call the Parkinson's UK helpline on 0808 800 0303",In-Person | Support | Wellbeing | Exercise,Oakenshaw Community Centre,"Oakenshaw Community Centre, Castleditch Lane, Redditch, B98 7YB",,,Redditch,B98 7YB,Monthly on the second Wednesday From 14:00 until 16:00,,,020 7963 3674 | 0808 800 0303,sjohnson@parkinsons.org.uk | hello@parkinsons.org.uk,,,Local Group Staff Contact | Parkinson’s UK Helpline,https://localsupport.parkinsons.org.uk/activity/redditch-and-bromsgrove-group-meeting | https://localsupport.parkinsons.org.uk/activity/redditch-find-your-voice-vocal-coaching | https://localsupport.parkinsons.org.uk/activity/exercise-class-2
provider,Royal Sutton Coldfield and North Birmingham Branch,https://localsupport.parkinsons.org.uk/provider/royal-sutton-coldfield-and-north-birmingham-branch,"Our group offers friendship and support locally to people with Parkinson’s, their families and carers, contact us to find out more. For information and advice on Parkinson's, or for emotional support, call the Parkinson's UK helpline on 0808 800 0303",In-Person | Exercise | Support,"South Parade Methodist Church, Sutton Coldfield","South Parade Methodist Church, Sutton Coldfield, South Parade, Sutton Coldfield, B72 1QY",,,Sutton Coldfield,B72 1QY,Weekly every Thursday From 13:45 until 15:45,,,07927 539 356 | 0808 800 0303,suttoncoldfieldparkinsons@gmail.com | hello@parkinsons.org.uk,,,Contact | Parkinson’s UK Helpline,https://localsupport.parkinsons.org.uk/activity/royal-sutton-coldfield-and-north-birmingham-group-meeting | https://localsupport.parkinsons.org.uk/activity/sutton-coldfield-yoga | https://localsupport.parkinsons.org.uk/activity/escorted-walking-sutton-coldfield
provider,Rugby Branch,https://localsupport.parkinsons.org.uk/provider/rugby-branch,"Our group offers friendship and support locally to people with Parkinson’s, their families and carers, contact us to find out more. For information and advice on Parkinson's, or for emotional support, call the Parkinson's UK helpline on 0808 800 0303",In-Person | Support | Exercise,Rugby United Reformed Church,"Rugby United Reformed Church, 40 Hillmorton Road, Rugby, CV22 5AD",,,Rugby,CV22 5AD,Monthly on the last Thursday From 14:00 until 16:00,,,020 7963 3674 | 0808 800 0303,sjohnson@parkinsons.org.uk | hello@parkinsons.org.uk,,,Local Group Staff Contact | Parkinson’s UK Helpline,https://localsupport.parkinsons.org.uk/activity/rugby-group-meeting | https://localsupport.parkinsons.org.uk/activity/seated-exercise-class-3 | https://localsupport.parkinsons.org.uk/activity/rugby-carers-meeting
provider,Shrewsbury Branch,https://localsupport.parkinsons.org.uk/provider/shrewsbury-branch,"Our group offers friendship and support locally to people with Parkinson’s, their families and carers, contact us to find out more. For information and advice on Parkinson's, or for emotional support, call the Parkinson's UK helpline on 0808 800 0303",In-Person | Support | Wellbeing,Beaconsfield Club,"Beaconsfield Club, Meadow Place, Shrewsbury, SY1 1PD",,,Shrewsbury,SY1 1PD,Monthly on the third Wednesday From 11:00 until 12:15,,,07879 338895 | 0808 800 0303,sec.shrewsbury.parkinsons@gmail.com | hello@parkinsons.org.uk,,,Contact | Parkinson’s UK Helpline,https://localsupport.parkinsons.org.uk/activity/shrewsbury-group-meeting | https://localsupport.parkinsons.org.uk/activity/shrewsbury-speech-and-language-therapy | https://localsupport.parkinsons.org.uk/activity/physiotherapy-shrewsbury
provider,Sleaford Support Group,https://localsupport.parkinsons.org.uk/provider/sleaford-support-group,"Our group offers friendship and support locally to people with Parkinson’s, their families and carers, contact us to find out more. Volunteers needed! We need to recruit volunteers to help us run the group. Do you have an hour or two per month to spare? If so we would be delighted to hear from you. For more information please get in touch with Debbie Gaskell Tel. 03442253632 email [email protected] For information and advice on Parkinson's, or for emotional support, call the Parkinson's UK helpline on 0808 800 0303",In-Person | Support,The Hub (Sleaford),"The Hub (Sleaford), Navigation Wharf, Carre Street, Sleaford, NG34 7TW",,,Sleaford,NG34 7TW,Monthly on the last Friday From 10:30 until 12:30,,,03442 253 632 | 0808 800 0303,dgaskell@parkinsons.org.uk | hello@parkinsons.org.uk,,,Local Group Staff Contact | Parkinson’s UK Helpline,https://localsupport.parkinsons.org.uk/activity/sleaford-group-meeting
provider,Solihull Branch,https://localsupport.parkinsons.org.uk/provider/solihull-branch,"Our group offers friendship and support locally to people with Parkinson’s, their families and carers, contact us to find out more. For further information and up to date news from our Solihull Branch, visit our website: www.solihullparkinsons.org.uk For information and advice on Parkinson's, or for emotional support, call the Parkinson's UK helpline on 0808 800 0303",In-Person | Exercise | Support,Solihull Village,"Solihull Methodist Church Hall, Station Approach, Solihull, B91 1LG",,,Solihull,B91 1LG,Monthly on the second Thursday From 10:30 until 12:30 Monthly on the fourth Thursday From 10:30 until 12:30 | Monthly on the second Thursday From 10:30 until 12:30 | Monthly on the fourth Thursday From 10:30 until 12:30,,,0808 800 0303,enquiries@solihullparkinsons.org.uk | hello@parkinsons.org.uk,,,Contact | Parkinson’s UK Helpline,https://localsupport.parkinsons.org.uk/activity/solihull-parkinsons-cafe | https://localsupport.parkinsons.org.uk/activity/exercise-class-solihull | https://localsupport.parkinsons.org.uk/activity/walking-football-solihull
provider,Spalding and District Support Group,https://localsupport.parkinsons.org.uk/provider/spalding-and-district-support-group,"Urgent need for new volunteers! We are looking for volunteers, specifically a Finance Volunteer to support the Spalding Group. This flexible role will take a couple of hours each month, and full training will be provided. This role will be pivotal to the group being able to move forward successfully. Please contact Local Volunteer Officer, Debbie Gaskell on [email protected] 0344 2253632 to discuss further.",In-Person | Support | Exercise,Pinchbeck Village Hall,"Pinchbeck Village Hall, Knight Street, Spalding, PE11 3RB",,,Spalding,PE11 3RB,Monthly on the third Thursday From 10:00 until 12:00,,,0344 225 3632 | 0808 800 0303,dgaskell@parkinsons.org.uk | hello@parkinsons.org.uk,,,Local Group Staff Contact | Parkinson’s UK Helpline,https://localsupport.parkinsons.org.uk/activity/spalding-and-district-group-meeting | https://localsupport.parkinsons.org.uk/activity/movement-music-spalding-and-district-support-group
provider,Stafford Branch,https://localsupport.parkinsons.org.uk/provider/stafford-branch,"Our group offers friendship and support locally to people with Parkinson’s, their families and carers, contact us to find out more. For information and advice on Parkinson's, or for emotional support, call the Parkinson's UK helpline on 0808 800 0303",In-Person | Support | Exercise,The Northfield Centre Stafford,"The Northfield Centre Stafford, Cooperative Street, Stafford, ST16 3DU",,,Stafford,ST16 3DU,Monthly on the first Monday From 14:00 until 16:00,,,0300 123 3673 | 0808 800 0303,jconn@parkinsons.org.uk | hello@parkinsons.org.uk,,,Local Group Staff Contact | Parkinson’s UK Helpline,https://localsupport.parkinsons.org.uk/activity/stafford-group-meeting | https://localsupport.parkinsons.org.uk/activity/stafford-branch-exercise-class | https://localsupport.parkinsons.org.uk/activity/stafford-branch-coffee-morning
provider,Stamford Support Group,https://localsupport.parkinsons.org.uk/provider/stamford-support-group,"Our group offers friendship and support locally to people with Parkinson’s, their families and carers, contact us to find out more. For information and advice on Parkinson's, or for emotional support, call the Parkinson's UK helpline on 0808 800 0303",In-Person | Support,Stamford & District Indoor Bowls Club,"Stamford & District Indoor Bowls Club, Exeter Gardens, Stamford, PE9 2RN",,,Stamford,PE9 2RN,Monthly on the first Tuesday From 11:00 until 12:30,,,03442253632 | 0808 800 0303,dgaskell@parkinsons.org.uk | hello@parkinsons.org.uk,,,Local Group Staff Contact | Parkinson’s UK Helpline,https://localsupport.parkinsons.org.uk/activity/stamford-group-meeting
provider,Stratford Upon Avon Support Group,https://localsupport.parkinsons.org.uk/provider/stratford-upon-avon-support-group,"Our group offers friendship and support locally to people with Parkinson’s, their families and carers, contact us to find out more. For information and advice on Parkinson's, or for emotional support, call the Parkinson's UK helpline on 0808 800 0303",In-Person | Support | Exercise,Stratford Sports Club Stratford Upon Avon,"The George Townhouse Shipston-on-Stour, 8 High Street, Shipston-on-Stour, CV36 4AJ",,,Shipston-on-Stour,CV36 4AJ,Monthly on the fourth Monday From 13:30 until 15:30,,,07774 424404 | 0808 800 0303,carolelongden@longden.co.uk | hello@parkinsons.org.uk,,,Contact | Parkinson’s UK Helpline,https://localsupport.parkinsons.org.uk/activity/parkinsons-support-group-stratford-upon-avon | https://localsupport.parkinsons.org.uk/activity/parkinsons-cafe-shipston-stour | https://localsupport.parkinsons.org.uk/activity/parkinsons-high-intensity-interval-training-phiit-meon-vale-0
provider,Tamworth Support Group,https://localsupport.parkinsons.org.uk/provider/tamworth-support-group,"Our group offers friendship and support locally to people with Parkinson’s, their families and carers, contact us to find out more. For information and advice on Parkinson's, or for emotional support, call the Parkinson's UK helpline on 0808 800 0303",In-Person | Support | Exercise,Tamworth District Scout Activity Centre,"Tamworth District Scout Activity Centre, Moor Burgess Activity Centre, Tamworth, B77 2DU",,,Tamworth,B77 2DU,Monthly on the first Tuesday From 13:00 until 15:30,,,0300 123 3673 | 0808 800 0303,jconn@parkinsons.org.uk | hello@parkinsons.org.uk,,,Local Group Staff Contact | Parkinson’s UK Helpline,https://localsupport.parkinsons.org.uk/activity/tamworth-group-meeting-light-lunch | https://localsupport.parkinsons.org.uk/activity/tamworth-movers-and-shakers | https://localsupport.parkinsons.org.uk/activity/rugeley-parkinsons-exercise-class
provider,Telford and Wrekin Support Group,https://localsupport.parkinsons.org.uk/provider/telford-and-wrekin-support-group,"Our group offers friendship and support locally to people with Parkinson’s, their families and carers, contact us to find out more. For information and advice on Parkinson's, or for emotional support, call the Parkinson's UK helpline on 0808 800 0303",In-Person | Support | Exercise | Wellbeing,Hadley Community Centre,"Hadley Community Centre, 30 High Street, Hadley, TF1 5NL",,,Hadley,TF1 5NL,Monthly on the last Tuesday From 13:00 until 15:00,,,0300 123 3673 | 0808 800 0303,jconn@parkinsons.org.uk | hello@parkinsons.org.uk,,,Local Group Staff Contact | Parkinson’s UK Helpline,https://localsupport.parkinsons.org.uk/activity/telford-and-wrekin-group-meeting | https://localsupport.parkinsons.org.uk/activity/hadley-seated-exercise | https://localsupport.parkinsons.org.uk/activity/speech-and-language-therapy-hadley
provider,Uttoxeter Support Group,https://localsupport.parkinsons.org.uk/provider/uttoxeter-support-group,"Our group offers friendship and support locally to people with Parkinson’s, their families and carers, contact us to find out more. For information and advice on Parkinson's, or for emotional support, call the Parkinson's UK helpline on 0808 800 0303",In-Person | Support | Exercise,Guild Hall (Behind St Mary's),"Guild Hall (Behind St Mary's), Balance Street, Uttoxeter, ST14 8JB",,,Uttoxeter,ST14 8JB,Monthly on the first Thursday From 17:45 until 19:15,,,0808 800 0303,hello@parkinsons.org.uk,,,Parkinson’s UK Helpline,https://localsupport.parkinsons.org.uk/activity/uttoxeter-support-group | https://localsupport.parkinsons.org.uk/activity/nordic-walking-uttoxeter
provider,Walsall Support Group,https://localsupport.parkinsons.org.uk/provider/walsall-support-group,"Our group offers friendship and support locally to people with Parkinson’s, their families and carers, contact us to find out more. For information and advice on Parkinson's, or for emotional support, call the Parkinson's UK helpline on 0808 800 0303",In-Person | Support,The Pretty Bricks Public House,"The Pretty Bricks Public House, 5 John Street, Walsall, WS2 8AF",,,Walsall,WS2 8AF,Monthly on the second Wednesday From 14:00 until 16:00 Monthly on the fourth Wednesday From 14:00 until 16:00 | Monthly on the second Wednesday From 14:00 until 16:00 | Monthly on the fourth Wednesday From 14:00 until 16:00,,,020 7963 3674 | 0808 800 0303,sjohnson@parkinsons.org.uk | hello@parkinsons.org.uk,,,Local Group Staff Contact | Parkinson’s UK Helpline,https://localsupport.parkinsons.org.uk/activity/walsall-parkinsons-cafe
provider,Whitchurch Support Group,https://localsupport.parkinsons.org.uk/provider/whitchurch-support-group,"Our group offers friendship and support locally to people with Parkinson’s, their families and carers, contact us to find out more. For information and advice on Parkinson's, or for emotional support, call the Parkinson's UK helpline on 0808 800 0303",In-Person | Support,Whitchurch Rugby Club,"Whitchurch Rugby Club, Edgeley Road, Whitchurch, SY13 1EU",,,Whitchurch,SY13 1EU,Monthly on the first Thursday From 13:00 until 15:00,,,07973122427 | 0808 800 0303,whitchurchparkinsons@gmail.com | hello@parkinsons.org.uk,,,Contact | Parkinson’s UK Helpline,https://localsupport.parkinsons.org.uk/activity/whitchurch-group-meeting
provider,Worcester and District Activity Group,https://localsupport.parkinsons.org.uk/provider/worcester-and-district-activity-group,"Our group offers friendship and support locally to people with Parkinson’s, their families and carers, contact us to find out more. For information and advice on Parkinson's, or for emotional support, call the Parkinson's UK helpline on 0808 800 0303",In-Person | Support,St Peter's Baptist Church Worcester,"Kidderminster Trinity Methodist Church Centre, Churchfields, Kidderminster, DY10 2JL",,,Kidderminster,DY10 2JL,Monthly on the third Monday From 10:30 until 12:30,,,020 7963 3674 | 0808 800 0303,sjohnson@parkinsons.org.uk | hello@parkinsons.org.uk,,,Local Group Staff Contact | Parkinson’s UK Helpline,https://localsupport.parkinsons.org.uk/activity/worcester-friendship-group | https://localsupport.parkinsons.org.uk/activity/friendship-group-wyre-forest | https://localsupport.parkinsons.org.uk/activity/friendship-group-droitwich | https://localsupport.parkinsons.org.uk/activity/friendship-group-evesham-and-pershore
provider,Barnet and Brent Branch,https://localsupport.parkinsons.org.uk/provider/barnet-and-brent-branch,"Our group offers friendship and support locally to people with Parkinson’s, their families and carers, contact us to find out more. For information and advice on Parkinson's, or for emotional support, call the Parkinson's UK helpline on 0808 800 0303",In-Person | Support | Wellbeing,St Mary's Hall,"St Mary's Hall, 26 Hendon Lane, London, N3 1TS",,,London,N3 1TS,Monthly on the third Wednesday From 19:00 until 20:00,,,0344 225 3609 | 0808 800 0303,kprithwani@parkinsons.org.uk | hello@parkinsons.org.uk,,,Contact,https://localsupport.parkinsons.org.uk/activity/barnet-and-brent-group-meeting | https://localsupport.parkinsons.org.uk/activity/barnet-and-brent-singing-group
provider,Bexley and Dartford Branch,https://localsupport.parkinsons.org.uk/provider/bexley-and-dartford-branch,"Our group offers friendship and support locally to people with Parkinson’s, their families and carers, contact us to find out more. For information and advice on Parkinson's, or for emotional support, call the Parkinson's UK helpline on 0808 800 0303",In-Person | Support,Mick Jagger Centre,"Mick Jagger Centre, Shepherds Lane, Dartford, DA1 2JZ",,,Dartford,DA1 2JZ,Monthly on the second Wednesday From 19:30 until 21:00,,,020 7963 3612 | 0808 800 0303,jwilliams@parkinsons.org.uk | hello@parkinsons.org.uk,,,Local Staff Contact | Parkinson's UK Helpline,https://localsupport.parkinsons.org.uk/activity/bexley-and-dartford-branch-meeting | https://localsupport.parkinsons.org.uk/activity/bexleyheath-parkinsons-cafe
provider,Blackfen Support Group,https://localsupport.parkinsons.org.uk/provider/blackfen-support-group,"Come rain or shine we meet for a coffee and chat at a lovely community cafe in Blackfen every month. Our members in their own words describe the group as very welcoming - offering people with Parkinson’s, carers and family mutual support, friendship and often fun. This sociable get together allows everyone to share experiences, good and bad, and to not feel so isolated in dealing with Parkinson’s. Free to attend, just buy your own refreshments. Family and friends welcome. You’ll find us in the Blackfen Community Library, please get in touch with Debbie if you'd like to find out more or come along and visit the group. Hope to see you there! You can find more information about our monthly cafe meeting here and watch our YouTube video here.",In-Person | Support,Blackfen Community Library Cafe,"Blackfen Community Library Cafe, 1A Blackfen Parade, Sidcup, DA15 9LU",,,Sidcup,DA15 9LU,Get in touch for more information.,,,07785 256 244 | 0808 800 0303,blackfenparkinsonscafe@gmail.com | hello@parkinsons.org.uk,,,Group Contact | Parkinson's UK Helpline,https://localsupport.parkinsons.org.uk/activity/blackfen-parkinsons-cafe
provider,Bromley and District Branch,https://localsupport.parkinsons.org.uk/provider/bromley-branch,"Our group offers friendship and support locally to people with Parkinson’s, their families and carers, contact us to find out more. Calendar of Events: Find out what's coming up from January to April 2026 by viewing our Calendar of Events Newsletter: Read all the latest news from our Branch by viewing our February 2026 newsletter Volunteer: Our Branch is run by volunteers. As part of our team, you'll help bring the community together through events and activities that truly matter. Read more about what's involved and how to join our friendly volunteer team here, and help make a real difference to people living with Parkinson's in Bromley! To find out more about our Branch, please contact us using the details shared in the Contact box below.",In-Person | Support | Wellbeing,St George's Church - Bickley,"St George's Church - Bickley, Bickley Park Road, Bickley, BR1 2BE",,,Bickley,BR1 2BE,Monthly on the second Saturday From 14:00 until 16:00,,,07553 082 148 | 0808 800 0303,bromleyparkinsonsbranch@gmail.com | hello@parkinsons.org.uk,,,Contact | Parkinson's UK Helpline,https://localsupport.parkinsons.org.uk/activity/bromley-branch-meetings | https://localsupport.parkinsons.org.uk/activity/short-mat-bowls-0 | https://localsupport.parkinsons.org.uk/activity/vocal-chords
provider,Croydon and District Branch,https://localsupport.parkinsons.org.uk/provider/croydon-and-district-branch,"Our group offers friendship and support locally to people with Parkinson’s, their families and carers, contact us to find out more. For information and advice on Parkinson's, or for emotional support, call the Parkinson's UK helpline on 0808 800 0303",In-Person | Support | Exercise,Purley United Reformed Church,"Purley United Reformed Church, 906 Brighton Road, Purley, CR8 2LN",,,Purley,CR8 2LN,Monthly on the fourth Tuesday From 14:00 until 16:00,,,020 7963 3612 | 0808 800 0303,jwilliams@parkinsons.org.uk | hello@parkinsons.org.uk,,,Local Staff Contact | Parkinson's UK Helpline,https://localsupport.parkinsons.org.uk/activity/croydon-branch-group-meeting | https://localsupport.parkinsons.org.uk/activity/exercise-class-mainly-seated-purley-croydon | https://localsupport.parkinsons.org.uk/activity/exercise-class-mainly-seated-south-croydon
provider,East London and Newham Support Group,https://localsupport.parkinsons.org.uk/provider/east-london-and-newham-support-group,"Our group offers friendship and support locally to people with Parkinson’s, their families and carers, contact us to find out more. For information and advice on Parkinson's, or for emotional support, call the Parkinson's UK helpline on 0808 800 0303",In-Person | Support | Exercise,Central Park Cafe,"Central Park Cafe, Bartle Avenue, Newham, London, E6 3AJ",,,London,E6 3AJ,Monthly on the fourth Monday From 11:00 until 12:00,,,0344 225 3609 | 0808 800 0303,kprithwani@parkinsons.org.uk | hello@parkinsons.org.uk,,,Local Group Staff Contact | Parkinson’s UK Helpline,https://localsupport.parkinsons.org.uk/activity/newham-cafe-group-meeting | https://localsupport.parkinsons.org.uk/activity/yoga-parkinsons
provider,Enfield Support Group,https://localsupport.parkinsons.org.uk/provider/enfield-support-group,"Our group offers friendship and support locally to people with Parkinson’s, their families and carers, contact us to find out more. For information and advice on Parkinson's, or for emotional support, call the Parkinson's UK helpline on 0808 800 0303",In-Person | Support | Exercise,Enfield Trinity Church Hall,"Enfield Trinity Church Hall, Gentleman's Row, Enfield, EN2 6PT",,,Enfield,EN2 6PT,Monthly on the first Monday From 11:00 until 13:00 Monthly on the second Tuesday From 14:00 until 16:00 Monthly on the third Monday From 11:00 until 13:00 Monthly on the fourth Tuesday From 14:00 until 16:00 | Monthly on the first Monday From 11:00 until 13:00 | Monthly on the second Tuesday From 14:00 until 16:00 | Monthly on the third Monday From 11:00 until 13:00 | Monthly on the fourth Tuesday From 14:00 until 16:00,,,0344 225 3609 | 0808 800 0303,kprithwani@parkinsons.org.uk | hello@parkinsons.org.uk,,,Local Group Staff Contact | Parkinson’s UK Helpline,https://localsupport.parkinsons.org.uk/activity/enfield-group-meeting | https://localsupport.parkinsons.org.uk/activity/parkinsons-exercise-group-2
provider,Greenwich Support Group,https://localsupport.parkinsons.org.uk/provider/greenwich-support-group,"Our group offers friendship and support locally to people with Parkinson’s, their families and carers, contact us to find out more. For information and advice on Parkinson's, or for emotional support, call the Parkinson's UK helpline on 0808 800 0303",In-Person | Support | Exercise,Clockhouse Community Centre,"Clockhouse Community Centre, Defiance Walk, Woolwich, SE18 5QL",,,Woolwich,SE18 5QL,Monthly on the second Tuesday From 14:00 until 15:30,,,020 7963 3612 | 0808 800 0303,jwilliams@parkinsons.org.uk | hello@parkinsons.org.uk,,,Local Staff Contact | Parkinson's UK Helpline,https://localsupport.parkinsons.org.uk/activity/greenwich-group-meeting | https://localsupport.parkinsons.org.uk/activity/move-big-and-bold-eltham | https://localsupport.parkinsons.org.uk/activity/move-big-and-bold-woolwich
activity,London Working Age Parkinson's Meet Up - Hammersmith (Evening),https://localsupport.parkinsons.org.uk/activity/london-working-age-parkinsons-meet-hammersmith,"This is a group for people of working age affected by Parkinson's; it's an informal group with no fixed agendas. It's a safe space for people to meet others with Parkinson's and their carers, to share experiences and learn from each other. We meet up once a month, usually on the third Tuesday of each month from between 6pm and 8.30pm. Feel free to pop in on the day, or please email for further information or dates for the meet-up. Please note the December meeting venue has changed, please contact Rory for more information.",In-Person | Support,Riverside Studios Bar,"Riverside Studios Bar, 101 Queen Caroline Street, London, W6 9BN",101 Queen Caroline Street,,London,W6 9BN,Monthly on the third Tuesday From 18:00 until 20:30,No,Rory O'Neill,,roryoneill299@gmail.com,,,,
provider,Harrow Support Group,https://localsupport.parkinsons.org.uk/provider/harrow-support-group,"Our group offers friendship and support locally to people with Parkinson’s, their families and carers, contact us to find out more. For information and advice on Parkinson's, or for emotional support, call the Parkinson's UK helpline on 0808 800 0303",In-Person | Exercise | Support,"Methodist Church Hall, Wealdstone","Methodist Church Hall, Wealdstone, Montrose Road, Wealdstone, HA3 7ND",,,Wealdstone,HA3 7ND,Weekly every Tuesday From 13:30 until 14:30,,,0344 225 3609 | 0808 800 0303,kprithwani@parkinsons.org.uk | hello@parkinsons.org.uk,,,Local Group Staff Contact | Parkinson’s UK Helpline,https://localsupport.parkinsons.org.uk/activity/seated-exercise-class-6 | https://localsupport.parkinsons.org.uk/activity/parkinsons-harrow-carers-person-group
provider,Havering and District Branch,https://localsupport.parkinsons.org.uk/provider/havering-and-district-branch,"Our group offers friendship and support locally to people with Parkinson’s, their families and carers, contact us to find out more. For information and advice on Parkinson's, or for emotional support, call the Parkinson's UK helpline on 0808 800 0303",In-Person | Support,Langton Registry Office,"Langton Registry Office, Billet Lane, London, RM11 1XJ",,,London,RM11 1XJ,Get in touch for more information.,,,0344 225 3609 | 0808 800 0303,kprithwani@parkinsons.org.uk | hello@parkinsons.org.uk,,,Local Group Staff Contact | Parkinson’s UK Helpline,https://localsupport.parkinsons.org.uk/activity/havering-group-meeting
provider,Hillingdon Branch,https://localsupport.parkinsons.org.uk/provider/hillingdon-branch,"Our group offers friendship and support locally to people with Parkinson’s, their families and carers, contact us to find out more.For information and advice on Parkinson's, or for emotional support, call the Parkinson's UK helpline on 0808 800 0303 As well as the activities run by the branch, we signpost Working Age people to the Working Age Group Parkinson's Coffee Morning in Uxbridge.",In-Person | Support | Exercise,Christ Church Uxbridge,"Christ Church Uxbridge, Bailey Hall, Christ Church, Redford Way, Uxbridge, UB8 1SZ",,,Uxbridge,UB8 1SZ,Monthly on the last Wednesday From 14:00 until 16:00,,,0344 225 3609 | 0808 800 0303,kprithwani@parkinsons.org.uk | hello@parkinsons.org.uk,,,Local Group Staff Contact | Parkinson’s UK Helpline,https://localsupport.parkinsons.org.uk/activity/hillingdon-group-meeting | https://localsupport.parkinsons.org.uk/activity/tai-chi-parkinsons
provider,Kensington and Chelsea Support Group,https://localsupport.parkinsons.org.uk/provider/kensington-and-chelsea-support-group,"Our group offers friendship and support locally to people with Parkinson’s, their families and carers, contact us to find out more. For information and advice on Parkinson's, or for emotional support, call the Parkinson's UK helpline on 0808 800 0303",In-Person | Support | Virtual | Exercise,St Mary Abbots Centre Kensington,"St Mary Abbots Centre Kensington, Vicarage Gate, London, W8 4HN",,,London,W8 4HN,Get in touch for more information.,,,07831672919 | 0808 800 0303,kieran@kandc.parkinsonsuk.group | hello@parkinsons.org.uk,,,Contact | Parkinson’s UK Helpline,https://localsupport.parkinsons.org.uk/activity/kensington-and-chelsea-group-meeting | https://localsupport.parkinsons.org.uk/activity/coopers-arms-pub-lunch | https://localsupport.parkinsons.org.uk/activity/pilates-online
provider,Lewisham Branch,https://localsupport.parkinsons.org.uk/provider/lewisham-branch,"Our group offers friendship and support locally to people with Parkinson’s, their families and carers, contact us to find out more. For information and advice on Parkinson's, or for emotional support, call the Parkinson's UK helpline on 0808 800 0303",In-Person | Support | Exercise,St Mary's Centre Lewisham,"St Mary's Centre Lewisham, Ladywell Road, Lewisham, SE13 7UW",,,Lewisham,SE13 7UW,Monthly on the fourth Friday From 11:30 until 13:30,,,07957 751 252 | 0808 800 0303,juels2030@live.com | hello@parkinsons.org.uk,,,Branch Contact | Parkinson's UK Helpline,https://localsupport.parkinsons.org.uk/activity/lewisham-group-meeting | https://localsupport.parkinsons.org.uk/activity/tai-chi-lewisham
provider,London Central Branch,https://localsupport.parkinsons.org.uk/provider/london-central-branch,"Our group offers friendship and support locally to people with Parkinson’s, their families and carers, contact us to find out more. For information and advice on Parkinson's, or for emotional support, call the Parkinson's UK helpline on 0808 800 0303",In-Person | Support,St Thomas More Hall Swiss Cottage,"St Thomas More Hall Swiss Cottage, Maresfield Gardens, London, NW3 5SU",,,London,NW3 5SU,Monthly on the third Tuesday From 17:00 until 19:00,,,03442253609 | 0808 800 0303,kprithwani@parkinsons.org.uk | hello@parkinsons.org.uk,,,Local Group Staff Contact | Parkinson’s UK Helpline,https://localsupport.parkinsons.org.uk/activity/london-central-group-meeting
provider,Redbridge and Epping Forest Branch,https://localsupport.parkinsons.org.uk/provider/redbridge-and-epping-forest-branch,"Our group offers friendship and support locally to people with Parkinson’s, their families and carers, contact us to find out more. For information and advice on Parkinson's, or for emotional support, call the Parkinson's UK helpline on 0808 800 0303",In-Person | Exercise | Support | Wellbeing,Broadmead Baptist Church - Chigwell,"Broadmead Baptist Church - Chigwell, Chigwell Road, Woodford Green, IG8 8PE",,,Woodford Green,IG8 8PE,Monthly on the second Thursday From 11:00 until 13:00,,,03442253609 | 0808 800 0303,kprithwani@parkinsons.org.uk | hello@parkinsons.org.uk,,,Local Group Staff Contact | Parkinson’s UK Helpline,https://localsupport.parkinsons.org.uk/activity/redbridge-and-epping-forest-group-meeting | https://localsupport.parkinsons.org.uk/activity/easy-chair-exercise-chigwell | https://localsupport.parkinsons.org.uk/activity/singing-links-ilford
provider,Richmond and Hounslow East Support Group,https://localsupport.parkinsons.org.uk/provider/richmond-and-hounslow-east-support-group,"Our group offers friendship and support locally to people with Parkinson’s, their families and carers, contact us to find out more. For information and advice on Parkinson's, or for emotional support, call the Parkinson's UK helpline on 0808 800 0303",In-Person | Support | Exercise,White House (Hampton on Thames Community Association),"White House (Hampton on Thames Community Association), 45 The Avenue, Hampton, TW12 3RN",,,Hampton,TW12 3RN,Monthly on the first Wednesday From 14:00 until 15:00,,,03442253609 | 0808 800 0303,kprithwani@parkinsons.org.uk | hello@parkinsons.org.uk,,,Local Group Staff Contact | Parkinson’s UK Helpline,https://localsupport.parkinsons.org.uk/activity/richmond-and-hounslow-group-meeting | https://localsupport.parkinsons.org.uk/activity/richmond-and-hounslow-exercise-class
provider,SLYPN Activity Group,https://localsupport.parkinsons.org.uk/provider/slypn-activity-group,"Our group offers friendship and support locally to people with Parkinson’s, their families and carers, contact us to find out more. For information and advice on Parkinson's, or for emotional support, call the Parkinson's UK helpline on 0808 800 0303",In-Person | Support,Riverside Terrace Cafe,"Riverside Terrace Cafe, Southbank Centre, London, SE1 8XX",,,London,SE1 8XX,Monthly on the last Saturday From 10:00 until 12:00,,,020 7963 3612 | 0808 800 0303,jwilliams@parkinsons.org.uk | hello@parkinsons.org.uk,,,Local Staff Contact | Parkinson's UK Helpline,https://localsupport.parkinsons.org.uk/activity/slypn-monthly-coffee-meets
provider,Southwark and Lambeth Support Group,https://localsupport.parkinsons.org.uk/provider/southwark-and-lambeth-support-group,"Our group offers friendship and support locally to people with Parkinson’s, their families and carers, contact us to find out more. For information and advice on Parkinson's, or for emotional support, call the Parkinson's UK helpline on 0808 800 0303",In-Person | Support,Southwark & Lambeth Monthly Social Gathering,"Southwark & Lambeth Monthly Social Gathering, Fox on the Hill - Public House, Camberwell, SE5 8EH",,,Camberwell,SE5 8EH,Monthly on the last Wednesday From 12:30 until 14:30,,,020 7963 3612 | 0808 800 0303,lambethsouthwarkparkinsons@gmail.com | hello@parkinsons.org.uk,,,Group Contact | Parkinson's UK Helpline,https://localsupport.parkinsons.org.uk/activity/monthly-meet-camberwell | https://localsupport.parkinsons.org.uk/activity/streatham-parkinsons-cafe
provider,"Sutton, Kingston, Epsom and Merton Branch",https://localsupport.parkinsons.org.uk/provider/sutton-kingston-and-epsom-branch,"Our group offers friendship and support locally to people with Parkinson’s, their families and carers, contact us to find out more.For information and advice on Parkinson's, or for emotional support, call the Parkinson's UK helpline on 0808 800 0303",In-Person | Support | Wellbeing | Virtual | Exercise,St John’s Church,"St John’s Church, Northdown Road, Sutton, SM2 6DY",,,Sutton,SM2 6DY,Monthly on the first Wednesday From 14:30 until 17:00,,,020 7963 3612 | 0808 800 0303,jwilliams@parkinsons.org.uk | hello@parkinsons.org.uk,,,Local Staff Contact | Parkinson's UK Helpline,https://localsupport.parkinsons.org.uk/activity/sutton-kingston-epsom-and-merton-group-meeting | https://localsupport.parkinsons.org.uk/activity/ewell-singing-group | https://localsupport.parkinsons.org.uk/activity/pd-fit-kingston-online
provider,Waltham Forest Support Group,https://localsupport.parkinsons.org.uk/provider/waltham-forest-support-group,"Our group offers friendship and support locally to people with Parkinson’s, their families and carers, contact us to find out more. For information and advice on Parkinson's, or for emotional support, call the Parkinson's UK helpline on 0808 800 0303",In-Person | Support | Wellbeing,Winchester Road Methodist Church - Highams Park,"Winchester Road Methodist Church - Highams Park, 82 Winchester Road, London, E4 9JP",,,London,E4 9JP,Monthly on the second Tuesday From 11:00 until 13:00,,,03442253609 | 0808 800 0303,kprithwani@parkinsons.org.uk | hello@parkinsons.org.uk,,,Local Group Staff Contact | Parkinson’s UK Helpline,https://localsupport.parkinsons.org.uk/activity/waltham-forest-group-meeting | https://localsupport.parkinsons.org.uk/activity/complementary-therapy-group
provider,Alton Support Group,https://localsupport.parkinsons.org.uk/provider/alton-support-group,"Our group offers friendship and support locally to people with Parkinson’s, their families and carers, contact us to find out more. For information and advice on Parkinson's, or for emotional support, call the Parkinson's UK helpline on 0808 800 0303",In-Person | Support,Alton Assembly Rooms,"Alton Assembly Rooms, High Street, Alton, GU34 1BA",,,Alton,GU34 1BA,Monthly on the third Wednesday From 14:00 until 16:00,,,0344 225 3744 | 0808 800 0303,jltaylor@parkinsons.org.uk | hello@parkinsons.org.uk,,,Local Group Staff Contact | Parkinson’s UK Helpline,https://localsupport.parkinsons.org.uk/activity/alton-group-meeting
provider,Amersham and High Wycombe Branch,https://localsupport.parkinsons.org.uk/provider/amersham-and-high-wycombe-branch,"Our group offers friendship and support locally to people with Parkinson’s, their families and carers, contact us to find out more. For information and advice on Parkinson's, or for emotional support, call the Parkinson's UK helpline on 0808 800 0303",In-Person | Support | Wellbeing,Alfred Ellis Hall - Amersham,"Alfred Ellis Hall - Amersham, Amersham Free Church, Amersham, HP6 6AJ",,,Amersham,HP6 6AJ,Monthly on the second Wednesday From 14:00 until 15:30,,,0808 800 0303,stephen.davies@parkinsonsahw.org.uk | hello@parkinsons.org.uk,,,Contact | Parkinson’s UK Helpline,https://localsupport.parkinsons.org.uk/activity/amersham-and-high-wycombe-group-meeting | https://localsupport.parkinsons.org.uk/activity/amersham-parkinsons-cafe | https://localsupport.parkinsons.org.uk/activity/warblers-singing-group-amersham
provider,Ashford Activity Group,https://localsupport.parkinsons.org.uk/provider/ashford-activity-group,"Our group offers friendship and support locally to people with Parkinson’s, their families and carers, contact us to find out more. For information and advice on Parkinson's, or for emotional support, call the Parkinson's UK helpline on 0808 800 0303",In-Person | Support | Wellbeing,Repton Connect Community Centre,"Repton Connect Community Centre, Repton Avenue, Ashford, TN23 3RX",,,Ashford,TN23 3RX,Monthly on the first Wednesday From 14:00 until 16:00,,,0808 800 0303 | 01580 764046,hello@parkinsons.org.uk | mim.londonbeach@gmail.com,,,Parkinson’s UK Helpline | Contact,https://localsupport.parkinsons.org.uk/activity/ashford-group-meeting | https://localsupport.parkinsons.org.uk/activity/parkinsons-cafe-tenterden | https://localsupport.parkinsons.org.uk/activity/ashford-singing-group-music4wellbeing
provider,Aylesbury Branch,https://localsupport.parkinsons.org.uk/provider/aylesbury-branch,"Our group offers friendship and support locally to people with Parkinson’s, their families and carers, contact us to find out more. For information and advice on Parkinson's, or for emotional support, call the Parkinson's UK helpline on 0808 800 0303",In-Person | Support,Watermead Village Hall,"Watermead Village Hall, Watermead, Aylesbury, HP19 0FX",,,Aylesbury,HP19 0FX,Monthly on the third Saturday From 11:00 until 13:00,,,0808 800 0303,zsole@parkinsons.org.uk | hello@parkinsons.org.uk,,,Local Group Staff Contact | Parkinson’s UK Helpline,https://localsupport.parkinsons.org.uk/activity/aylesbury-group-meeting | https://localsupport.parkinsons.org.uk/activity/aylesbury-parkinsons-cafe-village-retreat-cafe | https://localsupport.parkinsons.org.uk/activity/aylesbury-parkinsons-cafe-starbucks
provider,Banbury Branch,https://localsupport.parkinsons.org.uk/provider/Banbury-branch,"Our group offers friendship and support locally to people with Parkinson’s, their families and carers, contact us to find out more. For information and advice on Parkinson's, or for emotional support, call the Parkinson's UK helpline on 0808 800 0303",In-Person | Support | Wellbeing,Royal Voluntary Service,"Royal Voluntary Service, Cornhill Centre, Banbury, OX16 5NT",,,Banbury,OX16 5NT,Monthly on the third Wednesday From 15:00 until 16:30,,,0808 800 0303,zsole@parkinsons.org.uk | hello@parkinsons.org.uk,,,Contact,https://localsupport.parkinsons.org.uk/activity/banbury-activityinterest-group | https://localsupport.parkinsons.org.uk/activity/sing-parkinsons | https://localsupport.parkinsons.org.uk/activity/banbury-coffee-and-chat
provider,Berkshire Working Age Parkinson's Group,https://localsupport.parkinsons.org.uk/provider/berkshire-working-age-parkinsons-group,"Our group offers friendship and support locally to people with Parkinson’s, their families and carers, contact us to find out more. For information and advice on Parkinson's, or for emotional support, call the Parkinson's UK helpline on 0808 800 0303",In-Person | Support,Get in touch for venue details,"Get in touch for venue details, Various venues, RG5 3LW",,,Various venues,RG5 3LW,Monthly on the third Thursday From 19:00 until 20:30,,,0808 800 0303,hello@parkinsons.org.uk,,,Parkinson’s UK Helpline,https://localsupport.parkinsons.org.uk/activity/berkshire-working-age-meet
provider,Bracknell and District Branch,https://localsupport.parkinsons.org.uk/provider/bracknell-and-district-branch,"Our group offers friendship and support locally to people with Parkinson’s, their families and carers, contact us to find out more. For information and advice on Parkinson's, or for emotional support, call the Parkinson's UK helpline on 0808 800 0303",In-Person | Support | Exercise,Edmonds Court Bracknell,"Edmonds Court Bracknell, Sandy Lane, Bracknell, RG12 2HP",,,Bracknell,RG12 2HP,Monthly on the second Monday From 19:30 until 21:00,,,0808 800 0303,zsole@parkinsons.org.uk | hello@parkinsons.org.uk,,,Local Group Staff Contact | Parkinson’s UK Helpline,https://localsupport.parkinsons.org.uk/activity/bracknell-group-meeting | https://localsupport.parkinsons.org.uk/activity/carers-get-together-physio | https://localsupport.parkinsons.org.uk/activity/dynamic-exercise-class
provider,Brighton and Hove Support Group,https://localsupport.parkinsons.org.uk/provider/brighton-and-hove-support-group,"Our group offers friendship and support locally to people with Parkinson’s, their families and carers, contact us to find out more. For information and advice on Parkinson's, or for emotional support, call the Parkinson's UK helpline on 0808 800 0303",In-Person | Support | Exercise,The Sportsman Pub,"The Sportsman Pub, Withdean Sports Complex, Brighton, BN1 5JD",,,Brighton,BN1 5JD,Monthly on the first Tuesday From 10:30 until 12:00,,,07825 650672 | 0808 800 0303,parkinsonsbrighton@gmail.com | hello@parkinsons.org.uk,,,Contact | Parkinson’s UK Helpline,https://localsupport.parkinsons.org.uk/activity/brighton-and-hove-group-social-meeting | https://localsupport.parkinsons.org.uk/activity/physio-led-exercise-class | https://localsupport.parkinsons.org.uk/activity/parkinsons-walking-football-brighton-hove
provider,Canterbury and District Branch,https://localsupport.parkinsons.org.uk/provider/canterbury-and-district-branch,"Our group offers friendship and support locally to people with Parkinson’s, their families and carers, contact us to find out more. For information and advice on Parkinson's, or for emotional support, call the Parkinson's UK helpline on 0808 800 0303",In-Person | Exercise | Support,Riverside Church Whitstable,"Renaissance Fitness and Wellbeing Centre Canterbury, 41 Dover Street, Canterbury, CT1 3HQ",,,Canterbury,CT1 3HQ,Monthly on the third Monday From 14:00 until 16:00,,,01227 760772 | 0808 800 0303,kenandmarion2@talktalk.net | hello@parkinsons.org.uk,,,Contact | Parkinson’s UK Helpline,https://localsupport.parkinsons.org.uk/activity/whitstable-afternoon-tea-group-meeting | https://localsupport.parkinsons.org.uk/activity/gentle-gym | https://localsupport.parkinsons.org.uk/activity/strode-park-coffee-morning
provider,Chichester and Bognor Regis Branch,https://localsupport.parkinsons.org.uk/provider/chichester-and-bognor-regis-branch,"Our group offers friendship and support locally to people with Parkinson’s, their families and carers, contact us to find out more. For information and advice on Parkinson's, or for emotional support, call the Parkinson's UK helpline on 0808 800 0303",In-Person | Support | Wellbeing,"The Newell Centre, Chichester","The Newell Centre, Chichester, Tozer Way, Chichester, PO19 7LG",,,Chichester,PO19 7LG,Monthly on the third Monday From 14:00 until 16:00,,,0344 225 3744 | 0808 800 0303,jltaylor@parkinsons.org.uk | hello@parkinsons.org.uk,,,Local Group Staff Contact | Parkinson’s UK Helpline,https://localsupport.parkinsons.org.uk/activity/chichester-group-meeting | https://localsupport.parkinsons.org.uk/activity/bognor-regis-group-meeting | https://localsupport.parkinsons.org.uk/activity/trillers-singing-group
provider,Cosham Support Group,https://localsupport.parkinsons.org.uk/provider/cosham-support-group,"Our group offers friendship and support locally to people with Parkinson’s, their families and carers, contact us to find out more. For information and advice on Parkinson's, or for emotional support, call the Parkinson's UK helpline on 0808 800 0303",In-Person | Support,Cosham Community Centre,"Cosham Community Centre, Wootton Street, Cosham, PO6 3AP",,,Cosham,PO6 3AP,Monthly on the second Wednesday From 10:00 until 12:00 Monthly on the fourth Wednesday From 10:00 until 12:00 | Monthly on the second Wednesday From 10:00 until 12:00 | Monthly on the fourth Wednesday From 10:00 until 12:00,,,07726 689 394 | 0808 800 0303,sally@sgl3.co.uk | hello@parkinsons.org.uk,,,Contact | Parkinson’s UK Helpline,https://localsupport.parkinsons.org.uk/activity/cosham-group-meeting
provider,Crawley and East Grinstead Branch,https://localsupport.parkinsons.org.uk/provider/crawley-and-east-grinstead-branch,"Our group offers friendship and support locally to people with Parkinson’s, their families and carers, contact us to find out more. For information and advice on Parkinson's, or for emotional support, call the Parkinson's UK helpline on 0808 800 0303",In-Person | Support | Exercise,The Haven Centre Crawley,"The Haven Centre Crawley, Hophurst Lane, Crawley, RH10 4LJ",,,Crawley,RH10 4LJ,Monthly on the first Wednesday From 11:00 until 13:00,,,0344 225 3744 | 0808 800 0303,jltaylor@parkinsons.org.uk | hello@parkinsons.org.uk,,,Local Group Staff Contact | Parkinson’s UK Helpline,https://localsupport.parkinsons.org.uk/activity/crawley-down-group-meeting | https://localsupport.parkinsons.org.uk/activity/seated-exercise-0 | https://localsupport.parkinsons.org.uk/activity/crawley-group-meeting
provider,Crowborough Support Group,https://localsupport.parkinsons.org.uk/provider/crowborough-support-group,"Our group offers friendship and support locally to people with Parkinson’s, their families and carers, contact us to find out more. For information and advice on Parkinson's, or for emotional support, call the Parkinson's UK helpline on 0808 800 0303",In-Person | Support | Exercise,Crowborough Rugby Club,"Crowborough Rugby Club, Steel Cross, Crowborough, TN6 2XB",,,Crowborough,TN6 2XB,Get in touch for more information.,,,07702 173 940 | 0808 800 0303,judith.donald1@btinternet.com | hello@parkinsons.org.uk,,,Contact | Parkinson’s UK Helpline,https://localsupport.parkinsons.org.uk/activity/crowborough-social-group-meeting | https://localsupport.parkinsons.org.uk/activity/exercise-class-5
provider,Dover Branch,https://localsupport.parkinsons.org.uk/provider/dover-branch,"Our group offers friendship and support locally to people with Parkinson’s, their families and carers, contact us to find out more. For information and advice on Parkinson's, or for emotional support, call the Parkinson's UK helpline on 0808 800 0303",In-Person | Wellbeing | Support | Exercise,Whitfield Village Hall - Dover,"Whitfield Village Hall - Dover, Sandwich Road, Dover, CT16 3LY",,,Dover,CT16 3LY,Monthly on the third Wednesday From 10:30 until 12:00,,,0808 800 0303,hello@parkinsons.org.uk | localnetworks@parkinsons.org.uk,,,Parkinson’s UK Helpline | Contact,https://localsupport.parkinsons.org.uk/activity/dover-group-meeting | https://localsupport.parkinsons.org.uk/activity/singing-and-voice-exercises-music4wellbeing | https://localsupport.parkinsons.org.uk/activity/seated-parkinsons-exercise
provider,Eastbourne Branch,https://localsupport.parkinsons.org.uk/provider/eastbourne-branch,"Our group offers friendship and support locally to people with Parkinson’s, their families and carers, contact us to find out more. For information and advice on Parkinson's, or for emotional support, call the Parkinson's UK helpline on 0808 800 0303",In-Person | Support | Wellbeing,Christ The King Roman Catholic Church Eastbourne,"Christ The King Roman Catholic Church Eastbourne, Princes Road, Eastbourne, BN23 6HT",,,Eastbourne,BN23 6HT,Monthly on the fourth Tuesday From 14:00 until 16:00,,,020 7963 3842 | 0808 800 0303,ebienz@parkinsons.org.uk | hello@parkinsons.org.uk,,,Local Group Staff Contact | Parkinson’s UK Helpline,https://localsupport.parkinsons.org.uk/activity/eastbourne-group-social-meeting | https://localsupport.parkinsons.org.uk/activity/hydrotherapy-eastbourne | https://localsupport.parkinsons.org.uk/activity/eastbourne-singing-group
provider,"Fareham, Gosport and Districts Branch",https://localsupport.parkinsons.org.uk/provider/fareham-gosport-and-districts-branch,"Our group offers friendship and support locally to people with Parkinson’s, their families and carers, contact us to find out more. For information and advice on Parkinson's, or for emotional support, call the Parkinson's UK helpline on 0808 800 0303",In-Person | Support | Exercise,Crofton Community Centre Stubbington,"Crofton Community Centre Stubbington, Stubbington Lane, Stubbington, PO14 2PP",,,Stubbington,PO14 2PP,Monthly on the first Wednesday From 14:00 until 16:00 Monthly on the third Wednesday From 14:00 until 16:00 | Monthly on the first Wednesday From 14:00 until 16:00 | Monthly on the third Wednesday From 14:00 until 16:00,,,0344 225 3744 | 0808 800 0303,jltaylor@parkinsons.org.uk | hello@parkinsons.org.uk,,,Local Group Staff Contact | Parkinson’s UK Helpline,https://localsupport.parkinsons.org.uk/activity/fareham-gosport-districts-branch-social-meeting | https://localsupport.parkinsons.org.uk/activity/fareham-gosport-and-districts-branch-exercise-sessions
provider,Farnborough and District Branch,https://localsupport.parkinsons.org.uk/provider/farnborough-and-district-branch,"Our group offers friendship and support locally to people with Parkinson’s, their families and carers, contact us to find out more. For information and advice on Parkinson's, or for emotional support, call the Parkinson's UK helpline on 0808 800 0303",In-Person | Support | Exercise,Crookham Social Club,"Crookham Social Club, The Street, Fleet, GU51 5SJ",,,Fleet,GU51 5SJ,Monthly on the third Monday From 10:30 until 12:00,,,0344 225 3744 | 0808 800 0303,jltaylor@parkinsons.org.uk | hello@parkinsons.org.uk,,,Local Group Staff Contact | Parkinson’s UK Helpline,https://localsupport.parkinsons.org.uk/activity/farnborough-group-meeting | https://localsupport.parkinsons.org.uk/activity/chair-pilates | https://localsupport.parkinsons.org.uk/activity/parkinsons-cafe-lake-house-cafe
provider,Gravesend Support Group,https://localsupport.parkinsons.org.uk/provider/gravesend-support-group,"Our group offers friendship and support locally to people with Parkinson’s, their families and carers, contact us to find out more. For information and advice on Parkinson's, or for emotional support, call the Parkinson's UK helpline on 0808 800 0303",In-Person | Support,Chalk Parish Hall Gravesend,"Chalk Parish Hall Gravesend, 16 Chalk Road, Gravesend, DA12 4UY",,,Gravesend,DA12 4UY,Monthly on the last Monday From 14:00 until 16:00,,,0808 800 0303,hello@parkinsons.org.uk | localnetworks@parkinsons.org.uk,,,Parkinson’s UK Helpline | Contact,https://localsupport.parkinsons.org.uk/activity/gravesend-group-meeting
provider,Guildford and South Surrey Branch,https://localsupport.parkinsons.org.uk/provider/guildford-and-south-surrey-branch,"Our branch has over 350 members. They are mainly people who have Parkinson's, but our membership also includes carers, families, and friends. We keep in touch by post, email, and our website: www.guildfordparkinsons.org.uk. Members can take part in numerous activities, from exercise, dance, singing and speech maintenance classes, to outings, fundraising events, meetings and social gatherings. To become a member, please complete the online form on the branch membership page of our website. Every third Wednesday of each month we meet at the Squirrel Inn, Godalming, from 7.00 pm. Most members order something to eat as there is a varied menu from which to order a meal or a dessert and coffee. Formerly called the Working Age Group (WAG) this group is now known as the Friendship Group. Anyone is welcome to attend this informal get-together. For more details visit https://www.guildfordparkinsons.org.uk/social-activities/wednesday-evening-social-meetings/ Our monthly branch social meetings are an informal get-together. Afternoon social meetings, often with a guest speaker, are held on the last Tuesday of each month and all branch members, their partners, carers or family members are welcome to attend. For more details visit https://www.guildfordparkinsons.org.uk/social-activities/tuesday-afternoon-social-meetings/ A social meeting for the newly diagnosed aims to provide support for people with Parkinson’s at a sensitive time in their lives. These Recently Diagnosed gatherings are held in-person. For more details visit https://www.guildfordparkinsons.org.uk/social-activities/recently-diagnosed-social-meetings/ Details of groups, meetings, gatherings and events also appear in “The Park"", our free newsletter which is issued three times a year. You can download recent issues, or subscribe here",In-Person | Support | Exercise,Shalford Village Upper Hall,"Shalford Village Upper Hall, Kings Road, Guildford, GU4 8BQ",,,Guildford,GU4 8BQ,Monthly on the last Tuesday From 14:00 until 16:00,,,020 7963 3777 | 0808 800 0303,zsole@parkinsons.org.uk | hello@parkinsons.org.uk,,,Local Group Staff Contact | Parkinson’s UK Helpline,https://localsupport.parkinsons.org.uk/activity/guildford-group-meeting | https://localsupport.parkinsons.org.uk/activity/guildford-parkinsons-friendship-group | https://localsupport.parkinsons.org.uk/activity/pilatespacet-classes
provider,Hailsham Branch,https://localsupport.parkinsons.org.uk/provider/hailsham-branch,"Our group offers friendship and support locally to people with Parkinson’s, their families and carers, contact us to find out more. For information and advice on Parkinson's, or for emotional support, call the Parkinson's UK helpline on 0808 800 0303",In-Person | Support | Wellbeing,James West Community Centre,"James West Community Centre, Brunel Dr, Hailsham, BN27 3UB",,,Hailsham,BN27 3UB,Monthly on the last Friday From 13:30 until 15:30,,,020 7963 3842 | 0808 800 0303,ebienz@parkinsons.org.uk | hello@parkinsons.org.uk,,,Local Group Staff Contact | Parkinson’s UK Helpline,https://localsupport.parkinsons.org.uk/activity/hailsham-group-meeting | https://localsupport.parkinsons.org.uk/activity/hailsham-singing-group | https://localsupport.parkinsons.org.uk/activity/carers-group-hailsham
provider,Hastings and Bexhill Group,https://localsupport.parkinsons.org.uk/provider/hastings-and-bexhill-group,"Our group offers friendship and support locally to people with Parkinson’s, their families and carers, contact us to find out more. For information and advice on Parkinson's, or for emotional support, call the Parkinson's UK helpline on 0808 800 0303",In-Person | Wellbeing | Exercise | Support,The Wheatsheaf Inn,"St John the Evangelist Church, Saint Leonards-on-Sea, Brittany Road, Saint Leonards-on-Sea, TN38 0RD",,,Saint Leonards-on-Sea,TN38 0RD,Monthly on the third Wednesday From 14:00 until 16:00,,,020 7963 3842 | 0808 800 0303,ebienz@parkinsons.org.uk | hello@parkinsons.org.uk,,,Local Group Staff Contact | Parkinson’s UK Helpline,https://localsupport.parkinsons.org.uk/activity/bexhill-parkinsons-cafe | https://localsupport.parkinsons.org.uk/activity/parkinsongsters-0 | https://localsupport.parkinsons.org.uk/activity/seated-exercise-class-bexhill
provider,Henley Branch,https://localsupport.parkinsons.org.uk/provider/henley-branch,"Our group offers friendship and support locally to people with Parkinson’s, their families and carers, contact us to find out more. For information and advice on Parkinson's, or for emotional support, call the Parkinson's UK helpline on 0808 800 0303",In-Person | Support | Exercise,Christ Church Centre Henley on Thames,"Christ Church Centre Henley on Thames, 46 Reading Road, Henley on Thames, RG9 1AG",,,Henley on Thames,RG9 1AG,Monthly on the fourth Wednesday From 10:30 until 12:30,,,020 7963 3777 | 0808 800 0303,zsole@parkinsons.org.uk | hello@parkinsons.org.uk,,,Local Group Staff Contact | Parkinson’s UK Helpline,https://localsupport.parkinsons.org.uk/activity/henley-group-meeting | https://localsupport.parkinsons.org.uk/activity/exercise-class-7 | https://localsupport.parkinsons.org.uk/activity/henley-early-onset-and-active-group
provider,Horsham and District Branch,https://localsupport.parkinsons.org.uk/provider/horsham-and-district-branch,"For more information about our group, contact us or visit our website: https://horsham.parkinsonsuk.group/ Our local group offers friendship and support to people with Parkinson’s, their families, and carers. For information and advice on Parkinson’s, or emotional support, call the Parkinson’s UK helpline on 0808 800 0303. Our branch organizes various popular activities four days a week, almost every week of the year. We believe that keeping moving is crucial in Parkinson’s to slow its progression and enhance overall quality of life. It’s essential to find activities that suit your interests, are enjoyable, and supervised by specialists in the specific activity to maximize benefits and minimize the risk of injury. We’ve categorized our activities into three intensity levels: high, medium, and low. For more details, visit our website. Each activity is associated with a contact point. We provide information and timings for these activities, and we also have an online calendar to keep you updated on what’s happening. We recognise the importance of socialisation and problem-solving for individuals with Parkinson’s. We offer two types of meetings: a branch meeting where we invite speakers to discuss various topics, and a working-age group social meeting held in a pub. This latter meeting provides a more informal setting for confidential conversations with other Parkinson’s-affected individuals. For more information, visit our website. Our branch is supported by a team of friendly volunteers, but we always welcome others who would like to contribute. In addition to our local activities, we fundraise to support local activities, research, Parkinson’s nurses, and other services. If you’re interested in helping, please get in touch.",In-Person | Support,Mannings Heath Village Hall,"Mannings Heath Village Hall, Goldings Lane, Horsham, RH13 6JU",,,Horsham,RH13 6JU,Monthly on the first Friday,,,0344 225 3744 | 0808 800 0303,jltaylor@parkinsons.org.uk | hello@parkinsons.org.uk,,,Local Group Staff Contact | Parkinson’s UK Helpline,https://localsupport.parkinsons.org.uk/activity/horsham-and-district-group-meeting
provider,Isle of Wight Branch,https://localsupport.parkinsons.org.uk/provider/isle-wight-branch,"Our group offers friendship and support locally to people with Parkinson’s, their families and carers, contact us to find out more. We organise a monthly pub meal around the island. Trips, excursions and holidays are also arranged to mainland destinations, please contact Alan for a list. For information and advice on Parkinson's, or for emotional support, call the Parkinson's UK helpline on 0808 800 0303",In-Person | Support | Exercise,Newclose County Cricket Ground,"Newclose County Cricket Ground, Blackwater Rd, Newport, PO30 3BE",,,Newport,PO30 3BE,Monthly on the first Monday From 10:00 until 12:00,,,07542 032 078 | 0808 800 0303,hello@parkinsons.org.uk,,,Contact | Parkinson’s UK Helpline,https://localsupport.parkinsons.org.uk/activity/isle-wight-group-meeting | https://localsupport.parkinsons.org.uk/activity/parkinsons-uk-isle-wight-branch-exercise-class | https://localsupport.parkinsons.org.uk/activity/working-age-group
provider,Lewes and District Support Group,https://localsupport.parkinsons.org.uk/provider/lewes-support-group,"A friendly and welcoming group covering Lewes and outlying villages, Seaford, Newhaven and Peacehaven. Go to the bottom of this page and click More info to find out more about our regular activities. Contact us to see what else we are up to! We'd love to see you at one of our events, and welcome your friends and supporters to join us too. Please use the links below to find out more about other activities we run in partnership with third party organisations: Parkinson's Exercise Class, Seaford Parkinson's Table Tennis, Seaford",In-Person | Exercise | Wellbeing | Support,"Drop-in Cafe at The View, Seaford","Cliffe Hall Lewes, 23 Cliffe High Street, Lewes, BN7 2AH",,,Lewes,BN7 2AH,Monthly on the second Wednesday From 10:00 until 11:30,,,020 7963 3842 | 0808 800 0303,ebienz@parkinsons.org.uk | hello@parkinsons.org.uk,,,Local Group Staff Contact | Parkinson’s UK Helpline,https://localsupport.parkinsons.org.uk/activity/drop-cafe | https://localsupport.parkinsons.org.uk/activity/exercise-classes-lewes | https://localsupport.parkinsons.org.uk/activity/singing-group-tremorlos
provider,Maidstone Branch,https://localsupport.parkinsons.org.uk/provider/maidstone-branch,"Our group offers friendship and support locally to people with Parkinson’s, their families and carers, contact us to find out more. For information and advice on Parkinson's, or for emotional support, call the Parkinson's UK helpline on 0808 800 0303",In-Person | Support | Exercise,Maidstone Hockey Club,"Maidstone Hockey Club, Armstrong Road, Maidstone, ME15 6AZ",,,Maidstone,ME15 6AZ,Monthly on the first Thursday From 14:30 until 16:30,,,01622 859608 | 0808 800 0303,thistlethwaite1ar@btinternet.com | hello@parkinsons.org.uk,,,Contact | Parkinson’s UK Helpline,https://localsupport.parkinsons.org.uk/activity/maidstone-group-meeting | https://localsupport.parkinsons.org.uk/activity/carers-coffee-meeting-monday | https://localsupport.parkinsons.org.uk/activity/exercise-session
provider,Medway Towns Branch,https://localsupport.parkinsons.org.uk/provider/medway-towns-branch,"Our group offers friendship and support locally to people with Parkinson’s, their families and carers, contact us to find out more. For information and advice on Parkinson's, or for emotional support, call the Parkinson's UK helpline on 0808 800 0303",In-Person | Support | Exercise | Wellbeing,St Stephen's Church Chatham,"St Stephen's Church Chatham, Maidstone Road, Chatham, ME4 6JE",,,Chatham,ME4 6JE,Monthly on the fourth Saturday From 10:30 until 15:30,,,0808 800 0303 | 01634 685493,hello@parkinsons.org.uk | swanny3@virginmedia.com,,,Parkinson’s UK Helpline | Contact,https://localsupport.parkinsons.org.uk/activity/medway-towns-group-meeting | https://localsupport.parkinsons.org.uk/activity/parkinsons-gentle-exercise-classes | https://localsupport.parkinsons.org.uk/activity/singing-and-vocal-exercise-group-music4wellbeing-chatham
provider,Mid Sussex Branch,https://localsupport.parkinsons.org.uk/provider/mid-sussex-branch,"Our group offers friendship and support locally to people with Parkinson’s, their families and carers, contact us to find out more. For information and advice on Parkinson's, or for emotional support, call the Parkinson's UK helpline on 0808 800 0303",In-Person | Support | Exercise,Wivelsfield Green Village Hall,"Wivelsfield Green Village Hall, Eastern Road, Wivelsfield, RH17 7QG",,,Wivelsfield,RH17 7QG,Monthly on the third Friday From 14:30 until 16:30,,,07976 753 272 | 0808 800 0303,hello@parkinsons.org.uk,,,Contact | Parkinson’s UK Helpline,https://localsupport.parkinsons.org.uk/activity/mid-sussex-group-meeting | https://localsupport.parkinsons.org.uk/activity/fit4life-exercise-classes | https://localsupport.parkinsons.org.uk/activity/movement-music-0
provider,Milton Keynes Support Group,https://localsupport.parkinsons.org.uk/provider/milton-keynes-support-group,"Our group offers friendship and support locally to people with Parkinson’s, their families and carers, contact us to find out more. Find us on Facebook, here: https://www.facebook.com/groups/271879162086690/For information and advice on Parkinson's, or for emotional support, call the Parkinson's UK helpline on 0808 800 0303",In-Person | Support | Exercise,Centrecom Ltd,"Centrecom Ltd, 602 North Row, Milton Keynes, MK9 3BJ",,,Milton Keynes,MK9 3BJ,Monthly on the last Wednesday From 14:00 until 15:30,,,0344 225 3744 | 0808 800 0303,zsole@parkinsons.org.uk | hello@parkinsons.org.uk,,,Local Group Staff Contact | Parkinson’s UK Helpline,https://localsupport.parkinsons.org.uk/activity/milton-keynes-support-group-daytime-meet | https://localsupport.parkinsons.org.uk/activity/milton-keynes-support-group-evening-meet | https://localsupport.parkinsons.org.uk/activity/boxercise
provider,New Forest Branch,https://localsupport.parkinsons.org.uk/provider/new-forest-branch,"Our group offers friendship and support locally to people with Parkinson’s, their families and carers, contact us to find out more. For information and advice on Parkinson's, or for emotional support, call the Parkinson's UK helpline on 0808 800 0303",In-Person | Support,Boldre Memorial Hall Pilley,"Boldre Memorial Hall Pilley, Pilley Street, Pilley, SO41 5QG",,,Pilley,SO41 5QG,Monthly on the third Thursday From 14:00 until 16:00,,,0344 225 3744 | 0808 800 0303,jltaylor@parkinsons.org.uk | hello@parkinsons.org.uk,,,Local Group Staff Contact | Parkinson’s UK Helpline,https://localsupport.parkinsons.org.uk/activity/new-forest-group-meeting | https://localsupport.parkinsons.org.uk/activity/coffee-morning-new-forest-branch | https://localsupport.parkinsons.org.uk/activity/parkinsons-friendly-cinema-shows
provider,Oxford and District Branch,https://localsupport.parkinsons.org.uk/provider/oxford-and-district-branch,"Our group offers friendship and support locally to people with Parkinson’s, their families and carers, contact us to find out more.For information and advice on Parkinson's, or for emotional support, call the Parkinson's UK helpline on 0808 800 0303 You are welcome to visit our website for more information about our group just click on the website button.",In-Person | Exercise | Support,Dean Court Community Centre Oxford,"Seacourt Hall, 3 Church Way, Oxford, OX2 9TH",,,Oxford,OX2 9TH,Monthly on the first Tuesday From 13:30 until 15:30,,,0300 772 7003 | 0808 800 0303,info@oxfordparkinsons.org.uk | hello@parkinsons.org.uk,,,Contact | Parkinson’s UK Helpline,https://localsupport.parkinsons.org.uk/activity/oxford-group-meeting | https://localsupport.parkinsons.org.uk/activity/big-bold-and-balance-seacourt-hall | https://localsupport.parkinsons.org.uk/activity/oxford-working-age-group
provider,Portsmouth Working Age Group,https://localsupport.parkinsons.org.uk/provider/portsmouth-working-age-group,"Our group offers friendship and support locally to people with Parkinson’s, their families and carers, contact us to find out more. For information and advice on Parkinson's, or for emotional support, call the Parkinson's UK helpline on 0808 800 0303",In-Person | Exercise,Mountbatten Centre - Portsmouth,"Mountbatten Centre - Portsmouth, Alexandra Park, Portsmouth, PO2 9QA",,,Portsmouth,PO2 9QA,Weekly every Friday From 10:00 until 12:00,,,0344 225 3744 | 0808 800 0303,jltaylor@parkinsons.org.uk | hello@parkinsons.org.uk,,,Local Group Staff Contact | Parkinson’s UK Helpline,https://localsupport.parkinsons.org.uk/activity/gym-sessions-and-carers-catch | https://localsupport.parkinsons.org.uk/activity/water-aerobics
provider,Reading Branch,https://localsupport.parkinsons.org.uk/provider/reading-branch,"Our group offers friendship and support locally to people with Parkinson’s, their families and carers, contact us to find out more. For information and advice on Parkinson's, or for emotional support, call the Parkinson's UK helpline on 0808 800 0303",In-Person | Support | Wellbeing,Our Lady of Peace Church Hall - Reading,"Our Lady of Peace Church Hall - Reading, 338 Wokingham Road, Reading, RG6 7DA",,,Reading,RG6 7DA,Monthly on the first Wednesday From 14:15 until 16:00,,,0808 800 0303,zsole@parkinsons.org.uk | hello@parkinsons.org.uk,,,Local Group Staff Contact | Parkinson’s UK Helpline,https://localsupport.parkinsons.org.uk/activity/reading-group-meeting | https://localsupport.parkinsons.org.uk/activity/wokingham-parkinsons-cafe | https://localsupport.parkinsons.org.uk/activity/beat-parkinsons-group-drumming
provider,Reigate Support Group,https://localsupport.parkinsons.org.uk/provider/reigate-support-group,"Our group offers friendship and support locally to people with Parkinson’s, their families and carers To find out more about our group, please visit our website www.parkinsonsukreigate.org or contact us. For information and advice on Parkinson's, or for emotional support, call the Parkinson's UK helpline on 0808 800 0303",In-Person | Support,The Woodhatch Centre - Reigate,"The Woodhatch Centre - Reigate, Whitebeam Drive, Reigate, RH2 7LS",,,Reigate,RH2 7LS,Monthly on the third Thursday From 14:00 until 16:00,,,020 7963 3777 | 0808 800 0303,zsole@parkinsons.org.uk | hello@parkinsons.org.uk,,,Local Group Staff Contact | Parkinson’s UK Helpline,https://localsupport.parkinsons.org.uk/activity/reigate-group-meeting | https://localsupport.parkinsons.org.uk/activity/beehive-social-group | https://localsupport.parkinsons.org.uk/activity/bereavement-group-lunch
provider,Sevenoaks Branch,https://localsupport.parkinsons.org.uk/provider/sevenoaks-branch,"Our group offers friendship and support locally to people with Parkinson’s, their families and carers, contact us to find out more. For information and advice on Parkinson's, or for emotional support, call the Parkinson's UK helpline on 0808 800 0303",In-Person | Support,Sevenoaks Indoor Bowls Centre,"Sevenoaks Indoor Bowls Centre, Hollybush Close, Sevenoaks, TN13 3UX",,,Sevenoaks,TN13 3UX,Monthly on the second Wednesday From 14:00 until 16:00,,,0808 800 0303,secretarypuksevenoaks@gmail.com | hello@parkinsons.org.uk,,,Contact | Parkinson’s UK Helpline,https://localsupport.parkinsons.org.uk/activity/sevenoaks-group-meeting | https://localsupport.parkinsons.org.uk/activity/coffee-morning-bullfinch | https://localsupport.parkinsons.org.uk/activity/sevenoaks-indoor-bowls
provider,Sittingbourne and Sheppey Branch,https://localsupport.parkinsons.org.uk/provider/sittingbourne-and-sheppey-branch,"We are a friendly group and welcome all those affected by Parkinson's. We hold various activities, events and outings throughout the year. We also meet once a month for lunch at various restaurants, please contact us for the location.",In-Person | Exercise | Support,Rumour Cafe,"Masonic Hall Sittingbourne, 7 Albany Road, Sittingbourne, ME10 1EB",,,Sittingbourne,ME10 1EB,21/05/2026 From 11:00 until 12:30 16/07/2026 From 11:00 until 12:30 17/09/2026 From 11:00 until 12:30 19/11/2026 From 11:00 until 12:30 | 21/05/2026 From 11:00 until 12:30 | 16/07/2026 From 11:00 until 12:30 | 17/09/2026 From 11:00 until 12:30 | 19/11/2026 From 11:00 until 12:30,,,0789 626 6271 | 0808 800 0303,winston21558@gmail.com | hello@parkinsons.org.uk,,,Contact | Parkinson’s UK Helpline,https://localsupport.parkinsons.org.uk/activity/coffee-morning-isle-sheppey | https://localsupport.parkinsons.org.uk/activity/parkinsons-exercise-class | https://localsupport.parkinsons.org.uk/activity/coffee-morning-sittingbourne
provider,"Slough, Windsor and Maidenhead Branch",https://localsupport.parkinsons.org.uk/provider/slough-windsor-and-maidenhead-branch,"Our group offers friendship and support locally to people with Parkinson’s, their families and carers, contact us to find out more. For information and advice on Parkinson's, or for emotional support, call the Parkinson's UK helpline on 0808 800 0303",In-Person | Support | Exercise,Burnham Park Hall,"Burnham Park Hall, Windsor Lane, Burnham, SL1 7HR",,,Burnham,SL1 7HR,Monthly on the second Wednesday From 13:30 until 15:00,,,0808 800 0303,zsole@parkinsons.org.uk | hello@parkinsons.org.uk,,,Local Group Staff Contact | Parkinson’s UK Helpline,https://localsupport.parkinsons.org.uk/activity/slough-windsor-and-maidenhead-group-meeting | https://localsupport.parkinsons.org.uk/activity/carers-coffee-monthly-meeting-dorney | https://localsupport.parkinsons.org.uk/activity/yoga-1
provider,Southampton Branch,https://localsupport.parkinsons.org.uk/provider/southampton-branch,"Our group offers friendship and support locally to people with Parkinson’s, their families and carers, contact us to find out more. For information and advice on Parkinson's, or for emotional support, call the Parkinson's UK helpline on 0808 800 0303",In-Person | Support | Virtual | Exercise | Wellbeing,St Mark's Church Hall Southampton,"St Mark's Church Hall Southampton, Archers Road, Southampton, SO15 2LU",,,Southampton,SO15 2LU,Monthly on the second Tuesday From 14:00 until 15:30,,,0344 225 3744 | 0808 800 0303,jltaylor@parkinsons.org.uk | hello@parkinsons.org.uk,,,Local Group Staff Contact | Parkinson’s UK Helpline,https://localsupport.parkinsons.org.uk/activity/southampton-group-meeting | https://localsupport.parkinsons.org.uk/activity/online-tai-chi-0 | https://localsupport.parkinsons.org.uk/activity/online-speech-therapy
provider,Spelthorne Parkies,https://localsupport.parkinsons.org.uk/provider/spelthorne-parkies,"Our group offers friendship and support locally to people with Parkinson’s, their families and carers, contact us to find out more. For information and advice on Parkinson's, or for emotional support, call the Parkinson's UK helpline on 0808 800 0303",In-Person | Support,Eclipse Leisure Centre,"Eclipse Leisure Centre, Knowle Green, Staines, TW18 1AJ",,,Staines,TW18 1AJ,Get in touch for more information.,,,020 7963 3777 | 0808 800 0303,zsole@parkinsons.org.uk | hello@parkinsons.org.uk,,,Local Group Staff Contact | Parkinson’s UK Helpline,https://localsupport.parkinsons.org.uk/activity/spelthorne-parkies-group | https://localsupport.parkinsons.org.uk/activity/spelthorne-parkies-coffee-morning
provider,Staines Support Group,https://localsupport.parkinsons.org.uk/provider/staines-branch,"Our group offers friendship and support locally to people with Parkinson’s, their families and carers, contact us to find out more. For information and advice on Parkinson's, or for emotional support, call the Parkinson's UK helpline on 0808 800 0303",In-Person | Support,The Lucan Pavilion,"The Lucan Pavilion, The Broadway, Laleham, TW18 1RZ",,,Laleham,TW18 1RZ,Monthly on the fourth Wednesday From 16:00 until 18:00,,,07842449295 | 0808 800 0303,zsole@parkinsons.org.uk | hello@parkinsons.org.uk,,,Local Group Staff Contact | Parkinson’s UK Helpline,https://localsupport.parkinsons.org.uk/activity/staines-group-meeting
provider,Thanet Branch,https://localsupport.parkinsons.org.uk/provider/thanet-branch,"Our group offers friendship and support locally to people with Parkinson’s, their families and carers, contact us to find out more. For information and advice on Parkinson's, or for emotional support, call the Parkinson's UK helpline on 0808 800 0303",In-Person | Support | Exercise,Union Church Margate,"Union Church Margate, Union Crescent, Margate, CT9 1NR",,,Margate,CT9 1NR,Weekly every Friday From 13:45 until 15:45,,,01843 842985 | 0808 800 0303,adouglashamilton@aol.com | hello@parkinsons.org.uk,,,Contact | Parkinson’s UK Helpline,https://localsupport.parkinsons.org.uk/activity/thanet-group-social-meeting | https://localsupport.parkinsons.org.uk/activity/seated-parkinsons-exercise-0
provider,Tunbridge Wells and District Branch,https://localsupport.parkinsons.org.uk/provider/tunbridge-wells-and-district-branch,"Our group offers friendship and support locally to people with Parkinson’s, their families and carers, contact us to find out more. For information and advice on Parkinson's, or for emotional support, call the Parkinson's UK helpline on 0808 800 0303",In-Person | Support | Exercise,"St Philip's Church, Tunbridge Wells","St Philip's Church, Tunbridge Wells, St Philip's Church Hall, Tunbridge Wells, TN2 3TE",,,Tunbridge Wells,TN2 3TE,Monthly on the first Wednesday From 11:00 until 13:00,,,0808 800 0303,hello@parkinsons.org.uk | localnetworks@parkinsons.org.uk,,,Parkinson’s UK Helpline | Contact,https://localsupport.parkinsons.org.uk/activity/tunbridge-wells-group-meeting | https://localsupport.parkinsons.org.uk/activity/pub-parkinsons-pop-camden-arms | https://localsupport.parkinsons.org.uk/activity/seated-exercise-class-2
provider,Winchester Branch,https://localsupport.parkinsons.org.uk/provider/winchester-branch,"Our group offers friendship and support locally to people with Parkinson’s, their families and carers, contact us to find out more. For information and advice on Parkinson's, or for emotional support, call the Parkinson's UK helpline on 0808 800 0303",In-Person | Support | Virtual | Wellbeing,Tubbs Hall Kingsworthy,"Tubbs Hall Kingsworthy, Fraser Road, Kingsworthy, SO23 7PJ",,,Kingsworthy,SO23 7PJ,Monthly on the fourth Tuesday From 14:00 until 16:00,,,0344 225 3744 | 0808 800 0303,jltaylor@parkinsons.org.uk | hello@parkinsons.org.uk,,,Local Group Staff Contact | Parkinson’s UK Helpline,https://localsupport.parkinsons.org.uk/activity/winchester-group-meeting | https://localsupport.parkinsons.org.uk/activity/online-speech-therapy-0 | https://localsupport.parkinsons.org.uk/activity/carers-lunch-winchester
provider,Woking and Weybridge Branch,https://localsupport.parkinsons.org.uk/provider/woking-and-weybridge-branch,"Our group offers friendship and support locally to people with Parkinson’s, their families and carers, contact us to find out more. For information and advice on Parkinson's, or for emotional support, call the Parkinson's UK helpline on 0808 800 0303",In-Person | Exercise | Wellbeing | Support,"St Mary's Day Centre, Byfleet","New Haw Community Centre, 65 Woodham Lane, New Haw, KT15 3ND",,,New Haw,KT15 3ND,Monthly on the fourth Thursday From 19:30 until 21:30,,,020 7963 3777 | 0808 800 0303,zsole@parkinsons.org.uk | hello@parkinsons.org.uk,,,Local Group Staff Contact | Parkinson’s UK Helpline,https://localsupport.parkinsons.org.uk/activity/woking-and-weybridge-group-meeting | https://localsupport.parkinsons.org.uk/activity/exercise-music | https://localsupport.parkinsons.org.uk/activity/stretch-sing-and-smile-woking | https://localsupport.parkinsons.org.uk/activity/woking-weybridge-coffee-morning
provider,Worthing and District Branch,https://localsupport.parkinsons.org.uk/provider/worthing-and-district-branch,"Our group offers friendship and support locally to people with Parkinson’s, their families and carers, contact us to find out more. For information and advice on Parkinson's, or for emotional support, call the Parkinson's UK helpline on 0808 800 0303",In-Person | Support,"Bury Drive Methodist Church Hall, Goring","Bury Drive Methodist Church Hall, Goring, Bury Drive, Goring, BN12 4XB",,,Goring,BN12 4XB,Monthly on the last Saturday From 10:00 until 15:00,,,0344 225 3744 | 0808 800 0303,jltaylor@parkinsons.org.uk | hello@parkinsons.org.uk,,,Local Group Staff Contact | Parkinson’s UK Helpline,https://localsupport.parkinsons.org.uk/activity/worthing-and-district-group-meeting | https://localsupport.parkinsons.org.uk/activity/washington-group | https://localsupport.parkinsons.org.uk/activity/worthing-people-parkinsons-group
provider,Basingstoke Activity Group,https://localsupport.parkinsons.org.uk/provider/basingstoke-activity-group,"Our group offers friendship and support locally to people with Parkinson’s, their families and carers, contact us to find out more. For information and advice on Parkinson's, or for emotional support, call the Parkinson's UK helpline on 0808 800 0303",In-Person | Support,Basingstoke Conservative Club,"Basingstoke Conservative Club, The Mount, Basingstoke, RG21 3DD",,,Basingstoke,RG21 3DD,Get in touch for more information.,,,0344 225 3744 | 0808 800 0303,jltaylor@parkinsons.org.uk | hello@parkinsons.org.uk,,,Local Group Staff Contact | Parkinson’s UK Helpline,https://localsupport.parkinsons.org.uk/activity/north-hampshire-parkinsons-evening-group
provider,Bath and District Branch,https://localsupport.parkinsons.org.uk/provider/bath-and-district-branch,"Our group offers friendship and support locally to people with Parkinson’s, their families and carers, contact us to find out more. For information and advice on Parkinson's, or for emotional support, call the Parkinson's UK helpline on 0808 800 0303",In-Person | Support,Odd Down Sports Ground,"Frome Town Hall, Christchurch Street West, Frome, BA11 1EB",,,Frome,BA11 1EB,Monthly on the third Monday From 14:00 until 16:00,,,020 7963 3731 | 0808 800 0303,cdenby@parkinsons.org.uk | hello@parkinsons.org.uk,,,Local Group Staff Contact | Parkinson’s UK Helpline,https://localsupport.parkinsons.org.uk/activity/bath-and-district-branch-meeting | https://localsupport.parkinsons.org.uk/activity/frome-coffee-morning | https://localsupport.parkinsons.org.uk/activity/midsomer-norton-coffee-morning
provider,Bridport and District Support Group,https://localsupport.parkinsons.org.uk/provider/bridport-and-district-support-group,"Our group offers friendship and support locally to people with Parkinson’s, their families and carers, contact us to find out more. For information and advice on Parkinson's, or for emotional support, call the Parkinson's UK helpline on 0808 800 0303",In-Person | Support,St Swithun's Church Hall Bridport,"St Swithun's Church Hall Bridport, North Allington, Bridport, DT6 5DU",,,Bridport,DT6 5DU,Monthly on the fourth Tuesday From 14:00 until 16:00,,,020 7963 3731 | 0808 800 0303,cdenby@parkinsons.org.uk | hello@parkinsons.org.uk,,,Local Group Staff Contact | Parkinson’s UK Helpline,https://localsupport.parkinsons.org.uk/activity/bridport-group-meeting
provider,Bristol and District Branch,https://localsupport.parkinsons.org.uk/provider/bristol-and-district-branch,"Our group offers friendship and support locally to people with Parkinson’s, their families and carers, contact us to find out more. For information and advice on Parkinson's, or for emotional support, call the Parkinson's UK helpline on 0808 800 0303",In-Person | Support | Wellbeing,Oatley House Westbury on Trym,"Oatley House Westbury on Trym, St Monica Trust Cote Lane, Bristol, BS9 3UR",,,Bristol,BS9 3UR,Monthly on the first Saturday From 10:30 until 12:00,,,020 7963 3778 | 0808 800 0303,hspawls@parkinsons.org.uk | hello@parkinsons.org.uk,,,Local Group Staff Contact | Parkinson’s UK Helpline,https://localsupport.parkinsons.org.uk/activity/bristol-group-meeting | https://localsupport.parkinsons.org.uk/activity/bristol-younger-persons-network-ypn-group | https://localsupport.parkinsons.org.uk/activity/vast-uk-voice-and-somatic-training
provider,Bude and District Support Group,https://localsupport.parkinsons.org.uk/provider/bude-and-district-support-group,"Our group offers friendship and support locally to people with Parkinson’s, their families and carers, contact us to find out more. For information and advice on Parkinson's, or for emotional support, call the Parkinson's UK helpline on 0808 800 0303",In-Person | Support,The Parkhouse Centre,"The Parkhouse Centre, Ergue-Gaberic Way, Bude, EX23 8LD",,,Bude,EX23 8LD,Monthly on the last Wednesday From 14:00 until 16:00,,,020 7963 9242 | 0808 800 0303,kwalters@parkinsons.org.uk | hello@parkinsons.org.uk,,,Local Group Staff Contact | Parkinson’s UK Helpline,https://localsupport.parkinsons.org.uk/activity/bude-group-meeting
provider,Burnham on Sea Support Group,https://localsupport.parkinsons.org.uk/provider/burnham-sea-support-group,"Our group offers friendship and support locally to people with Parkinson’s, their families and carers, contact us to find out more. For information and advice on Parkinson's, or for emotional support, call the Parkinson's UK helpline on 0808 800 0303",In-Person | Support,The Catholic Church Hall - Burnham-on-Sea,"The Catholic Church Hall - Burnham-on-Sea, Highbridge Road, Burnham-on-Sea, TA8 1LL",,,Burnham-on-Sea,TA8 1LL,Monthly on the second Monday From 14:00 until 16:00,,,020 7963 3731 | 0808 800 0303,cdenby@parkinsons.org.uk | hello@parkinsons.org.uk,,,Local Group Staff Contact | Parkinson’s UK Helpline,https://localsupport.parkinsons.org.uk/activity/burnham-sea-local-support-group
activity,Cam and Dursley Group Meeting,https://localsupport.parkinsons.org.uk/activity/cam-and-dursley-group-meeting,"We offer information, friendship and support to local people with Parkinson's, their families and carers. Come and join us for a chat with others and enjoy a cuppa on the third Thursday of the month. We don't meet in December as we have a Christmas meal! Please get in touch for more information.",In-Person | Support,Cam Parish Rooms,"Cam Parish Rooms, 4 Noel Lee Way, Dursley, GL11 5PS",4 Noel Lee Way,,Dursley,GL11 5PS,Monthly on the third Thursday From 10:00 until 13:00,No,Kath Clements,07710 714811,,Cirencester and Stroud Branch,https://localsupport.parkinsons.org.uk/provider/cirencester-and-stroud-branch,,
provider,Cheltenham and District Branch,https://localsupport.parkinsons.org.uk/provider/cheltenham-and-district-branch,"Our group offers friendship and support locally to people with Parkinson’s, their families and carers, contact us to find out more. For information and advice on Parkinson's, or for emotional support, call the Parkinson's UK helpline on 0808 800 0303",In-Person | Support | Exercise,St. Mark's Methodist Church Cheltenham,"St. Mark's Methodist Church Cheltenham, Gloucester Road, Cheltenham, GL51 8PX",,,Cheltenham,GL51 8PX,Monthly on the last Tuesday From 14:00 until 15:30,,,020 7963 3778 | 0808 800 0303,hspawls@parkinsons.org.uk | hello@parkinsons.org.uk,,,Local Group Staff Contact | Parkinson’s UK Helpline,https://localsupport.parkinsons.org.uk/activity/cheltenham-group-meeting | https://localsupport.parkinsons.org.uk/activity/cheltenham-parkinsons-cafe | https://localsupport.parkinsons.org.uk/activity/table-tennis-1
provider,Christchurch and District Branch,https://localsupport.parkinsons.org.uk/provider/christchurch-and-district-branch,"Our group offers friendship and support locally to people with Parkinson’s, their families and carers, contact us to find out more. For information and advice on Parkinson's, or for emotional support, call the Parkinson's UK helpline on 0808 800 0303",In-Person | Support,St. Catherines Hill Community Hall - Christchurch,"St. Catherines Hill Community Hall - Christchurch, 17 Marlow Drive, Christchurch, BH23 2RR",,,Christchurch,BH23 2RR,Monthly on the fourth Monday From 14:00 until 16:00,,,020 7963 3731 | 0808 800 0303,cdenby@parkinsons.org.uk | hello@parkinsons.org.uk,,,Local Group Staff Contact | Parkinson’s UK Helpline,https://localsupport.parkinsons.org.uk/activity/christchurch-group-meeting | https://localsupport.parkinsons.org.uk/activity/pop-meeting-wimborne | https://localsupport.parkinsons.org.uk/activity/pop-meeting-christchurch
provider,Cirencester and Stroud Branch,https://localsupport.parkinsons.org.uk/provider/cirencester-and-stroud-branch,"Our group offers friendship and support locally to people with Parkinson’s, their families and carers, contact us to find out more. For information and advice on Parkinson's, or for emotional support, call the Parkinson's UK helpline on 0808 800 0303",In-Person | Support,"St Lawrence Church Hall, Cirencester","St Lawrence Church Hall, Cirencester, 33 Countess Lilias Road, Cirencester, GL7 1UD",,,Cirencester,GL7 1UD,Monthly on the third Monday From 14:00 until 16:00,,,020 7963 3778 | 0808 800 0303,hspawls@parkinsons.org.uk | hello@parkinsons.org.uk,,,Local Group Staff Contact | Parkinson’s UK Helpline,https://localsupport.parkinsons.org.uk/activity/cirencester-and-stroud-group-meeting | https://localsupport.parkinsons.org.uk/activity/cam-and-dursley-group-meeting | https://localsupport.parkinsons.org.uk/activity/cirencester-cafe
provider,Crewkerne and Villages Support Group,https://localsupport.parkinsons.org.uk/provider/crewkerne-and-villages-support-group,"Our group offers friendship and support locally to people with Parkinson’s, their families and carers, contact us to find out more. For information and advice on Parkinson's, or for emotional support, call the Parkinson's UK helpline on 0808 800 0303",In-Person | Support | Wellbeing,Merriott Village Hall,"Merriott Village Hall, Broadway, Merriott, TA16 5QH",,,Merriott,TA16 5QH,Monthly on the third Wednesday From 10:30 until 12:00,,,020 7963 3731 | 0808 800 0303,cdenby@parkinsons.org.uk | hello@parkinsons.org.uk,,,Local Group Staff Contact | Parkinson’s UK Helpline,https://localsupport.parkinsons.org.uk/activity/crewkerne-group-meeting | https://localsupport.parkinsons.org.uk/activity/parkinsongsters-crewkerne-fun-singing-group
provider,Cullompton Support Group,https://localsupport.parkinsons.org.uk/provider/cullompton-support-group,"Our group offers friendship and support locally to people with Parkinson’s, their families and carers, contact us to find out more.",In-Person | Support,Willand Health & Community Centre,"Willand Health & Community Centre, Collumpton, EX15 2PL",,,Collumpton,EX15 2PL,Monthly on the third Wednesday From 13:00 until 15:00,,,07955 273 654 | 0808 800 0303,hworth@parkinsons.org.uk | hello@parkinsons.org.uk,,,Local Group Staff Contact | Parkinson's UK Helpline,https://localsupport.parkinsons.org.uk/activity/cullompton-support-group
provider,East Devon Support Group,https://localsupport.parkinsons.org.uk/provider/east-devon-support-group,"Our group offers friendship and support locally to people with Parkinson’s, their families and carers, contact us to find out more. For information and advice on Parkinson's, or for emotional support, call the Parkinson's UK helpline on 0808 800 0303",In-Person | Support | Exercise,East Budleigh Village Hall,"Kings Garden Centre Sidmouth, Stowford Cross, Sidmouth, EX10 0NA",,,Sidmouth,EX10 0NA,Get in touch for more information.,,,020 7963 9242 | 0808 800 0303,kwalters@parkinsons.org.uk | hello@parkinsons.org.uk,,,Local Group Staff Contact | Parkinson’s UK Helpline,https://localsupport.parkinsons.org.uk/activity/group-meeting-east-devon | https://localsupport.parkinsons.org.uk/activity/coffee-morning-sidmouth | https://localsupport.parkinsons.org.uk/activity/exercise-classes-stowford-sidmouth | https://localsupport.parkinsons.org.uk/activity/exercise-class-cranford-sports-centre-exmouth
provider,East Dorset Branch,https://localsupport.parkinsons.org.uk/provider/east-dorset-branch,"Our group offers friendship and support locally to people with Parkinson’s, their families and carers, contact us to find out more. For more information, please visit our website: https://www.edparkinsons.co.uk/For information and advice on Parkinson's, or for emotional support, call the Parkinson's UK helpline on 0808 800 0303",In-Person | Support | Exercise,St Mary's Church - Ferndown,"St Mary's Church - Ferndown, Church Road, Ferndown, BH22 9EU",,,Ferndown,BH22 9EU,Monthly on the third Thursday From 14:00 until 16:00,,,020 7963 3731 | 0808 800 0303,cdenby@parkinsons.org.uk | hello@parkinsons.org.uk,,,Contact | Parkinson’s UK Helpline,https://localsupport.parkinsons.org.uk/activity/east-dorset-group-meeting | https://localsupport.parkinsons.org.uk/activity/physio-led-exercise-class-1 | https://localsupport.parkinsons.org.uk/activity/advanced-physio-led-exercise-class
provider,Gloucester Support Group,https://localsupport.parkinsons.org.uk/provider/gloucester-support-group,"Our group offers friendship and support locally to people with Parkinson’s, their families and carers, contact us to find out more. For information and advice on Parkinson's, or for emotional support, call the Parkinson's UK helpline on 0808 800 0303",In-Person | Support,The Gala Club,"The Gala Club, Fairmile Gardens, Gloucester, GL2 9EB",,,Gloucester,GL2 9EB,Monthly on the first Tuesday From 19:15 until 21:00,,,020 7963 3778 | 0808 800 0303,hspawls@parkinsons.org.uk | hello@parkinsons.org.uk,,,Local Group Staff Contact | Parkinson’s UK Helpline,https://localsupport.parkinsons.org.uk/activity/gloucester-group-meeting
provider,Ivybridge Parkinson's Group,https://localsupport.parkinsons.org.uk/provider/ivybridge-parkinsons-group,"Our group offers friendship and support locally to people with Parkinson’s, their families and carers, contact us to find out more. For information and advice on Parkinson's, or for emotional support, call the Parkinson's UK helpline on 0808 800 0303",In-Person | Support,Baptist Church Hall,"Baptist Church Hall, Exeter Rd, Ivybridge, PL21 0BJ",,,Ivybridge,PL21 0BJ,Weekly every Friday From 10:15 until 11:45,,,020 7963 9242 | 0808 800 0303,kwalters@parkinsons.org.uk | hello@parkinsons.org.uk,,,Local Group Staff Contact | Parkinson’s UK Helpline,https://localsupport.parkinsons.org.uk/activity/ivybridge-parkinsons-group-meet
provider,Jersey Branch,https://localsupport.parkinsons.org.uk/provider/jersey-branch,"Our group offers friendship and support locally to people with Parkinson’s, their families and carers, contact us to find out more. For information and advice on Parkinson's, or for emotional support, call the Parkinson's UK helpline on 0808 800 0303",In-Person | Support | Exercise,Holme Grown,"Holme Grown, La Rue au Long, Fauvic, JE3 9SH",,,Fauvic,JE3 9SH,Monthly on the fourth Tuesday From 12:30 until 14:30,,,020 7963 9242 | 0808 800 0303,kwalters@parkinsons.org.uk | hello@parkinsons.org.uk,,,Local Group Staff Contact | Parkinson’s UK Helpline,https://localsupport.parkinsons.org.uk/activity/jersey-group-meeting | https://localsupport.parkinsons.org.uk/activity/keep-fit-music-jersey | https://localsupport.parkinsons.org.uk/activity/gym-sessions-jersey
provider,Lyme Regis District Support Group,https://localsupport.parkinsons.org.uk/provider/lyme-regis-district-support-group,"Our group offers friendship and support locally to people with Parkinson’s, their families and carers, contact us to find out more. For information and advice on Parkinson's, or for emotional support, call the Parkinson's UK helpline on 0808 800 0303",In-Person | Support,Lyme Regis Powerboat Club,"Lyme Regis Powerboat Club, Monmouth Beach, Lyme Regis, DT7 3LE",,,Lyme Regis,DT7 3LE,Monthly on the second Tuesday From 14:00 until 15:30,,,020 7963 3731 | 0808 800 0303,cdenby@parkinsons.org.uk | hello@parkinsons.org.uk,,,Local Group Staff Contact | Parkinson’s UK Helpline,https://localsupport.parkinsons.org.uk/activity/lyme-regis-district-support-group-meeting | https://localsupport.parkinsons.org.uk/activity/world-parkinsons-day-community-weekend
provider,Malmesbury and District Branch,https://localsupport.parkinsons.org.uk/provider/malmesbury-and-district-branch,"Our group offers friendship and support locally to people with Parkinson’s, their families and carers, contact us to find out more. For information and advice on Parkinson's, or for emotional support, call the Parkinson's UK helpline on 0808 800 0303",In-Person | Support | Exercise,Malmesbury Town Hall,"Malmesbury Town Hall, Cross Hayes, Malmesbury, SN16 9BZ",,,Malmesbury,SN16 9BZ,Monthly on the last Wednesday From 14:30 until 16:00,,,020 7963 3778 | 0808 800 0303,hspawls@parkinsons.org.uk | hello@parkinsons.org.uk,,,Local Group Staff Contact | Parkinson’s UK Helpline,https://localsupport.parkinsons.org.uk/activity/malmesbury-group-meeting | https://localsupport.parkinsons.org.uk/activity/corsham-cafe | https://localsupport.parkinsons.org.uk/activity/just-beme-movement-parkinsons-class
provider,Newbury Branch,https://localsupport.parkinsons.org.uk/provider/newbury-branch,"Our group offers friendship and support locally to people with Parkinson’s, their families and carers, contact us to find out more. For information and advice on Parkinson's, or for emotional support, call the Parkinson's UK helpline on 0808 800 0303",In-Person | Support | Virtual | Exercise,Bowlers Arms - Wash Common,"Bowlers Arms - Wash Common, Enborne Street, Wash Common, RG14 6TW",,,Wash Common,RG14 6TW,Monthly on the third Wednesday From 19:00 until 20:30,,,0808 800 0303,zsole@parkinsons.org.uk | hello@parkinsons.org.uk,,,Local Group Staff Contact | Parkinson’s UK Helpline,https://localsupport.parkinsons.org.uk/activity/newbury-group-meeting | https://localsupport.parkinsons.org.uk/activity/wash-common-coffee-morning | https://localsupport.parkinsons.org.uk/activity/online-chair-based-exercise
provider,North West Somerset Support Group,https://localsupport.parkinsons.org.uk/provider/north-west-somerset-support-group,"Our group offers friendship and support locally to people with Parkinson’s, their families and carers, contact us to find out more. For information and advice on Parkinson's, or for emotional support, call the Parkinson's UK helpline on 0808 800 0303",In-Person | Support | Wellbeing | Exercise,St Francis Church Hall - Nailsea,"St Francis Church Hall - Nailsea, Little Meadow End, Nailsea, BS48 2LP",,,Nailsea,BS48 2LP,Monthly on the second Saturday From 10:30 until 12:15,,,020 7963 3731 | 0808 800 0303,cdenby@parkinsons.org.uk | hello@parkinsons.org.uk,,,Local Group Staff Contact | Parkinson’s UK Helpline,https://localsupport.parkinsons.org.uk/activity/north-west-somerset-group-meeting | https://localsupport.parkinsons.org.uk/activity/singalongs-nailsea | https://localsupport.parkinsons.org.uk/activity/parkinsons-exercise-master-class
provider,North Wiltshire Working Age Group,https://localsupport.parkinsons.org.uk/provider/north-wiltshire-working-age-group,"Our group offers friendship and support locally to people with Parkinson’s, their families and carers, contact us to find out more. For information and advice on Parkinson's, or for emotional support, call the Parkinson's UK helpline on 0808 800 0303",In-Person | Support,The Rose & Crown,"The Rose & Crown, The Street, Malmesbury, SN16 9PA",,,Malmesbury,SN16 9PA,Monthly on the second Friday From 19:00 until 21:00,,,07955 273 653 | 0808 800 0303,hspawls@parkinsons.org.uk | hello@parkinsons.org.uk,,,Local Group Staff Contact | Parkinson’s UK Helpline,https://localsupport.parkinsons.org.uk/activity/north-wiltshire-working-age-group
provider,Northern Devon Branch,https://localsupport.parkinsons.org.uk/provider/northern-devon-branch,"Our group offers friendship and support locally to people with Parkinson’s, their families and carers, contact us to find out more. For information and advice on Parkinson's, or for emotional support, call the Parkinson's UK helpline on 0808 800 0303",In-Person | Support,Village Hall Alwington,"Village Hall Alwington, Village Hall, Bideford, EX39 5AW",,,Bideford,EX39 5AW,Monthly on the first Thursday From 10:30 until 12:00,,,0808 800 0303,oaktree955@gmail.com | hello@parkinsons.org.uk,,,Contact | Parkinson’s UK Helpline,https://localsupport.parkinsons.org.uk/activity/northern-devon-group-coffee-morning-bideford | https://localsupport.parkinsons.org.uk/activity/barnstaple-coffee-morning | https://localsupport.parkinsons.org.uk/activity/winkleigh-district-parkinsons-cafe
provider,Okehampton Support Group,https://localsupport.parkinsons.org.uk/provider/okehampton-support-group,"Our group offers friendship and support locally to people with Parkinson’s, their families and carers, contact us to find out more. For information and advice on Parkinson's, or for emotional support, call the Parkinson's UK helpline on 0808 800 0303",In-Person | Support,Upstairs room at the OCRA centre,"Upstairs room at the OCRA centre, Pavillion in the park, Okehampton, EX20 1GE",,,Okehampton,EX20 1GE,Monthly on the last Thursday From 10:30 until 12:00,,,0808 800 0303,hello@parkinsons.org.uk,,,Parkinson’s UK Helpline,https://localsupport.parkinsons.org.uk/activity/okehampton-support-group
provider,Parkinson's Cornwall,https://localsupport.parkinsons.org.uk/provider/parkinsons-cornwall,"Our group offers friendship and support locally to people with Parkinson’s, their families and carers, contact us to find out more. For information and advice on Parkinson's, or for emotional support, call the Parkinson's UK helpline on 0808 800 0303",In-Person | Wellbeing | Support,Bethel Chapel Rooms St Austell,"Summercourt Memorial Hall, School Road, Summercourt, TR8 5DY",,,Summercourt,TR8 5DY,Monthly on the second Wednesday From 10:30 until 13:30,,,020 7963 9242 | 0808 800 0303,kwalters@parkinsons.org.uk | hello@parkinsons.org.uk,,,Local Group Staff Contact | Parkinson’s UK Helpline,https://localsupport.parkinsons.org.uk/activity/st-austell-group | https://localsupport.parkinsons.org.uk/activity/trembellows-singing-group | https://localsupport.parkinsons.org.uk/activity/east-taphouse-group
provider,Parky South Devon,https://localsupport.parkinsons.org.uk/provider/parky-south-devon,"Our group offers friendship and support locally to people with Parkinson’s, their families and carers, contact us to find out more. For information and advice on Parkinson's, or for emotional support, call the Parkinson's UK helpline on 0808 800 0303",In-Person | Support,Dainton Golf Club,"Dainton Golf Club, Totnes Road, Newton Abbot, TQ12 5TN",,,Newton Abbot,TQ12 5TN,Monthly on the second Monday From 18:00 until 19:00,,,020 7963 9242 | 0808 800 0303,kwalters@parkinsons.org.uk | hello@parkinsons.org.uk,,,Local Group Staff Contact | Parkinson’s UK Helpline,https://localsupport.parkinsons.org.uk/activity/parky-south-devon-social-and-golf-group-dainton
provider,Plymouth and District Branch,https://localsupport.parkinsons.org.uk/provider/plymouth-and-district-branch,"Our group offers friendship and support locally to people with Parkinson’s, their families and carers, contact us to find out more. For information and advice on Parkinson's, or for emotional support, call the Parkinson's UK helpline on 0808 800 0303",In-Person | Support | Exercise,The Beacon Community Centre,"The Beacon Community Centre, 163 North Prospect Road, Plymouth, PL2 2ND",,,Plymouth,PL2 2ND,Monthly on the second Monday From 13:00 until 14:30,,,020 7963 9242 | 0808 800 0303,kwalters@parkinsons.org.uk | hello@parkinsons.org.uk,,,Local Group Staff Contact | Parkinson’s UK Helpline,https://localsupport.parkinsons.org.uk/activity/plymouth-parkinsons-friendship-group | https://localsupport.parkinsons.org.uk/activity/milehouse-exercise-classes | https://localsupport.parkinsons.org.uk/activity/plymstock-exercise-classes
provider,Poole and District Branch,https://localsupport.parkinsons.org.uk/provider/poole-and-district-branch,"Our group offers friendship and support locally to people with Parkinson’s, their families and carers, contact us to find out more. For information and advice on Parkinson's, or for emotional support, call the Parkinson's UK helpline on 0808 800 0303",In-Person | Support | Exercise,St George's Church Hall - Poole,"St George's Church Hall - Poole, Oakdale, Poole, BH15 3EU",,,Poole,BH15 3EU,Monthly on the third Saturday From 14:30 until 16:00,,,020 7963 3731 | 0808 800 0303,cdenby@parkinsons.org.uk | hello@parkinsons.org.uk,,,Local Group Staff Contact | Parkinson’s UK Helpline,https://localsupport.parkinsons.org.uk/activity/poole-group-meeting | https://localsupport.parkinsons.org.uk/activity/yoga | https://localsupport.parkinsons.org.uk/activity/aqua-therapy
provider,PurbeckParkys,https://localsupport.parkinsons.org.uk/provider/purbeckparkys?_gl=1%2Ahgoszo%2A_gcl_au%2AMTQyNTk5NDY5NS4xNzUyNTY4Mzcz%2A_ga%2AMTczOTU4OTg0MC4xNzUyNTA3MTE1%2A_ga_455LC56RDF%2AczE3NTYzOTE3OTAkbzk3JGcxJHQxNzU2Mzk1MzQ5JGo3JGwwJGgw,"Our group offers friendship and support locally to people with Parkinson’s, their families and carers, contact us to find out more. For information and advice on Parkinson's, or for emotional support, call the Parkinson's UK helpline on 0808 800 0303",In-Person | Support,Swanage Cricket Club,"Swanage Cricket Club, Days Park, Swanage, BH19 1LG",,,Swanage,BH19 1LG,Monthly on the third Wednesday From 14:00 until 16:00,,,0808 800 0303,hello@parkinsons.org.uk,,,Parkinson's UK Helpline,https://localsupport.parkinsons.org.uk/activity/purbeckparkys
provider,Riviera Parkinson's Friends,https://localsupport.parkinsons.org.uk/provider/riviera-parkinsons-friends,"Our group offers friendship and support locally to people with Parkinson’s, their families and carers, contact us to find out more. For information and advice on Parkinson's, or for emotional support, call the Parkinson's UK helpline on 0808 800 0303",In-Person | Support,,"Medway Centre, Medway Road, Torquay, TQ2 8SA",,,Torquay,TQ2 8SA,,,,07955 269 718 | 0808 800 0303,kwalters@parkinsons.org.uk | hello@parkinsons.org.uk,,,Contact,https://localsupport.parkinsons.org.uk/activity/riviera-parkinsons-friends
provider,Salisbury Branch,https://localsupport.parkinsons.org.uk/provider/salisbury-branch,"Our group offers friendship and support locally to people with Parkinson’s, their families and carers, contact us to find out more. For information and advice on Parkinson's, or for emotional support, call the Parkinson's UK helpline on 0808 800 0303",In-Person | Support | Exercise,Salisbury Quaker Meeting House,"Salisbury Quaker Meeting House, 51 Wilton Road, Salisbury, SP2 7EP",,,Salisbury,SP2 7EP,Monthly on the third Tuesday From 14:00 until 16:00,,,020 7963 3778 | 0808 800 0303,hspawls@parkinsons.org.uk | hello@parkinsons.org.uk,,,Local Group Staff Contact | Parkinson’s UK Helpline,https://localsupport.parkinsons.org.uk/activity/salisbury-group-meeting | https://localsupport.parkinsons.org.uk/activity/salisbury-carers-coffee-and-chat | https://localsupport.parkinsons.org.uk/activity/coombe-bissett-short-mat-bowls
provider,Swindon Parkinson's Activity Group,https://localsupport.parkinsons.org.uk/provider/swindon-parkinsons-activity-group,"Our group offers a variety of activities for people affected by Parkinson's, family, carers and friends. From walking football to seated and standing exercise, coffee mornings to outings, there is plenty going on! We meet across Swindon in various places depending on the activity. You can take a look at our local website or contact us for more information about the things we do at the Swindon Parkinson's Activity Group.",In-Person | Exercise,Gorse Hill Community Centre,"Grange Leisure Centre Swindon, Grange Drive, Swindon, SN3 4JY",,,Swindon,SN3 4JY,Monthly on the second Thursday From 10:45 until 12:30,,,020 7963 3778 | 0808 800 0303,hspawls@parkinsons.org.uk | hello@parkinsons.org.uk,,,Local Group Staff Contact | Parkinson’s UK Helpline,https://localsupport.parkinsons.org.uk/activity/together-parkinsons | https://localsupport.parkinsons.org.uk/activity/seated-exercise | https://localsupport.parkinsons.org.uk/activity/movement-music-3 | https://localsupport.parkinsons.org.uk/activity/balance-and-exercise-class
provider,Taunton and Mid Somerset Branch,https://localsupport.parkinsons.org.uk/provider/taunton-and-mid-somerset-branch,"Our group offers friendship and support locally to people with Parkinson’s, their families and carers, contact us to find out more. For information and advice on Parkinson's, or for emotional support, call the Parkinson's UK helpline on 0808 800 0303",In-Person | Support,Cheddon Fitzpaine Memorial Hall,"Cheddon Fitzpaine Memorial Hall, Rowford, Taunton, TA2 8JY",,,Taunton,TA2 8JY,Monthly on the fourth Tuesday From 11:00 until 15:00,,,020 7963 3731 | 0808 800 0303,cdenby@parkinsons.org.uk | hello@parkinsons.org.uk,,,Local Group Staff Contact | Parkinson’s UK Helpline,https://localsupport.parkinsons.org.uk/activity/taunton-group-meeting | https://localsupport.parkinsons.org.uk/activity/bridgwater-drop-meeting | https://localsupport.parkinsons.org.uk/activity/sparkies-taunton-and-district-branch-working-age-meeting
provider,Tavistock Parky at the Wharf,https://localsupport.parkinsons.org.uk/provider/tavistock-parky-wharf,"Our group offers friendship and support locally to people with Parkinson’s, their families and carers, contact us to find out more. For information and advice on Parkinson's, or for emotional support, call the Parkinson's UK helpline on 0808 800 0303",In-Person | Support,Tavistock Wharf,"Tavistock Wharf, Canal Road, Tavistock, PL19 8AT",,,Tavistock,PL19 8AT,Monthly on the second Thursday From 13:30 until 15:00,,,020 7963 9242 | 0808 800 0303,kwalters@parkinsons.org.uk | hello@parkinsons.org.uk,,,Local Group Staff Contact | Parkinson's UK Helpline,https://localsupport.parkinsons.org.uk/activity/parky-wharf-parkinsons-cafe
provider,Weston Super Mare Branch,https://localsupport.parkinsons.org.uk/provider/weston-super-mare-branch,"Our group offers friendship and support locally to people with Parkinson’s, their families and carers, contact us to find out more. For information and advice on Parkinson's, or for emotional support, call the Parkinson's UK helpline on 0808 800 0303",In-Person | Support | Exercise,St Saviour's Church Hall Weston Super Mare,"St Saviour's Church Hall Weston Super Mare, Locking Road, Weston Super Mare, BS23 3EN",,,Weston Super Mare,BS23 3EN,Monthly on the first Thursday From 14:30 until 16:00,,,01934 813547 | 0808 800 0303,lyndakirkwood@btinternet.com | hello@parkinsons.org.uk,,,Contact | Parkinson’s UK Helpline,https://localsupport.parkinsons.org.uk/activity/weston-super-mare-group-meeting | https://localsupport.parkinsons.org.uk/activity/tai-chi-11 | https://localsupport.parkinsons.org.uk/activity/drop-carers-meeting-weston-super-mare
provider,Weymouth and Dorchester Branch,https://localsupport.parkinsons.org.uk/provider/weymouth-and-dorchester-branch,"Our group offers friendship and support locally to people with Parkinson’s, their families and carers, contact us to find out more. For information and advice on Parkinson's, or for emotional support, call the Parkinson's UK helpline on 0808 800 0303",In-Person | Support,Memorial Hall Upwey and Broadwey Weymouth,"Memorial Hall Upwey and Broadwey Weymouth, Victoria Ave, Weymouth, DT3 5NQ",,,Weymouth,DT3 5NQ,Monthly on the third Monday From 14:00 until 16:00,,,020 7963 3731 | 0808 800 0303,cdenby@parkinsons.org.uk | hello@parkinsons.org.uk,,,Local Group Staff Contact | Parkinson’s UK Helpline,https://localsupport.parkinsons.org.uk/activity/weymouth-group-meeting
provider,Wincanton Branch,https://localsupport.parkinsons.org.uk/provider/wincanton-branch,"Our group offers friendship and support locally to people with Parkinson’s, their families and carers, contact us to find out more. For information and advice on Parkinson's, or for emotional support, call the Parkinson's UK helpline on 0808 800 0303",In-Person | Support | Exercise,Charlton Musgrove Memorial Hall,"Charlton Musgrove Memorial Hall, Shalford Lane, Charlton Musgrove, BA9 8HF",,,Charlton Musgrove,BA9 8HF,Monthly on the third Tuesday From 14:30 until 16:00,,,020 7963 3731 | 0808 800 0303,cdenby@parkinsons.org.uk | hello@parkinsons.org.uk,,,Local Group Staff Contact | Parkinson’s UK Helpline,https://localsupport.parkinsons.org.uk/activity/wincanton-group-meeting | https://localsupport.parkinsons.org.uk/activity/tai-chi-3 | https://localsupport.parkinsons.org.uk/activity/gym-session-wednesday
provider,Armagh Support Group,https://localsupport.parkinsons.org.uk/provider/armagh-support-group,"Our group offers friendship and support locally to people with Parkinson’s, their families and carers, contact us to find out more. For information and advice on Parkinson's, or for emotional support, call the Parkinson's UK helpline on 0808 800 0303",In-Person | Support,Seagoe Parish Centre Portadown,"Seagoe Parish Centre Portadown, 46 Seagoe Road, Portadown, BT63 5HW",,,Portadown,BT63 5HW,Monthly on the last Tuesday From 14:00 until 15:30,,,020 7963 3618 | 0808 800 0303,mchambers@parkinsons.org.uk | hello@parkinsons.org.uk,,,Local Group Staff Contact | Contact,https://localsupport.parkinsons.org.uk/activity/armagh-group-meeting
provider,Ballymena and District Branch,https://localsupport.parkinsons.org.uk/provider/ballymena-and-district-branch,"Our group offers friendship and support locally to people with Parkinson’s, their families and carers, contact us to find out more. For information and advice on Parkinson's, or for emotional support, call the Parkinson's UK helpline on 0808 800 0303",In-Person | Support,Ballymena North Business Centre,"Ballymena North Business Centre, 120 Cushendall Road, Ballymena, BT43 6HB",,,Ballymena,BT43 6HB,Monthly on the third Friday From 15:00 until 16:30,,,020 7963 3618 | 0808 800 0303,mchambers@parkinsons.org.uk | hello@parkinsons.org.uk,,,Local Group Staff Contact | Parkinson’s UK Helpline,https://localsupport.parkinsons.org.uk/activity/ballymena-group-meeting
provider,Belfast Support Group,https://localsupport.parkinsons.org.uk/provider/belfast-support-group,"Our group offers friendship and support locally to people with Parkinson’s, their families and carers, contact us to find out more. For information and advice on Parkinson's, or for emotional support, call the Parkinson's UK helpline on 0808 800 0303",In-Person | Support,St John's Church Hall Belfast,"St John's Church Hall Belfast, St John's Orangefield, Belfast, BT5 6AB",,,Belfast,BT5 6AB,Monthly on the second Wednesday From 14:00 until 16:00,,,020 7963 3618 | 0808 800 0303,mchambers@parkinsons.org.uk | hello@parkinsons.org.uk,,,Local Group Staff Contact | Parkinson’s UK Helpline,https://localsupport.parkinsons.org.uk/activity/belfast-group-meeting
provider,Foyle Branch,https://localsupport.parkinsons.org.uk/provider/foyle-branch,"Our group offers friendship and support locally to people with Parkinson’s, their families and carers, contact us to find out more. For information and advice on Parkinson's, or for emotional support, call the Parkinson's UK helpline on 0808 800 0303",In-Person | Support | Wellbeing,St Columb's Park House Derry/Londonderry,"St Columb's Park House Derry/Londonderry, 4 Limavady Road, Derry/Londonderry, BT47 6JU",,,Derry/Londonderry,BT47 6JU,Monthly on the third Wednesday From 19:30 until 21:00,,,07825 450219 | 0808 800 0303,mchambers@parkinsons.org.uk,,,Local Group Staff Contact | Parkinson’s UK Helpline,https://localsupport.parkinsons.org.uk/activity/foyle-group-meeting | https://localsupport.parkinsons.org.uk/activity/aromatherapy-sessions
provider,Lisburn Branch,https://localsupport.parkinsons.org.uk/provider/lisburn-branch,"Our group offers friendship and support locally to people with Parkinson’s, their families and carers, contact us to find out more. For information and advice on Parkinson's, or for emotional support, call the Parkinson's UK helpline on 0808 800 0303",In-Person | Support | Wellbeing | Exercise,Harmony Hill Presbyterian Church,"Harmony Hill Presbyterian Church, Moss Road, Lisburn, BT27 4NW",,,Lisburn,BT27 4NW,Monthly on the third Monday From 14:30 until 16:00,,,020 7963 3618 | 0808 800 0303,mchambers@parkinsons.org.uk | hello@parkinsons.org.uk,,,Local Group Staff Contact | Parkinson’s UK Helpline,https://localsupport.parkinsons.org.uk/activity/lisburn-group-meeting | https://localsupport.parkinsons.org.uk/activity/parsonic-singing-group | https://localsupport.parkinsons.org.uk/activity/lisburn-bat-n-chat-table-tennis
provider,Newry and Mourne Support Group,https://localsupport.parkinsons.org.uk/provider/newry-and-mourne-support-group,"Our group offers friendship and support locally to people with Parkinson’s, their families and carers, contact us to find out more. For information and advice on Parkinson's, or for emotional support, call the Parkinson's UK helpline on 0808 800 0303",In-Person | Support,Mourne Country Hotel,"Altnaveigh House, 51 Downshire Road, Newry, BT34 1EE",,,Newry,BT34 1EE,,,,020 7963 3618 | 0808 800 0303,mchambers@parkinsons.org.uk | hello@parkinsons.org.uk,,,Local Group Staff Contact | Parkinson’s UK Helpline,https://localsupport.parkinsons.org.uk/activity/newry-social-cafe | https://localsupport.parkinsons.org.uk/activity/newry-support-group
provider,Newtownabbey Support Group,https://localsupport.parkinsons.org.uk/provider/newtownabbey-support-group,"Our group offers friendship and support locally to people with Parkinson’s, their families and carers, contact us to find out more. For information and advice on Parkinson's, or for emotional support, call the Parkinson's UK helpline on 0808 800 0303",In-Person | Support | Exercise,Whiteabbey Methodist Church,"Whiteabbey Methodist Church, 568 Shore Road, Newtownabbey, BT37 0SL",,,Newtownabbey,BT37 0SL,Monthly on the third Thursday From 19:30 until 21:00,,,020 7963 3618 | 0808 800 0303,mchambers@parkinsons.org.uk | hello@parkinsons.org.uk,,,Contact | Parkinson’s UK Helpline,https://localsupport.parkinsons.org.uk/activity/newtownabbey-group-meeting | https://localsupport.parkinsons.org.uk/activity/movement-music-5
provider,North Down and Ards Support Group,https://localsupport.parkinsons.org.uk/provider/north-down-support-group,"Our group offers friendship and support locally to people with Parkinson’s, their families and carers, contact us to find out more. For information and advice on Parkinson's, or for emotional support, call the Parkinson's UK helpline on 0808 800 0303",In-Person | Support | Exercise,Londonderry Park,"Londonderry Park, Portaferry Road, Newtownards, BT23 8SG",,,Newtownards,BT23 8SG,Monthly on the third Monday From 14:00 until 16:00,,,020 7963 3618 | 0808 800 0303,mchambers@parkinsons.org.uk | hello@parkinsons.org.uk,,,Local Group Staff Contact | Parkinson’s UK Helpline,https://localsupport.parkinsons.org.uk/activity/north-down-group-meeting | https://localsupport.parkinsons.org.uk/activity/north-down-coffee-carers | https://localsupport.parkinsons.org.uk/activity/newtownards-physio-led-intensive-exercise
provider,Omagh Branch,https://localsupport.parkinsons.org.uk/provider/omagh-branch,"Our group offers friendship and support locally to people with Parkinson’s, their families and carers, contact us to find out more. For information and advice on Parkinson's, or for emotional support, call the Parkinson's UK helpline on 0808 800 0303",In-Person | Support | Exercise,Omagh Library,"Omagh Library, 1 Spillars Place, Omagh, BT78 1HL",,,Omagh,BT78 1HL,Monthly on the third Tuesday From 14:30 until 16:00,,,020 7963 3618 | 0808 800 0303,mchambers@parkinsons.org.uk | hello@parkinsons.org.uk,,,Local Group Staff Contact | Parkinson’s UK Helpline,https://localsupport.parkinsons.org.uk/activity/omagh-group-meeting | https://localsupport.parkinsons.org.uk/activity/aqua-aerobics-0 | https://localsupport.parkinsons.org.uk/activity/gym-sessions
provider,Spires Magherafelt Branch,https://localsupport.parkinsons.org.uk/provider/spires-magherafelt-branch,"Our group offers friendship and support locally to people with Parkinson’s, their families and carers, contact us to find out more. For information and advice on Parkinson's, or for emotional support, call the Parkinson's UK helpline on 0808 800 0303",In-Person | Support | Exercise,Magherafelt Methodist Church Hall,"Magherafelt Methodist Church Hall, Wesleyan Mews, 26b Church Street, Magherafelt, BT45 6AW",,,Magherafelt,BT45 6AW,Monthly on the second Thursday From 19:00 until 21:00,,,020 7963 3618 | 0808 800 0303,mchambers@parkinsons.org.uk | hello@parkinsons.org.uk,,,Local Group Staff Contact | Parkinson’s UK Helpline,https://localsupport.parkinsons.org.uk/activity/spires-magherafelt-group-meeting | https://localsupport.parkinsons.org.uk/activity/exercise-and-activity-sessions
provider,Aberdeen Branch,https://localsupport.parkinsons.org.uk/provider/aberdeen-branch,"Our group offers friendship and support locally to people with Parkinson’s, their families and carers, contact us to find out more. For information and advice on Parkinson's, or for emotional support, call the Parkinson's UK helpline on 0808 800 0303",In-Person | Support | Wellbeing | Exercise,Craigiebuckler Church,"Craigiebuckler Church, 185 Springfield Road, Aberdeen, AB15 8AA",,,Aberdeen,AB15 8AA,Monthly on the last Thursday From 14:00 until 16:00,,,0808 800 0303,hello@parkinsons.org.uk,,,Parkinson’s UK Helpline,https://localsupport.parkinsons.org.uk/activity/aberdeen-group-meeting | https://localsupport.parkinsons.org.uk/activity/parknsing-voice-therapy-aberdeen | https://localsupport.parkinsons.org.uk/activity/physiotherapy
provider,Annan Support Group,https://localsupport.parkinsons.org.uk/provider/annan-support-group,"Our group offers friendship and support locally to people with Parkinson’s, their families and carers, contact us to find out more. For information and advice on Parkinson's, or for emotional support, call the Parkinson's UK helpline on 0808 800 0303",In-Person | Support,Lodge Caledonian 238,"Lodge Caledonian 238, Campbell House, Annan, DG12 5ER",,,Annan,DG12 5ER,Monthly on the fourth Thursday From 14:00 until 15:30,,,0344 225 9836 | 0808 800 0303,vc.scotland2@parkinsons.org.uk | hello@parkinsons.org.uk,,,Contact | Parkinson’s UK Helpline,https://localsupport.parkinsons.org.uk/activity/annan-group-meeting
provider,Ayrshire Support Group,https://localsupport.parkinsons.org.uk/provider/ayrshire-support-group,"Our group offers friendship and support locally to people with Parkinson’s, their families and carers, contact us to find out more. We have a dedicated Facebook page so that you can see what we're up to and there is also a closed group for more private exchanges. For information and advice on Parkinson's, or for emotional support, call the Parkinson's UK helpline on 0808 800 0303",In-Person | Support,Redburn Community Hub,"Redburn Community Hub, Dickson Drive, Irvine, KA12 9EW",,,Irvine,KA12 9EW,Monthly on the first Tuesday From 14:00 until 16:00,,,0344 225 3725 | 0808 800 0303,ahall@parkinsons.org.uk | hello@parkinsons.org.uk,,,Local Group Staff Contact | Parkinson’s UK Helpline,https://localsupport.parkinsons.org.uk/activity/ayrshire-parkinsons-support-group
provider,Borders Support Group,https://localsupport.parkinsons.org.uk/provider/borders-support-group,"Our group offers friendship and support locally to people with Parkinson’s, their families and carers, contact us to find out more. For information and advice on Parkinson's, or for emotional support, call the Parkinson's UK helpline on 0808 800 0303",In-Person | Support,The Kingsknowes Hotel,"The Kingsknowes Hotel, Selkirk Road, Galashiels, TD1 3HY",,,Galashiels,TD1 3HY,Monthly on the last Monday From 14:00 until 16:00,,,0344 225 3725 | 0808 800 0303,vc.scotland1@parkinsons.org.uk | hello@parkinsons.org.uk,,,Local Group Staff Contact | Parkinson’s UK Helpline,https://localsupport.parkinsons.org.uk/activity/borders-group-meeting | https://localsupport.parkinsons.org.uk/activity/peebles-parkinsons-cafe | https://localsupport.parkinsons.org.uk/activity/kelso-parkinsons-support-group
provider,Caithness Support Group,https://localsupport.parkinsons.org.uk/provider/caithness-support-group,"Our group offers friendship and support locally to people with Parkinson’s, their families and carers, contact us to find out more. For information and advice on Parkinson's, or for emotional support, call the Parkinson's UK helpline on 0808 800 0303",In-Person | Support,Pentland Hotel Thurso,"Pentland Hotel Thurso, Princes Street, Thurso, KW14 7AA",,,Thurso,KW14 7AA,Monthly on the first Tuesday From 14:00 until 16:00,,,0808 800 0303,hello@parkinsons.org.uk,,,Parkinson’s UK Helpline,https://localsupport.parkinsons.org.uk/activity/caithness-group-meeting-thurso | https://localsupport.parkinsons.org.uk/activity/caithness-group-meeting-wick
provider,Clydesdale Support Group,https://localsupport.parkinsons.org.uk/provider/clydesdale-support-group,"Our group offers friendship and support locally to people with Parkinson’s, their families and carers, contact us to find out more. For information and advice on Parkinson's, or for emotional support, call the Parkinson's UK helpline on 0808 800 0303",In-Person | Support,St Nicholas Church Hall Lanark,"St Nicholas Church Hall Lanark, Castlegate, Lanark, ML11 9DZ",,,Lanark,ML11 9DZ,Monthly on the last Thursday From 14:00 until 16:00,,,0344 225 3725 | 0808 800 0303,ahall@parkinsons.org.uk | hello@parkinsons.org.uk,,,Local Group Staff Contact | Parkinson’s UK Helpline,https://localsupport.parkinsons.org.uk/activity/clydesdale-group-meeting
provider,Cowal Support Group,https://localsupport.parkinsons.org.uk/provider/cowal-support-group,"Our group offers friendship and support locally to people with Parkinson’s, their families and carers, contact us to find out more. For information and advice on Parkinson's, or for emotional support, call the Parkinson's UK helpline on 0808 800 0303",In-Person | Support,Walkers Mica Home and Garden Centre,"Walkers Mica Home and Garden Centre, 361 Argyll Street, Dunoon, PA23 7RN",,,Dunoon,PA23 7RN,Monthly on the last Tuesday From 14:00 until 16:00,,,0344 225 3725 | 0808 800 0303,ahall@parkinsons.org.uk | hello@parkinsons.org.uk,,,Contact,https://localsupport.parkinsons.org.uk/activity/cowal-group-meeting
provider,Dumfries Branch,https://localsupport.parkinsons.org.uk/provider/dumfries-branch,"Our group offers friendship and support locally to people with Parkinson’s, their families and carers, contact us to find out more. For information and advice on Parkinson's, or for emotional support, call the Parkinson's UK helpline on 0808 800 0303",In-Person | Support | Exercise,Garden Wise,"Garden Wise, Castle Douglas Road, Dumfries, DG2 8PP",,,Dumfries,DG2 8PP,Monthly on the third Tuesday From 14:00 until 16:00,,,0344 225 3725 | 0808 800 0303,ahall@parkinsons.org.uk | hello@parkinsons.org.uk,,,Local Group Staff Contact | Parkinson’s UK Helpline,https://localsupport.parkinsons.org.uk/activity/dumfries-branch-meeting | https://localsupport.parkinsons.org.uk/activity/pd-power-0 | https://localsupport.parkinsons.org.uk/activity/positive-steps-parkinsons-0
provider,Dundee and Angus Support Group,https://localsupport.parkinsons.org.uk/provider/dundee-and-angus-support-group,"Our group offers friendship and support locally to people with Parkinson’s, their families and carers, contact us to find out more. For information and advice on Parkinson's, or for emotional support, call the Parkinson's UK helpline on 0808 800 0303",In-Person | Support,The Steeple Church Dundee,"The Steeple Church Dundee, Nethergate, Dundee, DD1 4DG",,,Dundee,DD1 4DG,Monthly on the last Tuesday From 14:00 until 16:00,,,0344 225 3725 | 0808 800 0303,vc.scotland1@parkinsons.org.uk | hello@parkinsons.org.uk,,,Local Group Staff Contact | Parkinson’s UK Helpline,https://localsupport.parkinsons.org.uk/activity/dundee-and-angus-group-meeting
provider,Edinburgh and Midlothian Branch,https://localsupport.parkinsons.org.uk/provider/edinburgh-and-midlothian-branch,"Our group offers friendship and support locally to people with Parkinson’s, their families and carers, contact us to find out more. For information and advice on Parkinson's, or for emotional support, call the Parkinson's UK helpline on 0808 800 0303",In-Person | Exercise | Support | Wellbeing,Lifecare Edinburgh,"Barclay Viewforth Church Edinburgh, 1 Wright's Houses, Edinburgh, EH10 4HN",,,Edinburgh,EH10 4HN,Monthly on the second Wednesday From 14:00 until 16:00,,,0344 225 3725 | 0808 800 0303,vc.scotland1@parkinsons.org.uk | hello@parkinsons.org.uk,,,Local Group Staff Contact | Parkinson’s UK Helpline,https://localsupport.parkinsons.org.uk/activity/edinburgh-group-meeting | https://localsupport.parkinsons.org.uk/activity/tai-chi-0 | https://localsupport.parkinsons.org.uk/activity/singing4fun-tuesday
provider,Edinburgh Younger Parkinson's Group,https://localsupport.parkinsons.org.uk/provider/edinburgh-younger-parkinsons-group,"Our group offers friendship and support locally to people with Parkinson’s, their families and carers, contact us to find out more. For information and advice on Parkinson's, or for emotional support, call the Parkinson's UK helpline on 0808 800 0303",In-Person | Support | Exercise,Hunter's Tryst,"Hunter's Tryst, 97 Oxgangs Road, Edinburgh, EH13 9NG",,,Edinburgh,EH13 9NG,Get in touch for more information.,,,0344 225 3725 | 0808 800 0303,vc.scotland1@parkinsons.org.uk | hello@parkinsons.org.uk,,,Local Group Staff Contact | Parkinson’s UK Helpline,https://localsupport.parkinsons.org.uk/activity/edinburgh-younger-parkinsons-support-group-meeting | https://localsupport.parkinsons.org.uk/activity/table-tennis-2
provider,Elgin Support Group,https://localsupport.parkinsons.org.uk/provider/elgin-support-group,"Our group offers friendship and support locally to people with Parkinson’s, their families and carers, contact us to find out more. For information and advice on Parkinson's, or for emotional support, call the Parkinson's UK helpline on 0808 800 0303",In-Person | Support | Exercise,Elgin and Forres Free Church of Scotland,"Elgin and Forres Free Church of Scotland, South Street, Elgin, IV30 1AB",,,Elgin,IV30 1AB,Monthly on the second Monday From 14:00 until 16:00,,,07907 877267 | 0808 800 0303,elginanddistrictpsg@gmail.com | hello@parkinsons.org.uk,,,Contact | Parkinson’s UK Helpline,https://localsupport.parkinsons.org.uk/activity/elgin-group-meeting | https://localsupport.parkinsons.org.uk/activity/dance-parkinsons-moray
provider,Falkirk Support Group,https://localsupport.parkinsons.org.uk/provider/falkirk-support-group,"Our group offers friendship and support locally to people with Parkinson’s, their families and carers, contact us to find out more. For information and advice on Parkinson's, or for emotional support, call the Parkinson's UK helpline on 0808 800 0303",In-Person | Exercise,St Francis Xavier's Church Hall - Falkirk,"St Francis Xavier's Church Hall - Falkirk, 1 Hope Street, Falkirk, FK1 5AT",,,Falkirk,FK1 5AT,Monthly on the second Tuesday From 14:00 until 16:00,,,0344 225 3725 | 0808 800 0303,vc.scotland1@parkinsons.org.uk | hello@parkinsons.org.uk,,,Local Group Staff Contact | Parkinson’s UK Helpline,https://localsupport.parkinsons.org.uk/activity/falkirk-group-meeting | https://localsupport.parkinsons.org.uk/activity/falkirk-exercise-music
provider,Fife Branch,https://localsupport.parkinsons.org.uk/provider/fife-branch,"We organise regular activities, events and social activities at various locations in the Fife area for people with Parkinson's, their families, partners, friends and carers. Please contact us for more information. You can get in touch using the details or through our website: https://fife.parkinsonsuk.group/For information and advice on Parkinson's, or for emotional support, call the Parkinson's UK helpline on 0808 800 0303",In-Person | Support,Glenrothes Bridge Centre,"Glenrothes Bridge Centre, Glenrothes Baptist Church, Unicorn House, Glenrothes, KY7 5NS",,,Glenrothes,KY7 5NS,Monthly on the second Thursday From 12:00 until 15:00,,,0344 225 3725 | 0808 800 0303,vc.scotland1@parkinsons.org.uk | hello@parkinsons.org.uk,,,Local Group Staff Contact | Parkinson’s UK Helpline,https://localsupport.parkinsons.org.uk/activity/fife-branch-meeting-glenrothes | https://localsupport.parkinsons.org.uk/activity/fife-young-persons-group | https://localsupport.parkinsons.org.uk/activity/indoor-bowling
provider,Fraserburgh Support Group,https://localsupport.parkinsons.org.uk/provider/Fraserburgh-Support-Group,"Our group offers friendship and support locally to people with Parkinson’s, their families and carers, contact us to find out more. For information and advice on Parkinson's, or for emotional support, call the Parkinson's UK helpline on 0808 800 0303",In-Person | Support,URC Church,"URC Church, 6-12 Mid Street, Fraserburgh, AB43 9AJ",,,Fraserburgh,AB43 9AJ,Monthly on the third Friday From 14:00 until 16:00,,,0808 800 0303,hello@parkinsons.org.uk,,,Parkinson’s UK Helpline,https://localsupport.parkinsons.org.uk/activity/fraserburgh-group-meeting
provider,Garioch Support Group,https://localsupport.parkinsons.org.uk/provider/garioch-support-group,"Our group offers friendship and support locally to people with Parkinson’s, their families and carers, contact us to find out more. For information and advice on Parkinson's, or for emotional support, call the Parkinson's UK helpline on 0808 800 0303",,The Acorn Centre Inverurie,,,,,,Monthly on the last Tuesday From 14:00 until 16:00,,,0344 225 3725 | 0808 800 0303,vc.scotland1@parkinsons.org.uk | hello@parkinsons.org.uk,,,Local Group Staff Contact | Parkinson’s UK Helpline,https://localsupport.parkinsons.org.uk/activity/garioch-group-meeting
provider,Glasgow North Support Group,https://localsupport.parkinsons.org.uk/provider/glasgow-north-support-group,"Our group offers friendship and support locally to people with Parkinson’s, their families and carers, contact us to find out more. For information and advice on Parkinson's, or for emotional support, call the Parkinson's UK helpline on 0808 800 0303",,Bishopbriggs Community Church Glasgow,,,,,,Monthly on the third Wednesday From 13:00 until 15:00,,,0344 225 3725 | 0808 800 0303,ahall@parkinsons.org.uk | hello@parkinsons.org.uk,,,Local Group Staff Contact | Parkinson’s UK Helpline,https://localsupport.parkinsons.org.uk/activity/glasgow-north-group-meeting
provider,Glasgow Young Onset Parkinson's Group,https://localsupport.parkinsons.org.uk/provider/glasgow-young-onset-parkinsons-group,"Our group offers friendship and support locally to people with Parkinson’s, their families and carers, contact us to find out more. For information and advice on Parkinson's, or for emotional support, call the Parkinson's UK helpline on 0808 800 0303",In-Person | Support | Exercise,Mercure Glasgow City Hotel,"Mercure Glasgow City Hotel, 201 Ingram Street, Glasgow, G1 1DQ",,,Glasgow,G1 1DQ,Monthly on the first Wednesday From 19:00 until 21:00,,,0344 225 3725 | 0808 800 0303,ahall@parkinsons.org.uk | hello@parkinsons.org.uk,,,Local Group Staff Contact | Parkinson’s UK Helpline,https://localsupport.parkinsons.org.uk/activity/glasgow-young-onset-group-meeting | https://localsupport.parkinsons.org.uk/activity/parkinsons-table-tennis-drumchapel
provider,Hebridean Support Group,https://localsupport.parkinsons.org.uk/provider/hebridean-support-group,"Our group offers friendship and support locally to people with Parkinson’s, their families and carers, contact us to find out more. For information and advice on Parkinson's, or for emotional support, call the Parkinson's UK helpline on 0808 800 0303",,The Failte Centre,,,,,,Monthly on the third Friday From 11:00 until 12:30,,,0344 225 3725 | 0808 800 0303,ahall@parkinsons.org.uk | hello@parkinsons.org.uk,,,Local Group Staff Contact | Parkinson’s UK Helpline,https://localsupport.parkinsons.org.uk/activity/hebridean-group-meeting
provider,Helensburgh and Dunbartonshire Support Group,https://localsupport.parkinsons.org.uk/provider/helensburgh-and-dunbartonshire-support-group,"Our group offers friendship and support locally to people with Parkinson’s, their families and carers, contact us to find out more. For information and advice on Parkinson's, or for emotional support, call the Parkinson's UK helpline on 0808 800 0303",,Helensburgh Parish Church Hall,,,,,,Monthly on the last Monday From 13:30 until 15:00,,,0344 225 3725 | 0808 800 0303,ahall@parkinsons.org.uk | hello@parkinsons.org.uk,,,Local Group Staff Contact | Parkinson’s UK Helpline,https://localsupport.parkinsons.org.uk/activity/helensburgh-and-dumbarton-group-meeting
provider,Inverclyde Support Group,https://localsupport.parkinsons.org.uk/provider/inverclyde-support-group,"Our group offers friendship and support locally to people with Parkinson’s, their families and carers, contact us to find out more. For information and advice on Parkinson's, or for emotional support, call the Parkinson's UK helpline on 0808 800 0303",In-Person | Support,Greenock Salvation Army Hall,"Greenock Salvation Army Hall, 57 Regent Street, Greenock, PA15 4NP",,,Greenock,PA15 4NP,Monthly on the last Friday From 12:30 until 14:30,,,0344 225 3725 | 0808 800 0303,ahall@parkinsons.org.uk | hello@parkinsons.org.uk,,,Local Group Staff Contact | Parkinson’s UK Helpline,https://localsupport.parkinsons.org.uk/activity/inverclyde-group-meeting
provider,Inverness Support Group,https://localsupport.parkinsons.org.uk/provider/inverness-support-group,"Our group offers friendship and support locally to people with Parkinson’s, their families and carers, contact us to find out more. For information and advice on Parkinson's, or for emotional support, call the Parkinson's UK helpline on 0808 800 0303",In-Person | Support,Culloden Balloch Baptist Church,"Culloden Balloch Baptist Church, Wellside Road, Inverness, IV2 7GS",,,Inverness,IV2 7GS,Monthly on the third Thursday From 10:30 until 12:00,,,0808 800 0303,hello@parkinsons.org.uk,,,Parkinson’s UK Helpline,https://localsupport.parkinsons.org.uk/activity/inverness-group-meeting | https://localsupport.parkinsons.org.uk/activity/easter-ross-support-group-meeting
provider,Isle of Arran Support Group,https://localsupport.parkinsons.org.uk/provider/isle-arran-support-group,"Our group offers friendship and support locally to people with Parkinson’s, their families and carers, contact us to find out more. For information and advice on Parkinson's, or for emotional support, call the Parkinson's UK helpline on 0808 800 0303",,,,,,,,,,,0344 225 3725 | 0808 800 0303,ahall@parkinsons.org.uk | hello@parkinsons.org.uk,,,Local Group Staff Contact | Parkinson’s UK Helpline,
provider,Kintyre Support Group,https://localsupport.parkinsons.org.uk/provider/kintyre-support-group,"Our group offers friendship and support locally to people with Parkinson’s, their families and carers, contact us to find out more. For information and advice on Parkinson's, or for emotional support, call the Parkinson's UK helpline on 0808 800 0303",,Shopper-Aide,,,,,,Monthly on the first Wednesday From 14:00 until 16:00,,,0808 800 0303,hello@parkinsons.org.uk,,,Parkinson’s UK Helpline,https://localsupport.parkinsons.org.uk/activity/kintyre-parkinsons-support-group-meeting
provider,Lanarkshire and Glasgow South Support Group,https://localsupport.parkinsons.org.uk/provider/lanarkshire-and-glasgow-south-branch,"Our group offers friendship and support locally to people with Parkinson’s, their families and carers, contact us to find out more. For information and advice on Parkinson's, or for emotional support, call the Parkinson's UK helpline on 0808 800 0303",In-Person | Support,Wardlawhill Church - Rutherglen,"Wardlawhill Church - Rutherglen, 3 Western Avenue, Rutherglen, G73 1JQ",,,Rutherglen,G73 1JQ,Weekly every Tuesday From 13:30 until 15:30,,,0344 225 3725 | 0808 800 0303,ahall@parkinsons.org.uk | hello@parkinsons.org.uk,,,Local Group Staff Contact | Parkinson’s UK Helpline,https://localsupport.parkinsons.org.uk/activity/lanarkshire-and-glasgow-south-group-meeting
provider,Lochaber Support Group,https://localsupport.parkinsons.org.uk/provider/lochaber-support-group,"Our group offers friendship and support locally to people with Parkinson’s, their families and carers, contact us to find out more. For information and advice on Parkinson's, or for emotional support, call the Parkinson's UK helpline on 0808 800 0303",In-Person | Support,"Alexandra Hotel, Fort William","Alexandra Hotel, Fort William, The Parade, Fort William, PH33 6AZ",,,Fort William,PH33 6AZ,Monthly on the last Tuesday From 14:00 until 16:00,,,0344 225 3725 | 0808 800 0303,ahall@parkinsons.org.uk | hello@parkinsons.org.uk,,,Local Group Staff Contact | Parkinson’s UK Helpline,https://localsupport.parkinsons.org.uk/activity/lochaber-group-meeting
provider,Perth Support Group,https://localsupport.parkinsons.org.uk/provider/perth-support-group,"Our group offers friendship and support locally to people with Parkinson’s, their families and carers, contact us to find out more. For information and advice on Parkinson's, or for emotional support, call the Parkinson's UK helpline on 0808 800 0303",In-Person | Support | Wellbeing,The Mustard Seed Cafe,"The Mustard Seed Cafe, Christian Outreach Centre, Perth, PH1 1PR",,,Perth,PH1 1PR,Monthly on the second Thursday From 14:00 until 16:00,,,0344 225 3725 | 0808 800 0303,vc.scotland1@parkinsons.org.uk | hello@parkinsons.org.uk,,,Local Group Staff Contact | Parkinson’s UK Helpline,https://localsupport.parkinsons.org.uk/activity/perth-group-meeting | https://localsupport.parkinsons.org.uk/activity/perth-complementary-therapy-project
provider,Peterhead Support Group,https://localsupport.parkinsons.org.uk/provider/peterhead-support-group,"Our group offers friendship and support locally to people with Parkinson’s, their families and carers, contact us to find out more. For information and advice on Parkinson's, or for emotional support, call the Parkinson's UK helpline on 0808 800 0303",In-Person | Support | Exercise,Buchanhaven Heritage Centre,"Buchanhaven Heritage Centre, 4 Ugie Road, Peterhead, AB42 1NR",,,Peterhead,AB42 1NR,Monthly on the second Monday From 14:00 until 16:00,,,0344 225 3725 | 0808 800 0303,vc.scotland1@parkinsons.org.uk | hello@parkinsons.org.uk,,,Local Group Staff Contact | Parkinson’s UK Helpline,https://localsupport.parkinsons.org.uk/activity/peterhead-group-meeting | https://localsupport.parkinsons.org.uk/activity/parkinsons-exercise-drumming-1
provider,Shetland Support Group,https://localsupport.parkinsons.org.uk/provider/shetland-support-group,"Our group offers friendship and support locally to people with Parkinson’s, their families and carers, contact us to find out more. For information and advice on Parkinson's, or for emotional support, call the Parkinson's UK helpline on 0808 800 0303",In-Person | Support,Market House,"Market House, 14 Market Street, Lerwick, ZE1 0DE",,,Lerwick,ZE1 0DE,Monthly on the first Monday From 14:00 until 16:00,,,0808 800 0303,hello@parkinsons.org.uk,,,Parkinson’s UK Helpline,https://localsupport.parkinsons.org.uk/activity/shetland-parkinsons-support-group
provider,Skye and Lochalsh Support Group,https://localsupport.parkinsons.org.uk/provider/skye-and-lochalsh-support-group,"Our group offers friendship and support locally to people with Parkinson’s, their families and carers, contact us to find out more. For information and advice on Parkinson's, or for emotional support, call the Parkinson's UK helpline on 0808 800 0303",In-Person | Support,An Acarsaid Care Home,"An Acarsaid Care Home, Liveras Park, Broadford, IV49 9AW",,,Broadford,IV49 9AW,Get in touch for more information.,,,0344 225 3725 | 0808 800 0303,ahall@parkinsons.org.uk | hello@parkinsons.org.uk,,,Local Group Staff Contact | Parkinson’s UK Helpline,https://localsupport.parkinsons.org.uk/activity/skye-and-lochalsh-group-meeting
provider,South West Glasgow Support Group,https://localsupport.parkinsons.org.uk/provider/south-west-glasgow-support-group,"Our group offers friendship and support locally to people with Parkinson’s, their families and carers, contact us to find out more. For information and advice on Parkinson's, or for emotional support, call the Parkinson's UK helpline on 0808 800 0303",In-Person | Support,Ralston Community Centre Paisley,"Ralston Community Centre Paisley, (next to the Library), Paisley, PA1 3BL",,,Paisley,PA1 3BL,Monthly on the third Monday From 13:00 until 15:00,,,0344 225 3725 | 0808 800 0303,ahall@parkinsons.org.uk | hello@parkinsons.org.uk,,,Local Group Staff Contact | Parkinson’s UK Helpline,https://localsupport.parkinsons.org.uk/activity/south-west-glasgow-group-meeting
provider,Stirling and Clackmannanshire Support Group,https://localsupport.parkinsons.org.uk/provider/stirling-and-clackmannanshire-support-group,"Our group offers friendship and support locally to people with Parkinson’s, their families and carers, contact us to find out more. For information and advice on Parkinson's, or for emotional support, call the Parkinson's UK helpline on 0808 800 0303",In-Person | Support | Wellbeing | Exercise,Cochrane Hall,"Cochrane Hall, West Stirling Street, Stirling, FK12 5LJ",,,Stirling,FK12 5LJ,Monthly on the first Wednesday From 13:30 until 15:30,,,0344 225 3725 | 0808 800 0303,ahall@parkinsons.org.uk | hello@parkinsons.org.uk,,,Local Group Staff Contact | Parkinson’s UK Helpline,https://localsupport.parkinsons.org.uk/activity/stirling-and-clackmannanshire-group-meeting | https://localsupport.parkinsons.org.uk/activity/forth-valley-parkinsons-singing-group-alva | https://localsupport.parkinsons.org.uk/activity/parkinsons-exercise-drumming-0
provider,West Lothian Support Group,https://localsupport.parkinsons.org.uk/provider/west-lothian-support-group,"Our group offers friendship and support locally to people with Parkinson’s, their families and carers, contact us to find out more. For information and advice on Parkinson's, or for emotional support, call the Parkinson's UK helpline on 0808 800 0303",In-Person | Exercise | Support,Uphall Community Centre,"Uphall Community Centre, Strathbrock Place, Uphall, EH52 6BN",,,Uphall,EH52 6BN,Monthly on the last Wednesday From 13:00 until 15:00,,,0344 225 3725 | 0808 800 0303,vc.scotland1@parkinsons.org.uk | hello@parkinsons.org.uk,,,Local Group Staff Contact | Parkinson’s UK Helpline,https://localsupport.parkinsons.org.uk/activity/west-lothian-group-meeting | https://localsupport.parkinsons.org.uk/activity/west-lothian-exercise-class
provider,Blaenau Gwent Support Group,https://localsupport.parkinsons.org.uk/provider/blaenau-gwent-support-group,"Our group offers friendship and support locally to people with Parkinson’s, their families and carers, contact us to find out more. For information and advice on Parkinson's, or for emotional support, call the Parkinson's UK helpline on 0808 800 0303",In-Person | Support | Wellbeing,Rassau Resource Community Centre,"Rassau Resource Community Centre, School Road, Rassau, NP23 5PP",,,Rassau,NP23 5PP,Monthly on the second Wednesday From 10:30 until 12:00,,,0808 800 0303,hello@parkinsons.org.uk,,,Parkinson’s UK Helpline,https://localsupport.parkinsons.org.uk/activity/blaenau-gwent-support-group | https://localsupport.parkinsons.org.uk/activity/live-loud-blaenau-gwent
provider,Bridgend Support Group,https://localsupport.parkinsons.org.uk/provider/bridgend-support-group,"Our group offers friendship and support locally to people with Parkinson’s, their families and carers, contact us to find out more. For information and advice on Parkinson's, or for emotional support, call the Parkinson's UK helpline on 0808 800 0303",In-Person | Support,"Mental Health Matters, Union Building","Mental Health Matters, Union Building, Quarella Road, Bridgend, CF31 1JW",,,Bridgend,CF31 1JW,Monthly on the second Wednesday From 13:00 until 16:00,,,0808 800 0303,wales@parkinsons.org.uk | hello@parkinsons.org.uk,,,Local Group Staff Contact | Parkinson’s UK Helpline,https://localsupport.parkinsons.org.uk/activity/bridgend-support-group
provider,Caerphilly County Borough Support Group,https://localsupport.parkinsons.org.uk/provider/caerphilly-branch,"Our group offers friendship and support locally to people with Parkinson’s, their families and carers, contact us to find out more. For information and advice on Parkinson's, or for emotional support, call the Parkinson's UK helpline on 0808 800 0303",In-Person | Exercise | Support,Wesleyan Methodist Church,"Creazione Fitness Village - Caerphilly, Sparks House, Caerphilly, CF83 1BQ",,,Caerphilly,CF83 1BQ,Monthly on the last Thursday From 14:00 until 15:30,,,0344 225 3714 | 0808 800 0303,rlydon@parkinsons.org.uk | hello@parkinsons.org.uk,,,Local Group Staff Contact | Parkinson’s UK Helpline,https://localsupport.parkinsons.org.uk/activity/caerphilly-group-meeting | https://localsupport.parkinsons.org.uk/activity/grin-and-tonic
provider,Cardiff Branch,https://localsupport.parkinsons.org.uk/provider/cardiff-parkinsons-group,"The Cardiff Group offers friendship and support, as well as a range of activities, to people with Parkinson’s, their families and carers. Contact Neil or Rebecca to find out more. For information and advice on Parkinson's, or for emotional support, call the Parkinson's UK helpline on 0808 800 0303",In-Person | Support | Exercise,Rhydypennau Library Cardiff,"Rhydypennau Library Cardiff, Llandennis Road, Cardiff, CF23 6EG",,,Cardiff,CF23 6EG,Monthly on the fourth Tuesday From 11:00 until 12:30,,,07860 647367 | 0344 225 3714 | 0808 800 0303,neilgot@me.com | rlydon@parkinsons.org.uk | hello@parkinsons.org.uk,,,Cardiff Group Contact | Cardiff Group Staff Contact | Parkinson’s UK Helpline,https://localsupport.parkinsons.org.uk/activity/cardiff-group-meeting | https://localsupport.parkinsons.org.uk/activity/cardiff-lift-physical-activity | https://localsupport.parkinsons.org.uk/activity/sparky-samba
provider,Chepstow Support Group,https://localsupport.parkinsons.org.uk/provider/chepstow-support-group,"Our group offers friendship and support locally to people with Parkinson’s, their families and carers, contact us to find out more. For information and advice on Parkinson's, or for emotional support, call the Parkinson's UK helpline on 0808 800 0303",In-Person | Support | Wellbeing,Salkeld Day Hospital Chepstow,"Salkeld Day Hospital Chepstow, Chepstow Community Hospital, Chepstow, NP16 5YX",,,Chepstow,NP16 5YX,Monthly on the second Wednesday From 19:00 until 21:00,,,0344 225 3714 | 0808 800 0303,rlydon@parkinsons.org.uk | hello@parkinsons.org.uk,,,Local Group Staff Contact | Parkinson’s UK Helpline,https://localsupport.parkinsons.org.uk/activity/chepstow-group-meeting | https://localsupport.parkinsons.org.uk/activity/chepstow-art-group
provider,Conwy Support Group,https://localsupport.parkinsons.org.uk/provider/conwy-support-group,"Our group offers friendship and support locally to people with Parkinson’s, their families and carers, contact us to find out more. For information and advice on Parkinson's, or for emotional support, call the Parkinson's UK helpline on 0808 800 0303",In-Person | Support | Exercise,Trinity Centre,"Trinity Centre, Trinity Avenue, Llandudno, LL30 2TQ",,,Llandudno,LL30 2TQ,Weekly every Monday From 14:00 until 16:00,,,0808 800 0303,kyffin.jones@hotmail.co.uk | hello@parkinsons.org.uk,,,Contact | Parkinson’s UK Helpline,https://localsupport.parkinsons.org.uk/activity/conwy-support-group-meeting-and-activities | https://localsupport.parkinsons.org.uk/activity/archery | https://localsupport.parkinsons.org.uk/activity/dance-parkinsons-3
provider,Emlyn and Tivyside Support Group,https://localsupport.parkinsons.org.uk/provider/emlyn-and-tivyside-support-group,"Our group offers friendship and support locally to people with Parkinson’s, their families and carers, contact us to find out more. For information and advice on Parkinson's, or for emotional support, call the Parkinson's UK helpline on 0808 800 0303",In-Person | Support,Newcastle Emlyn Rugby Club,"Newcastle Emlyn Rugby Club, Dol Wiber, Newcastle Emlyn, SA38 9AZ",,,Newcastle Emlyn,SA38 9AZ,Monthly on the third Tuesday From 11:00 until 14:00,,,07771 359005 | 0808 800 0303,j.purnell136@btinternet.com | hello@parkinsons.org.uk,,,Contact | Parkinson’s UK Helpline,https://localsupport.parkinsons.org.uk/activity/emlyn-and-tivyside-group-meeting
provider,Flintshire Support Group,https://localsupport.parkinsons.org.uk/provider/flintshire-support-group,"Our group offers friendship, information and support to local people affected by Parkinson's. Come and join us for our various activities, such as Tai Chi and Boccia. You'll find more details by clicking the ""More info"" button below each activity at the bottom of this page. You're also welcome to get in touch for further information. We look forward to hearing from you.",In-Person | Exercise | Support,Caffi Isa Arts & Community Centre,"Caffi Isa Arts & Community Centre, Mercia Drive, Mold, CH7 6UH",,,Mold,CH7 6UH,Weekly every Thursday From 10:30 until 11:30,,,0344 225 3631 | 0808 800 0303,wallison@parkinsons.org.uk | hello@parkinsons.org.uk,,,Local Group Staff Contact | Parkinson’s UK Helpline,https://localsupport.parkinsons.org.uk/activity/tai-chi | https://localsupport.parkinsons.org.uk/activity/flintshire-group-meeting | https://localsupport.parkinsons.org.uk/activity/boccia-1
provider,Gwynedd Support Groups,https://localsupport.parkinsons.org.uk/provider/gwynedd-support-groups,"Our group offers friendship and support locally to people with Parkinson’s, their families and carers, contact us to find out more. For information and advice on Parkinson's, or for emotional support, call the Parkinson's UK helpline on 0808 800 0303",In-Person | Support | Exercise,Y Ganolfan,"Dragon Theatre, Jubilee Terrace, Barmouth, LL42 1EF",,,Barmouth,LL42 1EF,Monthly on the third Wednesday From 11:00 until 13:00,,,0808 800 0303,hello@parkinsons.org.uk,,,Parkinson’s UK Helpline,https://localsupport.parkinsons.org.uk/activity/monthly-support-group-meeting-blaenau-ffestiniog | https://localsupport.parkinsons.org.uk/activity/south-snowdonia-group-meeting | https://localsupport.parkinsons.org.uk/activity/gogledd-eryri-group-meeting
provider,Llanelli Support Group,https://localsupport.parkinsons.org.uk/provider/llanelli-support-group,"Our group offers friendship and support locally to people with Parkinson’s, their families and carers, contact us to find out more. For information and advice on Parkinson's, or for emotional support, call the Parkinson's UK helpline on 0808 800 0303",In-Person | Support | Wellbeing,Dafen Church Hall,"Dafen Church Hall, Bryngwyn Rd, Llanelli, SA14 8LW",,,Llanelli,SA14 8LW,Monthly on the last Wednesday From 14:00 until 16:30,,,01269 832 739 | 0808 800 0303,howellsmandy1@gmail.com | hello@parkinsons.org.uk,,,Contact | Parkinson’s UK Helpline,https://localsupport.parkinsons.org.uk/activity/llanelli-group-meeting | https://localsupport.parkinsons.org.uk/activity/crosshands-cafe | https://localsupport.parkinsons.org.uk/activity/live-loud-crosshands-llanelli
provider,Monmouth Support Group,https://localsupport.parkinsons.org.uk/provider/monmouth-support-group,"Our group offers friendship and support locally to people with Parkinson’s, their families and carers, contact us to find out more. For information and advice on Parkinson's, or for emotional support, call the Parkinson's UK helpline on 0808 800 0303",In-Person | Support,Rockfield Park Community Centre,"Rockfield Park Community Centre, 25 Cornwallis Way, Monmouth, NP25 5DN",,,Monmouth,NP25 5DN,Monthly on the third Friday From 14:00 until 16:00,,,0344 225 3714 | 0808 800 0303,rlydon@parkinsons.org.uk | hello@parkinsons.org.uk,,,Local Group Staff Contact | Parkinson’s UK Helpline,https://localsupport.parkinsons.org.uk/activity/monmouth-group-meeting | https://localsupport.parkinsons.org.uk/activity/parkinsons-uk-monmouth-carers-support-group | https://localsupport.parkinsons.org.uk/activity/parkinsons-uk-monmouth-drop-cafe-crafts
provider,Montgomeryshire Support Group,https://localsupport.parkinsons.org.uk/provider/montgomeryshire-support-group,"Our group offers friendship and support locally to people with Parkinson’s, their families and carers, contact us to find out more. For information and advice on Parkinson's, or for emotional support, call the Parkinson's UK helpline on 0808 800 0303",In-Person | Support,COWSHACC Welshpool,"COWSHACC Welshpool, Oldford Lane, Welshpool, SY21 7TE",,,Welshpool,SY21 7TE,Monthly on the last Thursday From 14:00 until 16:00,,,0344 225 3713 | 0808 800 0303,dmcguinness@parkinsons.org.uk | hello@parkinsons.org.uk,,,Contact | Parkinson’s UK Helpline,https://localsupport.parkinsons.org.uk/activity/montgomeryshire-group-meeting
provider,Neath Port Talbot Support Group,https://localsupport.parkinsons.org.uk/provider/neath-port-talbot-support-group,"Our group offers friendship and support locally to people with Parkinson’s, their families and carers, contact us to find out more. For information and advice on Parkinson's, or for emotional support, call the Parkinson's UK helpline on 0808 800 0303",In-Person | Support,Longford Memorial Hall Neath Port Talbot,"Longford Memorial Hall Neath Port Talbot, The Drive, Neath Port Talbot, SA10 7HD",,,Neath Port Talbot,SA10 7HD,Monthly on the third Wednesday From 10:30 until 12:00,,,0344 225 3714 | 0808 800 0303,rlydon@parkinsons.org.uk | hello@parkinsons.org.uk,,,Local Group Staff Contact | Parkinson’s UK Helpline,https://localsupport.parkinsons.org.uk/activity/neath-port-talbot-group-meeting | https://localsupport.parkinsons.org.uk/activity/port-talbot-cafe
provider,Newport Support Group,https://localsupport.parkinsons.org.uk/provider/newport-support-group,"Our group offers friendship and support locally to people with Parkinson’s, their families and carers, contact us to find out more. For information and advice on Parkinson's, or for emotional support, call the Parkinson's UK helpline on 0808 800 0303",In-Person | Support,Maesglas Comunity Centre,"Maesglas Comunity Centre, Bideford Road, Newport, NP20 3XT",,,Newport,NP20 3XT,Monthly on the last Monday From 14:30 until 16:00,,,0344 225 3714 | 0808 800 0303,rlydon@parkinsons.org.uk | hello@parkinsons.org.uk,,,Local Group Staff Contact | Parkinson’s UK Helpline,https://localsupport.parkinsons.org.uk/activity/newport-group-meeting | https://localsupport.parkinsons.org.uk/activity/newport-cafe | https://localsupport.parkinsons.org.uk/activity/curry-club-newport-support-group
provider,Pembrokeshire Branch,https://localsupport.parkinsons.org.uk/provider/pembrokeshire-branch,"Our group offers friendship and support locally to people with Parkinson’s, their families and carers, contact us to find out more. For information and advice on Parkinson's, or for emotional support, call the Parkinson's UK helpline on 0808 800 0303",In-Person | Support,Tiers Cross United Reform Church,"Tiers Cross United Reform Church, Tiers Cross, Haverfordwest, SA62 3BW",,,Haverfordwest,SA62 3BW,Weekly every Wednesday From 10:00 until 13:00,,,07817 429 245 | 0808 800 0303,highblean@btinternet.com | hello@parkinsons.org.uk,,,Contact | Parkinson’s UK Helpline,https://localsupport.parkinsons.org.uk/activity/pembrokeshire-group-meeting
provider,South Powys Support Group,https://localsupport.parkinsons.org.uk/provider/south-powys-branch,"Our group offers friendship and support locally to people with Parkinson’s, their families and carers, contact us to find out more. For information and advice on Parkinson's, or for emotional support, call the Parkinson's UK helpline on 0808 800 0303",In-Person | Support | Exercise,Llangors Community Hall Powys,"Llangors Community Hall Powys, Llangors, Powys, LD3 7TR",,,Powys,LD3 7TR,Get in touch for more information.,,,0344 225 3714 | 0808 800 0303,rlydon@parkinsons.org.uk | hello@parkinsons.org.uk,,,Local Group Staff Contact | Parkinson’s UK Helpline,https://localsupport.parkinsons.org.uk/activity/south-powys-group-meeting | https://localsupport.parkinsons.org.uk/activity/strictly-parkinsons-dancing
provider,Swansea District Branch,https://localsupport.parkinsons.org.uk/provider/swansea-district-branch,"Our group offers friendship and support locally to people with Parkinson’s, their families and carers, contact us to find out more. For information and advice on Parkinson's, or for emotional support, call the Parkinson's UK helpline on 0808 800 0303",In-Person | Support | Exercise,Gorseinon Institute Swansea,"Gorseinon Institute Swansea, Lime Street, Swansea, SA4 4EE",,,Swansea,SA4 4EE,Monthly on the last Friday From 12:30 until 15:30,,,0344 225 3714 | 0808 800 0303,rlydon@parkinsons.org.uk | hello@parkinsons.org.uk,,,Local Group Staff Contact | Parkinson’s UK Helpline,https://localsupport.parkinsons.org.uk/activity/swansea-district-group-meeting | https://localsupport.parkinsons.org.uk/activity/parkinsons-exercise-class-0
provider,Torfaen Support Group,https://localsupport.parkinsons.org.uk/provider/torfaen-support-group,"Our group offers friendship and support locally to people with Parkinson’s, their families and carers, contact us to find out more. For information and advice on Parkinson's, or for emotional support, call the Parkinson's UK helpline on 0808 800 0303",In-Person | Support,Mount Pleasant Hall,"Mount Pleasant Hall, Mount Pleasant Road, Cwmbran, NP44 1AN",,,Cwmbran,NP44 1AN,Monthly on the third Thursday From 13:30 until 15:00,,,0344 225 3714 | 0808 800 0303,rlydon@parkinsons.org.uk | hello@parkinsons.org.uk,,,Local Group Staff Contact | Parkinson’s UK Helpline,https://localsupport.parkinsons.org.uk/activity/torfaen-group-meeting
provider,Vale of Clwyd Support Group,https://localsupport.parkinsons.org.uk/provider/vale-clwyd-support-group,"Our group offers friendship and support locally to people with Parkinson’s, their families and carers, contact us to find out more. For information and advice on Parkinson's, or for emotional support, call the Parkinson's UK helpline on 0808 800 0303",In-Person | Support | Exercise,Meliden Community Centre,"Meliden Community Centre, Ffordd Talargoch, Meliden, LL19 8LA",,,Meliden,LL19 8LA,Monthly on the first Monday From 14:00 until 16:00,,,0808 800 0303,hello@parkinsons.org.uk,,,Parkinson’s UK Helpline,https://localsupport.parkinsons.org.uk/activity/vale-clwyd-group-meeting-and-activities | https://localsupport.parkinsons.org.uk/activity/tai-chi-4 | https://localsupport.parkinsons.org.uk/activity/tai-chi-5
provider,Vale of Glamorgan Support Group,https://localsupport.parkinsons.org.uk/provider/vale-glamorgan-support-group,"Our group offers friendship and support locally to people with Parkinson’s, their families and carers, contact us to find out more. For information and advice on Parkinson's, or for emotional support, call the Parkinson's UK helpline on 0808 800 0303",In-Person | Support,Murchfield Hall Dinas Powy,"Murchfield Hall Dinas Powy, Sunnycroft Lane, Dinas Powy, CF64 4QQ",,,Dinas Powy,CF64 4QQ,Monthly on the first Tuesday From 14:00 until 16:00,,,0344 225 3714 | 0808 800 0303,rlydon@parkinsons.org.uk | hello@parkinsons.org.uk,,,Local Group Staff Contact | Parkinson’s UK Helpline,https://localsupport.parkinsons.org.uk/activity/vale-glamorgan-group-meeting
provider,Wrexham and North East Wales Support Group,https://localsupport.parkinsons.org.uk/provider/wrexham-and-north-east-wales-support-group,"Our group offers friendship and support locally to people with Parkinson’s, their families and carers, contact us to find out more. For information and advice on Parkinson's, or for emotional support, call the Parkinson's UK helpline on 0808 800 0303",In-Person | Support,St. Margaret’s Church Community Hall Wrexham,"St. Margaret’s Church Community Hall Wrexham, Chester Road, Wrexham, LL11 2SH",,,Wrexham,LL11 2SH,Monthly on the fourth Monday From 14:00 until 16:00,,,0808 800 0303 | 07783 4574197,hello@parkinsons.org.uk | sylviaprankard@gmail.com,,,Parkinson’s UK Helpline | Group Contact,https://localsupport.parkinsons.org.uk/activity/wrexham-group-meeting-and-activities
activity,Adult Children of Parents with Parkinson's Online Support Group,https://localsupport.parkinsons.org.uk/activity/adult-children-parents-parkinsons-online-support-group,Join us at a monthly online peer support group for adults with parents with Parkinson's. You must be over 18 to join this group. For the next meeting date and to request a link to join contact Sarah at [email protected].,Virtual | Support,,,,,,,Get in touch for more information.,No,Sarah,,southlondon@parkinsons.org.uk,,,,
activity,Advanced Parkinson's Online Carers Support Group,https://localsupport.parkinsons.org.uk/activity/advanced-parkinsons-online-carers-support-group,"Online Carers Group via Zoom, welcomes anyone living with or caring for someone living with advanced Parkinson's. An informal peer to peer support group, with an experienced facilitator. Open to anyone living in the UK. Takes place the 2nd Monday of each month, from 7.30pm to 8.30pm. Please contact Sarah using the contact details below to book a free place.",Virtual | Support,,,,,,,Monthly on the second Monday From 19:30 until 20:30,No,Sarah Spencer-Bowdage,0344 225 9849,sspencer-bowdage@parkinsons.org.uk,,,,
activity,"Black, Asian, Arab and Mixed Heritage Support Group Meeting",https://localsupport.parkinsons.org.uk/activity/black-asian-arab-and-mixed-heritage-support-group-meeting,"Our monthly meeting is for people with Parkinson's from Black, Asian, Arab, and Mixed Heritage backgrounds and their families to: Connect with people affected by Parkinson's from similar backgrounds Get support and share experiences in a culturally sensitive environment Learn from experts about managing Parkinson's Our meetings are held on the first Monday of each month from 1pm to 2pm. Shamsa leads and attends our support group. She said, ""This group offers a safe, supportive space with no judgment or pity. It’s helped me feel less alone and less different. I’ve learned about diet, exercise, research, and more. No question is too small."" To sign up and get the online Zoom meeting links: Please get in touch with Zahra Bibi by email at [email protected] or by phone at 07964037154. or fill out this form Are you new to online meetings but want to join? Let us know if you need some support to join in.",Virtual | Support,,,,,,,Monthly on the first Monday From 13:00 until 14:00,No,Zahra Bibi,07964037154,zbibi@parkinsons.org.uk,,,,
activity,Deep Brain Stimulation (DBS) Peer Support Group - Online,https://localsupport.parkinsons.org.uk/activity/deep-brain-stimulation-dbs-peer-support-group-online-4,"A small inclusive peer support group offering support and non medical advice for those who have undergone or are awaiting Deep Brain Stimulation (DBS), living in the UK. Partners and carers are also welcome to join. The meetings take place online via Zoom and are guided by a volunteer who has experience of DBS. For the next meeting date and to request a link to join, please get in touch using the contact details below.",Virtual | Support,,,,,,,Get in touch for more information.,No,Wales Office,,wales@parkinsons.org.uk,,,,
activity,LGBTQIA+ Network (Online),https://localsupport.parkinsons.org.uk/activity/lgbtqia-network-online,"A safe space for anyone identifying as LGBTQIA+ to meet others affected by Parkinson’s. Meeting online every second Thursday of the month, from 7pm to 8.30pm. Join us for a combination of guest speakers, discussions and social evenings. 2026 dates 8 January 2026 12 February 2026 12 March 2026 9 April 2026 14 May 2026 11 June 2026 Get in touch to sign up and get the online meeting link. New to online meetings but keen to come along? Let us know if you need some tech support to join in. During the meeting, optional closed captions will be enabled.",Virtual | Support,,,,,,,Monthly on the second Thursday From 19:00 until 20:30,No,Cara Connolly,020 7963 3693,cconnolly@parkinsons.org.uk,,,,
activity,Online Military Support Group,https://localsupport.parkinsons.org.uk/activity/online-military-support-group,"Our aim is to provide a UK wide place of support to discuss the unique challenges of being a service person, family member of a service person or a veteran with Parkinson's. We want to create a safe environment where people can discuss their concerns and challenges, signposting them to military support services where available. If you're interested in attending and would like to be informed of our group's upcoming online meetings and activities, please complete our Google form.",Virtual | Support,,,,,,,Get in touch for more information.,No,Local Networks team,,localnetworks@parkinsons.org.uk,,,,
activity,Online Working Age / Newly Diagnosed Carers Support Group,https://localsupport.parkinsons.org.uk/onlinecarersgroup,"The group is open to all carers and family members aged over 18 and under 67 supporting someone newly diagnosed with Parkinson’s. You do not have to be a registered carer. It's free to join. The informal online sessions are facilitated by volunteers with caring experience and a chance to talk with people in similar situations, share experiences, and support each other. We aim for the group to provide mutual support to those living with or caring for a person diagnosed with Parkinson’s within (approximately) the last 3 years. If you do not meet the newly diagnosed or age criteria, we host another online carers support group, which you are welcome to join. For carers under the age of 18, we suggest finding a group specifically aimed for young carers would best meet your needs. This online group is for peer-to-peer support and is not monitored by professional advisers. If participants want additional or one-to-one support, they may be signposted by volunteers to other groups, services, or other Parkinson’s UK support opportunities. Places are limited to 15 to help ensure people feel supported and listened to. The group is closed and we plan to only take new participants if space becomes available after the first six sessions. This is to allow the group to build trusting relationships with the same people. If the group becomes oversubscribed, a waiting list will be created for people wanting to join the next six sessions. Join our session on the 3rd Wednesday of the month, from 7pm to 8.30pm. To book a place, please contact Satpal using the contact details below. When booking, please provide your name, email address, telephone number, and address.",Virtual | Support,,,,,,,Monthly on the third Wednesday From 19:00 until 20:30,No,Satpal Ghatora,0344 225 3700,sghatora@parkinsons.org.uk,,,,
activity,Polish Parkinson's Online Cafe,https://localsupport.parkinsons.org.uk/activity/polish-parkinsons-online-cafe,"Join us at our monthly Polish Parkinson's Online Cafe, taking place on the last Thursday of every month via Zoom. For anyone in the Polish community affected by Parkinson's wanting to connect, share experiences and support one another. For details about our next meeting and to book your place, contact Kinga on [email protected] or Lyndsay Taylor (Community Support Officer) on [email protected] or 07815 610 129.",Virtual | Support,,,,,,,Monthly on the last Thursday From 18:30 until 20:00,No,Lyndsay Taylor,07815 610 129,ltaylor@parkinsons.org.uk,,,,