sourceSystem,sourceDirectory,sourceId,slug,name,typeLabel,excerpt,description,location,locationLabel,country,specialties,languages,formats,verified,listingStatus,reviewCount,rating,website,email,phone,organizationName,credentials,rawRole,rawOrganization,sourceLocation,city,stateProvince,postcode,sourceUrl,latitude,longitude,scrapedAt
rock-steady-boxing,Rock Steady Boxing Member Directory,member-directory:neurobalance-center-3788355,member-directory-neurobalance-center-1529-s-grove-ave-barrington-il-60010-united-states,Rock Steady Boxing,Exercise Program,Rock Steady Boxing is listed in the official Rock Steady Boxing directory.,"Rock Steady Boxing is listed in the official Rock Steady Boxing Member Directory. Categories: Parkinson's Disease, Rock Steady Boxing, Illinois, NeuroBalance Center, Boxing, Exercise/Fitness, Neurological conditions, Health and Wellness. Address: 1529 S Grove Ave, Barrington, IL 60010, United States.","Barrington, IL, United States","Barrington, IL, United States",United States,Parkinson's Disease | Rock Steady Boxing | Illinois | NeuroBalance Center | Boxing | Exercise/Fitness | Neurological conditions | Health and Wellness | Exercise | Parkinson's Care,,in-person,false,unclaimed,0,0,https://neurobalancecenter.org/,,8478006162,Rock Steady Boxing,,member-directory,Rock Steady Boxing,"1529 S Grove Ave, Barrington, IL 60010, United States",Barrington,IL,60010,https://members.rocksteadyboxing.org/member-directory/Details/neurobalance-center-3788355,42.1312971,-88.1268209,2026-03-28T03:14:36.171Z
rock-steady-boxing,Rock Steady Boxing Member Directory,member-directory:bluffton-in-2829611,member-directory-bluffton-in-128-e-market-st-bluffton-in-46714-united-states,"Rock Steady Boxing Bluffton, IN",Community Program,"Rock Steady Boxing Bluffton, IN is listed in the official Rock Steady Boxing directory.","Rock Steady Boxing Bluffton, IN is listed in the official Rock Steady Boxing Member Directory. Address: 128 E Market St, Bluffton, IN 46714, United States.","Bluffton, IN, United States","Bluffton, IN, United States",United States,Community Program | Parkinson's Care,,in-person,false,unclaimed,0,0,,,2608246069,"Rock Steady Boxing Bluffton, IN",,member-directory,Rock Steady Boxing,"128 E Market St, Bluffton, IN 46714, United States",Bluffton,IN,46714,https://members.rocksteadyboxing.org/member-directory/Details/bluffton-in-2829611,40.73938380000001,-85.1697677,2026-03-28T03:14:36.173Z
rock-steady-boxing,Rock Steady Boxing Member Directory,member-directory:rock-steady-boxing-houston-medical-center-2829380,member-directory-rock-steady-boxing-houston-medical-center-8369-almeda-road-suite-s-houston-tx-77054-united-states,Rock Steady Boxing Houston Medical Center,Exercise Program,Rock Steady Boxing Houston Medical Center is listed in the official Rock Steady Boxing directory.,"Rock Steady Boxing Houston Medical Center is listed in the official Rock Steady Boxing Member Directory. Address: 8369 Almeda Road, Suite S, Houston, TX 77054, United States.","Houston, TX, United States","Houston, TX, United States",United States,Boxing | Exercise | Parkinson's Care,,in-person,false,unclaimed,0,0,http://rocksteadyboxinghoustonmedicalcenter.com/,,8324631575,Rock Steady Boxing Houston Medical Center,,member-directory,Rock Steady Boxing,"8369 Almeda Road, Suite S, Houston, TX 77054, United States",Houston,TX,77054,https://members.rocksteadyboxing.org/member-directory/Details/rock-steady-boxing-houston-medical-center-2829380,29.6874205,-95.39039100000001,2026-03-28T03:14:36.173Z
rock-steady-boxing,Rock Steady Boxing Member Directory,member-directory:oceanside-2829186,member-directory-oceanside-918-mission-ave-oceanside-ca-92054-united-states,Rock Steady Boxing Oceanside offers non-contact boxing for Parkinson’s patients,Exercise Program,Rock Steady Boxing Oceanside offers non-contact boxing for Parkinson’s patients is listed in the official Rock Steady Boxing directory.,"Rock Steady Boxing Oceanside offers non-contact boxing for Parkinson’s patients is listed in the official Rock Steady Boxing Member Directory. Categories: Rock Steady Boxing Oceanside offers non-contact boxing for Parkinson’s patients, improving balance, mobility, and quality of life with certified trainers.. Address: 918 Mission Ave, Oceanside, CA 92054, United States.","Oceanside, CA, United States","Oceanside, CA, United States",United States,Rock Steady Boxing Oceanside offers non-contact boxing for Parkinson’s patients | improving balance | mobility | and quality of life with certified trainers. | Boxing | Exercise | Parkinson's Care,,in-person,false,unclaimed,0,0,,,7609817273,Rock Steady Boxing Oceanside offers non-contact boxing for Parkinson’s patients,,member-directory,Rock Steady Boxing,"918 Mission Ave, Oceanside, CA 92054, United States",Oceanside,CA,92054,https://members.rocksteadyboxing.org/member-directory/Details/oceanside-2829186,33.1983867,-117.376199,2026-03-28T03:14:36.173Z
rock-steady-boxing,Rock Steady Boxing Member Directory,member-directory:victory-martial-arts-ruskin-2829842,member-directory-victory-martial-arts-ruskin-victory-martial-arts-3052-e-college-ave-ruskin-fl-33570-united-states,Rock Steady Boxing Southshore,Exercise Program,Rock Steady Boxing Southshore is listed in the official Rock Steady Boxing directory.,"Rock Steady Boxing Southshore is listed in the official Rock Steady Boxing Member Directory. Categories: Rock Steady Boxing Southshore, FL. Address: Victory Martial Arts, 3052 E College Ave, Ruskin, FL 33570, United States.","Ruskin, FL, United States","Ruskin, FL, United States",United States,Rock Steady Boxing Southshore | FL | Boxing | Exercise | Parkinson's Care,,in-person,false,unclaimed,0,0,,,,Rock Steady Boxing Southshore,,member-directory,Rock Steady Boxing,"Victory Martial Arts, 3052 E College Ave, Ruskin, FL 33570, United States",Ruskin,FL,33570,https://members.rocksteadyboxing.org/member-directory/Details/victory-martial-arts-ruskin-2829842,27.7148877,-82.39171970000001,2026-03-28T03:14:36.173Z
rock-steady-boxing,Rock Steady Boxing Member Directory,member-directory:crown-boxing-gym-2829438,member-directory-crown-boxing-gym-1010-ballard-st-lansing-mi-48906-united-states,Rock Steady Boxing - Crown Boxing Gym,Exercise Program,Rock Steady Boxing - Crown Boxing Gym is listed in the official Rock Steady Boxing directory.,"Rock Steady Boxing - Crown Boxing Gym is listed in the official Rock Steady Boxing Member Directory. Address: 1010 Ballard St., Lansing, MI 48906, United States.","Lansing, MI, United States","Lansing, MI, United States",United States,Boxing | Exercise | Parkinson's Care,,in-person,false,unclaimed,0,0,,,5174495995,Rock Steady Boxing - Crown Boxing Gym,,member-directory,Rock Steady Boxing,"1010 Ballard St., Lansing, MI 48906, United States",Lansing,MI,48906,https://members.rocksteadyboxing.org/member-directory/Details/crown-boxing-gym-2829438,42.7448103,-84.53935419999999,2026-03-28T03:14:36.173Z
rock-steady-boxing,Rock Steady Boxing Member Directory,member-directory:270-2829664,member-directory-270-607-poplar-street-murray-ky-42071-united-states,Rock Steady Boxing 270 Murray,Exercise Program,Rock Steady Boxing 270 Murray is listed in the official Rock Steady Boxing directory.,"Rock Steady Boxing 270 Murray is listed in the official Rock Steady Boxing Member Directory. Categories: Rock Steady Boxing 270 Murray, KY. Address: 607 Poplar Street, Murray, KY 42071, United States.","Murray, KY, United States","Murray, KY, United States",United States,Rock Steady Boxing 270 Murray | KY | Boxing | Exercise | Parkinson's Care,,in-person,false,unclaimed,0,0,,,2709789257,Rock Steady Boxing 270 Murray,,member-directory,Rock Steady Boxing,"607 Poplar Street, Murray, KY 42071, United States",Murray,KY,42071,https://members.rocksteadyboxing.org/member-directory/Details/270-2829664,36.6084424,-88.30532629999999,2026-03-28T03:14:36.173Z
rock-steady-boxing,Rock Steady Boxing Member Directory,member-directory:rock-steady-boxing-music-city-located-inside-steps-fitness-2829238,member-directory-rock-steady-boxing-music-city-located-inside-steps-fitness-2424-21st-avenue-south-nashville-tn-37215-united-states,Rock Steady Boxing Music City located inside STEPS Fitness,Exercise Program,Rock Steady Boxing Music City located inside STEPS Fitness is listed in the official Rock Steady Boxing directory.,"Rock Steady Boxing Music City located inside STEPS Fitness is listed in the official Rock Steady Boxing Member Directory. Address: 2424 21st Avenue South, Nashville, TN 37215, United States.","Nashville, TN, United States","Nashville, TN, United States",United States,Boxing | Exercise | Parkinson's Care,,in-person,false,unclaimed,0,0,,,6159443284,Rock Steady Boxing Music City located inside STEPS Fitness,,member-directory,Rock Steady Boxing,"2424 21st Avenue South, Nashville, TN 37215, United States",Nashville,TN,37215,https://members.rocksteadyboxing.org/member-directory/Details/rock-steady-boxing-music-city-located-inside-steps-fitness-2829238,36.1261128,-86.8043409,2026-03-28T03:14:36.173Z
rock-steady-boxing,Rock Steady Boxing Member Directory,member-directory:324-e-main-st-east-helena-mt-59635-2829399,member-directory-324-e-main-st-east-helena-mt-59635-324-e-main-st-east-helena-mt-59635-united-states,"Rock Steady Boxing East Helena, MT",Community Program,"Rock Steady Boxing East Helena, MT is listed in the official Rock Steady Boxing directory.","Rock Steady Boxing East Helena, MT is listed in the official Rock Steady Boxing Member Directory. Address: 324 E Main St., East Helena, MT 59635, United States.","East Helena, MT, United States","East Helena, MT, United States",United States,Community Program | Parkinson's Care,,in-person,false,unclaimed,0,0,,,4064653188,"Rock Steady Boxing East Helena, MT",,member-directory,Rock Steady Boxing,"324 E Main St., East Helena, MT 59635, United States",East Helena,MT,59635,https://members.rocksteadyboxing.org/member-directory/Details/324-e-main-st-east-helena-mt-59635-2829399,46.58969070000001,-111.915001,2026-03-28T03:14:36.173Z
rock-steady-boxing,Rock Steady Boxing Member Directory,member-directory:561-2829662,member-directory-561-7103-lake-worth-road-lake-worth-fl-33467-united-states,"Rock Steady Boxing Lake Worth, FL",Community Program,"Rock Steady Boxing Lake Worth, FL is listed in the official Rock Steady Boxing directory.","Rock Steady Boxing Lake Worth, FL is listed in the official Rock Steady Boxing Member Directory. Address: 7103 Lake Worth Road, Lake Worth, FL 33467, United States.","Lake Worth, FL, United States","Lake Worth, FL, United States",United States,Community Program | Parkinson's Care,,in-person,false,unclaimed,0,0,,,3153829918,"Rock Steady Boxing Lake Worth, FL",,member-directory,Rock Steady Boxing,"7103 Lake Worth Road, Lake Worth, FL 33467, United States",Lake Worth,FL,33467,https://members.rocksteadyboxing.org/member-directory/Details/561-2829662,26.6180473,-80.1585358,2026-03-28T03:14:36.174Z
rock-steady-boxing,Rock Steady Boxing Member Directory,member-directory:680-corridor-east-bay-2829659,member-directory-680-corridor-east-bay-3180-oak-road-walnut-creek-ca-94597-united-states,"Rock Steady Boxing Walnut Creek, CA",Community Program,"Rock Steady Boxing Walnut Creek, CA is listed in the official Rock Steady Boxing directory.","Rock Steady Boxing Walnut Creek, CA is listed in the official Rock Steady Boxing Member Directory. Address: 3180 Oak Road, Walnut Creek, CA 94597, United States.","Walnut Creek, CA, United States","Walnut Creek, CA, United States",United States,Community Program | Parkinson's Care,,in-person,false,unclaimed,0,0,,,4088230567,"Rock Steady Boxing Walnut Creek, CA",,member-directory,Rock Steady Boxing,"3180 Oak Road, Walnut Creek, CA 94597, United States",Walnut Creek,CA,94597,https://members.rocksteadyboxing.org/member-directory/Details/680-corridor-east-bay-2829659,37.9323483,-122.0571012,2026-03-28T03:14:36.174Z
rock-steady-boxing,Rock Steady Boxing Member Directory,member-directory:690-women-s-fitness-suite-c-winston-salem-nc-2829692,member-directory-690-women-s-fitness-suite-c-winston-salem-nc-690-jonestown-road-winston-salem-nc-27103-united-states,"Rock Steady Boxing Winston-Salem, NC",Exercise Program,"Rock Steady Boxing Winston-Salem, NC is listed in the official Rock Steady Boxing directory.","Rock Steady Boxing Winston-Salem, NC is listed in the official Rock Steady Boxing Member Directory. Address: 690 Jonestown Road, Winston-Salem, NC 27103, United States.","Winston-Salem, NC, United States","Winston-Salem, NC, United States",United States,Boxing | Exercise | Parkinson's Care,,in-person,false,unclaimed,0,0,,,3364169976,"Rock Steady Boxing Winston-Salem, NC",,member-directory,Rock Steady Boxing,"690 Jonestown Road, Winston-Salem, NC 27103, United States",Winston-Salem,NC,27103,https://members.rocksteadyboxing.org/member-directory/Details/690-women-s-fitness-suite-c-winston-salem-nc-2829692,36.0698344,-80.34153479999999,2026-03-28T03:14:36.174Z
rock-steady-boxing,Rock Steady Boxing Member Directory,member-directory:aberdeen-family-ymca-3859050,member-directory-aberdeen-family-ymca-5-south-state-st-aberdeen-sd-57401-united-states,Rock Steady Boxing - Aberdeen Family YMCA,Community Program,Rock Steady Boxing - Aberdeen Family YMCA is listed in the official Rock Steady Boxing directory.,"Rock Steady Boxing - Aberdeen Family YMCA is listed in the official Rock Steady Boxing Member Directory. Address: 5 South State St, Aberdeen, SD 57401, United States.","Aberdeen, SD, United States","Aberdeen, SD, United States",United States,Community Program | Parkinson's Care,,in-person,false,unclaimed,0,0,,,6052254910,Rock Steady Boxing - Aberdeen Family YMCA,,member-directory,Rock Steady Boxing,"5 South State St, Aberdeen, SD 57401, United States",Aberdeen,SD,57401,https://members.rocksteadyboxing.org/member-directory/Details/aberdeen-family-ymca-3859050,45.4647779,-98.4775489,2026-03-28T03:14:36.174Z
rock-steady-boxing,Rock Steady Boxing Member Directory,member-directory:acadiana-2829657,member-directory-acadiana-300-rue-beauregard-suite-g-lafayette-la-70508-united-states,Rock Steady Boxing - Acadiana,Community Program,Rock Steady Boxing - Acadiana is listed in the official Rock Steady Boxing directory.,"Rock Steady Boxing - Acadiana is listed in the official Rock Steady Boxing Member Directory. Address: 300 Rue Beauregard, Suite G, Lafayette, LA 70508, United States.","Lafayette, LA, United States","Lafayette, LA, United States",United States,Community Program | Parkinson's Care,,in-person,false,unclaimed,0,0,,,3372619188,Rock Steady Boxing - Acadiana,,member-directory,Rock Steady Boxing,"300 Rue Beauregard, Suite G, Lafayette, LA 70508, United States",Lafayette,LA,70508,https://members.rocksteadyboxing.org/member-directory/Details/acadiana-2829657,30.1887376,-92.00799459999999,2026-03-28T03:14:36.174Z
rock-steady-boxing,Rock Steady Boxing Member Directory,member-directory:acadiana-at-bustle-up-fitness-3955023,member-directory-acadiana-at-bustle-up-fitness-406-dunreath-st-lafayette-la-70506-united-states,Rock Steady Boxing - Acadiana at Bustle Up Fitness,Exercise Program,Rock Steady Boxing - Acadiana at Bustle Up Fitness is listed in the official Rock Steady Boxing directory.,"Rock Steady Boxing - Acadiana at Bustle Up Fitness is listed in the official Rock Steady Boxing Member Directory. Address: 406 Dunreath St, Lafayette, LA 70506, United States.","Lafayette, LA, United States","Lafayette, LA, United States",United States,Boxing | Exercise | Parkinson's Care,,in-person,false,unclaimed,0,0,,,3372619188,Rock Steady Boxing - Acadiana at Bustle Up Fitness,,member-directory,Rock Steady Boxing,"406 Dunreath St, Lafayette, LA 70506, United States",Lafayette,LA,70506,https://members.rocksteadyboxing.org/member-directory/Details/acadiana-at-bustle-up-fitness-3955023,30.2164569,-92.0256547,2026-03-28T03:14:36.174Z
rock-steady-boxing,Rock Steady Boxing Member Directory,member-directory:active-wellness-center-at-northbay-3668584,member-directory-active-wellness-center-at-northbay-1020-nut-tree-rd-vacaville-ca-95687-united-states,Rock Steady Boxing - Active Wellness Center at NorthBay,Exercise Program,Rock Steady Boxing - Active Wellness Center at NorthBay is listed in the official Rock Steady Boxing directory.,"Rock Steady Boxing - Active Wellness Center at NorthBay is listed in the official Rock Steady Boxing Member Directory. Address: 1020 Nut Tree Rd, Vacaville, CA 95687, United States.","Vacaville, CA, United States","Vacaville, CA, United States",United States,Boxing | Exercise | Parkinson's Care,,in-person,false,unclaimed,0,0,,,,Rock Steady Boxing - Active Wellness Center at NorthBay,,member-directory,Rock Steady Boxing,"1020 Nut Tree Rd, Vacaville, CA 95687, United States",Vacaville,CA,95687,https://members.rocksteadyboxing.org/member-directory/Details/active-wellness-center-at-northbay-3668584,38.3539041,-121.9518906,2026-03-28T03:14:36.174Z
rock-steady-boxing,Rock Steady Boxing Member Directory,member-directory:addis-2829656,member-directory-addis-addis-ethiopia,Rock Steady Boxing Addis,Community Program,Rock Steady Boxing Addis is listed in the official Rock Steady Boxing directory.,"Rock Steady Boxing Addis is listed in the official Rock Steady Boxing Member Directory. Address: Addis, , Ethiopia.","Addis, Ethiopia","Addis, Ethiopia",Ethiopia,Community Program | Parkinson's Care,,in-person,false,unclaimed,0,0,,,251923076506,Rock Steady Boxing Addis,,member-directory,Rock Steady Boxing,"Addis, , Ethiopia",,Addis,,https://members.rocksteadyboxing.org/member-directory/Details/addis-2829656,0,0,2026-03-28T03:14:36.174Z
rock-steady-boxing,Rock Steady Boxing Member Directory,member-directory:advance-fitness-melbourne-2829655,member-directory-advance-fitness-melbourne-2176-sarno-road-suite-102-melbourne-fl-32935-united-states,Rock Steady Boxing - Advance Fitness Melbourne,Exercise Program,Rock Steady Boxing - Advance Fitness Melbourne is listed in the official Rock Steady Boxing directory.,"Rock Steady Boxing - Advance Fitness Melbourne is listed in the official Rock Steady Boxing Member Directory. Address: 2176 Sarno Road, suite 102, Melbourne, FL 32935, United States.","Melbourne, FL, United States","Melbourne, FL, United States",United States,Boxing | Exercise | Parkinson's Care,,in-person,false,unclaimed,0,0,,,3216939246,Rock Steady Boxing - Advance Fitness Melbourne,,member-directory,Rock Steady Boxing,"2176 Sarno Road, suite 102, Melbourne, FL 32935, United States",Melbourne,FL,32935,https://members.rocksteadyboxing.org/member-directory/Details/advance-fitness-melbourne-2829655,28.123264,-80.6568911,2026-03-28T03:14:36.174Z
rock-steady-boxing,Rock Steady Boxing Member Directory,member-directory:advocate-condell-centre-club-2829654,member-directory-advocate-condell-centre-club-200-w-golf-road-libertyville-il-60048-united-states,Rock Steady Boxing - Advocate Condell Centre Club,Community Program,Rock Steady Boxing - Advocate Condell Centre Club is listed in the official Rock Steady Boxing directory.,"Rock Steady Boxing - Advocate Condell Centre Club is listed in the official Rock Steady Boxing Member Directory. Address: 200 W. Golf Road, Libertyville, IL 60048, United States.","Libertyville, IL, United States","Libertyville, IL, United States",United States,Community Program | Parkinson's Care,,in-person,false,unclaimed,0,0,,,8479905750,Rock Steady Boxing - Advocate Condell Centre Club,,member-directory,Rock Steady Boxing,"200 W. Golf Road, Libertyville, IL 60048, United States",Libertyville,IL,60048,https://members.rocksteadyboxing.org/member-directory/Details/advocate-condell-centre-club-2829654,42.2723772,-87.95499900000002,2026-03-28T03:14:36.174Z
rock-steady-boxing,Rock Steady Boxing Member Directory,member-directory:aktivate-fitness-2829652,member-directory-aktivate-fitness-3490-kildaire-farm-rd-suite-178-cary-nc-27518-united-states,Rock Steady Boxing - AKtivate Fitness,Exercise Program,Rock Steady Boxing - AKtivate Fitness is listed in the official Rock Steady Boxing directory.,"Rock Steady Boxing - AKtivate Fitness is listed in the official Rock Steady Boxing Member Directory. Address: 3490 Kildaire Farm Rd., Suite 178, Cary, NC 27518, United States.","Cary, NC, United States","Cary, NC, United States",United States,Boxing | Exercise | Parkinson's Care,,in-person,false,unclaimed,0,0,,,9198992118,Rock Steady Boxing - AKtivate Fitness,,member-directory,Rock Steady Boxing,"3490 Kildaire Farm Rd., Suite 178, Cary, NC 27518, United States",Cary,NC,27518,https://members.rocksteadyboxing.org/member-directory/Details/aktivate-fitness-2829652,35.7046495,-78.7974231,2026-03-28T03:14:36.174Z
rock-steady-boxing,Rock Steady Boxing Member Directory,member-directory:albany-3102309,member-directory-albany-1450-san-pablo-avenue-berkeley-ca-94702-united-states,Rock Steady Boxing - Albany,Community Program,Rock Steady Boxing - Albany is listed in the official Rock Steady Boxing directory.,"Rock Steady Boxing - Albany is listed in the official Rock Steady Boxing Member Directory. Address: 1450 San Pablo Avenue, Berkeley, CA 94702, United States.","Berkeley, CA, United States","Berkeley, CA, United States",United States,Community Program | Parkinson's Care,,in-person,false,unclaimed,0,0,,,9254715432,Rock Steady Boxing - Albany,,member-directory,Rock Steady Boxing,"1450 San Pablo Avenue, Berkeley, CA 94702, United States",Berkeley,CA,94702,https://members.rocksteadyboxing.org/member-directory/Details/albany-3102309,37.8768753,-122.2948562,2026-03-28T03:14:36.174Z
rock-steady-boxing,Rock Steady Boxing Member Directory,member-directory:albion-at-boone-county-health-center-2829651,member-directory-albion-at-boone-county-health-center-723-west-fairview-albion-ne-68620-united-states,Rock Steady Boxing - Albion at Boone County Health Center,Community Program,Rock Steady Boxing - Albion at Boone County Health Center is listed in the official Rock Steady Boxing directory.,"Rock Steady Boxing - Albion at Boone County Health Center is listed in the official Rock Steady Boxing Member Directory. Address: 723 West Fairview, Albion, NE 68620, United States.","Albion, NE, United States","Albion, NE, United States",United States,Community Program | Parkinson's Care,,in-person,false,unclaimed,0,0,,,4023953177,Rock Steady Boxing - Albion at Boone County Health Center,,member-directory,Rock Steady Boxing,"723 West Fairview, Albion, NE 68620, United States",Albion,NE,68620,https://members.rocksteadyboxing.org/member-directory/Details/albion-at-boone-county-health-center-2829651,41.6833015,-98.005623,2026-03-28T03:14:36.174Z
rock-steady-boxing,Rock Steady Boxing Member Directory,member-directory:albuquerque-2829650,member-directory-albuquerque-8900-san-mateo-ne-suite-e-albuquerque-nm-87113-united-states,"Rock Steady Boxing Albuquerque, NM",Community Program,"Rock Steady Boxing Albuquerque, NM is listed in the official Rock Steady Boxing directory.","Rock Steady Boxing Albuquerque, NM is listed in the official Rock Steady Boxing Member Directory. Address: 8900 San Mateo NE, Suite E, Albuquerque, NM 87113, United States.","Albuquerque, NM, United States","Albuquerque, NM, United States",United States,Community Program | Parkinson's Care,,in-person,false,unclaimed,0,0,https://www.facebook.com/Rock-Steady-Boxing-Albuquerque-1611331012490900/?notif_t=page_user_activity&notif_id=1469846375355061,,5059678729,"Rock Steady Boxing Albuquerque, NM",,member-directory,Rock Steady Boxing,"8900 San Mateo NE, Suite E, Albuquerque, NM 87113, United States",Albuquerque,NM,87113,https://members.rocksteadyboxing.org/member-directory/Details/albuquerque-2829650,35.1866479,-106.5859846,2026-03-28T03:14:36.174Z
rock-steady-boxing,Rock Steady Boxing Member Directory,member-directory:alton-at-ssp-wellness-2829647,member-directory-alton-at-ssp-wellness-2603-n-rodgers-alton-il-62002-united-states,Rock Steady Boxing - Alton at SSP Wellness,Exercise Program,Rock Steady Boxing - Alton at SSP Wellness is listed in the official Rock Steady Boxing directory.,"Rock Steady Boxing - Alton at SSP Wellness is listed in the official Rock Steady Boxing Member Directory. Address: 2603 N. Rodgers, Alton, IL 62002, United States.","Alton, IL, United States","Alton, IL, United States",United States,Boxing | Exercise | Parkinson's Care,,in-person,false,unclaimed,0,0,,,6184653298ext.109,Rock Steady Boxing - Alton at SSP Wellness,,member-directory,Rock Steady Boxing,"2603 N. Rodgers, Alton, IL 62002, United States",Alton,IL,62002,https://members.rocksteadyboxing.org/member-directory/Details/alton-at-ssp-wellness-2829647,38.9162421,-90.136994,2026-03-28T03:14:36.174Z
rock-steady-boxing,Rock Steady Boxing Member Directory,member-directory:altoona-2829646,member-directory-altoona-5930-6th-ave-ste-1-altoona-pa-16602-united-states,"Rock Steady Boxing Altoona, PA",Community Program,"Rock Steady Boxing Altoona, PA is listed in the official Rock Steady Boxing directory.","Rock Steady Boxing Altoona, PA is listed in the official Rock Steady Boxing Member Directory. Address: 5930 6th Ave, Ste 1, Altoona, PA 16602, United States.","Altoona, PA, United States","Altoona, PA, United States",United States,Community Program | Parkinson's Care,,in-person,false,unclaimed,0,0,,,8145151049,"Rock Steady Boxing Altoona, PA",,member-directory,Rock Steady Boxing,"5930 6th Ave, Ste 1, Altoona, PA 16602, United States",Altoona,PA,16602,https://members.rocksteadyboxing.org/member-directory/Details/altoona-2829646,40.4702357,-78.4266294,2026-03-28T03:14:36.174Z
rock-steady-boxing,Rock Steady Boxing Member Directory,member-directory:altru-family-ymca-2829645,member-directory-altru-family-ymca-215-north-7th-street-grand-forks-nd-58203-united-states,Rock Steady Boxing - Altru Family YMCA,Community Program,Rock Steady Boxing - Altru Family YMCA is listed in the official Rock Steady Boxing directory.,"Rock Steady Boxing - Altru Family YMCA is listed in the official Rock Steady Boxing Member Directory. Address: 215 North 7th Street, Grand Forks, ND 58203, United States.","Grand Forks, ND, United States","Grand Forks, ND, United States",United States,Community Program | Parkinson's Care,,in-person,false,unclaimed,0,0,,,7017752586,Rock Steady Boxing - Altru Family YMCA,,member-directory,Rock Steady Boxing,"215 North 7th Street, Grand Forks, ND 58203, United States",Grand Forks,ND,58203,https://members.rocksteadyboxing.org/member-directory/Details/altru-family-ymca-2829645,47.923293,-97.03749300000001,2026-03-28T03:14:36.174Z
rock-steady-boxing,Rock Steady Boxing Member Directory,member-directory:amelia-island-2829644,member-directory-amelia-island-961687-gateway-blvd-suite-101a-fernandina-beach-fl-32034-united-states,Rock Steady Boxing - Amelia Island,Community Program,Rock Steady Boxing - Amelia Island is listed in the official Rock Steady Boxing directory.,"Rock Steady Boxing - Amelia Island is listed in the official Rock Steady Boxing Member Directory. Address: 961687 Gateway Blvd, Suite 101A, Fernandina Beach, FL 32034, United States.","Fernandina Beach, FL, United States","Fernandina Beach, FL, United States",United States,Community Program | Parkinson's Care,,in-person,false,unclaimed,0,0,,,9044914980,Rock Steady Boxing - Amelia Island,,member-directory,Rock Steady Boxing,"961687 Gateway Blvd, Suite 101A, Fernandina Beach, FL 32034, United States",Fernandina Beach,FL,32034,https://members.rocksteadyboxing.org/member-directory/Details/amelia-island-2829644,30.6303726,-81.4718816,2026-03-28T03:14:36.174Z
rock-steady-boxing,Rock Steady Boxing Member Directory,member-directory:anatomies-health-and-fitness-4328601,member-directory-anatomies-health-and-fitness-120-98-place-boulevard-hattiesburg-ms-39402-united-states,Rock Steady Boxing - Anatomies Health and Fitness,Exercise Program,Rock Steady Boxing - Anatomies Health and Fitness is listed in the official Rock Steady Boxing directory.,"Rock Steady Boxing - Anatomies Health and Fitness is listed in the official Rock Steady Boxing Member Directory. Address: 120 98 Place Boulevard, Hattiesburg, MS 39402, United States.","Hattiesburg, MS, United States","Hattiesburg, MS, United States",United States,Boxing | Exercise | Parkinson's Care,,in-person,false,unclaimed,0,0,,,6015799555,Rock Steady Boxing - Anatomies Health and Fitness,,member-directory,Rock Steady Boxing,"120 98 Place Boulevard, Hattiesburg, MS 39402, United States",Hattiesburg,MS,39402,https://members.rocksteadyboxing.org/member-directory/Details/anatomies-health-and-fitness-4328601,31.3269877,-89.4119324,2026-03-28T03:14:36.174Z
rock-steady-boxing,Rock Steady Boxing Member Directory,member-directory:anchorage-2829643,member-directory-anchorage-3934-spenard-road-suite-b-anchorage-ak-99517-united-states,"Rock Steady Boxing Anchorage, AK",Community Program,"Rock Steady Boxing Anchorage, AK is listed in the official Rock Steady Boxing directory.","Rock Steady Boxing Anchorage, AK is listed in the official Rock Steady Boxing Member Directory. Address: 3934 Spenard Road, Suite B, Anchorage, AK 99517, United States.","Anchorage, AK, United States","Anchorage, AK, United States",United States,Community Program | Parkinson's Care,,in-person,false,unclaimed,0,0,,,9072297652,"Rock Steady Boxing Anchorage, AK",,member-directory,Rock Steady Boxing,"3934 Spenard Road, Suite B, Anchorage, AK 99517, United States",Anchorage,AK,99517,https://members.rocksteadyboxing.org/member-directory/Details/anchorage-2829643,61.1851682,-149.9244704,2026-03-28T03:14:36.175Z
rock-steady-boxing,Rock Steady Boxing Member Directory,member-directory:annapolis-2829642,member-directory-annapolis-2024-west-street-ste-101-annapolis-md-21401-united-states,"Rock Steady Boxing Annapolis, MD",Community Program,"Rock Steady Boxing Annapolis, MD is listed in the official Rock Steady Boxing directory.","Rock Steady Boxing Annapolis, MD is listed in the official Rock Steady Boxing Member Directory. Address: 2024 West Street, Ste 101, Annapolis, MD 21401, United States.","Annapolis, MD, United States","Annapolis, MD, United States",United States,Community Program | Parkinson's Care,,in-person,false,unclaimed,0,0,,,4439941251,"Rock Steady Boxing Annapolis, MD",,member-directory,Rock Steady Boxing,"2024 West Street, Ste 101, Annapolis, MD 21401, United States",Annapolis,MD,21401,https://members.rocksteadyboxing.org/member-directory/Details/annapolis-2829642,38.9834283,-76.5353722,2026-03-28T03:14:36.175Z
rock-steady-boxing,Rock Steady Boxing Member Directory,member-directory:ann-s-choice-2829641,member-directory-ann-s-choice-10000-ann-s-choice-way-warminster-pa-18974-united-states,Rock Steady Boxing - Ann's Choice,Community Program,Rock Steady Boxing - Ann's Choice is listed in the official Rock Steady Boxing directory.,"Rock Steady Boxing - Ann's Choice is listed in the official Rock Steady Boxing Member Directory. Address: 10000 Ann's Choice Way, Warminster, PA 18974, United States.","Warminster, PA, United States","Warminster, PA, United States",United States,Community Program | Parkinson's Care,,in-person,false,unclaimed,0,0,,,2154433838,Rock Steady Boxing - Ann's Choice,,member-directory,Rock Steady Boxing,"10000 Ann's Choice Way, Warminster, PA 18974, United States",Warminster,PA,18974,https://members.rocksteadyboxing.org/member-directory/Details/ann-s-choice-2829641,40.1994441,-75.0711074,2026-03-28T03:14:36.175Z
rock-steady-boxing,Rock Steady Boxing Member Directory,member-directory:anthony-s-american-taekwondo-rock-steady-boxing-2829591,member-directory-anthony-s-american-taekwondo-rock-steady-boxing-1918-washington-valley-road-martinsville-nj-08836-united-states,Rock Steady Boxing - Anthony’s American Taekwondo (rock steady boxing),Exercise Program,Rock Steady Boxing - Anthony’s American Taekwondo (rock steady boxing) is listed in the official Rock Steady Boxing directory.,"Rock Steady Boxing - Anthony’s American Taekwondo (rock steady boxing) is listed in the official Rock Steady Boxing Member Directory. Address: 1918 Washington Valley road, Martinsville, NJ 08836, United States.","Martinsville, NJ, United States","Martinsville, NJ, United States",United States,Boxing | Exercise | Parkinson's Care,,in-person,false,unclaimed,0,0,,,7324698448,Rock Steady Boxing - Anthony’s American Taekwondo (rock steady boxing),,member-directory,Rock Steady Boxing,"1918 Washington Valley road, Martinsville, NJ 08836, United States",Martinsville,NJ,08836,https://members.rocksteadyboxing.org/member-directory/Details/anthony-s-american-taekwondo-rock-steady-boxing-2829591,40.6021114,-74.56428369999999,2026-03-28T03:14:36.175Z
rock-steady-boxing,Rock Steady Boxing Member Directory,member-directory:antigo-2829640,member-directory-antigo-623-edison-street-antigo-wi-54409-united-states,"Rock Steady Boxing Antigo, WI",Community Program,"Rock Steady Boxing Antigo, WI is listed in the official Rock Steady Boxing directory.","Rock Steady Boxing Antigo, WI is listed in the official Rock Steady Boxing Member Directory. Address: 623 Edison Street, Antigo, WI 54409, United States.","Antigo, WI, United States","Antigo, WI, United States",United States,Community Program | Parkinson's Care,,in-person,false,unclaimed,0,0,,,7153504388,"Rock Steady Boxing Antigo, WI",,member-directory,Rock Steady Boxing,"623 Edison Street, Antigo, WI 54409, United States",Antigo,WI,54409,https://members.rocksteadyboxing.org/member-directory/Details/antigo-2829640,45.1414443,-89.1558592,2026-03-28T03:14:36.175Z
rock-steady-boxing,Rock Steady Boxing Member Directory,member-directory:anytime-fitness-delta-colorado-2829710,member-directory-anytime-fitness-delta-colorado-300-stafford-lane-delta-co-81416-united-states,Rock Steady Boxing - Anytime Fitness Delta Colorado,Exercise Program,Rock Steady Boxing - Anytime Fitness Delta Colorado is listed in the official Rock Steady Boxing directory.,"Rock Steady Boxing - Anytime Fitness Delta Colorado is listed in the official Rock Steady Boxing Member Directory. Address: 300 Stafford Lane, Delta, CO 81416, United States.","Delta, CO, United States","Delta, CO, United States",United States,Boxing | Exercise | Parkinson's Care,,in-person,false,unclaimed,0,0,,,2104154550,Rock Steady Boxing - Anytime Fitness Delta Colorado,,member-directory,Rock Steady Boxing,"300 Stafford Lane, Delta, CO 81416, United States",Delta,CO,81416,https://members.rocksteadyboxing.org/member-directory/Details/anytime-fitness-delta-colorado-2829710,38.7508663,-108.0490293,2026-03-28T03:14:36.175Z
rock-steady-boxing,Rock Steady Boxing Member Directory,member-directory:apex-pt-2829639,member-directory-apex-pt-5485-mooretown-road-williamsburg-va-23188-united-states,Rock Steady Boxing - APEX PT,Community Program,Rock Steady Boxing - APEX PT is listed in the official Rock Steady Boxing directory.,"Rock Steady Boxing - APEX PT is listed in the official Rock Steady Boxing Member Directory. Address: 5485 Mooretown Road, Williamsburg, VA 23188, United States.","Williamsburg, VA, United States","Williamsburg, VA, United States",United States,Community Program | Parkinson's Care,,in-person,false,unclaimed,0,0,,,7579695200,Rock Steady Boxing - APEX PT,,member-directory,Rock Steady Boxing,"5485 Mooretown Road, Williamsburg, VA 23188, United States",Williamsburg,VA,23188,https://members.rocksteadyboxing.org/member-directory/Details/apex-pt-2829639,37.3153634,-76.7312635,2026-03-28T03:14:36.175Z
rock-steady-boxing,Rock Steady Boxing Member Directory,member-directory:archdale-nc-2933293,member-directory-archdale-nc-10134-north-main-street-archdale-nc-27263-united-states,"Rock Steady Boxing Archdale, NC",Community Program,"Rock Steady Boxing Archdale, NC is listed in the official Rock Steady Boxing directory.","Rock Steady Boxing Archdale, NC is listed in the official Rock Steady Boxing Member Directory. Address: 10134 North Main Street, Archdale, NC 27263, United States.","Archdale, NC, United States","Archdale, NC, United States",United States,Community Program | Parkinson's Care,,in-person,false,unclaimed,0,0,,,3368808335,"Rock Steady Boxing Archdale, NC",,member-directory,Rock Steady Boxing,"10134 North Main Street, Archdale, NC 27263, United States",Archdale,NC,27263,https://members.rocksteadyboxing.org/member-directory/Details/archdale-nc-2933293,35.9058173,-79.95699739999999,2026-03-28T03:14:36.175Z
rock-steady-boxing,Rock Steady Boxing Member Directory,member-directory:armstead-fitness-2829638,member-directory-armstead-fitness-12951-metro-parkway-fort-myers-fl-33966-united-states,Rock Steady Boxing - Armstead Fitness,Exercise Program,Rock Steady Boxing - Armstead Fitness is listed in the official Rock Steady Boxing directory.,"Rock Steady Boxing - Armstead Fitness is listed in the official Rock Steady Boxing Member Directory. Address: 12951 Metro Parkway, Fort Myers, FL 33966, United States.","Fort Myers, FL, United States","Fort Myers, FL, United States",United States,Boxing | Exercise | Parkinson's Care,,in-person,false,unclaimed,0,0,,,2392816685,Rock Steady Boxing - Armstead Fitness,,member-directory,Rock Steady Boxing,"12951 Metro Parkway, Fort Myers, FL 33966, United States",Fort Myers,FL,33966,https://members.rocksteadyboxing.org/member-directory/Details/armstead-fitness-2829638,26.5543622,-81.8520188,2026-03-28T03:14:36.175Z
rock-steady-boxing,Rock Steady Boxing Member Directory,member-directory:asbury-methodist-village-2829637,member-directory-asbury-methodist-village-409-russell-avenue-gaithersburg-md-20877-united-states,Rock Steady Boxing - Asbury Methodist Village,Community Program,Rock Steady Boxing - Asbury Methodist Village is listed in the official Rock Steady Boxing directory.,"Rock Steady Boxing - Asbury Methodist Village is listed in the official Rock Steady Boxing Member Directory. Address: 409 Russell Avenue, Gaithersburg, MD 20877, United States.","Gaithersburg, MD, United States","Gaithersburg, MD, United States",United States,Community Program | Parkinson's Care,,in-person,false,unclaimed,0,0,,,3019876455,Rock Steady Boxing - Asbury Methodist Village,,member-directory,Rock Steady Boxing,"409 Russell Avenue, Gaithersburg, MD 20877, United States",Gaithersburg,MD,20877,https://members.rocksteadyboxing.org/member-directory/Details/asbury-methodist-village-2829637,39.1501038,-77.19659109999999,2026-03-28T03:14:36.175Z
rock-steady-boxing,Rock Steady Boxing Member Directory,member-directory:ashby-ponds-2829636,member-directory-ashby-ponds-21170-ashby-ponds-blvd-ashburn-va-20147-united-states,Rock Steady Boxing - Ashby Ponds,Community Program,Rock Steady Boxing - Ashby Ponds is listed in the official Rock Steady Boxing directory.,"Rock Steady Boxing - Ashby Ponds is listed in the official Rock Steady Boxing Member Directory. Address: 21170 Ashby Ponds Blvd, Ashburn, VA 20147, United States.","Ashburn, VA, United States","Ashburn, VA, United States",United States,Community Program | Parkinson's Care,,in-person,false,unclaimed,0,0,,,5712916007,Rock Steady Boxing - Ashby Ponds,,member-directory,Rock Steady Boxing,"21170 Ashby Ponds Blvd, Ashburn, VA 20147, United States",Ashburn,VA,20147,https://members.rocksteadyboxing.org/member-directory/Details/ashby-ponds-2829636,39.03063179999999,-77.4557667,2026-03-28T03:14:36.175Z
rock-steady-boxing,Rock Steady Boxing Member Directory,member-directory:athens-2829634,member-directory-athens-7920-macon-hwy-suite-150-watkinsville-ga-30677-united-states,Rock Steady Boxing - Athens,Community Program,Rock Steady Boxing - Athens is listed in the official Rock Steady Boxing directory.,"Rock Steady Boxing - Athens is listed in the official Rock Steady Boxing Member Directory. Address: 7920 Macon Hwy, Suite 150, Watkinsville, GA 30677, United States.","Watkinsville, GA, United States","Watkinsville, GA, United States",United States,Community Program | Parkinson's Care,,in-person,false,unclaimed,0,0,,,7062962849,Rock Steady Boxing - Athens,,member-directory,Rock Steady Boxing,"7920 Macon Hwy, Suite 150, Watkinsville, GA 30677, United States",Watkinsville,GA,30677,https://members.rocksteadyboxing.org/member-directory/Details/athens-2829634,33.8872802,-83.41246459999999,2026-03-28T03:14:36.175Z
rock-steady-boxing,Rock Steady Boxing Member Directory,member-directory:atlantic-2829632,member-directory-atlantic-1200-brookridge-circle-atlantic-ia-50022-united-states,"Rock Steady Boxing Atlantic, IA",Community Program,"Rock Steady Boxing Atlantic, IA is listed in the official Rock Steady Boxing directory.","Rock Steady Boxing Atlantic, IA is listed in the official Rock Steady Boxing Member Directory. Address: 1200 Brookridge Circle, Atlantic, IA 50022, United States.","Atlantic, IA, United States","Atlantic, IA, United States",United States,Community Program | Parkinson's Care,,in-person,false,unclaimed,0,0,,,7122431850,"Rock Steady Boxing Atlantic, IA",,member-directory,Rock Steady Boxing,"1200 Brookridge Circle, Atlantic, IA 50022, United States",Atlantic,IA,50022,https://members.rocksteadyboxing.org/member-directory/Details/atlantic-2829632,41.3981504,-94.999477,2026-03-28T03:14:36.175Z
rock-steady-boxing,Rock Steady Boxing Member Directory,member-directory:attic-angel-3564844,member-directory-attic-angel-8301-old-sauk-rd-middleton-wi-53562-united-states,Rock Steady Boxing - Attic Angel,Community Program,Rock Steady Boxing - Attic Angel is listed in the official Rock Steady Boxing directory.,"Rock Steady Boxing - Attic Angel is listed in the official Rock Steady Boxing Member Directory. Address: 8301 Old Sauk Rd, Middleton, WI 53562, United States.","Middleton, WI, United States","Middleton, WI, United States",United States,Community Program | Parkinson's Care,,in-person,false,unclaimed,0,0,,,6086628866,Rock Steady Boxing - Attic Angel,,member-directory,Rock Steady Boxing,"8301 Old Sauk Rd, Middleton, WI 53562, United States",Middleton,WI,53562,https://members.rocksteadyboxing.org/member-directory/Details/attic-angel-3564844,43.0735275,-89.5286043,2026-03-28T03:14:36.175Z
rock-steady-boxing,Rock Steady Boxing Member Directory,member-directory:avery-point-4074233,member-directory-avery-point-1000-avery-point-way-richmond-va-23233-united-states,Rock Steady Boxing - Avery Point,Community Program,Rock Steady Boxing - Avery Point is listed in the official Rock Steady Boxing directory.,"Rock Steady Boxing - Avery Point is listed in the official Rock Steady Boxing Member Directory. Address: 1000 Avery Point Way, Richmond, VA 23233, United States.","Richmond, VA, United States","Richmond, VA, United States",United States,Community Program | Parkinson's Care,,in-person,false,unclaimed,0,0,,,8045424064,Rock Steady Boxing - Avery Point,,member-directory,Rock Steady Boxing,"1000 Avery Point Way, Richmond, VA 23233, United States",Richmond,VA,23233,https://members.rocksteadyboxing.org/member-directory/Details/avery-point-4074233,37.6517713,-77.6539421,2026-03-28T03:14:36.175Z
rock-steady-boxing,Rock Steady Boxing Member Directory,member-directory:avon-fitness-center-2829630,member-directory-avon-fitness-center-university-hospitals-health-and-fitness-center-1997-healthway-dr-avon-oh-44011-united-states,Rock Steady Boxing - Avon Fitness Center,Exercise Program,Rock Steady Boxing - Avon Fitness Center is listed in the official Rock Steady Boxing directory.,"Rock Steady Boxing - Avon Fitness Center is listed in the official Rock Steady Boxing Member Directory. Address: University Hospitals Health and Fitness Center, 1997 Healthway Dr, Avon, OH 44011, United States.","Avon, OH, United States","Avon, OH, United States",United States,Boxing | Exercise | Parkinson's Care,,in-person,false,unclaimed,0,0,,,4403283446,Rock Steady Boxing - Avon Fitness Center,,member-directory,Rock Steady Boxing,"University Hospitals Health and Fitness Center, 1997 Healthway Dr, Avon, OH 44011, United States",Avon,OH,44011,https://members.rocksteadyboxing.org/member-directory/Details/avon-fitness-center-2829630,41.4628027,-82.0257031,2026-03-28T03:14:36.175Z
rock-steady-boxing,Rock Steady Boxing Member Directory,member-directory:baker-senior-center-4196614,member-directory-baker-senior-center-6200-autumn-oaks-ln-naples-fl-34119-united-states,Rock Steady Boxing - Baker Senior Center,Community Program,Rock Steady Boxing - Baker Senior Center is listed in the official Rock Steady Boxing directory.,"Rock Steady Boxing - Baker Senior Center is listed in the official Rock Steady Boxing Member Directory. Address: 6200 Autumn Oaks Ln, Naples, FL 34119, United States.","Naples, FL, United States","Naples, FL, United States",United States,Community Program | Parkinson's Care,,in-person,false,unclaimed,0,0,,,2393254444,Rock Steady Boxing - Baker Senior Center,,member-directory,Rock Steady Boxing,"6200 Autumn Oaks Ln, Naples, FL 34119, United States",Naples,FL,34119,https://members.rocksteadyboxing.org/member-directory/Details/baker-senior-center-4196614,26.271112,-81.7320488,2026-03-28T03:14:36.175Z
rock-steady-boxing,Rock Steady Boxing Member Directory,member-directory:bakke-athletics-rock-steady-boxing-2829302,member-directory-bakke-athletics-rock-steady-boxing-2881-commerce-drive-fitchburg-wi-53719-united-states,Rock Steady Boxing - Bakke Athletics/Rock Steady Boxing,Exercise Program,Rock Steady Boxing - Bakke Athletics/Rock Steady Boxing is listed in the official Rock Steady Boxing directory.,"Rock Steady Boxing - Bakke Athletics/Rock Steady Boxing is listed in the official Rock Steady Boxing Member Directory. Address: 2881 Commerce Drive, Fitchburg, WI 53719, United States.","Fitchburg, WI, United States","Fitchburg, WI, United States",United States,Boxing | Exercise | Parkinson's Care,,in-person,false,unclaimed,0,0,,,6082795388,Rock Steady Boxing - Bakke Athletics/Rock Steady Boxing,,member-directory,Rock Steady Boxing,"2881 Commerce Drive, Fitchburg, WI 53719, United States",Fitchburg,WI,53719,https://members.rocksteadyboxing.org/member-directory/Details/bakke-athletics-rock-steady-boxing-2829302,43.0583489,-89.5228003,2026-03-28T03:14:36.176Z
rock-steady-boxing,Rock Steady Boxing Member Directory,member-directory:ballenisles-2829628,member-directory-ballenisles-105-ballenisles-circle-palm-beach-gardens-fl-33418-united-states,Rock Steady Boxing - Ballenisles,Community Program,Rock Steady Boxing - Ballenisles is listed in the official Rock Steady Boxing directory.,"Rock Steady Boxing - Ballenisles is listed in the official Rock Steady Boxing Member Directory. Address: 105 Ballenisles Circle, Palm Beach Gardens, FL 33418, United States.","Palm Beach Gardens, FL, United States","Palm Beach Gardens, FL, United States",United States,Community Program | Parkinson's Care,,in-person,false,unclaimed,0,0,,,5616255734,Rock Steady Boxing - Ballenisles,,member-directory,Rock Steady Boxing,"105 Ballenisles Circle, Palm Beach Gardens, FL 33418, United States",Palm Beach Gardens,FL,33418,https://members.rocksteadyboxing.org/member-directory/Details/ballenisles-2829628,26.829672,-80.117497,2026-03-28T03:14:36.176Z
rock-steady-boxing,Rock Steady Boxing Member Directory,member-directory:baptist-healthplex-anderson-3679991,member-directory-baptist-healthplex-anderson-2124-14th-street-meridian-ms-39301-united-states,Rock Steady Boxing - Baptist Healthplex-Anderson,Community Program,Rock Steady Boxing - Baptist Healthplex-Anderson is listed in the official Rock Steady Boxing directory.,"Rock Steady Boxing - Baptist Healthplex-Anderson is listed in the official Rock Steady Boxing Member Directory. Address: 2124 14th Street, Meridian, MS 39301, United States.","Meridian, MS, United States","Meridian, MS, United States",United States,Community Program | Parkinson's Care,,in-person,false,unclaimed,0,0,,,6015536284,Rock Steady Boxing - Baptist Healthplex-Anderson,,member-directory,Rock Steady Boxing,"2124 14th Street, Meridian, MS 39301, United States",Meridian,MS,39301,https://members.rocksteadyboxing.org/member-directory/Details/baptist-healthplex-anderson-3679991,32.3715545,-88.6996095,2026-03-28T03:14:36.176Z
rock-steady-boxing,Rock Steady Boxing Member Directory,member-directory:barnabas-health-ambulatory-care-center-2829626,member-directory-barnabas-health-ambulatory-care-center-200-south-orange-avenue-livingston-nj-07039-united-states,Rock Steady Boxing - Barnabas Health Ambulatory Care Center,Community Program,Rock Steady Boxing - Barnabas Health Ambulatory Care Center is listed in the official Rock Steady Boxing directory.,"Rock Steady Boxing - Barnabas Health Ambulatory Care Center is listed in the official Rock Steady Boxing Member Directory. Address: 200 South Orange Avenue, Livingston, NJ 07039, United States.","Livingston, NJ, United States","Livingston, NJ, United States",United States,Community Program | Parkinson's Care,,in-person,false,unclaimed,0,0,,,9733227014,Rock Steady Boxing - Barnabas Health Ambulatory Care Center,,member-directory,Rock Steady Boxing,"200 South Orange Avenue, Livingston, NJ 07039, United States",Livingston,NJ,07039,https://members.rocksteadyboxing.org/member-directory/Details/barnabas-health-ambulatory-care-center-2829626,40.7728205,-74.3555399,2026-03-28T03:14:36.176Z
rock-steady-boxing,Rock Steady Boxing Member Directory,member-directory:barrowfit-2829625,member-directory-barrowfit-4875-s-main-st-akron-oh-44319-united-states,Rock Steady Boxing - BarrowFit,Community Program,Rock Steady Boxing - BarrowFit is listed in the official Rock Steady Boxing directory.,"Rock Steady Boxing - BarrowFit is listed in the official Rock Steady Boxing Member Directory. Address: 4875 S Main St, Akron, OH 44319, United States.","Akron, OH, United States","Akron, OH, United States",United States,Community Program | Parkinson's Care,,in-person,false,unclaimed,0,0,,,3304953609,Rock Steady Boxing - BarrowFit,,member-directory,Rock Steady Boxing,"4875 S Main St, Akron, OH 44319, United States",Akron,OH,44319,https://members.rocksteadyboxing.org/member-directory/Details/barrowfit-2829625,40.957432,-81.5299627,2026-03-28T03:14:36.176Z
rock-steady-boxing,Rock Steady Boxing Member Directory,member-directory:beauties-beasts-3381016,member-directory-beauties-and-beasts-18-church-street-north-attleborough-ma-02760-united-states,Rock Steady Boxing - Beauties & Beasts,Community Program,Rock Steady Boxing - Beauties & Beasts is listed in the official Rock Steady Boxing directory.,"Rock Steady Boxing - Beauties & Beasts is listed in the official Rock Steady Boxing Member Directory. Address: 18 Church Street, North Attleborough, MA 02760, United States.","North Attleborough, MA, United States","North Attleborough, MA, United States",United States,Community Program | Parkinson's Care,,in-person,false,unclaimed,0,0,,,5086995425,Rock Steady Boxing - Beauties & Beasts,,member-directory,Rock Steady Boxing,"18 Church Street, North Attleborough, MA 02760, United States",North Attleborough,MA,02760,https://members.rocksteadyboxing.org/member-directory/Details/beauties-beasts-3381016,41.98270160000001,-71.3334143,2026-03-28T03:14:36.176Z
rock-steady-boxing,Rock Steady Boxing Member Directory,member-directory:beaverton-hillsboro-2829622,member-directory-beaverton-hillsboro-16205-nw-bethany-court-beaverton-or-97006-united-states,Rock Steady Boxing - Beaverton-Hillsboro,Community Program,Rock Steady Boxing - Beaverton-Hillsboro is listed in the official Rock Steady Boxing directory.,"Rock Steady Boxing - Beaverton-Hillsboro is listed in the official Rock Steady Boxing Member Directory. Address: 16205 NW Bethany Court, Beaverton, OR 97006, United States.","Beaverton, OR, United States","Beaverton, OR, United States",United States,Community Program | Parkinson's Care,,in-person,false,unclaimed,0,0,,,5034071335,Rock Steady Boxing - Beaverton-Hillsboro,,member-directory,Rock Steady Boxing,"16205 NW Bethany Court, Beaverton, OR 97006, United States",Beaverton,OR,97006,https://members.rocksteadyboxing.org/member-directory/Details/beaverton-hillsboro-2829622,45.5299814,-122.8447951,2026-03-28T03:14:36.176Z
rock-steady-boxing,Rock Steady Boxing Member Directory,member-directory:bell-road-ymca-2829621,member-directory-bell-road-ymca-2435-bell-road-montgomery-al-36117-united-states,Rock Steady Boxing - Bell Road YMCA,Community Program,Rock Steady Boxing - Bell Road YMCA is listed in the official Rock Steady Boxing directory.,"Rock Steady Boxing - Bell Road YMCA is listed in the official Rock Steady Boxing Member Directory. Address: 2435 Bell Road, Montgomery, AL 36117, United States.","Montgomery, AL, United States","Montgomery, AL, United States",United States,Community Program | Parkinson's Care,,in-person,false,unclaimed,0,0,,,3342714343,Rock Steady Boxing - Bell Road YMCA,,member-directory,Rock Steady Boxing,"2435 Bell Road, Montgomery, AL 36117, United States",Montgomery,AL,36117,https://members.rocksteadyboxing.org/member-directory/Details/bell-road-ymca-2829621,32.3460363,-86.1928952,2026-03-28T03:14:36.176Z
rock-steady-boxing,Rock Steady Boxing Member Directory,member-directory:belleville-2829620,member-directory-belleville-1001-s-74th-st-belleville-il-62223-united-states,"Rock Steady Boxing Belleville, IL",Community Program,"Rock Steady Boxing Belleville, IL is listed in the official Rock Steady Boxing directory.","Rock Steady Boxing Belleville, IL is listed in the official Rock Steady Boxing Member Directory. Address: 1001 S. 74th St., Belleville, IL 62223, United States.","Belleville, IL, United States","Belleville, IL, United States",United States,Community Program | Parkinson's Care,,in-person,false,unclaimed,0,0,,,6183982778,"Rock Steady Boxing Belleville, IL",,member-directory,Rock Steady Boxing,"1001 S. 74th St., Belleville, IL 62223, United States",Belleville,IL,62223,https://members.rocksteadyboxing.org/member-directory/Details/belleville-2829620,38.5501217,-90.0547304,2026-03-28T03:14:36.176Z
rock-steady-boxing,Rock Steady Boxing Member Directory,member-directory:belmars-2829619,member-directory-belmars-5-prospect-ave-white-plains-ny-10607-united-states,Rock Steady Boxing - Belmars,Community Program,Rock Steady Boxing - Belmars is listed in the official Rock Steady Boxing directory.,"Rock Steady Boxing - Belmars is listed in the official Rock Steady Boxing Member Directory. Address: 5 Prospect Ave, White Plains, NY 10607, United States.","White Plains, NY, United States","White Plains, NY, United States",United States,Community Program | Parkinson's Care,,in-person,false,unclaimed,0,0,,,9144337798,Rock Steady Boxing - Belmars,,member-directory,Rock Steady Boxing,"5 Prospect Ave, White Plains, NY 10607, United States",White Plains,NY,10607,https://members.rocksteadyboxing.org/member-directory/Details/belmars-2829619,41.0400461,-73.7904856,2026-03-28T03:14:36.176Z
rock-steady-boxing,Rock Steady Boxing Member Directory,member-directory:bend-physical-therapy-4608160,member-directory-bend-physical-therapy-8240-s-state-road-7-suite-275-boynton-beach-fl-33472-united-states,Rock Steady Boxing - Bend Physical Therapy,Community Program,Rock Steady Boxing - Bend Physical Therapy is listed in the official Rock Steady Boxing directory.,"Rock Steady Boxing - Bend Physical Therapy is listed in the official Rock Steady Boxing Member Directory. Address: 8240 S. State Road 7, Suite 275, Boynton Beach, FL 33472, United States.","Boynton Beach, FL, United States","Boynton Beach, FL, United States",United States,Community Program | Parkinson's Care,,in-person,false,unclaimed,0,0,https://bend-pt.com/,,+15615605999,Rock Steady Boxing - Bend Physical Therapy,,member-directory,Rock Steady Boxing,"8240 S. State Road 7, Suite 275, Boynton Beach, FL 33472, United States",Boynton Beach,FL,33472,https://members.rocksteadyboxing.org/member-directory/Details/bend-physical-therapy-4608160,26.5541822,-80.2046058,2026-03-28T03:14:36.177Z
rock-steady-boxing,Rock Steady Boxing Member Directory,member-directory:benevilla-2829618,member-directory-benevilla-16752-greasewood-street-surprise-az-85378-united-states,Rock Steady Boxing - Benevilla,Community Program,Rock Steady Boxing - Benevilla is listed in the official Rock Steady Boxing directory.,"Rock Steady Boxing - Benevilla is listed in the official Rock Steady Boxing Member Directory. Address: 16752 Greasewood Street, Surprise, AZ 85378, United States.","Surprise, AZ, United States","Surprise, AZ, United States",United States,Community Program | Parkinson's Care,,in-person,false,unclaimed,0,0,,,6235844999,Rock Steady Boxing - Benevilla,,member-directory,Rock Steady Boxing,"16752 Greasewood Street, Surprise, AZ 85378, United States",Surprise,AZ,85378,https://members.rocksteadyboxing.org/member-directory/Details/benevilla-2829618,33.6358774,-112.33075,2026-03-28T03:14:36.177Z
rock-steady-boxing,Rock Steady Boxing Member Directory,member-directory:bergen-3115619,member-directory-bergen-vestre-stromakai-1-bergen-5008-norway,Rock Steady Boxing Bergen,Community Program,Rock Steady Boxing Bergen is listed in the official Rock Steady Boxing directory.,"Rock Steady Boxing Bergen is listed in the official Rock Steady Boxing Member Directory. Address: Vestre Stromakai 1, Bergen, 5008, Norway.","Bergen, Norway","Bergen, Norway",Norway,Community Program | Parkinson's Care,,in-person,false,unclaimed,0,0,,,4793865414,Rock Steady Boxing Bergen,,member-directory,Rock Steady Boxing,"Vestre Stromakai 1, Bergen, 5008, Norway",Bergen,,,https://members.rocksteadyboxing.org/member-directory/Details/bergen-3115619,60.38319799999999,5.3352264,2026-03-28T03:14:36.177Z
rock-steady-boxing,Rock Steady Boxing Member Directory,member-directory:bergen-county-2829617,member-directory-bergen-county-34-02-broadway-fair-lawn-nj-07410-united-states,Rock Steady Boxing - Bergen County,Community Program,Rock Steady Boxing - Bergen County is listed in the official Rock Steady Boxing directory.,"Rock Steady Boxing - Bergen County is listed in the official Rock Steady Boxing Member Directory. Address: 34-02 Broadway, Fair Lawn, NJ 07410, United States.","Fair Lawn, NJ, United States","Fair Lawn, NJ, United States",United States,Community Program | Parkinson's Care,,in-person,false,unclaimed,0,0,,,8005630126,Rock Steady Boxing - Bergen County,,member-directory,Rock Steady Boxing,"34-02 Broadway, Fair Lawn, NJ 07410, United States",Fair Lawn,NJ,07410,https://members.rocksteadyboxing.org/member-directory/Details/bergen-county-2829617,40.9250183,-74.1016516,2026-03-28T03:14:36.177Z
rock-steady-boxing,Rock Steady Boxing Member Directory,member-directory:beverly-hills-3348032,member-directory-beverly-hills-31555-southfield-road-beverly-hills-mi-48025-united-states,"Rock Steady Boxing Beverly Hills, MI",Community Program,"Rock Steady Boxing Beverly Hills, MI is listed in the official Rock Steady Boxing directory.","Rock Steady Boxing Beverly Hills, MI is listed in the official Rock Steady Boxing Member Directory. Address: 31555 Southfield Road, Beverly Hills, MI 48025, United States.","Beverly Hills, MI, United States","Beverly Hills, MI, United States",United States,Community Program | Parkinson's Care,,in-person,false,unclaimed,0,0,,,2486428500,"Rock Steady Boxing Beverly Hills, MI",,member-directory,Rock Steady Boxing,"31555 Southfield Road, Beverly Hills, MI 48025, United States",Beverly Hills,MI,48025,https://members.rocksteadyboxing.org/member-directory/Details/beverly-hills-3348032,42.5215001,-83.22568129999999,2026-03-28T03:14:36.177Z
rock-steady-boxing,Rock Steady Boxing Member Directory,member-directory:bft-oro-valley-4393402,member-directory-bft-oro-valley-11015-n-oracle-rd-ste-101-oro-valley-az-85737-united-states,Rock Steady Boxing - BFT Oro Valley,Community Program,Rock Steady Boxing - BFT Oro Valley is listed in the official Rock Steady Boxing directory.,"Rock Steady Boxing - BFT Oro Valley is listed in the official Rock Steady Boxing Member Directory. Address: 11015 N Oracle Rd, Ste 101, Oro Valley, AZ 85737, United States.","Oro Valley, AZ, United States","Oro Valley, AZ, United States",United States,Community Program | Parkinson's Care,,in-person,false,unclaimed,0,0,,,5203070635,Rock Steady Boxing - BFT Oro Valley,,member-directory,Rock Steady Boxing,"11015 N Oracle Rd, Ste 101, Oro Valley, AZ 85737, United States",Oro Valley,AZ,85737,https://members.rocksteadyboxing.org/member-directory/Details/bft-oro-valley-4393402,32.4061192,-110.9488221,2026-03-28T03:14:36.177Z
rock-steady-boxing,Rock Steady Boxing Member Directory,member-directory:billings-2829614,member-directory-billings-1033-s-29th-st-w-ste-c-billings-mt-59102-united-states,"Rock Steady Boxing Billings, MT",Community Program,"Rock Steady Boxing Billings, MT is listed in the official Rock Steady Boxing directory.","Rock Steady Boxing Billings, MT is listed in the official Rock Steady Boxing Member Directory. Address: 1033 S 29th St W STE C, Billings, MT 59102, United States.","Billings, MT, United States","Billings, MT, United States",United States,Community Program | Parkinson's Care,,in-person,false,unclaimed,0,0,,,4066700148,"Rock Steady Boxing Billings, MT",,member-directory,Rock Steady Boxing,"1033 S 29th St W STE C, Billings, MT 59102, United States",Billings,MT,59102,https://members.rocksteadyboxing.org/member-directory/Details/billings-2829614,45.751055,-108.5868601,2026-03-28T03:14:36.177Z
rock-steady-boxing,Rock Steady Boxing Member Directory,member-directory:bis-man-2829613,member-directory-bis-man-2700-46th-ave-se-mandan-nd-58554-united-states,Rock Steady Boxing - Bis-Man,Community Program,Rock Steady Boxing - Bis-Man is listed in the official Rock Steady Boxing directory.,"Rock Steady Boxing - Bis-Man is listed in the official Rock Steady Boxing Member Directory. Address: 2700 46th Ave SE, Mandan, ND 58554, United States.","Mandan, ND, United States","Mandan, ND, United States",United States,Community Program | Parkinson's Care,,in-person,false,unclaimed,0,0,,,7017519804,Rock Steady Boxing - Bis-Man,,member-directory,Rock Steady Boxing,"2700 46th Ave SE, Mandan, ND 58554, United States",Mandan,ND,58554,https://members.rocksteadyboxing.org/member-directory/Details/bis-man-2829613,46.8014764,-100.8277377,2026-03-28T03:14:36.177Z
rock-steady-boxing,Rock Steady Boxing Member Directory,member-directory:black-spruce-rsb-4699021,member-directory-black-spruce-rsb-4879-miller-trunk-hwy-hermantown-mn-55811-united-states,Rock Steady Boxing - Black Spruce RSB,Community Program,Rock Steady Boxing - Black Spruce RSB is listed in the official Rock Steady Boxing directory.,"Rock Steady Boxing - Black Spruce RSB is listed in the official Rock Steady Boxing Member Directory. Address: 4879 Miller Trunk Hwy, Hermantown, MN 55811, United States.","Hermantown, MN, United States","Hermantown, MN, United States",United States,Community Program | Parkinson's Care,,in-person,false,unclaimed,0,0,,,2186266483,Rock Steady Boxing - Black Spruce RSB,,member-directory,Rock Steady Boxing,"4879 Miller Trunk Hwy, Hermantown, MN 55811, United States",Hermantown,MN,55811,https://members.rocksteadyboxing.org/member-directory/Details/black-spruce-rsb-4699021,46.8265231,-92.19262789999999,2026-03-28T03:14:36.177Z
rock-steady-boxing,Rock Steady Boxing Member Directory,member-directory:bloomington-at-carle-health-and-fitness-2829612,member-directory-bloomington-at-carle-health-and-fitness-1111-trinity-lane-suite-120-bloomington-il-61704-united-states,Rock Steady Boxing - Bloomington at Carle Health and Fitness,Exercise Program,Rock Steady Boxing - Bloomington at Carle Health and Fitness is listed in the official Rock Steady Boxing directory.,"Rock Steady Boxing - Bloomington at Carle Health and Fitness is listed in the official Rock Steady Boxing Member Directory. Address: 1111 Trinity Lane, Suite 120, Bloomington, IL 61704, United States.","Bloomington, IL, United States","Bloomington, IL, United States",United States,Boxing | Exercise | Parkinson's Care,,in-person,false,unclaimed,0,0,,,3094339355,Rock Steady Boxing - Bloomington at Carle Health and Fitness,,member-directory,Rock Steady Boxing,"1111 Trinity Lane, Suite 120, Bloomington, IL 61704, United States",Bloomington,IL,61704,https://members.rocksteadyboxing.org/member-directory/Details/bloomington-at-carle-health-and-fitness-2829612,40.4918212,-88.9177551,2026-03-28T03:14:36.177Z
rock-steady-boxing,Rock Steady Boxing Member Directory,member-directory:bob-freesen-ymca-2829610,member-directory-bob-freesen-ymca-1000-sherwood-ln-jacksonville-il-62650-united-states,Rock Steady Boxing - Bob Freesen YMCA,Community Program,Rock Steady Boxing - Bob Freesen YMCA is listed in the official Rock Steady Boxing directory.,"Rock Steady Boxing - Bob Freesen YMCA is listed in the official Rock Steady Boxing Member Directory. Address: 1000 Sherwood Ln, Jacksonville, IL 62650, United States.","Jacksonville, IL, United States","Jacksonville, IL, United States",United States,Community Program | Parkinson's Care,,in-person,false,unclaimed,0,0,,,2172452141,Rock Steady Boxing - Bob Freesen YMCA,,member-directory,Rock Steady Boxing,"1000 Sherwood Ln, Jacksonville, IL 62650, United States",Jacksonville,IL,62650,https://members.rocksteadyboxing.org/member-directory/Details/bob-freesen-ymca-2829610,39.7267326,-90.253863,2026-03-28T03:14:36.177Z
rock-steady-boxing,Rock Steady Boxing Member Directory,member-directory:boca-raton-4109862,member-directory-boca-raton-21345-powerline-rd-ste-100-boca-raton-fl-33433-united-states,"Rock Steady Boxing Boca Raton, FL",Community Program,"Rock Steady Boxing Boca Raton, FL is listed in the official Rock Steady Boxing directory.","Rock Steady Boxing Boca Raton, FL is listed in the official Rock Steady Boxing Member Directory. Address: 21345 Powerline Rd Ste 100, Boca Raton, FL 33433, United States.","Boca Raton, FL, United States","Boca Raton, FL, United States",United States,Community Program | Parkinson's Care,,in-person,false,unclaimed,0,0,,,5618837800,"Rock Steady Boxing Boca Raton, FL",,member-directory,Rock Steady Boxing,"21345 Powerline Rd Ste 100, Boca Raton, FL 33433, United States",Boca Raton,FL,33433,https://members.rocksteadyboxing.org/member-directory/Details/boca-raton-4109862,26.3605479,-80.153555,2026-03-28T03:14:36.177Z
rock-steady-boxing,Rock Steady Boxing Member Directory,member-directory:body-zone-sports-and-wellness-complex-2829608,member-directory-body-zone-sports-and-wellness-complex-3103-paper-mill-road-wyomissing-pa-19610-united-states,Rock Steady Boxing - Body Zone Sports and Wellness Complex,Exercise Program,Rock Steady Boxing - Body Zone Sports and Wellness Complex is listed in the official Rock Steady Boxing directory.,"Rock Steady Boxing - Body Zone Sports and Wellness Complex is listed in the official Rock Steady Boxing Member Directory. Address: 3103 Paper Mill Road, Wyomissing, PA 19610, United States.","Wyomissing, PA, United States","Wyomissing, PA, United States",United States,Boxing | Exercise | Parkinson's Care,,in-person,false,unclaimed,0,0,,,6103762100,Rock Steady Boxing - Body Zone Sports and Wellness Complex,,member-directory,Rock Steady Boxing,"3103 Paper Mill Road, Wyomissing, PA 19610, United States",Wyomissing,PA,19610,https://members.rocksteadyboxing.org/member-directory/Details/body-zone-sports-and-wellness-complex-2829608,40.366511,-75.9922211,2026-03-28T03:14:36.177Z
rock-steady-boxing,Rock Steady Boxing Member Directory,member-directory:bold-coast-2829607,member-directory-bold-coast-249-bucksport-road-ellsworth-me-04605-united-states,Rock Steady Boxing - Bold Coast,Community Program,Rock Steady Boxing - Bold Coast is listed in the official Rock Steady Boxing directory.,"Rock Steady Boxing - Bold Coast is listed in the official Rock Steady Boxing Member Directory. Address: 249 Bucksport Road, Ellsworth, ME 04605, United States.","Ellsworth, ME, United States","Ellsworth, ME, United States",United States,Community Program | Parkinson's Care,,in-person,false,unclaimed,0,0,,,2078120621,Rock Steady Boxing - Bold Coast,,member-directory,Rock Steady Boxing,"249 Bucksport Road, Ellsworth, ME 04605, United States",Ellsworth,ME,04605,https://members.rocksteadyboxing.org/member-directory/Details/bold-coast-2829607,44.5399267,-68.4525402,2026-03-28T03:14:36.177Z
rock-steady-boxing,Rock Steady Boxing Member Directory,member-directory:bonita-bay-club-2829606,member-directory-bonita-bay-club-26800-south-tamiami-trail-bonita-springs-fl-34134-united-states,Rock Steady Boxing - Bonita Bay Club,Community Program,Rock Steady Boxing - Bonita Bay Club is listed in the official Rock Steady Boxing directory.,"Rock Steady Boxing - Bonita Bay Club is listed in the official Rock Steady Boxing Member Directory. Address: 26800 South Tamiami Trail, Bonita Springs, FL 34134, United States.","Bonita Springs, FL, United States","Bonita Springs, FL, United States",United States,Community Program | Parkinson's Care,,in-person,false,unclaimed,0,0,,,,Rock Steady Boxing - Bonita Bay Club,,member-directory,Rock Steady Boxing,"26800 South Tamiami Trail, Bonita Springs, FL 34134, United States",Bonita Springs,FL,34134,https://members.rocksteadyboxing.org/member-directory/Details/bonita-bay-club-2829606,26.3509954,-81.8098815,2026-03-28T03:14:36.177Z
rock-steady-boxing,Rock Steady Boxing Member Directory,member-directory:bonner-general-health-sandpoint-2829604,member-directory-bonner-general-health-sandpoint-613-ridley-village-road-sandpoint-id-83864-united-states,Rock Steady Boxing - Bonner General Health Sandpoint,Community Program,Rock Steady Boxing - Bonner General Health Sandpoint is listed in the official Rock Steady Boxing directory.,"Rock Steady Boxing - Bonner General Health Sandpoint is listed in the official Rock Steady Boxing Member Directory. Address: 613 Ridley Village Road, Sandpoint, ID 83864, United States.","Sandpoint, ID, United States","Sandpoint, ID, United States",United States,Community Program | Parkinson's Care,,in-person,false,unclaimed,0,0,,,2086105086,Rock Steady Boxing - Bonner General Health Sandpoint,,member-directory,Rock Steady Boxing,"613 Ridley Village Road, Sandpoint, ID 83864, United States",Sandpoint,ID,83864,https://members.rocksteadyboxing.org/member-directory/Details/bonner-general-health-sandpoint-2829604,48.2645381,-116.5717339,2026-03-28T03:14:36.177Z
rock-steady-boxing,Rock Steady Boxing Member Directory,member-directory:boston-2829601,member-directory-boston-150-arsenal-st-watertown-ma-02472-united-states,Rock Steady Boxing - Boston,Community Program,Rock Steady Boxing - Boston is listed in the official Rock Steady Boxing directory.,"Rock Steady Boxing - Boston is listed in the official Rock Steady Boxing Member Directory. Address: 150 Arsenal St., Watertown, MA 02472, United States.","Watertown, MA, United States","Watertown, MA, United States",United States,Community Program | Parkinson's Care,,in-person,false,unclaimed,0,0,,,9782890799,Rock Steady Boxing - Boston,,member-directory,Rock Steady Boxing,"150 Arsenal St., Watertown, MA 02472, United States",Watertown,MA,02472,https://members.rocksteadyboxing.org/member-directory/Details/boston-2829601,42.3650217,-71.177271,2026-03-28T03:14:36.177Z
rock-steady-boxing,Rock Steady Boxing Member Directory,member-directory:boston-2-methuen-2829600,member-directory-boston-2-methuen-rock-steady-boxing-boston-40-jackson-st-methuen-ma-01844-united-states,Rock Steady Boxing - Boston 2 (Methuen),Community Program,Rock Steady Boxing - Boston 2 (Methuen) is listed in the official Rock Steady Boxing directory.,"Rock Steady Boxing - Boston 2 (Methuen) is listed in the official Rock Steady Boxing Member Directory. Address: Rock Steady Boxing Boston, 40 Jackson St, Methuen, MA 01844, United States.","Methuen, MA, United States","Methuen, MA, United States",United States,Community Program | Parkinson's Care,,in-person,false,unclaimed,0,0,http://rocksteadyboxingboston.com/,,9782890799,Rock Steady Boxing - Boston 2 (Methuen),,member-directory,Rock Steady Boxing,"Rock Steady Boxing Boston, 40 Jackson St, Methuen, MA 01844, United States",Methuen,MA,01844,https://members.rocksteadyboxing.org/member-directory/Details/boston-2-methuen-2829600,42.72383869999999,-71.1607406,2026-03-28T03:14:36.177Z
rock-steady-boxing,Rock Steady Boxing Member Directory,member-directory:boston-3-braintree-2829599,member-directory-boston-3-braintree-south-shore-kickboxing-89-pearl-st-2-braintree-ma-02184-united-states,Rock Steady Boxing - Boston 3 (Braintree),Community Program,Rock Steady Boxing - Boston 3 (Braintree) is listed in the official Rock Steady Boxing directory.,"Rock Steady Boxing - Boston 3 (Braintree) is listed in the official Rock Steady Boxing Member Directory. Address: South Shore Kickboxing, 89 Pearl St #2, Braintree, MA 02184, United States.","Braintree, MA, United States","Braintree, MA, United States",United States,Community Program | Parkinson's Care,,in-person,false,unclaimed,0,0,,,9782890799,Rock Steady Boxing - Boston 3 (Braintree),,member-directory,Rock Steady Boxing,"South Shore Kickboxing, 89 Pearl St #2, Braintree, MA 02184, United States",Braintree,MA,02184,https://members.rocksteadyboxing.org/member-directory/Details/boston-3-braintree-2829599,42.2019101,-71.0029558,2026-03-28T03:14:36.177Z
rock-steady-boxing,Rock Steady Boxing Member Directory,member-directory:boston-4-manchester-2829598,member-directory-boston-4-manchester-full-circle-martial-arts-and-fitness-center-800-page-st-unit-2-manchester-nh-03109-united-states,Rock Steady Boxing - Boston 4 (Manchester),Community Program,Rock Steady Boxing - Boston 4 (Manchester) is listed in the official Rock Steady Boxing directory.,"Rock Steady Boxing - Boston 4 (Manchester) is listed in the official Rock Steady Boxing Member Directory. Address: Full Circle Martial Arts & Fitness Center, 800 Page St Unit 2, Manchester, NH 03109, United States.","Manchester, NH, United States","Manchester, NH, United States",United States,Community Program | Parkinson's Care,,in-person,false,unclaimed,0,0,,,9782890799,Rock Steady Boxing - Boston 4 (Manchester),,member-directory,Rock Steady Boxing,"Full Circle Martial Arts & Fitness Center, 800 Page St Unit 2, Manchester, NH 03109, United States",Manchester,NH,03109,https://members.rocksteadyboxing.org/member-directory/Details/boston-4-manchester-2829598,42.98428639999999,-71.41985930000001,2026-03-28T03:14:36.177Z
rock-steady-boxing,Rock Steady Boxing Member Directory,member-directory:boston-5-cambridge-2829597,member-directory-boston-5-cambridge-820-mass-avenue-cambridge-ma-02139-united-states,Rock Steady Boxing - Boston 5 (Cambridge),Community Program,Rock Steady Boxing - Boston 5 (Cambridge) is listed in the official Rock Steady Boxing directory.,"Rock Steady Boxing - Boston 5 (Cambridge) is listed in the official Rock Steady Boxing Member Directory. Address: 820 Mass Avenue, Cambridge, MA 02139, United States.","Cambridge, MA, United States","Cambridge, MA, United States",United States,Community Program | Parkinson's Care,,in-person,false,unclaimed,0,0,,,9782890799,Rock Steady Boxing - Boston 5 (Cambridge),,member-directory,Rock Steady Boxing,"820 Mass Avenue, Cambridge, MA 02139, United States",Cambridge,MA,02139,https://members.rocksteadyboxing.org/member-directory/Details/boston-5-cambridge-2829597,42.3668823,-71.1067528,2026-03-28T03:14:36.177Z
rock-steady-boxing,Rock Steady Boxing Member Directory,member-directory:botetourt-4543412,member-directory-botetourt-105-summerfield-court-roanoke-va-24019-united-states,Rock Steady Boxing - Botetourt,Community Program,Rock Steady Boxing - Botetourt is listed in the official Rock Steady Boxing directory.,"Rock Steady Boxing - Botetourt is listed in the official Rock Steady Boxing Member Directory. Address: 105 Summerfield Court, Roanoke, VA 24019, United States.","Roanoke, VA, United States","Roanoke, VA, United States",United States,Community Program | Parkinson's Care,,in-person,false,unclaimed,0,0,,,5409922993,Rock Steady Boxing - Botetourt,,member-directory,Rock Steady Boxing,"105 Summerfield Court, Roanoke, VA 24019, United States",Roanoke,VA,24019,https://members.rocksteadyboxing.org/member-directory/Details/botetourt-4543412,37.3564633,-79.8857501,2026-03-28T03:14:36.177Z
rock-steady-boxing,Rock Steady Boxing Member Directory,member-directory:bout-boxing-4328594,member-directory-bout-boxing-866-island-park-drive-unit-101a-daniel-island-sc-29492-united-states,Rock Steady Boxing - Bout Boxing,Exercise Program,Rock Steady Boxing - Bout Boxing is listed in the official Rock Steady Boxing directory.,"Rock Steady Boxing - Bout Boxing is listed in the official Rock Steady Boxing Member Directory. Address: 866 Island Park Drive, Unit 101A, Daniel Island, SC 29492, United States.","Daniel Island, SC, United States","Daniel Island, SC, United States",United States,Boxing | Exercise | Parkinson's Care,,in-person,false,unclaimed,0,0,,,7576200800,Rock Steady Boxing - Bout Boxing,,member-directory,Rock Steady Boxing,"866 Island Park Drive, Unit 101A, Daniel Island, SC 29492, United States",Daniel Island,SC,29492,https://members.rocksteadyboxing.org/member-directory/Details/bout-boxing-4328594,32.8632786,-79.9060027,2026-03-28T03:14:36.177Z
rock-steady-boxing,Rock Steady Boxing Member Directory,member-directory:box-ox-3301831,member-directory-box-ox-97-w-chestnut-st-oxford-oh-45056-united-states,Rock Steady Boxing - Box Ox,Community Program,Rock Steady Boxing - Box Ox is listed in the official Rock Steady Boxing directory.,"Rock Steady Boxing - Box Ox is listed in the official Rock Steady Boxing Member Directory. Address: 97 W. Chestnut St, Oxford, OH 45056, United States.","Oxford, OH, United States","Oxford, OH, United States",United States,Community Program | Parkinson's Care,,in-person,false,unclaimed,0,0,,,5135296007,Rock Steady Boxing - Box Ox,,member-directory,Rock Steady Boxing,"97 W. Chestnut St, Oxford, OH 45056, United States",Oxford,OH,45056,https://members.rocksteadyboxing.org/member-directory/Details/box-ox-3301831,39.4989018,-84.74454229999999,2026-03-28T03:14:36.177Z
rock-steady-boxing,Rock Steady Boxing Member Directory,member-directory:boxergirl-gym-llc-2829275,member-directory-boxergirl-gym-llc-815-exocet-suite-101-cordova-tn-38016-united-states,Rock Steady Boxing - BoxerGirl Gym LLC,Exercise Program,Rock Steady Boxing - BoxerGirl Gym LLC is listed in the official Rock Steady Boxing directory.,"Rock Steady Boxing - BoxerGirl Gym LLC is listed in the official Rock Steady Boxing Member Directory. Address: 815 Exocet, Suite 101, Cordova, TN 38016, United States.","Cordova, TN, United States","Cordova, TN, United States",United States,Boxing | Exercise | Parkinson's Care,,in-person,false,unclaimed,0,0,,,9014906493,Rock Steady Boxing - BoxerGirl Gym LLC,,member-directory,Rock Steady Boxing,"815 Exocet, Suite 101, Cordova, TN 38016, United States",Cordova,TN,38016,https://members.rocksteadyboxing.org/member-directory/Details/boxergirl-gym-llc-2829275,35.1478756,-89.7977789,2026-03-28T03:14:36.177Z
rock-steady-boxing,Rock Steady Boxing Member Directory,member-directory:boynton-beach-4072123,member-directory-boynton-beach-12040-south-jog-rd-suite-8-boynton-beach-fl-33437-united-states,"Rock Steady Boxing Boynton Beach, FL",Community Program,"Rock Steady Boxing Boynton Beach, FL is listed in the official Rock Steady Boxing directory.","Rock Steady Boxing Boynton Beach, FL is listed in the official Rock Steady Boxing Member Directory. Address: 12040 South Jog Rd, Suite 8, Boynton Beach, FL 33437, United States.","Boynton Beach, FL, United States","Boynton Beach, FL, United States",United States,Community Program | Parkinson's Care,,in-person,false,unclaimed,0,0,,,5617335083,"Rock Steady Boxing Boynton Beach, FL",,member-directory,Rock Steady Boxing,"12040 South Jog Rd, Suite 8, Boynton Beach, FL 33437, United States",Boynton Beach,FL,33437,https://members.rocksteadyboxing.org/member-directory/Details/boynton-beach-4072123,26.498084,-80.1462695,2026-03-28T03:14:36.177Z
rock-steady-boxing,Rock Steady Boxing Member Directory,member-directory:brain-center-2829594,member-directory-brain-center-16650-sw-88th-street-suite-109-miami-fl-33196-united-states,Rock Steady Boxing - Brain Center,Community Program,Rock Steady Boxing - Brain Center is listed in the official Rock Steady Boxing directory.,"Rock Steady Boxing - Brain Center is listed in the official Rock Steady Boxing Member Directory. Address: 16650 SW 88th Street, Suite 109, Miami, FL 33196, United States.","Miami, FL, United States","Miami, FL, United States",United States,Community Program | Parkinson's Care,,in-person,false,unclaimed,0,0,,,3058568940ext.103,Rock Steady Boxing - Brain Center,,member-directory,Rock Steady Boxing,"16650 SW 88th Street, Suite 109, Miami, FL 33196, United States",Miami,FL,33196,https://members.rocksteadyboxing.org/member-directory/Details/brain-center-2829594,25.682597,-80.4609689,2026-03-28T03:14:36.177Z
rock-steady-boxing,Rock Steady Boxing Member Directory,member-directory:brain-center-2-2829593,member-directory-brain-center-2-800-douglas-road-north-tower-suite-149-coral-gables-fl-33134-united-states,Rock Steady Boxing - Brain Center 2,Community Program,Rock Steady Boxing - Brain Center 2 is listed in the official Rock Steady Boxing directory.,"Rock Steady Boxing - Brain Center 2 is listed in the official Rock Steady Boxing Member Directory. Address: 800 Douglas Road, North Tower, Suite 149, Coral Gables, FL 33134, United States.","Coral Gables, FL, United States","Coral Gables, FL, United States",United States,Community Program | Parkinson's Care,,in-person,false,unclaimed,0,0,,,3058568940ext.104,Rock Steady Boxing - Brain Center 2,,member-directory,Rock Steady Boxing,"800 Douglas Road, North Tower, Suite 149, Coral Gables, FL 33134, United States",Coral Gables,FL,33134,https://members.rocksteadyboxing.org/member-directory/Details/brain-center-2-2829593,25.7640807,-80.256276,2026-03-28T03:14:36.177Z
rock-steady-boxing,Rock Steady Boxing Member Directory,member-directory:brooksby-village-2829590,member-directory-brooksby-village-100-brooksby-village-drive-peabody-ma-01960-united-states,Rock Steady Boxing - Brooksby Village,Community Program,Rock Steady Boxing - Brooksby Village is listed in the official Rock Steady Boxing directory.,"Rock Steady Boxing - Brooksby Village is listed in the official Rock Steady Boxing Member Directory. Address: 100 Brooksby Village Drive, Peabody, MA 01960, United States.","Peabody, MA, United States","Peabody, MA, United States",United States,Community Program | Parkinson's Care,,in-person,false,unclaimed,0,0,,,9785367848,Rock Steady Boxing - Brooksby Village,,member-directory,Rock Steady Boxing,"100 Brooksby Village Drive, Peabody, MA 01960, United States",Peabody,MA,01960,https://members.rocksteadyboxing.org/member-directory/Details/brooksby-village-2829590,42.5499483,-70.97019039999999,2026-03-28T03:14:36.177Z
rock-steady-boxing,Rock Steady Boxing Member Directory,member-directory:brownsburg-2829589,member-directory-brownsburg-1531-e-northfield-drive-brownsburg-in-46112-united-states,"Rock Steady Boxing Brownsburg, IN",Community Program,"Rock Steady Boxing Brownsburg, IN is listed in the official Rock Steady Boxing directory.","Rock Steady Boxing Brownsburg, IN is listed in the official Rock Steady Boxing Member Directory. Address: 1531 E. Northfield Drive, Brownsburg, IN 46112, United States.","Brownsburg, IN, United States","Brownsburg, IN, United States",United States,Community Program | Parkinson's Care,,in-person,false,unclaimed,0,0,,,3174395292,"Rock Steady Boxing Brownsburg, IN",,member-directory,Rock Steady Boxing,"1531 E. Northfield Drive, Brownsburg, IN 46112, United States",Brownsburg,IN,46112,https://members.rocksteadyboxing.org/member-directory/Details/brownsburg-2829589,39.8371249,-86.3698725,2026-03-28T03:14:36.178Z
rock-steady-boxing,Rock Steady Boxing Member Directory,member-directory:bryan-lifepointe-2829588,member-directory-bryan-lifepointe-7501-south-27th-lincoln-ne-68512-united-states,Rock Steady Boxing - Bryan LifePointe,Community Program,Rock Steady Boxing - Bryan LifePointe is listed in the official Rock Steady Boxing directory.,"Rock Steady Boxing - Bryan LifePointe is listed in the official Rock Steady Boxing Member Directory. Address: 7501 South 27th, Lincoln, NE 68512, United States.","Lincoln, NE, United States","Lincoln, NE, United States",United States,Community Program | Parkinson's Care,,in-person,false,unclaimed,0,0,,,4024816300,Rock Steady Boxing - Bryan LifePointe,,member-directory,Rock Steady Boxing,"7501 South 27th, Lincoln, NE 68512, United States",Lincoln,NE,68512,https://members.rocksteadyboxing.org/member-directory/Details/bryan-lifepointe-2829588,40.7340977,-96.68412359999999,2026-03-28T03:14:36.178Z
rock-steady-boxing,Rock Steady Boxing Member Directory,member-directory:bucks-county-live-well-powerhouse-2829587,member-directory-bucks-county-live-well-powerhouse-6542-lower-york-rd-building-n-new-hope-pa-18938-united-states,Rock Steady Boxing - Bucks County @ Live Well Powerhouse,Community Program,Rock Steady Boxing - Bucks County @ Live Well Powerhouse is listed in the official Rock Steady Boxing directory.,"Rock Steady Boxing - Bucks County @ Live Well Powerhouse is listed in the official Rock Steady Boxing Member Directory. Address: 6542 Lower York Rd, Building N, New Hope, PA 18938, United States.","New Hope, PA, United States","New Hope, PA, United States",United States,Community Program | Parkinson's Care,,in-person,false,unclaimed,0,0,https://members.rocksteadyboxing.org/member-directory/Details/bucks-county-2829587,,2156228984,Rock Steady Boxing - Bucks County @ Live Well Powerhouse,,member-directory,Rock Steady Boxing,"6542 Lower York Rd, Building N, New Hope, PA 18938, United States",New Hope,PA,18938,https://members.rocksteadyboxing.org/member-directory/Details/bucks-county-live-well-powerhouse-2829587,40.3569586,-74.976585,2026-03-28T03:14:36.178Z
rock-steady-boxing,Rock Steady Boxing Member Directory,member-directory:buena-vista-regional-medical-center-4142641,member-directory-buena-vista-regional-medical-center-1307-w-milwaukee-ave-storm-lake-ia-50588-united-states,Rock Steady Boxing - Buena Vista Regional Medical Center,Community Program,Rock Steady Boxing - Buena Vista Regional Medical Center is listed in the official Rock Steady Boxing directory.,"Rock Steady Boxing - Buena Vista Regional Medical Center is listed in the official Rock Steady Boxing Member Directory. Address: 1307 W. Milwaukee Ave, Storm Lake, IA 50588, United States.","Storm Lake, IA, United States","Storm Lake, IA, United States",United States,Community Program | Parkinson's Care,,in-person,false,unclaimed,0,0,,,7127327722,Rock Steady Boxing - Buena Vista Regional Medical Center,,member-directory,Rock Steady Boxing,"1307 W. Milwaukee Ave, Storm Lake, IA 50588, United States",Storm Lake,IA,50588,https://members.rocksteadyboxing.org/member-directory/Details/buena-vista-regional-medical-center-4142641,42.6488198,-95.217703,2026-03-28T03:14:36.178Z
rock-steady-boxing,Rock Steady Boxing Member Directory,member-directory:burbank-2829586,member-directory-burbank-2010-n-hollywood-way-fitiquity-gym-burbank-ca-91505-united-states,"Rock Steady Boxing Burbank, CA",Community Program,"Rock Steady Boxing Burbank, CA is listed in the official Rock Steady Boxing directory.","Rock Steady Boxing Burbank, CA is listed in the official Rock Steady Boxing Member Directory. Address: 2010 N Hollywood Way, Fitiquity Gym, Burbank, CA 91505, United States.","Burbank, CA, United States","Burbank, CA, United States",United States,Community Program | Parkinson's Care,,in-person,false,unclaimed,0,0,,,8184781555,"Rock Steady Boxing Burbank, CA",,member-directory,Rock Steady Boxing,"2010 N Hollywood Way, Fitiquity Gym, Burbank, CA 91505, United States",Burbank,CA,91505,https://members.rocksteadyboxing.org/member-directory/Details/burbank-2829586,34.1855069,-118.348706,2026-03-28T03:14:36.178Z
rock-steady-boxing,Rock Steady Boxing Member Directory,member-directory:burlington-2829585,member-directory-burlington-3265-south-church-street-burlington-nc-27215-united-states,"Rock Steady Boxing Burlington, NC",Community Program,"Rock Steady Boxing Burlington, NC is listed in the official Rock Steady Boxing directory.","Rock Steady Boxing Burlington, NC is listed in the official Rock Steady Boxing Member Directory. Address: 3265 South Church Street, Burlington, NC 27215, United States.","Burlington, NC, United States","Burlington, NC, United States",United States,Community Program | Parkinson's Care,,in-person,false,unclaimed,0,0,,,3365161488,"Rock Steady Boxing Burlington, NC",,member-directory,Rock Steady Boxing,"3265 South Church Street, Burlington, NC 27215, United States",Burlington,NC,27215,https://members.rocksteadyboxing.org/member-directory/Details/burlington-2829585,36.0815268,-79.5067899,2026-03-28T03:14:36.178Z
rock-steady-boxing,Rock Steady Boxing Member Directory,member-directory:butler-legacy-fitness-3378962,member-directory-butler-legacy-fitness-534-fairground-hill-rd-suite-105-butler-pa-16001-united-states,Rock Steady Boxing - Butler Legacy Fitness,Exercise Program,Rock Steady Boxing - Butler Legacy Fitness is listed in the official Rock Steady Boxing directory.,"Rock Steady Boxing - Butler Legacy Fitness is listed in the official Rock Steady Boxing Member Directory. Address: 534 Fairground Hill Rd, Suite 105, Butler, PA 16001, United States.","Butler, PA, United States","Butler, PA, United States",United States,Boxing | Exercise | Parkinson's Care,,in-person,false,unclaimed,0,0,,,7244873424,Rock Steady Boxing - Butler Legacy Fitness,,member-directory,Rock Steady Boxing,"534 Fairground Hill Rd, Suite 105, Butler, PA 16001, United States",Butler,PA,16001,https://members.rocksteadyboxing.org/member-directory/Details/butler-legacy-fitness-3378962,40.8613036,-79.9135393,2026-03-28T03:14:36.178Z
rock-steady-boxing,Rock Steady Boxing Member Directory,member-directory:callawassie-island-3536464,member-directory-callawassie-island-22-callawassie-club-dr-okatie-sc-29909-united-states,Rock Steady Boxing - Callawassie Island,Community Program,Rock Steady Boxing - Callawassie Island is listed in the official Rock Steady Boxing directory.,"Rock Steady Boxing - Callawassie Island is listed in the official Rock Steady Boxing Member Directory. Address: 22 Callawassie Club Dr, Okatie, SC 29909, United States.","Okatie, SC, United States","Okatie, SC, United States",United States,Community Program | Parkinson's Care,,in-person,false,unclaimed,0,0,,,8439873679,Rock Steady Boxing - Callawassie Island,,member-directory,Rock Steady Boxing,"22 Callawassie Club Dr, Okatie, SC 29909, United States",Okatie,SC,29909,https://members.rocksteadyboxing.org/member-directory/Details/callawassie-island-3536464,32.328251,-80.8548084,2026-03-28T03:14:36.178Z
rock-steady-boxing,Rock Steady Boxing Member Directory,member-directory:calvert-2925914,member-directory-calvert-106-hospital-rd-prince-frederick-md-20678-united-states,Rock Steady Boxing - Calvert,Community Program,Rock Steady Boxing - Calvert is listed in the official Rock Steady Boxing directory.,"Rock Steady Boxing - Calvert is listed in the official Rock Steady Boxing Member Directory. Address: 106 Hospital Rd., Prince Frederick, MD 20678, United States.","Prince Frederick, MD, United States","Prince Frederick, MD, United States",United States,Community Program | Parkinson's Care,,in-person,false,unclaimed,0,0,,,4105358233,Rock Steady Boxing - Calvert,,member-directory,Rock Steady Boxing,"106 Hospital Rd., Prince Frederick, MD 20678, United States",Prince Frederick,MD,20678,https://members.rocksteadyboxing.org/member-directory/Details/calvert-2925914,38.55948180000001,-76.59501949999999,2026-03-28T03:14:36.178Z
rock-steady-boxing,Rock Steady Boxing Member Directory,member-directory:cambridge-2829582,member-directory-cambridge-115-south-adams-st-cambridge-mn-55008-united-states,"Rock Steady Boxing Cambridge, MN",Community Program,"Rock Steady Boxing Cambridge, MN is listed in the official Rock Steady Boxing directory.","Rock Steady Boxing Cambridge, MN is listed in the official Rock Steady Boxing Member Directory. Address: 115 South Adams st, Cambridge, MN 55008, United States.","Cambridge, MN, United States","Cambridge, MN, United States",United States,Community Program | Parkinson's Care,,in-person,false,unclaimed,0,0,,,7632216883,"Rock Steady Boxing Cambridge, MN",,member-directory,Rock Steady Boxing,"115 South Adams st, Cambridge, MN 55008, United States",Cambridge,MN,55008,https://members.rocksteadyboxing.org/member-directory/Details/cambridge-2829582,45.572353,-93.22315499999999,2026-03-28T03:14:36.178Z
rock-steady-boxing,Rock Steady Boxing Member Directory,member-directory:camp-lejeune-2829581,member-directory-camp-lejeune-933-lejeune-blvd-jacksonville-nc-28540-united-states,Rock Steady Boxing - Camp Lejeune,Community Program,Rock Steady Boxing - Camp Lejeune is listed in the official Rock Steady Boxing directory.,"Rock Steady Boxing - Camp Lejeune is listed in the official Rock Steady Boxing Member Directory. Address: 933 Lejeune Blvd., Jacksonville, NC 28540, United States.","Jacksonville, NC, United States","Jacksonville, NC, United States",United States,Community Program | Parkinson's Care,,in-person,false,unclaimed,0,0,,,9104677825,Rock Steady Boxing - Camp Lejeune,,member-directory,Rock Steady Boxing,"933 Lejeune Blvd., Jacksonville, NC 28540, United States",Jacksonville,NC,28540,https://members.rocksteadyboxing.org/member-directory/Details/camp-lejeune-2829581,34.7481203,-77.4111647,2026-03-28T03:14:36.178Z
rock-steady-boxing,Rock Steady Boxing Member Directory,member-directory:canton-2829580,member-directory-canton-1240-dueber-ave-sw-canton-oh-44706-united-states,"Rock Steady Boxing Canton, OH",Community Program,"Rock Steady Boxing Canton, OH is listed in the official Rock Steady Boxing directory.","Rock Steady Boxing Canton, OH is listed in the official Rock Steady Boxing Member Directory. Address: 1240 Dueber Ave SW, Canton, OH 44706, United States.","Canton, OH, United States","Canton, OH, United States",United States,Community Program | Parkinson's Care,,in-person,false,unclaimed,0,0,,,3303236630,"Rock Steady Boxing Canton, OH",,member-directory,Rock Steady Boxing,"1240 Dueber Ave SW, Canton, OH 44706, United States",Canton,OH,44706,https://members.rocksteadyboxing.org/member-directory/Details/canton-2829580,40.7885771,-81.39415180000002,2026-03-28T03:14:36.178Z
rock-steady-boxing,Rock Steady Boxing Member Directory,member-directory:cape-fear-valley-health-2829579,member-directory-cape-fear-valley-health-1930-skibo-road-fayetteville-nc-28314-united-states,Rock Steady Boxing - Cape Fear Valley Health,Community Program,Rock Steady Boxing - Cape Fear Valley Health is listed in the official Rock Steady Boxing directory.,"Rock Steady Boxing - Cape Fear Valley Health is listed in the official Rock Steady Boxing Member Directory. Address: 1930 Skibo road, Fayetteville, NC 28314, United States.","Fayetteville, NC, United States","Fayetteville, NC, United States",United States,Community Program | Parkinson's Care,,in-person,false,unclaimed,0,0,,,9106157496,Rock Steady Boxing - Cape Fear Valley Health,,member-directory,Rock Steady Boxing,"1930 Skibo road, Fayetteville, NC 28314, United States",Fayetteville,NC,28314,https://members.rocksteadyboxing.org/member-directory/Details/cape-fear-valley-health-2829579,35.0644917,-78.9697679,2026-03-28T03:14:36.178Z
rock-steady-boxing,Rock Steady Boxing Member Directory,member-directory:cappy-s-boxing-club-2829578,member-directory-cappy-s-boxing-club-2719-e-union-street-suite-b09-seattle-wa-98122-united-states,Rock Steady Boxing - Cappy's Boxing Club,Exercise Program,Rock Steady Boxing - Cappy's Boxing Club is listed in the official Rock Steady Boxing directory.,"Rock Steady Boxing - Cappy's Boxing Club is listed in the official Rock Steady Boxing Member Directory. Address: 2719 E. Union Street, Suite B09, Seattle, WA 98122, United States.","Seattle, WA, United States","Seattle, WA, United States",United States,Boxing | Exercise | Parkinson's Care,,in-person,false,unclaimed,0,0,,,0000000000,Rock Steady Boxing - Cappy's Boxing Club,,member-directory,Rock Steady Boxing,"2719 E. Union Street, Suite B09, Seattle, WA 98122, United States",Seattle,WA,98122,https://members.rocksteadyboxing.org/member-directory/Details/cappy-s-boxing-club-2829578,47.6125639,-122.2964456,2026-03-28T03:14:36.178Z
rock-steady-boxing,Rock Steady Boxing Member Directory,member-directory:casa-dorinda-3440177,member-directory-casa-dorinda-300-hot-springs-rd-montecito-ca-93108-united-states,Rock Steady Boxing - Casa Dorinda,Community Program,Rock Steady Boxing - Casa Dorinda is listed in the official Rock Steady Boxing directory.,"Rock Steady Boxing - Casa Dorinda is listed in the official Rock Steady Boxing Member Directory. Address: 300 Hot Springs Rd, Montecito, CA 93108, United States.","Montecito, CA, United States","Montecito, CA, United States",United States,Community Program | Parkinson's Care,,in-person,false,unclaimed,0,0,,,8059698220,Rock Steady Boxing - Casa Dorinda,,member-directory,Rock Steady Boxing,"300 Hot Springs Rd, Montecito, CA 93108, United States",Montecito,CA,93108,https://members.rocksteadyboxing.org/member-directory/Details/casa-dorinda-3440177,34.4294429,-119.6377844,2026-03-28T03:14:36.178Z
rock-steady-boxing,Rock Steady Boxing Member Directory,member-directory:casper-boxing-club-2829576,member-directory-casper-boxing-club-910-barbara-street-po-box-832-casper-wy-82602-united-states,Rock Steady Boxing - Casper Boxing Club,Exercise Program,Rock Steady Boxing - Casper Boxing Club is listed in the official Rock Steady Boxing directory.,"Rock Steady Boxing - Casper Boxing Club is listed in the official Rock Steady Boxing Member Directory. Address: 910 Barbara Street, PO Box 832, Casper, WY 82602, United States.","Casper, WY, United States","Casper, WY, United States",United States,Boxing | Exercise | Parkinson's Care,,in-person,false,unclaimed,0,0,,,3072593243,Rock Steady Boxing - Casper Boxing Club,,member-directory,Rock Steady Boxing,"910 Barbara Street, PO Box 832, Casper, WY 82602, United States",Casper,WY,82602,https://members.rocksteadyboxing.org/member-directory/Details/casper-boxing-club-2829576,42.8582577,-106.3016821,2026-03-28T03:14:36.178Z
rock-steady-boxing,Rock Steady Boxing Member Directory,member-directory:cc-young-2829575,member-directory-cc-young-4847-w-lawther-dr-suite-100-dallas-tx-75214-united-states,Rock Steady Boxing - CC Young,Community Program,Rock Steady Boxing - CC Young is listed in the official Rock Steady Boxing directory.,"Rock Steady Boxing - CC Young is listed in the official Rock Steady Boxing Member Directory. Address: 4847 W. Lawther Dr, Suite 100, Dallas, TX 75214, United States.","Dallas, TX, United States","Dallas, TX, United States",United States,Community Program | Parkinson's Care,,in-person,false,unclaimed,0,0,,,4698283473,Rock Steady Boxing - CC Young,,member-directory,Rock Steady Boxing,"4847 W. Lawther Dr, Suite 100, Dallas, TX 75214, United States",Dallas,TX,75214,https://members.rocksteadyboxing.org/member-directory/Details/cc-young-2829575,32.85259,-96.73091819999999,2026-03-28T03:14:36.178Z
rock-steady-boxing,Rock Steady Boxing Member Directory,member-directory:cecil-county-2829574,member-directory-cecil-county-200-chesapeake-blvd-elkton-md-21921-united-states,Rock Steady Boxing - Cecil County,Community Program,Rock Steady Boxing - Cecil County is listed in the official Rock Steady Boxing directory.,"Rock Steady Boxing - Cecil County is listed in the official Rock Steady Boxing Member Directory. Address: 200 Chesapeake Blvd, Elkton, MD 21921, United States.","Elkton, MD, United States","Elkton, MD, United States",United States,Community Program | Parkinson's Care,,in-person,false,unclaimed,0,0,https://www.ccgov.org/government/community-services/community-wellness-division/rock-steady-boxing-for-parkinson-s-disease,,4109968415,Rock Steady Boxing - Cecil County,,member-directory,Rock Steady Boxing,"200 Chesapeake Blvd, Elkton, MD 21921, United States",Elkton,MD,21921,https://members.rocksteadyboxing.org/member-directory/Details/cecil-county-2829574,39.5979883,-75.78556619999999,2026-03-28T03:14:36.178Z
rock-steady-boxing,Rock Steady Boxing Member Directory,member-directory:cedar-crest-2829573,member-directory-cedar-crest-1-cedar-crest-road-lake-hopatcong-nj-07444-united-states,Rock Steady Boxing - Cedar Crest,Community Program,Rock Steady Boxing - Cedar Crest is listed in the official Rock Steady Boxing directory.,"Rock Steady Boxing - Cedar Crest is listed in the official Rock Steady Boxing Member Directory. Address: 1 Cedar Crest Road, Lake Hopatcong, NJ 07444, United States.","Lake Hopatcong, NJ, United States","Lake Hopatcong, NJ, United States",United States,Community Program | Parkinson's Care,,in-person,false,unclaimed,0,0,,,9738313547,Rock Steady Boxing - Cedar Crest,,member-directory,Rock Steady Boxing,"1 Cedar Crest Road, Lake Hopatcong, NJ 07444, United States",Lake Hopatcong,NJ,07444,https://members.rocksteadyboxing.org/member-directory/Details/cedar-crest-2829573,40.9832677,-74.32353239999999,2026-03-28T03:14:36.178Z
rock-steady-boxing,Rock Steady Boxing Member Directory,member-directory:central-cal-2829572,member-directory-central-cal-6735-n-first-st-fresno-ca-93710-united-states,Rock Steady Boxing - Central Cal,Community Program,Rock Steady Boxing - Central Cal is listed in the official Rock Steady Boxing directory.,"Rock Steady Boxing - Central Cal is listed in the official Rock Steady Boxing Member Directory. Address: 6735 N First St, Fresno, CA 93710, United States.","Fresno, CA, United States","Fresno, CA, United States",United States,Community Program | Parkinson's Care,,in-person,false,unclaimed,0,0,,,5593928842,Rock Steady Boxing - Central Cal,,member-directory,Rock Steady Boxing,"6735 N First St, Fresno, CA 93710, United States",Fresno,CA,93710,https://members.rocksteadyboxing.org/member-directory/Details/central-cal-2829572,36.8365286,-119.7747226,2026-03-28T03:14:36.178Z
rock-steady-boxing,Rock Steady Boxing Member Directory,member-directory:central-florida-2829571,member-directory-central-florida-800-delaney-ave-orlando-fl-32801-united-states,Rock Steady Boxing - Central Florida,Community Program,Rock Steady Boxing - Central Florida is listed in the official Rock Steady Boxing directory.,"Rock Steady Boxing - Central Florida is listed in the official Rock Steady Boxing Member Directory. Address: 800 Delaney Ave., Orlando, FL 32801, United States.","Orlando, FL, United States","Orlando, FL, United States",United States,Community Program | Parkinson's Care,,in-person,false,unclaimed,0,0,,,9178539102,Rock Steady Boxing - Central Florida,,member-directory,Rock Steady Boxing,"800 Delaney Ave., Orlando, FL 32801, United States",Orlando,FL,32801,https://members.rocksteadyboxing.org/member-directory/Details/central-florida-2829571,28.5317,-81.3755144,2026-03-28T03:14:36.178Z
rock-steady-boxing,Rock Steady Boxing Member Directory,member-directory:central-houston-2829570,member-directory-central-houston-1475-west-gray-street-houston-tx-77019-united-states,Rock Steady Boxing - Central Houston,Community Program,Rock Steady Boxing - Central Houston is listed in the official Rock Steady Boxing directory.,"Rock Steady Boxing - Central Houston is listed in the official Rock Steady Boxing Member Directory. Address: 1475 West Gray Street, Houston, TX 77019, United States.","Houston, TX, United States","Houston, TX, United States",United States,Community Program | Parkinson's Care,,in-person,false,unclaimed,0,0,,,2814501492,Rock Steady Boxing - Central Houston,,member-directory,Rock Steady Boxing,"1475 West Gray Street, Houston, TX 77019, United States",Houston,TX,77019,https://members.rocksteadyboxing.org/member-directory/Details/central-houston-2829570,29.7521691,-95.3997662,2026-03-28T03:14:36.178Z
rock-steady-boxing,Rock Steady Boxing Member Directory,member-directory:central-jersey-2829569,member-directory-central-jersey-340-north-avenue-garwood-nj-07027-united-states,Rock Steady Boxing - Central Jersey,Community Program,Rock Steady Boxing - Central Jersey is listed in the official Rock Steady Boxing directory.,"Rock Steady Boxing - Central Jersey is listed in the official Rock Steady Boxing Member Directory. Address: 340 North Avenue, Garwood, NJ 07027, United States.","Garwood, NJ, United States","Garwood, NJ, United States",United States,Community Program | Parkinson's Care,,in-person,false,unclaimed,0,0,,,9089227280,Rock Steady Boxing - Central Jersey,,member-directory,Rock Steady Boxing,"340 North Avenue, Garwood, NJ 07027, United States",Garwood,NJ,07027,https://members.rocksteadyboxing.org/member-directory/Details/central-jersey-2829569,40.653544,-74.32488289999999,2026-03-28T03:14:36.178Z
rock-steady-boxing,Rock Steady Boxing Member Directory,member-directory:central-kansas-2829568,member-directory-central-kansas-600-e-elm-st-salina-ks-67401-united-states,Rock Steady Boxing - Central Kansas,Community Program,Rock Steady Boxing - Central Kansas is listed in the official Rock Steady Boxing directory.,"Rock Steady Boxing - Central Kansas is listed in the official Rock Steady Boxing Member Directory. Address: 600 E Elm St, Salina, KS 67401, United States.","Salina, KS, United States","Salina, KS, United States",United States,Community Program | Parkinson's Care,,in-person,false,unclaimed,0,0,,,7855776365,Rock Steady Boxing - Central Kansas,,member-directory,Rock Steady Boxing,"600 E Elm St, Salina, KS 67401, United States",Salina,KS,67401,https://members.rocksteadyboxing.org/member-directory/Details/central-kansas-2829568,38.8447478,-97.6027386,2026-03-28T03:14:36.178Z
rock-steady-boxing,Rock Steady Boxing Member Directory,member-directory:central-mass-2829567,member-directory-central-mass-280-shrewsbury-street-boylston-ma-01505-united-states,Rock Steady Boxing - Central Mass,Community Program,Rock Steady Boxing - Central Mass is listed in the official Rock Steady Boxing directory.,"Rock Steady Boxing - Central Mass is listed in the official Rock Steady Boxing Member Directory. Address: 280 Shrewsbury Street, Boylston, MA 01505, United States.","Boylston, MA, United States","Boylston, MA, United States",United States,Community Program | Parkinson's Care,,in-person,false,unclaimed,0,0,,,5086861878,Rock Steady Boxing - Central Mass,,member-directory,Rock Steady Boxing,"280 Shrewsbury Street, Boylston, MA 01505, United States",Boylston,MA,01505,https://members.rocksteadyboxing.org/member-directory/Details/central-mass-2829567,42.3284896,-71.7239172,2026-03-28T03:14:36.178Z
rock-steady-boxing,Rock Steady Boxing Member Directory,member-directory:central-mohawk-valley-2829566,member-directory-central-mohawk-valley-4300-middle-settlement-road-new-hartford-ny-13413-united-states,Rock Steady Boxing - Central Mohawk Valley,Community Program,Rock Steady Boxing - Central Mohawk Valley is listed in the official Rock Steady Boxing directory.,"Rock Steady Boxing - Central Mohawk Valley is listed in the official Rock Steady Boxing Member Directory. Address: 4300 Middle Settlement Road, New Hartford, NY 13413, United States.","New Hartford, NY, United States","New Hartford, NY, United States",United States,Community Program | Parkinson's Care,,in-person,false,unclaimed,0,0,,,3152352817,Rock Steady Boxing - Central Mohawk Valley,,member-directory,Rock Steady Boxing,"4300 Middle Settlement Road, New Hartford, NY 13413, United States",New Hartford,NY,13413,https://members.rocksteadyboxing.org/member-directory/Details/central-mohawk-valley-2829566,43.073608,-75.3416733,2026-03-28T03:14:36.178Z
rock-steady-boxing,Rock Steady Boxing Member Directory,member-directory:central-penn-wellness-2829565,member-directory-central-penn-wellness-810-n-hanover-st-carlisle-pa-17013-united-states,Rock Steady Boxing - Central Penn Wellness,Exercise Program,Rock Steady Boxing - Central Penn Wellness is listed in the official Rock Steady Boxing directory.,"Rock Steady Boxing - Central Penn Wellness is listed in the official Rock Steady Boxing Member Directory. Address: 810 N Hanover St, Carlisle, PA 17013, United States.","Carlisle, PA, United States","Carlisle, PA, United States",United States,Boxing | Exercise | Parkinson's Care,,in-person,false,unclaimed,0,0,,,7173851263,Rock Steady Boxing - Central Penn Wellness,,member-directory,Rock Steady Boxing,"810 N Hanover St, Carlisle, PA 17013, United States",Carlisle,PA,17013,https://members.rocksteadyboxing.org/member-directory/Details/central-penn-wellness-2829565,40.2116406,-77.1810026,2026-03-28T03:14:36.178Z
rock-steady-boxing,Rock Steady Boxing Member Directory,member-directory:centrastate-2829564,member-directory-centrastate-901-west-main-street-freehold-nj-07728-united-states,Rock Steady Boxing - CentraState,Community Program,Rock Steady Boxing - CentraState is listed in the official Rock Steady Boxing directory.,"Rock Steady Boxing - CentraState is listed in the official Rock Steady Boxing Member Directory. Address: 901 West Main Street, Freehold, NJ 07728, United States.","Freehold, NJ, United States","Freehold, NJ, United States",United States,Community Program | Parkinson's Care,,in-person,false,unclaimed,0,0,,,7328459400x4412,Rock Steady Boxing - CentraState,,member-directory,Rock Steady Boxing,"901 West Main Street, Freehold, NJ 07728, United States",Freehold,NJ,07728,https://members.rocksteadyboxing.org/member-directory/Details/centrastate-2829564,40.2381964,-74.3116379,2026-03-28T03:14:36.178Z
rock-steady-boxing,Rock Steady Boxing Member Directory,member-directory:chambersburg-ymca-2829563,member-directory-chambersburg-ymca-756-s-coldbrook-ave-chambersburg-pa-17201-united-states,Rock Steady Boxing - Chambersburg YMCA,Community Program,Rock Steady Boxing - Chambersburg YMCA is listed in the official Rock Steady Boxing directory.,"Rock Steady Boxing - Chambersburg YMCA is listed in the official Rock Steady Boxing Member Directory. Address: 756 S Coldbrook Ave, Chambersburg, PA 17201, United States.","Chambersburg, PA, United States","Chambersburg, PA, United States",United States,Community Program | Parkinson's Care,,in-person,false,unclaimed,0,0,,,7174460533,Rock Steady Boxing - Chambersburg YMCA,,member-directory,Rock Steady Boxing,"756 S Coldbrook Ave, Chambersburg, PA 17201, United States",Chambersburg,PA,17201,https://members.rocksteadyboxing.org/member-directory/Details/chambersburg-ymca-2829563,39.9240504,-77.6503748,2026-03-28T03:14:36.178Z
rock-steady-boxing,Rock Steady Boxing Member Directory,member-directory:chandler-4212586,member-directory-chandler-3160-n-arizona-ave-ste-106-chandler-az-85225-united-states,"Rock Steady Boxing Chandler, AZ",Community Program,"Rock Steady Boxing Chandler, AZ is listed in the official Rock Steady Boxing directory.","Rock Steady Boxing Chandler, AZ is listed in the official Rock Steady Boxing Member Directory. Address: 3160 N. Arizona Ave Ste 106, Chandler, AZ 85225, United States.","Chandler, AZ, United States","Chandler, AZ, United States",United States,Community Program | Parkinson's Care,,in-person,false,unclaimed,0,0,,,4802447011,"Rock Steady Boxing Chandler, AZ",,member-directory,Rock Steady Boxing,"3160 N. Arizona Ave Ste 106, Chandler, AZ 85225, United States",Chandler,AZ,85225,https://members.rocksteadyboxing.org/member-directory/Details/chandler-4212586,33.3525169,-111.8429371,2026-03-28T03:14:36.178Z
rock-steady-boxing,Rock Steady Boxing Member Directory,member-directory:charlestown-baltimore-2829562,member-directory-charlestown-baltimore-715-maiden-choice-lane-cantonsville-md-21228-united-states,Rock Steady Boxing - Charlestown Baltimore,Community Program,Rock Steady Boxing - Charlestown Baltimore is listed in the official Rock Steady Boxing directory.,"Rock Steady Boxing - Charlestown Baltimore is listed in the official Rock Steady Boxing Member Directory. Address: 715 Maiden Choice Lane, Cantonsville, MD 21228, United States.","Cantonsville, MD, United States","Cantonsville, MD, United States",United States,Community Program | Parkinson's Care,,in-person,false,unclaimed,0,0,,,4102473400,Rock Steady Boxing - Charlestown Baltimore,,member-directory,Rock Steady Boxing,"715 Maiden Choice Lane, Cantonsville, MD 21228, United States",Cantonsville,MD,21228,https://members.rocksteadyboxing.org/member-directory/Details/charlestown-baltimore-2829562,39.2697349,-76.7011371,2026-03-28T03:14:36.178Z
rock-steady-boxing,Rock Steady Boxing Member Directory,member-directory:charlotte-2829561,member-directory-charlotte-3102-latrobe-dr-suite-210-charlotte-nc-28211-united-states,"Rock Steady Boxing Charlotte, NC",Community Program,"Rock Steady Boxing Charlotte, NC is listed in the official Rock Steady Boxing directory.","Rock Steady Boxing Charlotte, NC is listed in the official Rock Steady Boxing Member Directory. Address: 3102 Latrobe Dr., Suite 210, Charlotte, NC 28211, United States.","Charlotte, NC, United States","Charlotte, NC, United States",United States,Community Program | Parkinson's Care,,in-person,false,unclaimed,0,0,,,7049534104,"Rock Steady Boxing Charlotte, NC",,member-directory,Rock Steady Boxing,"3102 Latrobe Dr., Suite 210, Charlotte, NC 28211, United States",Charlotte,NC,28211,https://members.rocksteadyboxing.org/member-directory/Details/charlotte-2829561,35.1996074,-80.80168689999999,2026-03-28T03:14:36.178Z
rock-steady-boxing,Rock Steady Boxing Member Directory,member-directory:charlottesville-2829560,member-directory-charlottesville-1885-seminole-trail-suite-101-charlottesville-va-22901-united-states,"Rock Steady Boxing Charlottesville, VA",Community Program,"Rock Steady Boxing Charlottesville, VA is listed in the official Rock Steady Boxing directory.","Rock Steady Boxing Charlottesville, VA is listed in the official Rock Steady Boxing Member Directory. Address: 1885 Seminole Trail, Suite 101, Charlottesville, VA 22901, United States.","Charlottesville, VA, United States","Charlottesville, VA, United States",United States,Community Program | Parkinson's Care,,in-person,false,unclaimed,0,0,,,4349538583,"Rock Steady Boxing Charlottesville, VA",,member-directory,Rock Steady Boxing,"1885 Seminole Trail, Suite 101, Charlottesville, VA 22901, United States",Charlottesville,VA,22901,https://members.rocksteadyboxing.org/member-directory/Details/charlottesville-2829560,38.0883303,-78.4694475,2026-03-28T03:14:36.178Z
rock-steady-boxing,Rock Steady Boxing Member Directory,member-directory:chattanooga-2829559,member-directory-chattanooga-4009-cloud-springs-rd-ringgold-ga-30736-united-states,Rock Steady Boxing - Chattanooga,Community Program,Rock Steady Boxing - Chattanooga is listed in the official Rock Steady Boxing directory.,"Rock Steady Boxing - Chattanooga is listed in the official Rock Steady Boxing Member Directory. Address: 4009 Cloud Springs Rd, Ringgold, GA 30736, United States.","Ringgold, GA, United States","Ringgold, GA, United States",United States,Community Program | Parkinson's Care,,in-person,false,unclaimed,0,0,,,7704908191,Rock Steady Boxing - Chattanooga,,member-directory,Rock Steady Boxing,"4009 Cloud Springs Rd, Ringgold, GA 30736, United States",Ringgold,GA,30736,https://members.rocksteadyboxing.org/member-directory/Details/chattanooga-2829559,34.9633759,-85.19440150000001,2026-03-28T03:14:36.179Z
rock-steady-boxing,Rock Steady Boxing Member Directory,member-directory:chelsea-wellness-center-2829558,member-directory-chelsea-wellness-center-14800-e-old-us-highway-12-chelsea-mi-48118-united-states,Rock Steady Boxing - Chelsea Wellness Center,Exercise Program,Rock Steady Boxing - Chelsea Wellness Center is listed in the official Rock Steady Boxing directory.,"Rock Steady Boxing - Chelsea Wellness Center is listed in the official Rock Steady Boxing Member Directory. Address: 14800 E Old US Highway 12, Chelsea, MI 48118, United States.","Chelsea, MI, United States","Chelsea, MI, United States",United States,Boxing | Exercise | Parkinson's Care,,in-person,false,unclaimed,0,0,,,7342140220,Rock Steady Boxing - Chelsea Wellness Center,,member-directory,Rock Steady Boxing,"14800 E Old US Highway 12, Chelsea, MI 48118, United States",Chelsea,MI,48118,https://members.rocksteadyboxing.org/member-directory/Details/chelsea-wellness-center-2829558,42.30758900000001,-84.01864259999999,2026-03-28T03:14:36.179Z
rock-steady-boxing,Rock Steady Boxing Member Directory,member-directory:chi-st-joseph-2829556,member-directory-chi-st-joseph-600-pleasant-avenue-park-rapids-mn-56470-united-states,Rock Steady Boxing - CHI St. Joseph,Community Program,Rock Steady Boxing - CHI St. Joseph is listed in the official Rock Steady Boxing directory.,"Rock Steady Boxing - CHI St. Joseph is listed in the official Rock Steady Boxing Member Directory. Address: 600 Pleasant Avenue, Park Rapids, MN 56470, United States.","Park Rapids, MN, United States","Park Rapids, MN, United States",United States,Community Program | Parkinson's Care,,in-person,false,unclaimed,0,0,,,2186163021,Rock Steady Boxing - CHI St. Joseph,,member-directory,Rock Steady Boxing,"600 Pleasant Avenue, Park Rapids, MN 56470, United States",Park Rapids,MN,56470,https://members.rocksteadyboxing.org/member-directory/Details/chi-st-joseph-2829556,46.9161097,-95.06242449999999,2026-03-28T03:14:36.179Z
rock-steady-boxing,Rock Steady Boxing Member Directory,member-directory:chi-rac-3440138,member-directory-chi-rac-1425-southgate-pendleton-or-97801-united-states,Rock Steady Boxing - CHI/RAC,Community Program,Rock Steady Boxing - CHI/RAC is listed in the official Rock Steady Boxing directory.,"Rock Steady Boxing - CHI/RAC is listed in the official Rock Steady Boxing Member Directory. Address: 1425 Southgate, Pendleton, OR 97801, United States.","Pendleton, OR, United States","Pendleton, OR, United States",United States,Community Program | Parkinson's Care,,in-person,false,unclaimed,0,0,,,5412786610,Rock Steady Boxing - CHI/RAC,,member-directory,Rock Steady Boxing,"1425 Southgate, Pendleton, OR 97801, United States",Pendleton,OR,97801,https://members.rocksteadyboxing.org/member-directory/Details/chi-rac-3440138,45.6533728,-118.8132862,2026-03-28T03:14:36.179Z
rock-steady-boxing,Rock Steady Boxing Member Directory,member-directory:chicago-elgin-2829554,member-directory-chicago-elgin-100-symphony-center-elgin-il-60120-united-states,Rock Steady Boxing - Chicago (Elgin),Community Program,Rock Steady Boxing - Chicago (Elgin) is listed in the official Rock Steady Boxing directory.,"Rock Steady Boxing - Chicago (Elgin) is listed in the official Rock Steady Boxing Member Directory. Address: 100 Symphony Center, Elgin, IL 60120, United States.","Elgin, IL, United States","Elgin, IL, United States",United States,Community Program | Parkinson's Care,,in-person,false,unclaimed,0,0,https://movement-revolution.com/rock-steady-boxing-3/,,3124653921,Rock Steady Boxing - Chicago (Elgin),,member-directory,Rock Steady Boxing,"100 Symphony Center, Elgin, IL 60120, United States",Elgin,IL,60120,https://members.rocksteadyboxing.org/member-directory/Details/chicago-elgin-2829554,42.0467485,-88.2810585,2026-03-28T03:14:36.179Z
rock-steady-boxing,Rock Steady Boxing Member Directory,member-directory:chicago-glen-ellyn-2829555,member-directory-chicago-glen-ellyn-lyyonx2l,Rock Steady Boxing - Chicago (Glen Ellyn),Community Program,Rock Steady Boxing - Chicago (Glen Ellyn) is listed in the official Rock Steady Boxing directory.,Rock Steady Boxing - Chicago (Glen Ellyn) is listed in the official Rock Steady Boxing Member Directory.,United States,United States,United States,Community Program | Parkinson's Care,,in-person,false,unclaimed,0,0,https://movement-revolution.com/rock-steady-boxing-3/,,3124653921,Rock Steady Boxing - Chicago (Glen Ellyn),,member-directory,Rock Steady Boxing,United States,,,,https://members.rocksteadyboxing.org/member-directory/Details/chicago-glen-ellyn-2829555,0,0,2026-03-28T03:14:36.179Z
rock-steady-boxing,Rock Steady Boxing Member Directory,member-directory:chippewa-valley-2829552,member-directory-chippewa-valley-855-lakeland-dr-oakleaf-clinics-chippewa-falls-wi-54729-united-states,Rock Steady Boxing - Chippewa Valley,Community Program,Rock Steady Boxing - Chippewa Valley is listed in the official Rock Steady Boxing directory.,"Rock Steady Boxing - Chippewa Valley is listed in the official Rock Steady Boxing Member Directory. Address: 855 Lakeland Dr, Oakleaf Clinics, Chippewa Falls, WI 54729, United States.","Chippewa Falls, WI, United States","Chippewa Falls, WI, United States",United States,Community Program | Parkinson's Care,,in-person,false,unclaimed,0,0,,,7157602763,Rock Steady Boxing - Chippewa Valley,,member-directory,Rock Steady Boxing,"855 Lakeland Dr, Oakleaf Clinics, Chippewa Falls, WI 54729, United States",Chippewa Falls,WI,54729,https://members.rocksteadyboxing.org/member-directory/Details/chippewa-valley-2829552,44.9509086,-91.3535995,2026-03-28T03:14:36.179Z
rock-steady-boxing,Rock Steady Boxing Member Directory,member-directory:claremore-4058939,member-directory-claremore-1901-n-highway-88-claremore-ok-74017-united-states,"Rock Steady Boxing Claremore, OK",Community Program,"Rock Steady Boxing Claremore, OK is listed in the official Rock Steady Boxing directory.","Rock Steady Boxing Claremore, OK is listed in the official Rock Steady Boxing Member Directory. Address: 1901 N. Highway 88, Claremore, OK 74017, United States.","Claremore, OK, United States","Claremore, OK, United States",United States,Community Program | Parkinson's Care,,in-person,false,unclaimed,0,0,,,4055689761,"Rock Steady Boxing Claremore, OK",,member-directory,Rock Steady Boxing,"1901 N. Highway 88, Claremore, OK 74017, United States",Claremore,OK,74017,https://members.rocksteadyboxing.org/member-directory/Details/claremore-4058939,36.3268501,-95.6342481,2026-03-28T03:14:36.179Z
rock-steady-boxing,Rock Steady Boxing Member Directory,member-directory:clearwater-fitness-and-boxing-center-inc-4328592,member-directory-clearwater-fitness-and-boxing-center-inc-29857-us-19-n-clearwater-fl-33761-united-states,"Rock Steady Boxing - Clearwater Fitness and Boxing Center, Inc",Exercise Program,"Rock Steady Boxing - Clearwater Fitness and Boxing Center, Inc is listed in the official Rock Steady Boxing directory.","Rock Steady Boxing - Clearwater Fitness and Boxing Center, Inc is listed in the official Rock Steady Boxing Member Directory. Address: 29857 US 19 N, Clearwater, FL 33761, United States.","Clearwater, FL, United States","Clearwater, FL, United States",United States,Boxing | Exercise | Parkinson's Care,,in-person,false,unclaimed,0,0,,,7274411800,"Rock Steady Boxing - Clearwater Fitness and Boxing Center, Inc",,member-directory,Rock Steady Boxing,"29857 US 19 N, Clearwater, FL 33761, United States",Clearwater,FL,33761,https://members.rocksteadyboxing.org/member-directory/Details/clearwater-fitness-and-boxing-center-inc-4328592,28.0436572,-82.7377727,2026-03-28T03:14:36.179Z
rock-steady-boxing,Rock Steady Boxing Member Directory,member-directory:cleveland-2829550,member-directory-cleveland-18626-detroit-avenue-lakewood-oh-44107-united-states,Rock Steady Boxing - Cleveland,Community Program,Rock Steady Boxing - Cleveland is listed in the official Rock Steady Boxing directory.,"Rock Steady Boxing - Cleveland is listed in the official Rock Steady Boxing Member Directory. Address: 18626 Detroit Avenue, Lakewood, OH 44107, United States.","Lakewood, OH, United States","Lakewood, OH, United States",United States,Community Program | Parkinson's Care,,in-person,false,unclaimed,0,0,,,2163836232,Rock Steady Boxing - Cleveland,,member-directory,Rock Steady Boxing,"18626 Detroit Avenue, Lakewood, OH 44107, United States",Lakewood,OH,44107,https://members.rocksteadyboxing.org/member-directory/Details/cleveland-2829550,41.4820341,-81.8278346,2026-03-28T03:14:36.179Z
rock-steady-boxing,Rock Steady Boxing Member Directory,member-directory:cleveland-family-ymca-2829549,member-directory-cleveland-family-ymca-220-urbane-rd-ne-cleveland-tn-37312-united-states,Rock Steady Boxing - Cleveland Family YMCA,Community Program,Rock Steady Boxing - Cleveland Family YMCA is listed in the official Rock Steady Boxing directory.,"Rock Steady Boxing - Cleveland Family YMCA is listed in the official Rock Steady Boxing Member Directory. Address: 220 Urbane Rd NE, Cleveland, TN 37312, United States.","Cleveland, TN, United States","Cleveland, TN, United States",United States,Community Program | Parkinson's Care,,in-person,false,unclaimed,0,0,,,4234765573,Rock Steady Boxing - Cleveland Family YMCA,,member-directory,Rock Steady Boxing,"220 Urbane Rd NE, Cleveland, TN 37312, United States",Cleveland,TN,37312,https://members.rocksteadyboxing.org/member-directory/Details/cleveland-family-ymca-2829549,35.1877637,-84.82404079999999,2026-03-28T03:14:36.179Z
rock-steady-boxing,Rock Steady Boxing Member Directory,member-directory:club-northwest-2829548,member-directory-club-northwest-2160-nw-vine-street-grants-pass-or-97526-united-states,Rock Steady Boxing - Club Northwest,Community Program,Rock Steady Boxing - Club Northwest is listed in the official Rock Steady Boxing directory.,"Rock Steady Boxing - Club Northwest is listed in the official Rock Steady Boxing Member Directory. Address: 2160 NW Vine Street, Grants Pass, OR 97526, United States.","Grants Pass, OR, United States","Grants Pass, OR, United States",United States,Community Program | Parkinson's Care,,in-person,false,unclaimed,0,0,,,5419552582ext.329,Rock Steady Boxing - Club Northwest,,member-directory,Rock Steady Boxing,"2160 NW Vine Street, Grants Pass, OR 97526, United States",Grants Pass,OR,97526,https://members.rocksteadyboxing.org/member-directory/Details/club-northwest-2829548,42.4648151,-123.3261597,2026-03-28T03:14:36.179Z
rock-steady-boxing,Rock Steady Boxing Member Directory,member-directory:coastal-care-physical-therapy-2829547,member-directory-coastal-care-physical-therapy-6-ellis-alley-selbyville-de-19975-united-states,Rock Steady Boxing - Coastal Care Physical Therapy,Community Program,Rock Steady Boxing - Coastal Care Physical Therapy is listed in the official Rock Steady Boxing directory.,"Rock Steady Boxing - Coastal Care Physical Therapy is listed in the official Rock Steady Boxing Member Directory. Address: 6 Ellis Alley, Selbyville, DE 19975, United States.","Selbyville, DE, United States","Selbyville, DE, United States",United States,Community Program | Parkinson's Care,,in-person,false,unclaimed,0,0,,,3025248333,Rock Steady Boxing - Coastal Care Physical Therapy,,member-directory,Rock Steady Boxing,"6 Ellis Alley, Selbyville, DE 19975, United States",Selbyville,DE,19975,https://members.rocksteadyboxing.org/member-directory/Details/coastal-care-physical-therapy-2829547,38.459277,-75.221316,2026-03-28T03:14:36.179Z
rock-steady-boxing,Rock Steady Boxing Member Directory,member-directory:cody-regional-health-3944806,member-directory-cody-regional-health-707-sheridan-ave-cody-wy-82414-united-states,Rock Steady Boxing - Cody Regional Health,Community Program,Rock Steady Boxing - Cody Regional Health is listed in the official Rock Steady Boxing directory.,"Rock Steady Boxing - Cody Regional Health is listed in the official Rock Steady Boxing Member Directory. Address: 707 Sheridan Ave, Cody, WY 82414, United States.","Cody, WY, United States","Cody, WY, United States",United States,Community Program | Parkinson's Care,,in-person,false,unclaimed,0,0,,,3075782452,Rock Steady Boxing - Cody Regional Health,,member-directory,Rock Steady Boxing,"707 Sheridan Ave, Cody, WY 82414, United States",Cody,WY,82414,https://members.rocksteadyboxing.org/member-directory/Details/cody-regional-health-3944806,44.5265642,-109.0737845,2026-03-28T03:14:36.179Z
rock-steady-boxing,Rock Steady Boxing Member Directory,member-directory:cole-center-family-ymca-2829545,member-directory-cole-center-family-ymca-401-east-diamond-st-kendallville-in-46755-united-states,Rock Steady Boxing - Cole Center Family YMCA,Community Program,Rock Steady Boxing - Cole Center Family YMCA is listed in the official Rock Steady Boxing directory.,"Rock Steady Boxing - Cole Center Family YMCA is listed in the official Rock Steady Boxing Member Directory. Address: 401 East Diamond St, Kendallville, IN 46755, United States.","Kendallville, IN, United States","Kendallville, IN, United States",United States,Community Program | Parkinson's Care,,in-person,false,unclaimed,0,0,,,2603479622,Rock Steady Boxing - Cole Center Family YMCA,,member-directory,Rock Steady Boxing,"401 East Diamond St, Kendallville, IN 46755, United States",Kendallville,IN,46755,https://members.rocksteadyboxing.org/member-directory/Details/cole-center-family-ymca-2829545,41.4408775,-85.2597964,2026-03-28T03:14:36.179Z
rock-steady-boxing,Rock Steady Boxing Member Directory,member-directory:college-station-2829544,member-directory-college-station-3803-mccullough-college-station-tx-77845-united-states,"Rock Steady Boxing College Station, TX",Community Program,"Rock Steady Boxing College Station, TX is listed in the official Rock Steady Boxing directory.","Rock Steady Boxing College Station, TX is listed in the official Rock Steady Boxing Member Directory. Address: 3803 McCullough, College Station, TX 77845, United States.","College Station, TX, United States","College Station, TX, United States",United States,Community Program | Parkinson's Care,,in-person,false,unclaimed,0,0,,,7132038880,"Rock Steady Boxing College Station, TX",,member-directory,Rock Steady Boxing,"3803 McCullough, College Station, TX 77845, United States",College Station,TX,77845,https://members.rocksteadyboxing.org/member-directory/Details/college-station-2829544,30.5396021,-96.2988103,2026-03-28T03:14:36.179Z
rock-steady-boxing,Rock Steady Boxing Member Directory,member-directory:cologne-4080704,member-directory-cologne-am-romerhof-42a-cologne-nordrhein-westfalen-50858-germany,Rock Steady Boxing Cologne,Community Program,Rock Steady Boxing Cologne is listed in the official Rock Steady Boxing directory.,"Rock Steady Boxing Cologne is listed in the official Rock Steady Boxing Member Directory. Address: Am Romerhof 42a, Cologne, Nordrhein-Westfalen 50858, Germany.","Cologne, Nordrhein-Westfalen, Germany","Cologne, Nordrhein-Westfalen, Germany",Germany,Community Program | Parkinson's Care,,in-person,false,unclaimed,0,0,,,+491795231591,Rock Steady Boxing Cologne,,member-directory,Rock Steady Boxing,"Am Romerhof 42a, Cologne, Nordrhein-Westfalen 50858, Germany",Cologne,Nordrhein-Westfalen,50858,https://members.rocksteadyboxing.org/member-directory/Details/cologne-4080704,50.933042,6.8677256,2026-03-28T03:14:36.179Z
rock-steady-boxing,Rock Steady Boxing Member Directory,member-directory:colorado-springs-2829542,member-directory-colorado-springs-731-iowa-ave-colorado-springs-co-80909-united-states,"Rock Steady Boxing Colorado Springs, CO",Community Program,"Rock Steady Boxing Colorado Springs, CO is listed in the official Rock Steady Boxing directory.","Rock Steady Boxing Colorado Springs, CO is listed in the official Rock Steady Boxing Member Directory. Address: 731 Iowa ave, Colorado Springs, CO 80909, United States.","Colorado Springs, CO, United States","Colorado Springs, CO, United States",United States,Community Program | Parkinson's Care,,in-person,false,unclaimed,0,0,,,7192439422,"Rock Steady Boxing Colorado Springs, CO",,member-directory,Rock Steady Boxing,"731 Iowa ave, Colorado Springs, CO 80909, United States",Colorado Springs,CO,80909,https://members.rocksteadyboxing.org/member-directory/Details/colorado-springs-2829542,38.8434327,-104.7897213,2026-03-28T03:14:36.179Z
rock-steady-boxing,Rock Steady Boxing Member Directory,member-directory:colosseum-gym-2829541,member-directory-colosseum-gym-9159f-red-branch-road-columbia-md-21045-united-states,Rock Steady Boxing - Colosseum Gym,Exercise Program,Rock Steady Boxing - Colosseum Gym is listed in the official Rock Steady Boxing directory.,"Rock Steady Boxing - Colosseum Gym is listed in the official Rock Steady Boxing Member Directory. Address: 9159F Red Branch Road, Columbia, MD 21045, United States.","Columbia, MD, United States","Columbia, MD, United States",United States,Boxing | Exercise | Parkinson's Care,,in-person,false,unclaimed,0,0,,,4107402339,Rock Steady Boxing - Colosseum Gym,,member-directory,Rock Steady Boxing,"9159F Red Branch Road, Columbia, MD 21045, United States",Columbia,MD,21045,https://members.rocksteadyboxing.org/member-directory/Details/colosseum-gym-2829541,39.2306122,-76.82045389999999,2026-03-28T03:14:36.179Z
rock-steady-boxing,Rock Steady Boxing Member Directory,member-directory:columbia-2829540,member-directory-columbia-2902-forum-blvd-suite-104-columbia-mo-65203-united-states,"Rock Steady Boxing Columbia, MO",Community Program,"Rock Steady Boxing Columbia, MO is listed in the official Rock Steady Boxing directory.","Rock Steady Boxing Columbia, MO is listed in the official Rock Steady Boxing Member Directory. Address: 2902 Forum Blvd, Suite 104, Columbia, MO 65203, United States.","Columbia, MO, United States","Columbia, MO, United States",United States,Community Program | Parkinson's Care,,in-person,false,unclaimed,0,0,,,5738823189,"Rock Steady Boxing Columbia, MO",,member-directory,Rock Steady Boxing,"2902 Forum Blvd, Suite 104, Columbia, MO 65203, United States",Columbia,MO,65203,https://members.rocksteadyboxing.org/member-directory/Details/columbia-2829540,38.9217155,-92.36216,2026-03-28T03:14:36.179Z
rock-steady-boxing,Rock Steady Boxing Member Directory,member-directory:columbus-wellness-center-2829538,member-directory-columbus-wellness-center-3912-38th-street-columbus-ne-68601-united-states,Rock Steady Boxing - Columbus Wellness Center,Exercise Program,Rock Steady Boxing - Columbus Wellness Center is listed in the official Rock Steady Boxing directory.,"Rock Steady Boxing - Columbus Wellness Center is listed in the official Rock Steady Boxing Member Directory. Address: 3912 38th Street, Columbus, NE 68601, United States.","Columbus, NE, United States","Columbus, NE, United States",United States,Boxing | Exercise | Parkinson's Care,,in-person,false,unclaimed,0,0,,,4025623333,Rock Steady Boxing - Columbus Wellness Center,,member-directory,Rock Steady Boxing,"3912 38th Street, Columbus, NE 68601, United States",Columbus,NE,68601,https://members.rocksteadyboxing.org/member-directory/Details/columbus-wellness-center-2829538,41.4544074,-97.37647369999999,2026-03-28T03:14:36.179Z
rock-steady-boxing,Rock Steady Boxing Member Directory,member-directory:community-hospital-anderson-2829536,member-directory-community-hospital-anderson-395-south-heritage-way-pendleton-in-46064-united-states,Rock Steady Boxing - Community Hospital Anderson,Community Program,Rock Steady Boxing - Community Hospital Anderson is listed in the official Rock Steady Boxing directory.,"Rock Steady Boxing - Community Hospital Anderson is listed in the official Rock Steady Boxing Member Directory. Address: 395 South Heritage Way,, Pendleton, IN 46064, United States.","Pendleton, IN, United States","Pendleton, IN, United States",United States,Community Program | Parkinson's Care,,in-person,false,unclaimed,0,0,,,7652983572,Rock Steady Boxing - Community Hospital Anderson,,member-directory,Rock Steady Boxing,"395 South Heritage Way,, Pendleton, IN 46064, United States",Pendleton,IN,46064,https://members.rocksteadyboxing.org/member-directory/Details/community-hospital-anderson-2829536,39.9995533,-85.7649658,2026-03-28T03:14:36.179Z
rock-steady-boxing,Rock Steady Boxing Member Directory,member-directory:community-sports-wellness-center-pendleton-2829535,member-directory-community-sports-and-wellness-center-pendleton-395-south-heritage-way-pendleton-in-46064-united-states,Rock Steady Boxing - Community Sports & Wellness Center Pendleton,Exercise Program,Rock Steady Boxing - Community Sports & Wellness Center Pendleton is listed in the official Rock Steady Boxing directory.,"Rock Steady Boxing - Community Sports & Wellness Center Pendleton is listed in the official Rock Steady Boxing Member Directory. Address: 395 South Heritage Way, Pendleton, IN 46064, United States.","Pendleton, IN, United States","Pendleton, IN, United States",United States,Boxing | Exercise | Parkinson's Care,,in-person,false,unclaimed,0,0,,,7652983572,Rock Steady Boxing - Community Sports & Wellness Center Pendleton,,member-directory,Rock Steady Boxing,"395 South Heritage Way, Pendleton, IN 46064, United States",Pendleton,IN,46064,https://members.rocksteadyboxing.org/member-directory/Details/community-sports-wellness-center-pendleton-2829535,39.9995533,-85.7649658,2026-03-28T03:14:36.180Z
rock-steady-boxing,Rock Steady Boxing Member Directory,member-directory:concordia-2829532,member-directory-concordia-7707-w-britton-rd-oklahoma-city-ok-73132-united-states,Rock Steady Boxing - Concordia,Community Program,Rock Steady Boxing - Concordia is listed in the official Rock Steady Boxing directory.,"Rock Steady Boxing - Concordia is listed in the official Rock Steady Boxing Member Directory. Address: 7707 W Britton Rd, Oklahoma City, OK 73132, United States.","Oklahoma City, OK, United States","Oklahoma City, OK, United States",United States,Community Program | Parkinson's Care,,in-person,false,unclaimed,0,0,,,4057207200,Rock Steady Boxing - Concordia,,member-directory,Rock Steady Boxing,"7707 W Britton Rd, Oklahoma City, OK 73132, United States",Oklahoma City,OK,73132,https://members.rocksteadyboxing.org/member-directory/Details/concordia-2829532,35.5668544,-97.6497547,2026-03-28T03:14:36.180Z
rock-steady-boxing,Rock Steady Boxing Member Directory,member-directory:conesus-lake-3856646,member-directory-conesus-lake-133-main-street-geneseo-ny-14454-united-states,Rock Steady Boxing classes,Exercise Program,Rock Steady Boxing classes is listed in the official Rock Steady Boxing directory.,"Rock Steady Boxing classes is listed in the official Rock Steady Boxing Member Directory. Categories: Rock Steady Boxing classes, parkinson's treatment, parkinson's disease, physical therapy parkinson's. Address: 133 Main Street, Geneseo, NY 14454, United States.","Geneseo, NY, United States","Geneseo, NY, United States",United States,Rock Steady Boxing classes | parkinson's treatment | parkinson's disease | physical therapy parkinson's | Boxing | Exercise | Parkinson's Care,,in-person,false,unclaimed,0,0,,,5854472672,Rock Steady Boxing classes,,member-directory,Rock Steady Boxing,"133 Main Street, Geneseo, NY 14454, United States",Geneseo,NY,14454,https://members.rocksteadyboxing.org/member-directory/Details/conesus-lake-3856646,42.7942814,-77.8162559,2026-03-28T03:14:36.180Z
rock-steady-boxing,Rock Steady Boxing Member Directory,member-directory:conroe-2829531,member-directory-conroe-710-foster-dr-conroe-tx-77301-united-states,"Rock Steady Boxing Conroe, TX",Community Program,"Rock Steady Boxing Conroe, TX is listed in the official Rock Steady Boxing directory.","Rock Steady Boxing Conroe, TX is listed in the official Rock Steady Boxing Member Directory. Address: 710 Foster Dr, Conroe, TX 77301, United States.","Conroe, TX, United States","Conroe, TX, United States",United States,Community Program | Parkinson's Care,,in-person,false,unclaimed,0,0,https://rocksteadyboxingconroe.com/#,,7138256117,"Rock Steady Boxing Conroe, TX",,member-directory,Rock Steady Boxing,"710 Foster Dr, Conroe, TX 77301, United States",Conroe,TX,77301,https://members.rocksteadyboxing.org/member-directory/Details/conroe-2829531,30.2924549,-95.4434436,2026-03-28T03:14:36.180Z
rock-steady-boxing,Rock Steady Boxing Member Directory,member-directory:conshohocken-2829530,member-directory-conshohocken-263-east-elm-street-conshohocken-pa-19428-united-states,"Rock Steady Boxing Conshohocken, PA",Community Program,"Rock Steady Boxing Conshohocken, PA is listed in the official Rock Steady Boxing directory.","Rock Steady Boxing Conshohocken, PA is listed in the official Rock Steady Boxing Member Directory. Address: 263 East Elm Street, Conshohocken, PA 19428, United States.","Conshohocken, PA, United States","Conshohocken, PA, United States",United States,Community Program | Parkinson's Care,,in-person,false,unclaimed,0,0,,,2152851349,"Rock Steady Boxing Conshohocken, PA",,member-directory,Rock Steady Boxing,"263 East Elm Street, Conshohocken, PA 19428, United States",Conshohocken,PA,19428,https://members.rocksteadyboxing.org/member-directory/Details/conshohocken-2829530,40.0720862,-75.3022123,2026-03-28T03:14:36.180Z
rock-steady-boxing,Rock Steady Boxing Member Directory,member-directory:conway-regional-health-and-fitness-center-2829529,member-directory-conway-regional-health-and-fitness-center-700-salem-road-conway-ar-72034-united-states,Rock Steady Boxing - Conway Regional Health and Fitness Center,Exercise Program,Rock Steady Boxing - Conway Regional Health and Fitness Center is listed in the official Rock Steady Boxing directory.,"Rock Steady Boxing - Conway Regional Health and Fitness Center is listed in the official Rock Steady Boxing Member Directory. Address: 700 Salem Road, Conway, AR 72034, United States.","Conway, AR, United States","Conway, AR, United States",United States,Boxing | Exercise | Parkinson's Care,,in-person,false,unclaimed,0,0,,,5014509292ext.309,Rock Steady Boxing - Conway Regional Health and Fitness Center,,member-directory,Rock Steady Boxing,"700 Salem Road, Conway, AR 72034, United States",Conway,AR,72034,https://members.rocksteadyboxing.org/member-directory/Details/conway-regional-health-and-fitness-center-2829529,35.0878889,-92.47046019999999,2026-03-28T03:14:36.180Z
rock-steady-boxing,Rock Steady Boxing Member Directory,member-directory:cookeville-activity-center-2829528,member-directory-cookeville-activity-center-186-s-walnut-ave-cookeville-tn-38501-united-states,Rock Steady Boxing - Cookeville Activity Center,Community Program,Rock Steady Boxing - Cookeville Activity Center is listed in the official Rock Steady Boxing directory.,"Rock Steady Boxing - Cookeville Activity Center is listed in the official Rock Steady Boxing Member Directory. Address: 186 S Walnut Ave, Cookeville, TN 38501, United States.","Cookeville, TN, United States","Cookeville, TN, United States",United States,Community Program | Parkinson's Care,,in-person,false,unclaimed,0,0,,,9315269318ext.104,Rock Steady Boxing - Cookeville Activity Center,,member-directory,Rock Steady Boxing,"186 S Walnut Ave, Cookeville, TN 38501, United States",Cookeville,TN,38501,https://members.rocksteadyboxing.org/member-directory/Details/cookeville-activity-center-2829528,36.1600021,-85.50616149999999,2026-03-28T03:14:36.180Z
rock-steady-boxing,Rock Steady Boxing Member Directory,member-directory:coral-springs-2829527,member-directory-coral-springs-1322-north-university-drive-coral-springs-fl-33071-united-states,"Rock Steady Boxing Coral Springs, FL",Community Program,"Rock Steady Boxing Coral Springs, FL is listed in the official Rock Steady Boxing directory.","Rock Steady Boxing Coral Springs, FL is listed in the official Rock Steady Boxing Member Directory. Address: 1322 North University Drive, Coral Springs, FL 33071, United States.","Coral Springs, FL, United States","Coral Springs, FL, United States",United States,Community Program | Parkinson's Care,,in-person,false,unclaimed,0,0,https://www.facebook.com/rsbcoralsprings/,,9545756000,"Rock Steady Boxing Coral Springs, FL",,member-directory,Rock Steady Boxing,"1322 North University Drive, Coral Springs, FL 33071, United States",Coral Springs,FL,33071,https://members.rocksteadyboxing.org/member-directory/Details/coral-springs-2829527,26.2474843,-80.2539539,2026-03-28T03:14:36.180Z
rock-steady-boxing,Rock Steady Boxing Member Directory,member-directory:cornerstone-2829525,member-directory-cornerstone-206-lantana-drive-hockessin-de-19707-united-states,Rock Steady Boxing - Cornerstone,Community Program,Rock Steady Boxing - Cornerstone is listed in the official Rock Steady Boxing directory.,"Rock Steady Boxing - Cornerstone is listed in the official Rock Steady Boxing Member Directory. Address: 206 Lantana Drive, Hockessin, DE 19707, United States.","Hockessin, DE, United States","Hockessin, DE, United States",United States,Community Program | Parkinson's Care,,in-person,false,unclaimed,0,0,,,3023072477,Rock Steady Boxing - Cornerstone,,member-directory,Rock Steady Boxing,"206 Lantana Drive, Hockessin, DE 19707, United States",Hockessin,DE,19707,https://members.rocksteadyboxing.org/member-directory/Details/cornerstone-2829525,39.7742931,-75.7087315,2026-03-28T03:14:36.180Z
rock-steady-boxing,Rock Steady Boxing Member Directory,member-directory:cornerstone-clubs-2916623,member-directory-cornerstone-clubs-740-edison-furlong-road-furlong-pa-18925-united-states,Rock Steady Boxing - Cornerstone Clubs,Community Program,Rock Steady Boxing - Cornerstone Clubs is listed in the official Rock Steady Boxing directory.,"Rock Steady Boxing - Cornerstone Clubs is listed in the official Rock Steady Boxing Member Directory. Address: 740 Edison-Furlong Road, Furlong, PA 18925, United States.","Furlong, PA, United States","Furlong, PA, United States",United States,Community Program | Parkinson's Care,,in-person,false,unclaimed,0,0,,,2157943700,Rock Steady Boxing - Cornerstone Clubs,,member-directory,Rock Steady Boxing,"740 Edison-Furlong Road, Furlong, PA 18925, United States",Furlong,PA,18925,https://members.rocksteadyboxing.org/member-directory/Details/cornerstone-clubs-2916623,40.2960296,-75.0852949,2026-03-28T03:14:36.180Z
rock-steady-boxing,Rock Steady Boxing Member Directory,member-directory:corvallis-2829523,member-directory-corvallis-6735-sw-country-club-drive-suite-103-corvallis-or-97333-united-states,"Rock Steady Boxing Corvallis, OR",Community Program,"Rock Steady Boxing Corvallis, OR is listed in the official Rock Steady Boxing directory.","Rock Steady Boxing Corvallis, OR is listed in the official Rock Steady Boxing Member Directory. Address: 6735 SW Country Club Drive, Suite #103, Corvallis, OR 97333, United States.","Corvallis, OR, United States","Corvallis, OR, United States",United States,Community Program | Parkinson's Care,,in-person,false,unclaimed,0,0,,,5419295555,"Rock Steady Boxing Corvallis, OR",,member-directory,Rock Steady Boxing,"6735 SW Country Club Drive, Suite #103, Corvallis, OR 97333, United States",Corvallis,OR,97333,https://members.rocksteadyboxing.org/member-directory/Details/corvallis-2829523,44.5457772,-123.3266641,2026-03-28T03:14:36.180Z
rock-steady-boxing,Rock Steady Boxing Member Directory,member-directory:country-house-3397073,member-directory-country-house-4830-kennett-pike-wilmington-de-19807-1866-united-states,Rock Steady Boxing - Country House,Community Program,Rock Steady Boxing - Country House is listed in the official Rock Steady Boxing directory.,"Rock Steady Boxing - Country House is listed in the official Rock Steady Boxing Member Directory. Address: 4830 Kennett Pike, Wilmington, DE 19807-1866, United States.","Wilmington, DE, United States","Wilmington, DE, United States",United States,Community Program | Parkinson's Care,,in-person,false,unclaimed,0,0,,,3024268020,Rock Steady Boxing - Country House,,member-directory,Rock Steady Boxing,"4830 Kennett Pike, Wilmington, DE 19807-1866, United States",Wilmington,DE,19807-1866,https://members.rocksteadyboxing.org/member-directory/Details/country-house-3397073,39.7924355,-75.6120309,2026-03-28T03:14:36.180Z
rock-steady-boxing,Rock Steady Boxing Member Directory,member-directory:countryside-ymca-landen-4074225,member-directory-countryside-ymca-landen-2894-u-s-route-22-and-3-maineville-oh-45039-united-states,Rock Steady Boxing - Countryside YMCA | Landen,Community Program,Rock Steady Boxing - Countryside YMCA | Landen is listed in the official Rock Steady Boxing directory.,"Rock Steady Boxing - Countryside YMCA | Landen is listed in the official Rock Steady Boxing Member Directory. Address: 2894 U.S. Route 22 and 3, Maineville, OH 45039, United States.","Maineville, OH, United States","Maineville, OH, United States",United States,Community Program | Parkinson's Care,,in-person,false,unclaimed,0,0,,,5136336496,Rock Steady Boxing - Countryside YMCA | Landen,,member-directory,Rock Steady Boxing,"2894 U.S. Route 22 and 3, Maineville, OH 45039, United States",Maineville,OH,45039,https://members.rocksteadyboxing.org/member-directory/Details/countryside-ymca-landen-4074225,40.3959934,-79.4321251,2026-03-28T03:14:36.180Z
rock-steady-boxing,Rock Steady Boxing Member Directory,member-directory:countryside-ymca-lebanon-4053220,member-directory-countryside-ymca-lebanon-1699-deerfield-rd-lebanon-oh-45036-united-states,Rock Steady Boxing - Countryside YMCA | Lebanon,Community Program,Rock Steady Boxing - Countryside YMCA | Lebanon is listed in the official Rock Steady Boxing directory.,"Rock Steady Boxing - Countryside YMCA | Lebanon is listed in the official Rock Steady Boxing Member Directory. Address: 1699 Deerfield Rd, Lebanon, OH 45036, United States.","Lebanon, OH, United States","Lebanon, OH, United States",United States,Community Program | Parkinson's Care,,in-person,false,unclaimed,0,0,,,5135357069,Rock Steady Boxing - Countryside YMCA | Lebanon,,member-directory,Rock Steady Boxing,"1699 Deerfield Rd, Lebanon, OH 45036, United States",Lebanon,OH,45036,https://members.rocksteadyboxing.org/member-directory/Details/countryside-ymca-lebanon-4053220,39.4105779,-84.2114112,2026-03-28T03:14:36.180Z
rock-steady-boxing,Rock Steady Boxing Member Directory,member-directory:countryside-ymca-otterbein-4074226,member-directory-countryside-ymca-otterbein-533-n-state-route-741-lebanon-oh-45036-united-states,Rock Steady Boxing - Countryside YMCA | Otterbein,Community Program,Rock Steady Boxing - Countryside YMCA | Otterbein is listed in the official Rock Steady Boxing directory.,"Rock Steady Boxing - Countryside YMCA | Otterbein is listed in the official Rock Steady Boxing Member Directory. Address: 533 N State Route 741, Lebanon, OH 45036, United States.","Lebanon, OH, United States","Lebanon, OH, United States",United States,Community Program | Parkinson's Care,,in-person,false,unclaimed,0,0,,,5136968590,Rock Steady Boxing - Countryside YMCA | Otterbein,,member-directory,Rock Steady Boxing,"533 N State Route 741, Lebanon, OH 45036, United States",Lebanon,OH,45036,https://members.rocksteadyboxing.org/member-directory/Details/countryside-ymca-otterbein-4074226,39.446185,-84.2788113,2026-03-28T03:14:36.180Z
rock-steady-boxing,Rock Steady Boxing Member Directory,member-directory:covenant-health-and-fitness-center-2829457,member-directory-covenant-health-and-fitness-center-270-fort-sanders-west-blvd-knoxville-tn-37922-united-states,Rock Steady Boxing - Covenant Health and Fitness Center,Exercise Program,Rock Steady Boxing - Covenant Health and Fitness Center is listed in the official Rock Steady Boxing directory.,"Rock Steady Boxing - Covenant Health and Fitness Center is listed in the official Rock Steady Boxing Member Directory. Address: 270 Fort Sanders West Blvd, Knoxville, TN 37922, United States.","Knoxville, TN, United States","Knoxville, TN, United States",United States,Boxing | Exercise | Parkinson's Care,,in-person,false,unclaimed,0,0,,,8655315063,Rock Steady Boxing - Covenant Health and Fitness Center,,member-directory,Rock Steady Boxing,"270 Fort Sanders West Blvd, Knoxville, TN 37922, United States",Knoxville,TN,37922,https://members.rocksteadyboxing.org/member-directory/Details/covenant-health-and-fitness-center-2829457,35.8992503,-84.11933499999999,2026-03-28T03:14:36.180Z
rock-steady-boxing,Rock Steady Boxing Member Directory,member-directory:covington-la-2829522,member-directory-covington-la-2640-n-hwy-190-covington-la-70430-united-states,"Rock Steady Boxing Covington, LA",Community Program,"Rock Steady Boxing Covington, LA is listed in the official Rock Steady Boxing directory.","Rock Steady Boxing Covington, LA is listed in the official Rock Steady Boxing Member Directory. Address: 2640 N. Hwy 190, Covington, LA 70430, United States.","Covington, LA, United States","Covington, LA, United States",United States,Community Program | Parkinson's Care,,in-person,false,unclaimed,0,0,,,9854151621,"Rock Steady Boxing Covington, LA",,member-directory,Rock Steady Boxing,"2640 N. Hwy 190, Covington, LA 70430, United States",Covington,LA,70430,https://members.rocksteadyboxing.org/member-directory/Details/covington-la-2829522,30.4698929,-90.08544529999999,2026-03-28T03:14:36.180Z
rock-steady-boxing,Rock Steady Boxing Member Directory,member-directory:covington-wa-3168610,member-directory-covington-wa-18527-se-272nd-street-kent-wa-98042-united-states,"Rock Steady Boxing - Covington, WA",Community Program,"Rock Steady Boxing - Covington, WA is listed in the official Rock Steady Boxing directory.","Rock Steady Boxing - Covington, WA is listed in the official Rock Steady Boxing Member Directory. Address: 18527 SE 272nd Street, Kent, WA 98042, United States.","Kent, WA, United States","Kent, WA, United States",United States,Community Program | Parkinson's Care,,in-person,false,unclaimed,0,0,,,2537409161,"Rock Steady Boxing - Covington, WA",,member-directory,Rock Steady Boxing,"18527 SE 272nd Street, Kent, WA 98042, United States",Kent,WA,98042,https://members.rocksteadyboxing.org/member-directory/Details/covington-wa-3168610,47.356581,-122.094563,2026-03-28T03:14:36.180Z
rock-steady-boxing,Rock Steady Boxing Member Directory,member-directory:crane-s-mill-2829520,member-directory-crane-s-mill-459-passaic-ave-west-caldwell-nj-07006-united-states,Rock Steady Boxing - Crane's Mill,Community Program,Rock Steady Boxing - Crane's Mill is listed in the official Rock Steady Boxing directory.,"Rock Steady Boxing - Crane's Mill is listed in the official Rock Steady Boxing Member Directory. Address: 459 Passaic Ave, West Caldwell, NJ 07006, United States.","West Caldwell, NJ, United States","West Caldwell, NJ, United States",United States,Community Program | Parkinson's Care,,in-person,false,unclaimed,0,0,,,2017361809,Rock Steady Boxing - Crane's Mill,,member-directory,Rock Steady Boxing,"459 Passaic Ave, West Caldwell, NJ 07006, United States",West Caldwell,NJ,07006,https://members.rocksteadyboxing.org/member-directory/Details/crane-s-mill-2829520,40.842771,-74.30407989999999,2026-03-28T03:14:36.180Z
rock-steady-boxing,Rock Steady Boxing Member Directory,member-directory:dallas-2829515,member-directory-dallas-4435-mcewen-dr-dallas-tx-75244-united-states,"Rock Steady Boxing Dallas, TX",Community Program,"Rock Steady Boxing Dallas, TX is listed in the official Rock Steady Boxing directory.","Rock Steady Boxing Dallas, TX is listed in the official Rock Steady Boxing Member Directory. Address: 4435 McEwen Dr., Dallas, TX 75244, United States.","Dallas, TX, United States","Dallas, TX, United States",United States,Community Program | Parkinson's Care,,in-person,false,unclaimed,0,0,,,2142064252,"Rock Steady Boxing Dallas, TX",,member-directory,Rock Steady Boxing,"4435 McEwen Dr., Dallas, TX 75244, United States",Dallas,TX,75244,https://members.rocksteadyboxing.org/member-directory/Details/dallas-2829515,32.9293547,-96.83425129999999,2026-03-28T03:14:36.180Z
rock-steady-boxing,Rock Steady Boxing Member Directory,member-directory:danville-3190254,member-directory-danville-542-san-ramon-valley-blvd-danville-ca-94526-united-states,"Rock Steady Boxing Danville, CA",Community Program,"Rock Steady Boxing Danville, CA is listed in the official Rock Steady Boxing directory.","Rock Steady Boxing Danville, CA is listed in the official Rock Steady Boxing Member Directory. Address: 542 San Ramon Valley Blvd., Danville, CA 94526, United States.","Danville, CA, United States","Danville, CA, United States",United States,Community Program | Parkinson's Care,,in-person,false,unclaimed,0,0,,,9254715432,"Rock Steady Boxing Danville, CA",,member-directory,Rock Steady Boxing,"542 San Ramon Valley Blvd., Danville, CA 94526, United States",Danville,CA,94526,https://members.rocksteadyboxing.org/member-directory/Details/danville-3190254,37.8175704,-121.9960283,2026-03-28T03:14:36.180Z
rock-steady-boxing,Rock Steady Boxing Member Directory,member-directory:dayton-at-bethany-village-2829514,member-directory-dayton-at-bethany-village-6443-far-hills-avenue-dayton-oh-45459-united-states,Rock Steady Boxing - Dayton at Bethany Village,Community Program,Rock Steady Boxing - Dayton at Bethany Village is listed in the official Rock Steady Boxing directory.,"Rock Steady Boxing - Dayton at Bethany Village is listed in the official Rock Steady Boxing Member Directory. Address: 6443 Far Hills Avenue, Dayton, OH 45459, United States.","Dayton, OH, United States","Dayton, OH, United States",United States,Community Program | Parkinson's Care,,in-person,false,unclaimed,0,0,,,9379490783,Rock Steady Boxing - Dayton at Bethany Village,,member-directory,Rock Steady Boxing,"6443 Far Hills Avenue, Dayton, OH 45459, United States",Dayton,OH,45459,https://members.rocksteadyboxing.org/member-directory/Details/dayton-at-bethany-village-2829514,39.6508883,-84.15869719999999,2026-03-28T03:14:36.180Z
rock-steady-boxing,Rock Steady Boxing Member Directory,member-directory:decatur-3626310,member-directory-decatur-6707-sherry-ct-decatur-il-62521-united-states,"Rock Steady Boxing Decatur, IL",Community Program,"Rock Steady Boxing Decatur, IL is listed in the official Rock Steady Boxing directory.","Rock Steady Boxing Decatur, IL is listed in the official Rock Steady Boxing Member Directory. Address: 6707 Sherry Ct., Decatur, IL 62521, United States.","Decatur, IL, United States","Decatur, IL, United States",United States,Community Program | Parkinson's Care,,in-person,false,unclaimed,0,0,,,2174332563,"Rock Steady Boxing Decatur, IL",,member-directory,Rock Steady Boxing,"6707 Sherry Ct., Decatur, IL 62521, United States",Decatur,IL,62521,https://members.rocksteadyboxing.org/member-directory/Details/decatur-3626310,39.80631020000001,-88.8442663,2026-03-28T03:14:36.180Z
rock-steady-boxing,Rock Steady Boxing Member Directory,member-directory:delray-beach-2829512,member-directory-delray-beach-5180-west-atlantic-ave-unit-106-delray-beach-fl-33484-united-states,"Rock Steady Boxing Delray Beach, FL",Community Program,"Rock Steady Boxing Delray Beach, FL is listed in the official Rock Steady Boxing directory.","Rock Steady Boxing Delray Beach, FL is listed in the official Rock Steady Boxing Member Directory. Address: 5180 west Atlantic ave, Unit 106, Delray Beach, FL 33484, United States.","Delray Beach, FL, United States","Delray Beach, FL, United States",United States,Community Program | Parkinson's Care,,in-person,false,unclaimed,0,0,,,5614414444,"Rock Steady Boxing Delray Beach, FL",,member-directory,Rock Steady Boxing,"5180 west Atlantic ave, Unit 106, Delray Beach, FL 33484, United States",Delray Beach,FL,33484,https://members.rocksteadyboxing.org/member-directory/Details/delray-beach-2829512,26.4572263,-80.1252389,2026-03-28T03:14:36.180Z
rock-steady-boxing,Rock Steady Boxing Member Directory,member-directory:desert-cities-2829510,member-directory-desert-cities-72750-dinah-shore-drive-palm-desert-ca-92211-united-states,Rock Steady Boxing - Desert Cities,Community Program,Rock Steady Boxing - Desert Cities is listed in the official Rock Steady Boxing directory.,"Rock Steady Boxing - Desert Cities is listed in the official Rock Steady Boxing Member Directory. Address: 72750 Dinah Shore Drive, Palm Desert, CA 92211, United States.","Palm Desert, CA, United States","Palm Desert, CA, United States",United States,Community Program | Parkinson's Care,,in-person,false,unclaimed,0,0,,,7604063042,Rock Steady Boxing - Desert Cities,,member-directory,Rock Steady Boxing,"72750 Dinah Shore Drive, Palm Desert, CA 92211, United States",Palm Desert,CA,92211,https://members.rocksteadyboxing.org/member-directory/Details/desert-cities-2829510,33.8055228,-116.39034,2026-03-28T03:14:36.180Z
rock-steady-boxing,Rock Steady Boxing Member Directory,member-directory:destin-4506432,member-directory-destin-101-matthew-blvd-destin-fl-32541-united-states,"Rock Steady Boxing Destin, FL",Community Program,"Rock Steady Boxing Destin, FL is listed in the official Rock Steady Boxing directory.","Rock Steady Boxing Destin, FL is listed in the official Rock Steady Boxing Member Directory. Address: 101 Matthew Blvd, Destin, FL 32541, United States.","Destin, FL, United States","Destin, FL, United States",United States,Community Program | Parkinson's Care,,in-person,false,unclaimed,0,0,,,8508428348,"Rock Steady Boxing Destin, FL",,member-directory,Rock Steady Boxing,"101 Matthew Blvd, Destin, FL 32541, United States",Destin,FL,32541,https://members.rocksteadyboxing.org/member-directory/Details/destin-4506432,30.3855997,-86.42975849999999,2026-03-28T03:14:36.180Z
rock-steady-boxing,Rock Steady Boxing Member Directory,member-directory:diversified-fitness-club-2829508,member-directory-diversified-fitness-club-195-mayer-road-frankenmuth-mi-48734-united-states,Rock Steady Boxing - Diversified Fitness Club,Exercise Program,Rock Steady Boxing - Diversified Fitness Club is listed in the official Rock Steady Boxing directory.,"Rock Steady Boxing - Diversified Fitness Club is listed in the official Rock Steady Boxing Member Directory. Address: 195 Mayer Road, Frankenmuth, MI 48734, United States.","Frankenmuth, MI, United States","Frankenmuth, MI, United States",United States,Boxing | Exercise | Parkinson's Care,,in-person,false,unclaimed,0,0,,,9896524067,Rock Steady Boxing - Diversified Fitness Club,,member-directory,Rock Steady Boxing,"195 Mayer Road, Frankenmuth, MI 48734, United States",Frankenmuth,MI,48734,https://members.rocksteadyboxing.org/member-directory/Details/diversified-fitness-club-2829508,43.3346987,-83.75369359999999,2026-03-28T03:14:36.180Z
rock-steady-boxing,Rock Steady Boxing Member Directory,member-directory:door-county-ymca-3916889,member-directory-door-county-ymca-1900-michigan-street-sturgeon-bay-wi-54235-united-states,Rock Steady Boxing - Door County YMCA,Community Program,Rock Steady Boxing - Door County YMCA is listed in the official Rock Steady Boxing directory.,"Rock Steady Boxing - Door County YMCA is listed in the official Rock Steady Boxing Member Directory. Address: 1900 Michigan Street, Sturgeon Bay, WI 54235, United States.","Sturgeon Bay, WI, United States","Sturgeon Bay, WI, United States",United States,Community Program | Parkinson's Care,,in-person,false,unclaimed,0,0,,,9207434949,Rock Steady Boxing - Door County YMCA,,member-directory,Rock Steady Boxing,"1900 Michigan Street, Sturgeon Bay, WI 54235, United States",Sturgeon Bay,WI,54235,https://members.rocksteadyboxing.org/member-directory/Details/door-county-ymca-3916889,44.8356408,-87.3481879,2026-03-28T03:14:36.180Z
rock-steady-boxing,Rock Steady Boxing Member Directory,member-directory:dover-2829505,member-directory-dover-7-whiting-road-dover-ma-02030-united-states,"Rock Steady Boxing Dover, MA",Community Program,"Rock Steady Boxing Dover, MA is listed in the official Rock Steady Boxing directory.","Rock Steady Boxing Dover, MA is listed in the official Rock Steady Boxing Member Directory. Address: 7 Whiting Road, Dover, MA 02030, United States.","Dover, MA, United States","Dover, MA, United States",United States,Community Program | Parkinson's Care,,in-person,false,unclaimed,0,0,,,5083958652,"Rock Steady Boxing Dover, MA",,member-directory,Rock Steady Boxing,"7 Whiting Road, Dover, MA 02030, United States",Dover,MA,02030,https://members.rocksteadyboxing.org/member-directory/Details/dover-2829505,42.2440289,-71.282456,2026-03-28T03:14:36.180Z
rock-steady-boxing,Rock Steady Boxing Member Directory,member-directory:downtown-dayton-ymca-2829504,member-directory-downtown-dayton-ymca-316-n-wilkinson-dayton-oh-45402-united-states,Rock Steady Boxing - Downtown Dayton YMCA,Community Program,Rock Steady Boxing - Downtown Dayton YMCA is listed in the official Rock Steady Boxing directory.,"Rock Steady Boxing - Downtown Dayton YMCA is listed in the official Rock Steady Boxing Member Directory. Address: 316 N Wilkinson, Dayton, OH 45402, United States.","Dayton, OH, United States","Dayton, OH, United States",United States,Community Program | Parkinson's Care,,in-person,false,unclaimed,0,0,,,9372289622,Rock Steady Boxing - Downtown Dayton YMCA,,member-directory,Rock Steady Boxing,"316 N Wilkinson, Dayton, OH 45402, United States",Dayton,OH,45402,https://members.rocksteadyboxing.org/member-directory/Details/downtown-dayton-ymca-2829504,39.76374879999999,-84.1958155,2026-03-28T03:14:36.180Z
rock-steady-boxing,Rock Steady Boxing Member Directory,member-directory:downtown-san-diego-2829503,member-directory-downtown-san-diego-4101-30th-st-san-diego-ca-92104-united-states,Rock Steady Boxing - Downtown San Diego,Community Program,Rock Steady Boxing - Downtown San Diego is listed in the official Rock Steady Boxing directory.,"Rock Steady Boxing - Downtown San Diego is listed in the official Rock Steady Boxing Member Directory. Address: 4101 30th St., San Diego, CA 92104, United States.","San Diego, CA, United States","San Diego, CA, United States",United States,Community Program | Parkinson's Care,,in-person,false,unclaimed,0,0,,,6194589000,Rock Steady Boxing - Downtown San Diego,,member-directory,Rock Steady Boxing,"4101 30th St., San Diego, CA 92104, United States",San Diego,CA,92104,https://members.rocksteadyboxing.org/member-directory/Details/downtown-san-diego-2829503,32.7523763,-117.1299372,2026-03-28T03:14:36.180Z
rock-steady-boxing,Rock Steady Boxing Member Directory,member-directory:downtown-warsaw-ymca-4376979,member-directory-downtown-warsaw-ymca-575-w-fort-wayne-st-warsaw-in-46580-united-states,Rock Steady Boxing - Downtown Warsaw YMCA,Community Program,Rock Steady Boxing - Downtown Warsaw YMCA is listed in the official Rock Steady Boxing directory.,"Rock Steady Boxing - Downtown Warsaw YMCA is listed in the official Rock Steady Boxing Member Directory. Address: 575 W Fort Wayne St, Warsaw, IN 46580, United States.","Warsaw, IN, United States","Warsaw, IN, United States",United States,Community Program | Parkinson's Care,,in-person,false,unclaimed,0,0,,,5742317507,Rock Steady Boxing - Downtown Warsaw YMCA,,member-directory,Rock Steady Boxing,"575 W Fort Wayne St, Warsaw, IN 46580, United States",Warsaw,IN,46580,https://members.rocksteadyboxing.org/member-directory/Details/downtown-warsaw-ymca-4376979,41.23970509999999,-85.8636634,2026-03-28T03:14:36.180Z
rock-steady-boxing,Rock Steady Boxing Member Directory,member-directory:dr-physio-therapy-wellness-3788362,member-directory-dr-physio-therapy-and-wellness-4324-n-federal-hwy-fort-lauderdale-fl-33308-united-states,Rock Steady Boxing - Dr. Physio Therapy & Wellness,Exercise Program,Rock Steady Boxing - Dr. Physio Therapy & Wellness is listed in the official Rock Steady Boxing directory.,"Rock Steady Boxing - Dr. Physio Therapy & Wellness is listed in the official Rock Steady Boxing Member Directory. Address: 4324 N Federal Hwy, Fort Lauderdale, FL 33308, United States.","Fort Lauderdale, FL, United States","Fort Lauderdale, FL, United States",United States,Boxing | Exercise | Parkinson's Care,,in-person,false,unclaimed,0,0,,,9543695787,Rock Steady Boxing - Dr. Physio Therapy & Wellness,,member-directory,Rock Steady Boxing,"4324 N Federal Hwy, Fort Lauderdale, FL 33308, United States",Fort Lauderdale,FL,33308,https://members.rocksteadyboxing.org/member-directory/Details/dr-physio-therapy-wellness-3788362,26.1812153,-80.1190641,2026-03-28T03:14:36.180Z
rock-steady-boxing,Rock Steady Boxing Member Directory,member-directory:durham-2829501,member-directory-durham-1725-carpenter-fletcher-road-durham-nc-27713-united-states,"Rock Steady Boxing Durham, NC",Community Program,"Rock Steady Boxing Durham, NC is listed in the official Rock Steady Boxing directory.","Rock Steady Boxing Durham, NC is listed in the official Rock Steady Boxing Member Directory. Address: 1725 Carpenter Fletcher Road, Durham, NC 27713, United States.","Durham, NC, United States","Durham, NC, United States",United States,Community Program | Parkinson's Care,,in-person,false,unclaimed,0,0,,,9198642096,"Rock Steady Boxing Durham, NC",,member-directory,Rock Steady Boxing,"1725 Carpenter Fletcher Road, Durham, NC 27713, United States",Durham,NC,27713,https://members.rocksteadyboxing.org/member-directory/Details/durham-2829501,35.915902,-78.8893473,2026-03-28T03:14:36.180Z
rock-steady-boxing,Rock Steady Boxing Member Directory,member-directory:dyersburg-3492858,member-directory-dyersburg-sports-plus-dyersburg-1700-woodlawn-ave-dyersburg-tn-38024-united-states,"Rock Steady Boxing Dyersburg, TN",Community Program,"Rock Steady Boxing Dyersburg, TN is listed in the official Rock Steady Boxing directory.","Rock Steady Boxing Dyersburg, TN is listed in the official Rock Steady Boxing Member Directory. Address: Sports Plus Dyersburg, 1700 Woodlawn Ave, Dyersburg, TN 38024, United States.","Dyersburg, TN, United States","Dyersburg, TN, United States",United States,Community Program | Parkinson's Care,,in-person,false,unclaimed,0,0,,,7312347593,"Rock Steady Boxing Dyersburg, TN",,member-directory,Rock Steady Boxing,"Sports Plus Dyersburg, 1700 Woodlawn Ave, Dyersburg, TN 38024, United States",Dyersburg,TN,38024,https://members.rocksteadyboxing.org/member-directory/Details/dyersburg-3492858,36.0492366,-89.3779373,2026-03-28T03:14:36.180Z
rock-steady-boxing,Rock Steady Boxing Member Directory,member-directory:eagles-trace-2829500,member-directory-eagles-trace-14703-eagle-vista-dr-houston-tx-77077-united-states,Rock Steady Boxing - Eagles Trace,Community Program,Rock Steady Boxing - Eagles Trace is listed in the official Rock Steady Boxing directory.,"Rock Steady Boxing - Eagles Trace is listed in the official Rock Steady Boxing Member Directory. Address: 14703 Eagle Vista Dr, Houston, TX 77077, United States.","Houston, TX, United States","Houston, TX, United States",United States,Community Program | Parkinson's Care,,in-person,false,unclaimed,0,0,,,2812497296,Rock Steady Boxing - Eagles Trace,,member-directory,Rock Steady Boxing,"14703 Eagle Vista Dr, Houston, TX 77077, United States",Houston,TX,77077,https://members.rocksteadyboxing.org/member-directory/Details/eagles-trace-2829500,29.7616209,-95.6432052,2026-03-28T03:14:36.180Z
rock-steady-boxing,Rock Steady Boxing Member Directory,member-directory:east-columbia-50-center-columbia-md-21045-3320642,member-directory-east-columbia-50-center-columbia-md-21045-6610-cradlerock-way-columbia-md-21045-united-states,"Rock Steady Boxing - East Columbia 50+ Center, Columbia, MD 21045",Community Program,"Rock Steady Boxing - East Columbia 50+ Center, Columbia, MD 21045 is listed in the official Rock Steady Boxing directory.","Rock Steady Boxing - East Columbia 50+ Center, Columbia, MD 21045 is listed in the official Rock Steady Boxing Member Directory. Address: 6610 Cradlerock Way, Columbia, MD 21045, United States.","Columbia, MD, United States","Columbia, MD, United States",United States,Community Program | Parkinson's Care,,in-person,false,unclaimed,0,0,,,4438126880,"Rock Steady Boxing - East Columbia 50+ Center, Columbia, MD 21045",,member-directory,Rock Steady Boxing,"6610 Cradlerock Way, Columbia, MD 21045, United States",Columbia,MD,21045,https://members.rocksteadyboxing.org/member-directory/Details/east-columbia-50-center-columbia-md-21045-3320642,39.1899243,-76.8474772,2026-03-28T03:14:36.180Z
rock-steady-boxing,Rock Steady Boxing Member Directory,member-directory:east-memphis-2829496,member-directory-east-memphis-4488-poplar-avenue-memphis-tn-38117-united-states,Rock Steady Boxing - East Memphis,Community Program,Rock Steady Boxing - East Memphis is listed in the official Rock Steady Boxing directory.,"Rock Steady Boxing - East Memphis is listed in the official Rock Steady Boxing Member Directory. Address: 4488 Poplar Avenue, Memphis, TN 38117, United States.","Memphis, TN, United States","Memphis, TN, United States",United States,Community Program | Parkinson's Care,,in-person,false,unclaimed,0,0,,,9012612169,Rock Steady Boxing - East Memphis,,member-directory,Rock Steady Boxing,"4488 Poplar Avenue, Memphis, TN 38117, United States",Memphis,TN,38117,https://members.rocksteadyboxing.org/member-directory/Details/east-memphis-2829496,35.1194111,-89.912072,2026-03-28T03:14:36.180Z
rock-steady-boxing,Rock Steady Boxing Member Directory,member-directory:east-naples-3256408,member-directory-east-naples-4270-tamiami-trail-suite-5-and-6-naples-fl-34112-united-states,Rock Steady Boxing - East Naples,Community Program,Rock Steady Boxing - East Naples is listed in the official Rock Steady Boxing directory.,"Rock Steady Boxing - East Naples is listed in the official Rock Steady Boxing Member Directory. Address: 4270 Tamiami Trail, Suite 5 & 6, Naples, FL 34112, United States.","Naples, FL, United States","Naples, FL, United States",United States,Community Program | Parkinson's Care,,in-person,false,unclaimed,0,0,,,2397778732,Rock Steady Boxing - East Naples,,member-directory,Rock Steady Boxing,"4270 Tamiami Trail, Suite 5 & 6, Naples, FL 34112, United States",Naples,FL,34112,https://members.rocksteadyboxing.org/member-directory/Details/east-naples-3256408,26.1150634,-81.75720369999999,2026-03-28T03:14:36.181Z
rock-steady-boxing,Rock Steady Boxing Member Directory,member-directory:eastern-connecticut-2829494,member-directory-eastern-connecticut-39-wedgewood-drive-griswold-ct-06360-united-states,Rock Steady Boxing - Eastern Connecticut,Community Program,Rock Steady Boxing - Eastern Connecticut is listed in the official Rock Steady Boxing directory.,"Rock Steady Boxing - Eastern Connecticut is listed in the official Rock Steady Boxing Member Directory. Address: 39 Wedgewood Drive, Griswold, CT 06360, United States.","Griswold, CT, United States","Griswold, CT, United States",United States,Community Program | Parkinson's Care,,in-person,false,unclaimed,0,0,,,8608614376,Rock Steady Boxing - Eastern Connecticut,,member-directory,Rock Steady Boxing,"39 Wedgewood Drive, Griswold, CT 06360, United States",Griswold,CT,06360,https://members.rocksteadyboxing.org/member-directory/Details/eastern-connecticut-2829494,41.603169,-71.9832699,2026-03-28T03:14:36.181Z
rock-steady-boxing,Rock Steady Boxing Member Directory,member-directory:eastern-island-2829493,member-directory-eastern-island-160-commack-road-suite-ll3-commack-ny-11725-united-states,Rock Steady Boxing - Eastern Island,Community Program,Rock Steady Boxing - Eastern Island is listed in the official Rock Steady Boxing directory.,"Rock Steady Boxing - Eastern Island is listed in the official Rock Steady Boxing Member Directory. Address: 160 Commack Road, Suite LL3, Commack, NY 11725, United States.","Commack, NY, United States","Commack, NY, United States",United States,Community Program | Parkinson's Care,,in-person,false,unclaimed,0,0,,,6313384073,Rock Steady Boxing - Eastern Island,,member-directory,Rock Steady Boxing,"160 Commack Road, Suite LL3, Commack, NY 11725, United States",Commack,NY,11725,https://members.rocksteadyboxing.org/member-directory/Details/eastern-island-2829493,40.8383524,-73.2938053,2026-03-28T03:14:36.181Z
rock-steady-boxing,Rock Steady Boxing Member Directory,member-directory:easton-family-ymca-2829491,member-directory-easton-family-ymca-1180-south-washington-street-easton-md-21601-united-states,Rock Steady Boxing - Easton Family YMCA,Community Program,Rock Steady Boxing - Easton Family YMCA is listed in the official Rock Steady Boxing directory.,"Rock Steady Boxing - Easton Family YMCA is listed in the official Rock Steady Boxing Member Directory. Address: 1180 South Washington Street, Easton, MD 21601, United States.","Easton, MD, United States","Easton, MD, United States",United States,Community Program | Parkinson's Care,,in-person,false,unclaimed,0,0,,,4108221515,Rock Steady Boxing - Easton Family YMCA,,member-directory,Rock Steady Boxing,"1180 South Washington Street, Easton, MD 21601, United States",Easton,MD,21601,https://members.rocksteadyboxing.org/member-directory/Details/easton-family-ymca-2829491,38.75032520000001,-76.0710089,2026-03-28T03:14:36.181Z
rock-steady-boxing,Rock Steady Boxing Member Directory,member-directory:eatontown-2829490,member-directory-eatontown-1-main-street-eatontown-nj-07724-united-states,"Rock Steady Boxing Eatontown, NJ",Community Program,"Rock Steady Boxing Eatontown, NJ is listed in the official Rock Steady Boxing directory.","Rock Steady Boxing Eatontown, NJ is listed in the official Rock Steady Boxing Member Directory. Address: 1 Main Street, Eatontown, NJ 07724, United States.","Eatontown, NJ, United States","Eatontown, NJ, United States",United States,Community Program | Parkinson's Care,,in-person,false,unclaimed,0,0,http://trumotionpt.com/,,7323346741,"Rock Steady Boxing Eatontown, NJ",,member-directory,Rock Steady Boxing,"1 Main Street, Eatontown, NJ 07724, United States",Eatontown,NJ,07724,https://members.rocksteadyboxing.org/member-directory/Details/eatontown-2829490,40.3049645,-74.05961669999999,2026-03-28T03:14:36.181Z
rock-steady-boxing,Rock Steady Boxing Member Directory,member-directory:ecu-health-wellness-center-2829489,member-directory-ecu-health-wellness-center-2610-stantonsburg-rd-greenville-nc-27834-united-states,Rock Steady Boxing - ECU Health Wellness Center,Exercise Program,Rock Steady Boxing - ECU Health Wellness Center is listed in the official Rock Steady Boxing directory.,"Rock Steady Boxing - ECU Health Wellness Center is listed in the official Rock Steady Boxing Member Directory. Address: 2610 Stantonsburg Rd, Greenville, NC 27834, United States.","Greenville, NC, United States","Greenville, NC, United States",United States,Boxing | Exercise | Parkinson's Care,,in-person,false,unclaimed,0,0,,,2528470650,Rock Steady Boxing - ECU Health Wellness Center,,member-directory,Rock Steady Boxing,"2610 Stantonsburg Rd, Greenville, NC 27834, United States",Greenville,NC,27834,https://members.rocksteadyboxing.org/member-directory/Details/ecu-health-wellness-center-2829489,35.6075542,-77.4180204,2026-03-28T03:14:36.181Z
rock-steady-boxing,Rock Steady Boxing Member Directory,member-directory:ede-holland-4097669,member-directory-ede-holland-19-spinderweg-ede-gelderland-6713-hr-netherlands,Rock Steady Boxing - Ede Holland,Community Program,Rock Steady Boxing - Ede Holland is listed in the official Rock Steady Boxing directory.,"Rock Steady Boxing - Ede Holland is listed in the official Rock Steady Boxing Member Directory. Address: 19 Spinderweg, Ede, Gelderland 6713 HR, Netherlands.","Ede, Netherlands","Ede, Netherlands",Netherlands,Community Program | Parkinson's Care,,in-person,false,unclaimed,0,0,,,31613280489,Rock Steady Boxing - Ede Holland,,member-directory,Rock Steady Boxing,"19 Spinderweg, Ede, Gelderland 6713 HR, Netherlands",Ede,,,https://members.rocksteadyboxing.org/member-directory/Details/ede-holland-4097669,52.0349665,5.6508522,2026-03-28T03:14:36.181Z
rock-steady-boxing,Rock Steady Boxing Member Directory,member-directory:edgewood-watertown-2829487,member-directory-edgewood-watertown-901-14th-ave-ne-watertown-sd-57201-united-states,Rock Steady Boxing - Edgewood-Watertown,Community Program,Rock Steady Boxing - Edgewood-Watertown is listed in the official Rock Steady Boxing directory.,"Rock Steady Boxing - Edgewood-Watertown is listed in the official Rock Steady Boxing Member Directory. Address: 901 14th Ave NE, Watertown, SD 57201, United States.","Watertown, SD, United States","Watertown, SD, United States",United States,Community Program | Parkinson's Care,,in-person,false,unclaimed,0,0,,,6058823084,Rock Steady Boxing - Edgewood-Watertown,,member-directory,Rock Steady Boxing,"901 14th Ave NE, Watertown, SD 57201, United States",Watertown,SD,57201,https://members.rocksteadyboxing.org/member-directory/Details/edgewood-watertown-2829487,44.9199558,-97.0983878,2026-03-28T03:14:36.181Z
rock-steady-boxing,Rock Steady Boxing Member Directory,member-directory:effingham-2829486,member-directory-effingham-1301-n-maple-street-effingham-il-62401-united-states,"Rock Steady Boxing Effingham, IL",Community Program,"Rock Steady Boxing Effingham, IL is listed in the official Rock Steady Boxing directory.","Rock Steady Boxing Effingham, IL is listed in the official Rock Steady Boxing Member Directory. Address: 1301 N. Maple Street, Effingham, IL 62401, United States.","Effingham, IL, United States","Effingham, IL, United States",United States,Community Program | Parkinson's Care,,in-person,false,unclaimed,0,0,,,2173423481,"Rock Steady Boxing Effingham, IL",,member-directory,Rock Steady Boxing,"1301 N. Maple Street, Effingham, IL 62401, United States",Effingham,IL,62401,https://members.rocksteadyboxing.org/member-directory/Details/effingham-2829486,39.1393109,-88.5519246,2026-03-28T03:14:36.181Z
rock-steady-boxing,Rock Steady Boxing Member Directory,member-directory:el-paso-2829485,member-directory-el-paso-10950-pellicano-el-paso-tx-79935-united-states,"Rock Steady Boxing El Paso, TX",Community Program,"Rock Steady Boxing El Paso, TX is listed in the official Rock Steady Boxing directory.","Rock Steady Boxing El Paso, TX is listed in the official Rock Steady Boxing Member Directory. Address: 10950 Pellicano, El Paso, TX 79935, United States.","El Paso, TX, United States","El Paso, TX, United States",United States,Community Program | Parkinson's Care,,in-person,false,unclaimed,0,0,http://elpaso.rsbaffiliate.com/,,9153073283,"Rock Steady Boxing El Paso, TX",,member-directory,Rock Steady Boxing,"10950 Pellicano, El Paso, TX 79935, United States",El Paso,TX,79935,https://members.rocksteadyboxing.org/member-directory/Details/el-paso-2829485,31.7501779,-106.331617,2026-03-28T03:14:36.181Z
rock-steady-boxing,Rock Steady Boxing Member Directory,member-directory:elite-2829483,member-directory-elite-184-orne-st-north-attleboro-ma-02760-united-states,Rock Steady Boxing - Elite,Community Program,Rock Steady Boxing - Elite is listed in the official Rock Steady Boxing directory.,"Rock Steady Boxing - Elite is listed in the official Rock Steady Boxing Member Directory. Address: 184 Orne St, North Attleboro, MA 02760, United States.","North Attleboro, MA, United States","North Attleboro, MA, United States",United States,Community Program | Parkinson's Care,,in-person,false,unclaimed,0,0,,,5086994029,Rock Steady Boxing - Elite,,member-directory,Rock Steady Boxing,"184 Orne St, North Attleboro, MA 02760, United States",North Attleboro,MA,02760,https://members.rocksteadyboxing.org/member-directory/Details/elite-2829483,41.9848107,-71.32505,2026-03-28T03:14:36.181Z
rock-steady-boxing,Rock Steady Boxing Member Directory,member-directory:elmira-2829480,member-directory-elmira-424-bluegrass-drive-horseheads-ny-14845-united-states,Rock Steady Boxing - Elmira,Community Program,Rock Steady Boxing - Elmira is listed in the official Rock Steady Boxing directory.,"Rock Steady Boxing - Elmira is listed in the official Rock Steady Boxing Member Directory. Address: 424 Bluegrass Drive, Horseheads, NY 14845, United States.","Horseheads, NY, United States","Horseheads, NY, United States",United States,Community Program | Parkinson's Care,,in-person,false,unclaimed,0,0,,,6077387611,Rock Steady Boxing - Elmira,,member-directory,Rock Steady Boxing,"424 Bluegrass Drive, Horseheads, NY 14845, United States",Horseheads,NY,14845,https://members.rocksteadyboxing.org/member-directory/Details/elmira-2829480,42.1740884,-76.854326,2026-03-28T03:14:36.181Z
rock-steady-boxing,Rock Steady Boxing Member Directory,member-directory:encinitas-2829478,member-directory-encinitas-613-westlake-st-encinitas-ca-92024-united-states,"Rock Steady Boxing Encinitas, CA",Community Program,"Rock Steady Boxing Encinitas, CA is listed in the official Rock Steady Boxing directory.","Rock Steady Boxing Encinitas, CA is listed in the official Rock Steady Boxing Member Directory. Address: 613 Westlake St, Encinitas, CA 92024, United States.","Encinitas, CA, United States","Encinitas, CA, United States",United States,Community Program | Parkinson's Care,,in-person,false,unclaimed,0,0,,,7606888266,"Rock Steady Boxing Encinitas, CA",,member-directory,Rock Steady Boxing,"613 Westlake St, Encinitas, CA 92024, United States",Encinitas,CA,92024,https://members.rocksteadyboxing.org/member-directory/Details/encinitas-2829478,33.0452533,-117.278496,2026-03-28T03:14:36.181Z
rock-steady-boxing,Rock Steady Boxing Member Directory,member-directory:eureka-2829477,member-directory-eureka-1452-church-road-eureka-il-61530-united-states,"Rock Steady Boxing Eureka, IL",Community Program,"Rock Steady Boxing Eureka, IL is listed in the official Rock Steady Boxing directory.","Rock Steady Boxing Eureka, IL is listed in the official Rock Steady Boxing Member Directory. Address: 1452 Church Road, Eureka, IL 61530, United States.","Eureka, IL, United States","Eureka, IL, United States",United States,Community Program | Parkinson's Care,,in-person,false,unclaimed,0,0,,,3096458805,"Rock Steady Boxing Eureka, IL",,member-directory,Rock Steady Boxing,"1452 Church Road, Eureka, IL 61530, United States",Eureka,IL,61530,https://members.rocksteadyboxing.org/member-directory/Details/eureka-2829477,40.73795399999999,-89.2643533,2026-03-28T03:14:36.181Z
rock-steady-boxing,Rock Steady Boxing Member Directory,member-directory:evangeline-4393380,member-directory-evangeline-1003-6th-st-mamou-la-70554-united-states,Rock Steady Boxing - Evangeline,Community Program,Rock Steady Boxing - Evangeline is listed in the official Rock Steady Boxing directory.,"Rock Steady Boxing - Evangeline is listed in the official Rock Steady Boxing Member Directory. Address: 1003 6th St., Mamou, LA 70554, United States.","Mamou, LA, United States","Mamou, LA, United States",United States,Community Program | Parkinson's Care,,in-person,false,unclaimed,0,0,,,3374684685,Rock Steady Boxing - Evangeline,,member-directory,Rock Steady Boxing,"1003 6th St., Mamou, LA 70554, United States",Mamou,LA,70554,https://members.rocksteadyboxing.org/member-directory/Details/evangeline-4393380,30.6370666,-92.4195686,2026-03-28T03:14:36.181Z
rock-steady-boxing,Rock Steady Boxing Member Directory,member-directory:evansville-at-the-ymca-2829476,member-directory-evansville-at-the-ymca-516-court-st-evansville-in-47708-united-states,Rock Steady Boxing - Evansville at the YMCA,Community Program,Rock Steady Boxing - Evansville at the YMCA is listed in the official Rock Steady Boxing directory.,"Rock Steady Boxing - Evansville at the YMCA is listed in the official Rock Steady Boxing Member Directory. Address: 516 Court St, Evansville, IN 47708, United States.","Evansville, IN, United States","Evansville, IN, United States",United States,Community Program | Parkinson's Care,,in-person,false,unclaimed,0,0,http://www.ymcaswin.org/,,8124239622,Rock Steady Boxing - Evansville at the YMCA,,member-directory,Rock Steady Boxing,"516 Court St, Evansville, IN 47708, United States",Evansville,IN,47708,https://members.rocksteadyboxing.org/member-directory/Details/evansville-at-the-ymca-2829476,37.975222,-87.57145000000001,2026-03-28T03:14:36.181Z
rock-steady-boxing,Rock Steady Boxing Member Directory,member-directory:everbody-s-tell-city-2829475,member-directory-everbody-s-tell-city-710-fulton-street-tell-city-in-47586-united-states,Rock Steady Boxing - Everbody's Tell City,Community Program,Rock Steady Boxing - Everbody's Tell City is listed in the official Rock Steady Boxing directory.,"Rock Steady Boxing - Everbody's Tell City is listed in the official Rock Steady Boxing Member Directory. Address: 710 Fulton Street, Tell City, IN 47586, United States.","Tell City, IN, United States","Tell City, IN, United States",United States,Community Program | Parkinson's Care,,in-person,false,unclaimed,0,0,,,8125473565,Rock Steady Boxing - Everbody's Tell City,,member-directory,Rock Steady Boxing,"710 Fulton Street, Tell City, IN 47586, United States",Tell City,IN,47586,https://members.rocksteadyboxing.org/member-directory/Details/everbody-s-tell-city-2829475,37.9540285,-86.7707415,2026-03-28T03:14:36.181Z
rock-steady-boxing,Rock Steady Boxing Member Directory,member-directory:evolve-physical-therapy-2829474,member-directory-evolve-physical-therapy-3319-avenue-n-brooklyn-ny-11234-united-states,Rock Steady Boxing - Evolve Physical Therapy,Community Program,Rock Steady Boxing - Evolve Physical Therapy is listed in the official Rock Steady Boxing directory.,"Rock Steady Boxing - Evolve Physical Therapy is listed in the official Rock Steady Boxing Member Directory. Address: 3319 Avenue N, Brooklyn, NY 11234, United States.","Brooklyn, NY, United States","Brooklyn, NY, United States",United States,Community Program | Parkinson's Care,,in-person,false,unclaimed,0,0,,,7182583300,Rock Steady Boxing - Evolve Physical Therapy,,member-directory,Rock Steady Boxing,"3319 Avenue N, Brooklyn, NY 11234, United States",Brooklyn,NY,11234,https://members.rocksteadyboxing.org/member-directory/Details/evolve-physical-therapy-2829474,40.6177934,-73.94160780000001,2026-03-28T03:14:36.181Z
rock-steady-boxing,Rock Steady Boxing Member Directory,member-directory:fairborn-ymca-2829473,member-directory-fairborn-ymca-300-south-central-avenue-fairborn-oh-45324-united-states,Rock Steady Boxing - Fairborn YMCA,Community Program,Rock Steady Boxing - Fairborn YMCA is listed in the official Rock Steady Boxing directory.,"Rock Steady Boxing - Fairborn YMCA is listed in the official Rock Steady Boxing Member Directory. Address: 300 South Central Avenue, Fairborn, OH 45324, United States.","Fairborn, OH, United States","Fairborn, OH, United States",United States,Community Program | Parkinson's Care,,in-person,false,unclaimed,0,0,,,9377549622,Rock Steady Boxing - Fairborn YMCA,,member-directory,Rock Steady Boxing,"300 South Central Avenue, Fairborn, OH 45324, United States",Fairborn,OH,45324,https://members.rocksteadyboxing.org/member-directory/Details/fairborn-ymca-2829473,39.8170861,-84.0207906,2026-03-28T03:14:36.181Z
rock-steady-boxing,Rock Steady Boxing Member Directory,member-directory:fairfield-ymca-4601695,member-directory-fairfield-ymca-5220-bibury-rd-fairfield-oh-united-states,Rock Steady Boxing - Fairfield YMCA,Community Program,Rock Steady Boxing - Fairfield YMCA is listed in the official Rock Steady Boxing directory.,"Rock Steady Boxing - Fairfield YMCA is listed in the official Rock Steady Boxing Member Directory. Address: 5220 Bibury Rd., Fairfield, OH , United States.","Fairfield, OH, United States","Fairfield, OH, United States",United States,Community Program | Parkinson's Care,,in-person,false,unclaimed,0,0,,,5138293091,Rock Steady Boxing - Fairfield YMCA,,member-directory,Rock Steady Boxing,"5220 Bibury Rd., Fairfield, OH , United States",Fairfield,OH,,https://members.rocksteadyboxing.org/member-directory/Details/fairfield-ymca-4601695,0,0,2026-03-28T03:14:36.181Z
rock-steady-boxing,Rock Steady Boxing Member Directory,member-directory:fall-river-2829472,member-directory-fall-river-1501-highway-18-bypass-hot-springs-sd-57747-united-states,Rock Steady Boxing - Fall River,Community Program,Rock Steady Boxing - Fall River is listed in the official Rock Steady Boxing directory.,"Rock Steady Boxing - Fall River is listed in the official Rock Steady Boxing Member Directory. Address: 1501 Highway 18 Bypass, Hot Springs, SD 57747, United States.","Hot Springs, SD, United States","Hot Springs, SD, United States",United States,Community Program | Parkinson's Care,,in-person,false,unclaimed,0,0,,,6057455558,Rock Steady Boxing - Fall River,,member-directory,Rock Steady Boxing,"1501 Highway 18 Bypass, Hot Springs, SD 57747, United States",Hot Springs,SD,57747,https://members.rocksteadyboxing.org/member-directory/Details/fall-river-2829472,43.4209801,-103.481029,2026-03-28T03:14:36.181Z
rock-steady-boxing,Rock Steady Boxing Member Directory,member-directory:falmouth-2917270,member-directory-falmouth-747-east-falmouth-highway-east-falmouth-ma-02536-united-states,Rock Steady Boxing - Falmouth,Community Program,Rock Steady Boxing - Falmouth is listed in the official Rock Steady Boxing directory.,"Rock Steady Boxing - Falmouth is listed in the official Rock Steady Boxing Member Directory. Address: 747 East Falmouth Highway, East Falmouth, MA 02536, United States.","East Falmouth, MA, United States","East Falmouth, MA, United States",United States,Community Program | Parkinson's Care,,in-person,false,unclaimed,0,0,,,5088463888,Rock Steady Boxing - Falmouth,,member-directory,Rock Steady Boxing,"747 East Falmouth Highway, East Falmouth, MA 02536, United States",East Falmouth,MA,02536,https://members.rocksteadyboxing.org/member-directory/Details/falmouth-2917270,41.5769474,-70.54773519999999,2026-03-28T03:14:36.181Z
rock-steady-boxing,Rock Steady Boxing Member Directory,member-directory:findlay-ymca-2829471,member-directory-findlay-ymca-1400-manor-hill-road-findlay-oh-45840-united-states,Rock Steady Boxing - Findlay YMCA,Community Program,Rock Steady Boxing - Findlay YMCA is listed in the official Rock Steady Boxing directory.,"Rock Steady Boxing - Findlay YMCA is listed in the official Rock Steady Boxing Member Directory. Address: 1400 Manor Hill Road, Findlay, OH 45840, United States.","Findlay, OH, United States","Findlay, OH, United States",United States,Community Program | Parkinson's Care,,in-person,false,unclaimed,0,0,,,4194224424,Rock Steady Boxing - Findlay YMCA,,member-directory,Rock Steady Boxing,"1400 Manor Hill Road, Findlay, OH 45840, United States",Findlay,OH,45840,https://members.rocksteadyboxing.org/member-directory/Details/findlay-ymca-2829471,41.0590479,-83.6068013,2026-03-28T03:14:36.181Z
rock-steady-boxing,Rock Steady Boxing Member Directory,member-directory:finger-lakes-2829470,member-directory-finger-lakes-17-ridge-road-lansing-ny-14882-united-states,Rock Steady Boxing - Finger Lakes,Community Program,Rock Steady Boxing - Finger Lakes is listed in the official Rock Steady Boxing directory.,"Rock Steady Boxing - Finger Lakes is listed in the official Rock Steady Boxing Member Directory. Address: 17 Ridge Road, Lansing, NY 14882, United States.","Lansing, NY, United States","Lansing, NY, United States",United States,Community Program | Parkinson's Care,,in-person,false,unclaimed,0,0,,,6072882269,Rock Steady Boxing - Finger Lakes,,member-directory,Rock Steady Boxing,"17 Ridge Road, Lansing, NY 14882, United States",Lansing,NY,14882,https://members.rocksteadyboxing.org/member-directory/Details/finger-lakes-2829470,42.5377199,-76.5080345,2026-03-28T03:14:36.181Z
rock-steady-boxing,Rock Steady Boxing Member Directory,member-directory:firelands-regional-medical-center-2829469,member-directory-firelands-regional-medical-center-2801-cleveland-road-sandusky-oh-44870-united-states,Rock Steady Boxing - Firelands Regional Medical Center,Community Program,Rock Steady Boxing - Firelands Regional Medical Center is listed in the official Rock Steady Boxing directory.,"Rock Steady Boxing - Firelands Regional Medical Center is listed in the official Rock Steady Boxing Member Directory. Address: 2801 Cleveland Road, Sandusky, OH 44870, United States.","Sandusky, OH, United States","Sandusky, OH, United States",United States,Community Program | Parkinson's Care,,in-person,false,unclaimed,0,0,,,4195577040,Rock Steady Boxing - Firelands Regional Medical Center,,member-directory,Rock Steady Boxing,"2801 Cleveland Road, Sandusky, OH 44870, United States",Sandusky,OH,44870,https://members.rocksteadyboxing.org/member-directory/Details/firelands-regional-medical-center-2829469,41.4311458,-82.6552095,2026-03-28T03:14:36.181Z
rock-steady-boxing,Rock Steady Boxing Member Directory,member-directory:firsthealth-2829468,member-directory-firsthealth-170-memorial-drive-pinehurst-nc-28374-united-states,Rock Steady Boxing - FirstHealth,Community Program,Rock Steady Boxing - FirstHealth is listed in the official Rock Steady Boxing directory.,"Rock Steady Boxing - FirstHealth is listed in the official Rock Steady Boxing Member Directory. Address: 170 Memorial Drive, Pinehurst, NC 28374, United States.","Pinehurst, NC, United States","Pinehurst, NC, United States",United States,Community Program | Parkinson's Care,,in-person,false,unclaimed,0,0,,,9107151839,Rock Steady Boxing - FirstHealth,,member-directory,Rock Steady Boxing,"170 Memorial Drive, Pinehurst, NC 28374, United States",Pinehurst,NC,28374,https://members.rocksteadyboxing.org/member-directory/Details/firsthealth-2829468,35.2071511,-79.4601047,2026-03-28T03:14:36.181Z
rock-steady-boxing,Rock Steady Boxing Member Directory,member-directory:fishhawk-2829467,member-directory-fishhawk-3636-erindale-drive-unit-103-valrico-fl-33596-united-states,Rock Steady Boxing - FishHawk,Community Program,Rock Steady Boxing - FishHawk is listed in the official Rock Steady Boxing directory.,"Rock Steady Boxing - FishHawk is listed in the official Rock Steady Boxing Member Directory. Address: 3636 Erindale Drive Unit 103, Valrico, FL 33596, United States.","Valrico, FL, United States","Valrico, FL, United States",United States,Community Program | Parkinson's Care,,in-person,false,unclaimed,0,0,,,9084150944,Rock Steady Boxing - FishHawk,,member-directory,Rock Steady Boxing,"3636 Erindale Drive Unit 103, Valrico, FL 33596, United States",Valrico,FL,33596,https://members.rocksteadyboxing.org/member-directory/Details/fishhawk-2829467,27.8872627,-82.23819,2026-03-28T03:14:36.181Z
rock-steady-boxing,Rock Steady Boxing Member Directory,member-directory:fit-lab-rockport-tx-4628779,member-directory-fit-lab-rockport-tx-916-hwy-35-s-rockport-tx-78382-united-states,Rock Steady Boxing - Fit Lab - Rockport TX,Community Program,Rock Steady Boxing - Fit Lab - Rockport TX is listed in the official Rock Steady Boxing directory.,"Rock Steady Boxing - Fit Lab - Rockport TX is listed in the official Rock Steady Boxing Member Directory. Address: 916 Hwy 35 S,, Rockport, TX 78382, United States.","Rockport, TX, United States","Rockport, TX, United States",United States,Community Program | Parkinson's Care,,in-person,false,unclaimed,0,0,,,3614508269,Rock Steady Boxing - Fit Lab - Rockport TX,,member-directory,Rock Steady Boxing,"916 Hwy 35 S,, Rockport, TX 78382, United States",Rockport,TX,78382,https://members.rocksteadyboxing.org/member-directory/Details/fit-lab-rockport-tx-4628779,28.017499,-97.0610038,2026-03-28T03:14:36.181Z
rock-steady-boxing,Rock Steady Boxing Member Directory,member-directory:fitness-edge-2829466,member-directory-fitness-edge-2006-oakheart-road-myrtle-beach-sc-29579-united-states,Rock Steady Boxing - Fitness Edge,Exercise Program,Rock Steady Boxing - Fitness Edge is listed in the official Rock Steady Boxing directory.,"Rock Steady Boxing - Fitness Edge is listed in the official Rock Steady Boxing Member Directory. Address: 2006 Oakheart Road, Myrtle Beach, SC 29579, United States.","Myrtle Beach, SC, United States","Myrtle Beach, SC, United States",United States,Boxing | Exercise | Parkinson's Care,,in-person,false,unclaimed,0,0,,,8439033488,Rock Steady Boxing - Fitness Edge,,member-directory,Rock Steady Boxing,"2006 Oakheart Road, Myrtle Beach, SC 29579, United States",Myrtle Beach,SC,29579,https://members.rocksteadyboxing.org/member-directory/Details/fitness-edge-2829466,33.7568778,-78.9627914,2026-03-28T03:14:36.181Z
rock-steady-boxing,Rock Steady Boxing Member Directory,member-directory:fitness-evolution-2829465,member-directory-fitness-evolution-133-sandberg-road-monticello-mn-55362-united-states,Rock Steady Boxing - Fitness Evolution,Exercise Program,Rock Steady Boxing - Fitness Evolution is listed in the official Rock Steady Boxing directory.,"Rock Steady Boxing - Fitness Evolution is listed in the official Rock Steady Boxing Member Directory. Address: 133 Sandberg Road, Monticello, MN 55362, United States.","Monticello, MN, United States","Monticello, MN, United States",United States,Boxing | Exercise | Parkinson's Care,,in-person,false,unclaimed,0,0,,,6127089409,Rock Steady Boxing - Fitness Evolution,,member-directory,Rock Steady Boxing,"133 Sandberg Road, Monticello, MN 55362, United States",Monticello,MN,55362,https://members.rocksteadyboxing.org/member-directory/Details/fitness-evolution-2829465,45.295724,-93.803663,2026-03-28T03:14:36.181Z
rock-steady-boxing,Rock Steady Boxing Member Directory,member-directory:fleet-landing-2829464,member-directory-fleet-landing-6002-fleet-landing-blvd-atlantic-beach-fl-32233-united-states,Rock Steady Boxing - Fleet Landing,Community Program,Rock Steady Boxing - Fleet Landing is listed in the official Rock Steady Boxing directory.,"Rock Steady Boxing - Fleet Landing is listed in the official Rock Steady Boxing Member Directory. Address: 6002 Fleet Landing Blvd, Atlantic Beach, FL 32233, United States.","Atlantic Beach, FL, United States","Atlantic Beach, FL, United States",United States,Community Program | Parkinson's Care,,in-person,false,unclaimed,0,0,,,9042469900,Rock Steady Boxing - Fleet Landing,,member-directory,Rock Steady Boxing,"6002 Fleet Landing Blvd, Atlantic Beach, FL 32233, United States",Atlantic Beach,FL,32233,https://members.rocksteadyboxing.org/member-directory/Details/fleet-landing-2829464,30.3556241,-81.4106694,2026-03-28T03:14:36.181Z
rock-steady-boxing,Rock Steady Boxing Member Directory,member-directory:flower-city-2829462,member-directory-flower-city-6720-pittsford-palmyra-rd-fairport-ny-14450-united-states,Rock Steady Boxing - Flower City,Community Program,Rock Steady Boxing - Flower City is listed in the official Rock Steady Boxing directory.,"Rock Steady Boxing - Flower City is listed in the official Rock Steady Boxing Member Directory. Address: 6720 Pittsford Palmyra Rd, Fairport, NY 14450, United States.","Fairport, NY, United States","Fairport, NY, United States",United States,Community Program | Parkinson's Care,,in-person,false,unclaimed,0,0,https://www.facebook.com/rocksteadyflowercity/,,5853141823,Rock Steady Boxing - Flower City,,member-directory,Rock Steady Boxing,"6720 Pittsford Palmyra Rd, Fairport, NY 14450, United States",Fairport,NY,14450,https://members.rocksteadyboxing.org/member-directory/Details/flower-city-2829462,43.0703392,-77.4377688,2026-03-28T03:14:36.181Z
rock-steady-boxing,Rock Steady Boxing Member Directory,member-directory:foothills-area-ymca-2829461,member-directory-foothills-area-ymca-370-memorial-drive-seneca-sc-29672-united-states,Rock Steady Boxing - Foothills Area YMCA,Community Program,Rock Steady Boxing - Foothills Area YMCA is listed in the official Rock Steady Boxing directory.,"Rock Steady Boxing - Foothills Area YMCA is listed in the official Rock Steady Boxing Member Directory. Address: 370 Memorial Drive, Seneca, SC 29672, United States.","Seneca, SC, United States","Seneca, SC, United States",United States,Community Program | Parkinson's Care,,in-person,false,unclaimed,0,0,,,8645719622,Rock Steady Boxing - Foothills Area YMCA,,member-directory,Rock Steady Boxing,"370 Memorial Drive, Seneca, SC 29672, United States",Seneca,SC,29672,https://members.rocksteadyboxing.org/member-directory/Details/foothills-area-ymca-2829461,34.6922998,-82.9903401,2026-03-28T03:14:36.182Z
rock-steady-boxing,Rock Steady Boxing Member Directory,member-directory:forest-hill-2829459,member-directory-forest-hill-2217-commerce-road-forest-hill-md-21050-united-states,"Rock Steady Boxing Forest Hill, MD",Community Program,"Rock Steady Boxing Forest Hill, MD is listed in the official Rock Steady Boxing directory.","Rock Steady Boxing Forest Hill, MD is listed in the official Rock Steady Boxing Member Directory. Address: 2217 Commerce Road, Forest Hill, MD 21050, United States.","Forest Hill, MD, United States","Forest Hill, MD, United States",United States,Community Program | Parkinson's Care,,in-person,false,unclaimed,0,0,,,4108934153,"Rock Steady Boxing Forest Hill, MD",,member-directory,Rock Steady Boxing,"2217 Commerce Road, Forest Hill, MD 21050, United States",Forest Hill,MD,21050,https://members.rocksteadyboxing.org/member-directory/Details/forest-hill-2829459,39.5790455,-76.3679081,2026-03-28T03:14:36.182Z
rock-steady-boxing,Rock Steady Boxing Member Directory,member-directory:foreverfitness-2829551,member-directory-foreverfitness-4542-cornell-rd-blue-ash-oh-45241-united-states,Rock Steady Boxing - foreverfitness,Exercise Program,Rock Steady Boxing - foreverfitness is listed in the official Rock Steady Boxing directory.,"Rock Steady Boxing - foreverfitness is listed in the official Rock Steady Boxing Member Directory. Address: 4542 Cornell Rd., Blue Ash, OH 45241, United States.","Blue Ash, OH, United States","Blue Ash, OH, United States",United States,Boxing | Exercise | Parkinson's Care,,in-person,false,unclaimed,0,0,,,5134041918,Rock Steady Boxing - foreverfitness,,member-directory,Rock Steady Boxing,"4542 Cornell Rd., Blue Ash, OH 45241, United States",Blue Ash,OH,45241,https://members.rocksteadyboxing.org/member-directory/Details/foreverfitness-2829551,39.2716686,-84.3801182,2026-03-28T03:14:36.182Z
rock-steady-boxing,Rock Steady Boxing Member Directory,member-directory:fort-dodge-2829458,member-directory-fort-dodge-420-kenyon-rd-fort-dodge-ia-50501-united-states,"Rock Steady Boxing Fort Dodge, IA",Community Program,"Rock Steady Boxing Fort Dodge, IA is listed in the official Rock Steady Boxing directory.","Rock Steady Boxing Fort Dodge, IA is listed in the official Rock Steady Boxing Member Directory. Address: 420 Kenyon Rd, Fort Dodge, IA 50501, United States.","Fort Dodge, IA, United States","Fort Dodge, IA, United States",United States,Community Program | Parkinson's Care,,in-person,false,unclaimed,0,0,,,5155736270,"Rock Steady Boxing Fort Dodge, IA",,member-directory,Rock Steady Boxing,"420 Kenyon Rd, Fort Dodge, IA 50501, United States",Fort Dodge,IA,50501,https://members.rocksteadyboxing.org/member-directory/Details/fort-dodge-2829458,42.4899987,-94.1976732,2026-03-28T03:14:36.182Z
rock-steady-boxing,Rock Steady Boxing Member Directory,member-directory:forte-fitness-center-2829456,member-directory-forte-fitness-center-865-attucks-lane-hyannis-ma-02601-united-states,Rock Steady Boxing - Forte Fitness Center,Exercise Program,Rock Steady Boxing - Forte Fitness Center is listed in the official Rock Steady Boxing directory.,"Rock Steady Boxing - Forte Fitness Center is listed in the official Rock Steady Boxing Member Directory. Address: 865 Attucks Lane, Hyannis, MA 02601, United States.","Hyannis, MA, United States","Hyannis, MA, United States",United States,Boxing | Exercise | Parkinson's Care,,in-person,false,unclaimed,0,0,,,5087767349,Rock Steady Boxing - Forte Fitness Center,,member-directory,Rock Steady Boxing,"865 Attucks Lane, Hyannis, MA 02601, United States",Hyannis,MA,02601,https://members.rocksteadyboxing.org/member-directory/Details/forte-fitness-center-2829456,41.6740746,-70.2954285,2026-03-28T03:14:36.182Z
rock-steady-boxing,Rock Steady Boxing Member Directory,member-directory:foster-s-fitness-4393386,member-directory-foster-s-fitness-841-1st-avenue-east-eureka-mt-59917-united-states,Rock Steady Boxing - Foster's Fitness,Exercise Program,Rock Steady Boxing - Foster's Fitness is listed in the official Rock Steady Boxing directory.,"Rock Steady Boxing - Foster's Fitness is listed in the official Rock Steady Boxing Member Directory. Address: 841 1st Avenue East, Eureka, MT 59917, United States.","Eureka, MT, United States","Eureka, MT, United States",United States,Boxing | Exercise | Parkinson's Care,,in-person,false,unclaimed,0,0,,,,Rock Steady Boxing - Foster's Fitness,,member-directory,Rock Steady Boxing,"841 1st Avenue East, Eureka, MT 59917, United States",Eureka,MT,59917,https://members.rocksteadyboxing.org/member-directory/Details/foster-s-fitness-4393386,48.8876979,-115.0548944,2026-03-28T03:14:36.182Z
rock-steady-boxing,Rock Steady Boxing Member Directory,member-directory:fox-run-2829455,member-directory-fox-run-3140-gracefield-road-silver-springs-md-20904-united-states,Rock Steady Boxing - Fox Run,Community Program,Rock Steady Boxing - Fox Run is listed in the official Rock Steady Boxing directory.,"Rock Steady Boxing - Fox Run is listed in the official Rock Steady Boxing Member Directory. Address: 3140 Gracefield Road, Silver Springs, MD 20904, United States.","Silver Springs, MD, United States","Silver Springs, MD, United States",United States,Community Program | Parkinson's Care,,in-person,false,unclaimed,0,0,,,7347657432,Rock Steady Boxing - Fox Run,,member-directory,Rock Steady Boxing,"3140 Gracefield Road, Silver Springs, MD 20904, United States",Silver Springs,MD,20904,https://members.rocksteadyboxing.org/member-directory/Details/fox-run-2829455,39.0484389,-76.9483671,2026-03-28T03:14:36.182Z
rock-steady-boxing,Rock Steady Boxing Member Directory,member-directory:frank-p-phillips-memorial-ymca-2829539,member-directory-frank-p-phillips-memorial-ymca-602-2nd-avenue-north-columbus-ms-39701-united-states,Rock Steady Boxing - Frank P. Phillips Memorial YMCA,Community Program,Rock Steady Boxing - Frank P. Phillips Memorial YMCA is listed in the official Rock Steady Boxing directory.,"Rock Steady Boxing - Frank P. Phillips Memorial YMCA is listed in the official Rock Steady Boxing Member Directory. Address: 602 2nd Avenue North, Columbus, MS 39701, United States.","Columbus, MS, United States","Columbus, MS, United States",United States,Community Program | Parkinson's Care,,in-person,false,unclaimed,0,0,,,6623287696,Rock Steady Boxing - Frank P. Phillips Memorial YMCA,,member-directory,Rock Steady Boxing,"602 2nd Avenue North, Columbus, MS 39701, United States",Columbus,MS,39701,https://members.rocksteadyboxing.org/member-directory/Details/frank-p-phillips-memorial-ymca-2829539,33.4959207,-88.4266815,2026-03-28T03:14:36.182Z
rock-steady-boxing,Rock Steady Boxing Member Directory,member-directory:franklin-2829454,member-directory-franklin-130-seaboard-lane-franklin-tn-37067-united-states,"Rock Steady Boxing Franklin, TN",Community Program,"Rock Steady Boxing Franklin, TN is listed in the official Rock Steady Boxing directory.","Rock Steady Boxing Franklin, TN is listed in the official Rock Steady Boxing Member Directory. Address: 130 Seaboard Lane, Franklin, TN 37067, United States.","Franklin, TN, United States","Franklin, TN, United States",United States,Community Program | Parkinson's Care,,in-person,false,unclaimed,0,0,,,6159443284,"Rock Steady Boxing Franklin, TN",,member-directory,Rock Steady Boxing,"130 Seaboard Lane, Franklin, TN 37067, United States",Franklin,TN,37067,https://members.rocksteadyboxing.org/member-directory/Details/franklin-2829454,35.9577547,-86.8248583,2026-03-28T03:14:36.182Z
rock-steady-boxing,Rock Steady Boxing Member Directory,member-directory:franklin-ma-2829453,member-directory-franklin-ma-393-west-central-street-in-mu-han-martial-arts-franklin-plaza-franklin-ma-02038-united-states,"Rock Steady Boxing Franklin, MA",Community Program,"Rock Steady Boxing Franklin, MA is listed in the official Rock Steady Boxing directory.","Rock Steady Boxing Franklin, MA is listed in the official Rock Steady Boxing Member Directory. Address: 393 West Central Street, In Mu Han Martial Arts, Franklin Plaza, Franklin, MA 02038, United States.","Franklin, MA, United States","Franklin, MA, United States",United States,Community Program | Parkinson's Care,,in-person,false,unclaimed,0,0,,,5089583376,"Rock Steady Boxing Franklin, MA",,member-directory,Rock Steady Boxing,"393 West Central Street, In Mu Han Martial Arts, Franklin Plaza, Franklin, MA 02038, United States",Franklin,MA,02038,https://members.rocksteadyboxing.org/member-directory/Details/franklin-ma-2829453,42.0880217,-71.4130991,2026-03-28T03:14:36.182Z
rock-steady-boxing,Rock Steady Boxing Member Directory,member-directory:fredericksburg-2829452,member-directory-fredericksburg-5700-smith-station-rd-fredericksburg-va-22407-united-states,"Rock Steady Boxing Fredericksburg, VA",Community Program,"Rock Steady Boxing Fredericksburg, VA is listed in the official Rock Steady Boxing directory.","Rock Steady Boxing Fredericksburg, VA is listed in the official Rock Steady Boxing Member Directory. Address: 5700 Smith Station Rd., Fredericksburg, VA 22407, United States.","Fredericksburg, VA, United States","Fredericksburg, VA, United States",United States,Community Program | Parkinson's Care,,in-person,false,unclaimed,0,0,,,5407100100,"Rock Steady Boxing Fredericksburg, VA",,member-directory,Rock Steady Boxing,"5700 Smith Station Rd., Fredericksburg, VA 22407, United States",Fredericksburg,VA,22407,https://members.rocksteadyboxing.org/member-directory/Details/fredericksburg-2829452,38.2003662,-77.5332054,2026-03-28T03:14:36.182Z
rock-steady-boxing,Rock Steady Boxing Member Directory,member-directory:freedom-martial-arts-and-fitness-2829451,member-directory-freedom-martial-arts-and-fitness-5607-huntington-dr-n-los-angeles-ca-90032-united-states,Rock Steady Boxing - Freedom Martial Arts and Fitness,Exercise Program,Rock Steady Boxing - Freedom Martial Arts and Fitness is listed in the official Rock Steady Boxing directory.,"Rock Steady Boxing - Freedom Martial Arts and Fitness is listed in the official Rock Steady Boxing Member Directory. Address: 5607 Huntington Dr. N, Los Angeles, CA 90032, United States.","Los Angeles, CA, United States","Los Angeles, CA, United States",United States,Boxing | Exercise | Parkinson's Care,,in-person,false,unclaimed,0,0,,,3236864017,Rock Steady Boxing - Freedom Martial Arts and Fitness,,member-directory,Rock Steady Boxing,"5607 Huntington Dr. N, Los Angeles, CA 90032, United States",Los Angeles,CA,90032,https://members.rocksteadyboxing.org/member-directory/Details/freedom-martial-arts-and-fitness-2829451,34.0958343,-118.157858,2026-03-28T03:14:36.182Z
rock-steady-boxing,Rock Steady Boxing Member Directory,member-directory:friendship-ymca-4608008,member-directory-friendship-ymca-5000-commons-drive-harrisburg-pa-17112-united-states,Rock Steady Boxing - Friendship YMCA,Community Program,Rock Steady Boxing - Friendship YMCA is listed in the official Rock Steady Boxing directory.,"Rock Steady Boxing - Friendship YMCA is listed in the official Rock Steady Boxing Member Directory. Address: 5000 Commons Drive, Harrisburg, PA 17112, United States.","Harrisburg, PA, United States","Harrisburg, PA, United States",United States,Community Program | Parkinson's Care,,in-person,false,unclaimed,0,0,,,7172322027,Rock Steady Boxing - Friendship YMCA,,member-directory,Rock Steady Boxing,"5000 Commons Drive, Harrisburg, PA 17112, United States",Harrisburg,PA,17112,https://members.rocksteadyboxing.org/member-directory/Details/friendship-ymca-4608008,40.3101148,-76.8085846,2026-03-28T03:14:36.182Z
rock-steady-boxing,Rock Steady Boxing Member Directory,member-directory:fruita-2829448,member-directory-fruita-228-north-cherry-fruita-co-81521-united-states,"Rock Steady Boxing Fruita, CO",Community Program,"Rock Steady Boxing Fruita, CO is listed in the official Rock Steady Boxing directory.","Rock Steady Boxing Fruita, CO is listed in the official Rock Steady Boxing Member Directory. Address: 228 North Cherry, Fruita, CO 81521, United States.","Fruita, CO, United States","Fruita, CO, United States",United States,Community Program | Parkinson's Care,,in-person,false,unclaimed,0,0,,,9708582502,"Rock Steady Boxing Fruita, CO",,member-directory,Rock Steady Boxing,"228 North Cherry, Fruita, CO 81521, United States",Fruita,CO,81521,https://members.rocksteadyboxing.org/member-directory/Details/fruita-2829448,39.1614212,-108.7350784,2026-03-28T03:14:36.182Z
rock-steady-boxing,Rock Steady Boxing Member Directory,member-directory:full-house-fitness-2829365,member-directory-full-house-fitness-417-n-elm-st-bloomington-in-47404-united-states,Rock Steady Boxing - Full House Fitness,Exercise Program,Rock Steady Boxing - Full House Fitness is listed in the official Rock Steady Boxing directory.,"Rock Steady Boxing - Full House Fitness is listed in the official Rock Steady Boxing Member Directory. Address: 417 N Elm St., Bloomington, IN 47404, United States.","Bloomington, IN, United States","Bloomington, IN, United States",United States,Boxing | Exercise | Parkinson's Care,,in-person,false,unclaimed,0,0,,,8123535664,Rock Steady Boxing - Full House Fitness,,member-directory,Rock Steady Boxing,"417 N Elm St., Bloomington, IN 47404, United States",Bloomington,IN,47404,https://members.rocksteadyboxing.org/member-directory/Details/full-house-fitness-2829365,39.17020369999999,-86.5456744,2026-03-28T03:14:36.182Z
rock-steady-boxing,Rock Steady Boxing Member Directory,member-directory:fulton-county-in-4246491,member-directory-fulton-county-in-1533-north-old-us-hwy-31-rochester-in-46975-united-states,"Rock Steady Boxing - Fulton County, IN",Community Program,"Rock Steady Boxing - Fulton County, IN is listed in the official Rock Steady Boxing directory.","Rock Steady Boxing - Fulton County, IN is listed in the official Rock Steady Boxing Member Directory. Address: 1533 North Old US Hwy 31, Rochester, IN 46975, United States.","Rochester, IN, United States","Rochester, IN, United States",United States,Community Program | Parkinson's Care,,in-person,false,unclaimed,0,0,,,5748359573,"Rock Steady Boxing - Fulton County, IN",,member-directory,Rock Steady Boxing,"1533 North Old US Hwy 31, Rochester, IN 46975, United States",Rochester,IN,46975,https://members.rocksteadyboxing.org/member-directory/Details/fulton-county-in-4246491,41.0763412,-86.2149992,2026-03-28T03:14:36.182Z
rock-steady-boxing,Rock Steady Boxing Member Directory,member-directory:fwf-rock-steady-boxing-3766727,member-directory-fwf-rock-steady-boxing-211-desmond-stree-sayre-pa-18840-united-states,Rock Steady Boxing - FWF Rock Steady Boxing,Exercise Program,Rock Steady Boxing - FWF Rock Steady Boxing is listed in the official Rock Steady Boxing directory.,"Rock Steady Boxing - FWF Rock Steady Boxing is listed in the official Rock Steady Boxing Member Directory. Address: 211 Desmond Stree, Sayre, PA 18840, United States.","Sayre, PA, United States","Sayre, PA, United States",United States,Boxing | Exercise | Parkinson's Care,,in-person,false,unclaimed,0,0,,,5702606800,Rock Steady Boxing - FWF Rock Steady Boxing,,member-directory,Rock Steady Boxing,"211 Desmond Stree, Sayre, PA 18840, United States",Sayre,PA,18840,https://members.rocksteadyboxing.org/member-directory/Details/fwf-rock-steady-boxing-3766727,41.98027889999999,-76.51515429999999,2026-03-28T03:14:36.182Z
rock-steady-boxing,Rock Steady Boxing Member Directory,member-directory:gallatin-valley-ymca-2829686,member-directory-gallatin-valley-ymca-3673-love-lane-bozeman-mt-59718-united-states,Rock Steady Boxing - Gallatin Valley YMCA,Community Program,Rock Steady Boxing - Gallatin Valley YMCA is listed in the official Rock Steady Boxing directory.,"Rock Steady Boxing - Gallatin Valley YMCA is listed in the official Rock Steady Boxing Member Directory. Address: 3673 Love Lane, Bozeman, MT 59718, United States.","Bozeman, MT, United States","Bozeman, MT, United States",United States,Community Program | Parkinson's Care,,in-person,false,unclaimed,0,0,,,6145609659,Rock Steady Boxing - Gallatin Valley YMCA,,member-directory,Rock Steady Boxing,"3673 Love Lane, Bozeman, MT 59718, United States",Bozeman,MT,59718,https://members.rocksteadyboxing.org/member-directory/Details/gallatin-valley-ymca-2829686,45.7007824,-111.1465249,2026-03-28T03:14:36.182Z
rock-steady-boxing,Rock Steady Boxing Member Directory,member-directory:galveston-county-2829447,member-directory-galveston-county-4420-w-main-st-league-city-tx-77573-united-states,Rock Steady Boxing - Galveston County,Community Program,Rock Steady Boxing - Galveston County is listed in the official Rock Steady Boxing directory.,"Rock Steady Boxing - Galveston County is listed in the official Rock Steady Boxing Member Directory. Address: 4420 W Main St, League City, TX 77573, United States.","League City, TX, United States","League City, TX, United States",United States,Community Program | Parkinson's Care,,in-person,false,unclaimed,0,0,,,2813384968,Rock Steady Boxing - Galveston County,,member-directory,Rock Steady Boxing,"4420 W Main St, League City, TX 77573, United States",League City,TX,77573,https://members.rocksteadyboxing.org/member-directory/Details/galveston-county-2829447,29.495027,-95.14291229999999,2026-03-28T03:14:36.182Z
rock-steady-boxing,Rock Steady Boxing Member Directory,member-directory:genesis-3865559,member-directory-genesis-4850-competition-dr-bettendorf-ia-52722-united-states,Rock Steady Boxing - Genesis,Community Program,Rock Steady Boxing - Genesis is listed in the official Rock Steady Boxing directory.,"Rock Steady Boxing - Genesis is listed in the official Rock Steady Boxing Member Directory. Address: 4850 Competition Dr, Bettendorf, IA 52722, United States.","Bettendorf, IA, United States","Bettendorf, IA, United States",United States,Community Program | Parkinson's Care,,in-person,false,unclaimed,0,0,,,5634213460,Rock Steady Boxing - Genesis,,member-directory,Rock Steady Boxing,"4850 Competition Dr, Bettendorf, IA 52722, United States",Bettendorf,IA,52722,https://members.rocksteadyboxing.org/member-directory/Details/genesis-3865559,41.5923704,-90.46446429999999,2026-03-28T03:14:36.182Z
rock-steady-boxing,Rock Steady Boxing Member Directory,member-directory:geneva-2829444,member-directory-geneva-122-n-genesee-st-suite-a303-geneva-ny-14456-united-states,"Rock Steady Boxing Geneva, NY",Community Program,"Rock Steady Boxing Geneva, NY is listed in the official Rock Steady Boxing directory.","Rock Steady Boxing Geneva, NY is listed in the official Rock Steady Boxing Member Directory. Address: 122 N Genesee St, Suite A303, Geneva, NY 14456, United States.","Geneva, NY, United States","Geneva, NY, United States",United States,Community Program | Parkinson's Care,,in-person,false,unclaimed,0,0,,,5853986050,"Rock Steady Boxing Geneva, NY",,member-directory,Rock Steady Boxing,"122 N Genesee St, Suite A303, Geneva, NY 14456, United States",Geneva,NY,14456,https://members.rocksteadyboxing.org/member-directory/Details/geneva-2829444,42.8760435,-76.9837987,2026-03-28T03:14:36.182Z
rock-steady-boxing,Rock Steady Boxing Member Directory,member-directory:geneva-lakes-family-ymca-2829443,member-directory-geneva-lakes-family-ymca-203-s-wells-street-lake-geneva-wi-53147-united-states,Rock Steady Boxing - Geneva Lakes Family YMCA,Community Program,Rock Steady Boxing - Geneva Lakes Family YMCA is listed in the official Rock Steady Boxing directory.,"Rock Steady Boxing - Geneva Lakes Family YMCA is listed in the official Rock Steady Boxing Member Directory. Address: 203 S. Wells Street, Lake Geneva, WI 53147, United States.","Lake Geneva, WI, United States","Lake Geneva, WI, United States",United States,Community Program | Parkinson's Care,,in-person,false,unclaimed,0,0,,,2622486211,Rock Steady Boxing - Geneva Lakes Family YMCA,,member-directory,Rock Steady Boxing,"203 S. Wells Street, Lake Geneva, WI 53147, United States",Lake Geneva,WI,53147,https://members.rocksteadyboxing.org/member-directory/Details/geneva-lakes-family-ymca-2829443,42.5894455,-88.4281917,2026-03-28T03:14:36.182Z
rock-steady-boxing,Rock Steady Boxing Member Directory,member-directory:gilbert-4039343,member-directory-gilbert-870-e-williams-field-rd-inside-fitness-1440-gilbert-az-85295-united-states,"Rock Steady Boxing Gilbert, AZ",Community Program,"Rock Steady Boxing Gilbert, AZ is listed in the official Rock Steady Boxing directory.","Rock Steady Boxing Gilbert, AZ is listed in the official Rock Steady Boxing Member Directory. Address: 870 E Williams Field Rd, Inside Fitness 1440, Gilbert, AZ 85295, United States.","Gilbert, AZ, United States","Gilbert, AZ, United States",United States,Community Program | Parkinson's Care,,in-person,false,unclaimed,0,0,,,4802961652,"Rock Steady Boxing Gilbert, AZ",,member-directory,Rock Steady Boxing,"870 E Williams Field Rd, Inside Fitness 1440, Gilbert, AZ 85295, United States",Gilbert,AZ,85295,https://members.rocksteadyboxing.org/member-directory/Details/gilbert-4039343,33.3082884,-111.7714519,2026-03-28T03:14:36.183Z
rock-steady-boxing,Rock Steady Boxing Member Directory,member-directory:glacier-2829441,member-directory-glacier-1203-hwy-2-west-kalispell-mt-59904-united-states,Rock Steady Boxing - Glacier,Community Program,Rock Steady Boxing - Glacier is listed in the official Rock Steady Boxing directory.,"Rock Steady Boxing - Glacier is listed in the official Rock Steady Boxing Member Directory. Address: 1203 Hwy 2 West, Kalispell, MT 59904, United States.","Kalispell, MT, United States","Kalispell, MT, United States",United States,Community Program | Parkinson's Care,,in-person,false,unclaimed,0,0,,,4062618311,Rock Steady Boxing - Glacier,,member-directory,Rock Steady Boxing,"1203 Hwy 2 West, Kalispell, MT 59904, United States",Kalispell,MT,59904,https://members.rocksteadyboxing.org/member-directory/Details/glacier-2829441,48.194128,-114.3308213,2026-03-28T03:14:36.183Z
rock-steady-boxing,Rock Steady Boxing Member Directory,member-directory:golden-triangle-2829437,member-directory-golden-triangle-355-plaza-drive-eustis-fl-32726-united-states,Rock Steady Boxing - Golden Triangle,Community Program,Rock Steady Boxing - Golden Triangle is listed in the official Rock Steady Boxing directory.,"Rock Steady Boxing - Golden Triangle is listed in the official Rock Steady Boxing Member Directory. Address: 355 Plaza Drive, Eustis, FL 32726, United States.","Eustis, FL, United States","Eustis, FL, United States",United States,Community Program | Parkinson's Care,,in-person,false,unclaimed,0,0,,,3527025689,Rock Steady Boxing - Golden Triangle,,member-directory,Rock Steady Boxing,"355 Plaza Drive, Eustis, FL 32726, United States",Eustis,FL,32726,https://members.rocksteadyboxing.org/member-directory/Details/golden-triangle-2829437,28.8241768,-81.6889745,2026-03-28T03:14:36.183Z
rock-steady-boxing,Rock Steady Boxing Member Directory,member-directory:good-shepherd-communities-4486313,member-directory-good-shepherd-communities-32-village-dr-endwell-ny-13760-united-states,Rock Steady Boxing - Good Shepherd Communities,Community Program,Rock Steady Boxing - Good Shepherd Communities is listed in the official Rock Steady Boxing directory.,"Rock Steady Boxing - Good Shepherd Communities is listed in the official Rock Steady Boxing Member Directory. Address: 32 Village Dr, Endwell, NY 13760, United States.","Endwell, NY, United States","Endwell, NY, United States",United States,Community Program | Parkinson's Care,,in-person,false,unclaimed,0,0,,,6077604487,Rock Steady Boxing - Good Shepherd Communities,,member-directory,Rock Steady Boxing,"32 Village Dr, Endwell, NY 13760, United States",Endwell,NY,13760,https://members.rocksteadyboxing.org/member-directory/Details/good-shepherd-communities-4486313,42.1479335,-76.01987919999999,2026-03-28T03:14:36.183Z
rock-steady-boxing,Rock Steady Boxing Member Directory,member-directory:grace-inspired-living-4328588,member-directory-grace-inspired-living-12-lutheran-home-dr-telford-pa-18969-united-states,Rock Steady Boxing - Grace Inspired Living,Community Program,Rock Steady Boxing - Grace Inspired Living is listed in the official Rock Steady Boxing directory.,"Rock Steady Boxing - Grace Inspired Living is listed in the official Rock Steady Boxing Member Directory. Address: 12 Lutheran Home Dr, Telford, PA 18969, United States.","Telford, PA, United States","Telford, PA, United States",United States,Community Program | Parkinson's Care,,in-person,false,unclaimed,0,0,,,2672031137,Rock Steady Boxing - Grace Inspired Living,,member-directory,Rock Steady Boxing,"12 Lutheran Home Dr, Telford, PA 18969, United States",Telford,PA,18969,https://members.rocksteadyboxing.org/member-directory/Details/grace-inspired-living-4328588,40.3299808,-75.3293284,2026-03-28T03:14:36.183Z
rock-steady-boxing,Rock Steady Boxing Member Directory,member-directory:graham-health-system-2829435,member-directory-graham-health-system-235-w-walnut-street-canton-il-61520-united-states,Rock Steady Boxing - Graham Health System,Community Program,Rock Steady Boxing - Graham Health System is listed in the official Rock Steady Boxing directory.,"Rock Steady Boxing - Graham Health System is listed in the official Rock Steady Boxing Member Directory. Address: 235 W. Walnut Street, Canton, IL 61520, United States.","Canton, IL, United States","Canton, IL, United States",United States,Community Program | Parkinson's Care,,in-person,false,unclaimed,0,0,,,3096475240Ext.2439,Rock Steady Boxing - Graham Health System,,member-directory,Rock Steady Boxing,"235 W. Walnut Street, Canton, IL 61520, United States",Canton,IL,61520,https://members.rocksteadyboxing.org/member-directory/Details/graham-health-system-2829435,40.5536709,-90.03932569999999,2026-03-28T03:14:36.183Z
rock-steady-boxing,Rock Steady Boxing Member Directory,member-directory:grand-3687871,member-directory-grand-15150-tamiami-trail-n-naples-fl-34110-united-states,Rock Steady Boxing - Grand,Community Program,Rock Steady Boxing - Grand is listed in the official Rock Steady Boxing directory.,"Rock Steady Boxing - Grand is listed in the official Rock Steady Boxing Member Directory. Address: 15150 Tamiami Trail N, Naples, FL 34110, United States.","Naples, FL, United States","Naples, FL, United States",United States,Community Program | Parkinson's Care,,in-person,false,unclaimed,0,0,,,2396103336,Rock Steady Boxing - Grand,,member-directory,Rock Steady Boxing,"15150 Tamiami Trail N, Naples, FL 34110, United States",Naples,FL,34110,https://members.rocksteadyboxing.org/member-directory/Details/grand-3687871,26.3059058,-81.8043378,2026-03-28T03:14:36.183Z
rock-steady-boxing,Rock Steady Boxing Member Directory,member-directory:grand-blanc-2829434,member-directory-grand-blanc-801-health-park-blvd-grand-blanc-mi-48439-united-states,"Rock Steady Boxing Grand Blanc, MI",Community Program,"Rock Steady Boxing Grand Blanc, MI is listed in the official Rock Steady Boxing directory.","Rock Steady Boxing Grand Blanc, MI is listed in the official Rock Steady Boxing Member Directory. Address: 801 Health Park Blvd., Grand Blanc, MI 48439, United States.","Grand Blanc, MI, United States","Grand Blanc, MI, United States",United States,Community Program | Parkinson's Care,,in-person,false,unclaimed,0,0,,,8106067518,"Rock Steady Boxing Grand Blanc, MI",,member-directory,Rock Steady Boxing,"801 Health Park Blvd., Grand Blanc, MI 48439, United States",Grand Blanc,MI,48439,https://members.rocksteadyboxing.org/member-directory/Details/grand-blanc-2829434,42.8902994,-83.63612859999999,2026-03-28T03:14:36.183Z
rock-steady-boxing,Rock Steady Boxing Member Directory,member-directory:grand-island-balance-mobility-2829433,member-directory-grand-island-balance-and-mobility-221-e-south-front-st-grand-island-ne-68801-united-states,Rock Steady Boxing - Grand Island Balance & Mobility,Community Program,Rock Steady Boxing - Grand Island Balance & Mobility is listed in the official Rock Steady Boxing directory.,"Rock Steady Boxing - Grand Island Balance & Mobility is listed in the official Rock Steady Boxing Member Directory. Address: 221 E. South Front St., Grand Island, NE 68801, United States.","Grand Island, NE, United States","Grand Island, NE, United States",United States,Community Program | Parkinson's Care,,in-person,false,unclaimed,0,0,,,3083982170,Rock Steady Boxing - Grand Island Balance & Mobility,,member-directory,Rock Steady Boxing,"221 E. South Front St., Grand Island, NE 68801, United States",Grand Island,NE,68801,https://members.rocksteadyboxing.org/member-directory/Details/grand-island-balance-mobility-2829433,40.9269196,-98.338363,2026-03-28T03:14:36.183Z
rock-steady-boxing,Rock Steady Boxing Member Directory,member-directory:grand-living-at-georgetown-2829430,member-directory-grand-living-at-georgetown-1330-w-university-ave-georgetown-tx-78628-united-states,Rock Steady Boxing - Grand Living at Georgetown,Community Program,Rock Steady Boxing - Grand Living at Georgetown is listed in the official Rock Steady Boxing directory.,"Rock Steady Boxing - Grand Living at Georgetown is listed in the official Rock Steady Boxing Member Directory. Address: 1330 W. University Ave, Georgetown, TX 78628, United States.","Georgetown, TX, United States","Georgetown, TX, United States",United States,Community Program | Parkinson's Care,,in-person,false,unclaimed,0,0,,,5127724436,Rock Steady Boxing - Grand Living at Georgetown,,member-directory,Rock Steady Boxing,"1330 W. University Ave, Georgetown, TX 78628, United States",Georgetown,TX,78628,https://members.rocksteadyboxing.org/member-directory/Details/grand-living-at-georgetown-2829430,30.6335623,-97.7062435,2026-03-28T03:14:36.183Z
rock-steady-boxing,Rock Steady Boxing Member Directory,member-directory:grand-living-at-tamaya-4628884,member-directory-grand-living-at-tamaya-3270-tamaya-blvd-jacksonville-fl-32246-united-states,Rock Steady Boxing - Grand Living at Tamaya,Community Program,Rock Steady Boxing - Grand Living at Tamaya is listed in the official Rock Steady Boxing directory.,"Rock Steady Boxing - Grand Living at Tamaya is listed in the official Rock Steady Boxing Member Directory. Address: 3270 Tamaya Blvd, Jacksonville, FL 32246, United States.","Jacksonville, FL, United States","Jacksonville, FL, United States",United States,Community Program | Parkinson's Care,,in-person,false,unclaimed,0,0,,,+19044108500,Rock Steady Boxing - Grand Living at Tamaya,,member-directory,Rock Steady Boxing,"3270 Tamaya Blvd, Jacksonville, FL 32246, United States",Jacksonville,FL,32246,https://members.rocksteadyboxing.org/member-directory/Details/grand-living-at-tamaya-4628884,30.2906092,-81.4844234,2026-03-28T03:14:36.183Z
rock-steady-boxing,Rock Steady Boxing Member Directory,member-directory:grand-living-at-the-grove-4328586,member-directory-grand-living-at-the-grove-4401-jesse-heights-dr-austin-tx-78731-united-states,Rock Steady Boxing - Grand Living at the Grove,Community Program,Rock Steady Boxing - Grand Living at the Grove is listed in the official Rock Steady Boxing directory.,"Rock Steady Boxing - Grand Living at the Grove is listed in the official Rock Steady Boxing Member Directory. Address: 4401 Jesse Heights Dr., Austin, TX 78731, United States.","Austin, TX, United States","Austin, TX, United States",United States,Community Program | Parkinson's Care,,in-person,false,unclaimed,0,0,,,5122129777,Rock Steady Boxing - Grand Living at the Grove,,member-directory,Rock Steady Boxing,"4401 Jesse Heights Dr., Austin, TX 78731, United States",Austin,TX,78731,https://members.rocksteadyboxing.org/member-directory/Details/grand-living-at-the-grove-4328586,30.3167111,-97.75387219999999,2026-03-28T03:14:36.183Z
rock-steady-boxing,Rock Steady Boxing Member Directory,member-directory:grand-living-at-tower-place-2829427,member-directory-grand-living-at-tower-place-540-south-51st-street-west-des-moines-ia-50265-united-states,Rock Steady Boxing - Grand Living at Tower Place,Community Program,Rock Steady Boxing - Grand Living at Tower Place is listed in the official Rock Steady Boxing directory.,"Rock Steady Boxing - Grand Living at Tower Place is listed in the official Rock Steady Boxing Member Directory. Address: 540 South 51st Street, West Des Moines, IA 50265, United States.","West Des Moines, IA, United States","West Des Moines, IA, United States",United States,Community Program | Parkinson's Care,,in-person,false,unclaimed,0,0,,,5152062403,Rock Steady Boxing - Grand Living at Tower Place,,member-directory,Rock Steady Boxing,"540 South 51st Street, West Des Moines, IA 50265, United States",West Des Moines,IA,50265,https://members.rocksteadyboxing.org/member-directory/Details/grand-living-at-tower-place-2829427,41.561801,-93.773004,2026-03-28T03:14:36.183Z
rock-steady-boxing,Rock Steady Boxing Member Directory,member-directory:grand-prairie-3292935,member-directory-grand-prairie-4556-s-carrier-pkwy-grand-prairie-tx-75052-united-states,"Rock Steady Boxing Grand Prairie, TX",Community Program,"Rock Steady Boxing Grand Prairie, TX is listed in the official Rock Steady Boxing directory.","Rock Steady Boxing Grand Prairie, TX is listed in the official Rock Steady Boxing Member Directory. Address: 4556 S. Carrier Pkwy, Grand Prairie, TX 75052, United States.","Grand Prairie, TX, United States","Grand Prairie, TX, United States",United States,Community Program | Parkinson's Care,,in-person,false,unclaimed,0,0,,,2142064252,"Rock Steady Boxing Grand Prairie, TX",,member-directory,Rock Steady Boxing,"4556 S. Carrier Pkwy, Grand Prairie, TX 75052, United States",Grand Prairie,TX,75052,https://members.rocksteadyboxing.org/member-directory/Details/grand-prairie-3292935,32.6613343,-97.0033218,2026-03-28T03:14:36.183Z
rock-steady-boxing,Rock Steady Boxing Member Directory,member-directory:grand-strand-2829426,member-directory-grand-strand-1885-glenn-s-bay-road-myrtle-beach-sc-29575-united-states,Rock Steady Boxing - Grand Strand,Community Program,Rock Steady Boxing - Grand Strand is listed in the official Rock Steady Boxing directory.,"Rock Steady Boxing - Grand Strand is listed in the official Rock Steady Boxing Member Directory. Address: 1885 Glenn’s Bay Road, Myrtle Beach, SC 29575, United States.","Myrtle Beach, SC, United States","Myrtle Beach, SC, United States",United States,Community Program | Parkinson's Care,,in-person,false,unclaimed,0,0,,,8433185322,Rock Steady Boxing - Grand Strand,,member-directory,Rock Steady Boxing,"1885 Glenn’s Bay Road, Myrtle Beach, SC 29575, United States",Myrtle Beach,SC,29575,https://members.rocksteadyboxing.org/member-directory/Details/grand-strand-2829426,33.6519978,-79.0471756,2026-03-28T03:14:36.183Z
rock-steady-boxing,Rock Steady Boxing Member Directory,member-directory:granville-2829424,member-directory-granville-107-lanier-st-oxford-nc-27565-united-states,Rock Steady Boxing - Granville,Community Program,Rock Steady Boxing - Granville is listed in the official Rock Steady Boxing directory.,"Rock Steady Boxing - Granville is listed in the official Rock Steady Boxing Member Directory. Address: 107 Lanier St, Oxford, NC 27565, United States.","Oxford, NC, United States","Oxford, NC, United States",United States,Community Program | Parkinson's Care,,in-person,false,unclaimed,0,0,,,9196931930,Rock Steady Boxing - Granville,,member-directory,Rock Steady Boxing,"107 Lanier St, Oxford, NC 27565, United States",Oxford,NC,27565,https://members.rocksteadyboxing.org/member-directory/Details/granville-2829424,36.3136526,-78.586888,2026-03-28T03:14:36.183Z
rock-steady-boxing,Rock Steady Boxing Member Directory,member-directory:greater-hartford-2829423,member-directory-greater-hartford-467-silver-lane-east-hartford-ct-06118-united-states,Rock Steady Boxing - Greater Hartford,Community Program,Rock Steady Boxing - Greater Hartford is listed in the official Rock Steady Boxing directory.,"Rock Steady Boxing - Greater Hartford is listed in the official Rock Steady Boxing Member Directory. Address: 467 Silver Lane, East Hartford, CT 06118, United States.","East Hartford, CT, United States","East Hartford, CT, United States",United States,Community Program | Parkinson's Care,,in-person,false,unclaimed,0,0,,,8605688000,Rock Steady Boxing - Greater Hartford,,member-directory,Rock Steady Boxing,"467 Silver Lane, East Hartford, CT 06118, United States",East Hartford,CT,06118,https://members.rocksteadyboxing.org/member-directory/Details/greater-hartford-2829423,41.7625392,-72.6239269,2026-03-28T03:14:36.183Z
rock-steady-boxing,Rock Steady Boxing Member Directory,member-directory:greater-midland-2829259,member-directory-greater-midland-2205-jefferson-ave-midland-mi-48640-united-states,Rock Steady Boxing - Greater Midland,Community Program,Rock Steady Boxing - Greater Midland is listed in the official Rock Steady Boxing directory.,"Rock Steady Boxing - Greater Midland is listed in the official Rock Steady Boxing Member Directory. Address: 2205 Jefferson Ave, Midland, MI 48640, United States.","Midland, MI, United States","Midland, MI, United States",United States,Community Program | Parkinson's Care,,in-person,false,unclaimed,0,0,,,9899234622,Rock Steady Boxing - Greater Midland,,member-directory,Rock Steady Boxing,"2205 Jefferson Ave, Midland, MI 48640, United States",Midland,MI,48640,https://members.rocksteadyboxing.org/member-directory/Details/greater-midland-2829259,43.61759199999999,-84.228015,2026-03-28T03:14:36.183Z
rock-steady-boxing,Rock Steady Boxing Member Directory,member-directory:greater-susquehanna-valley-ymca-3929741,member-directory-greater-susquehanna-valley-ymca-120-hardwood-dr-lewisburg-pa-17837-united-states,Rock Steady Boxing - Greater Susquehanna Valley YMCA,Community Program,Rock Steady Boxing - Greater Susquehanna Valley YMCA is listed in the official Rock Steady Boxing directory.,"Rock Steady Boxing - Greater Susquehanna Valley YMCA is listed in the official Rock Steady Boxing Member Directory. Address: 120 Hardwood Dr, Lewisburg, PA 17837, United States.","Lewisburg, PA, United States","Lewisburg, PA, United States",United States,Community Program | Parkinson's Care,,in-person,false,unclaimed,0,0,,,5705564191,Rock Steady Boxing - Greater Susquehanna Valley YMCA,,member-directory,Rock Steady Boxing,"120 Hardwood Dr, Lewisburg, PA 17837, United States",Lewisburg,PA,17837,https://members.rocksteadyboxing.org/member-directory/Details/greater-susquehanna-valley-ymca-3929741,40.9607052,-76.8976488,2026-03-28T03:14:36.183Z
rock-steady-boxing,Rock Steady Boxing Member Directory,member-directory:green-valley-tony-cress-training-center-2829422,member-directory-green-valley-tony-cress-training-center-178-n-pecos-rd-suite-100-henderson-nv-89074-united-states,Rock Steady Boxing - Green Valley @ Tony Cress Training Center,Community Program,Rock Steady Boxing - Green Valley @ Tony Cress Training Center is listed in the official Rock Steady Boxing directory.,"Rock Steady Boxing - Green Valley @ Tony Cress Training Center is listed in the official Rock Steady Boxing Member Directory. Address: 178 N Pecos Rd., Suite 100, Henderson, NV 89074, United States.","Henderson, NV, United States","Henderson, NV, United States",United States,Community Program | Parkinson's Care,,in-person,false,unclaimed,0,0,,,7023716530,Rock Steady Boxing - Green Valley @ Tony Cress Training Center,,member-directory,Rock Steady Boxing,"178 N Pecos Rd., Suite 100, Henderson, NV 89074, United States",Henderson,NV,89074,https://members.rocksteadyboxing.org/member-directory/Details/green-valley-tony-cress-training-center-2829422,36.0411569,-115.098326,2026-03-28T03:14:36.183Z
rock-steady-boxing,Rock Steady Boxing Member Directory,member-directory:greensboro-2829421,member-directory-greensboro-1905-ashwood-court-greensboro-nc-27455-united-states,"Rock Steady Boxing Greensboro, NC",Community Program,"Rock Steady Boxing Greensboro, NC is listed in the official Rock Steady Boxing directory.","Rock Steady Boxing Greensboro, NC is listed in the official Rock Steady Boxing Member Directory. Address: 1905 Ashwood Court, Greensboro, NC 27455, United States.","Greensboro, NC, United States","Greensboro, NC, United States",United States,Community Program | Parkinson's Care,,in-person,false,unclaimed,0,0,,,3362824200,"Rock Steady Boxing Greensboro, NC",,member-directory,Rock Steady Boxing,"1905 Ashwood Court, Greensboro, NC 27455, United States",Greensboro,NC,27455,https://members.rocksteadyboxing.org/member-directory/Details/greensboro-2829421,36.1198399,-79.8291952,2026-03-28T03:14:36.183Z
rock-steady-boxing,Rock Steady Boxing Member Directory,member-directory:greenspring-2829420,member-directory-greenspring-7440-spring-valley-drive-springfield-va-22150-united-states,Rock Steady Boxing - Greenspring,Community Program,Rock Steady Boxing - Greenspring is listed in the official Rock Steady Boxing directory.,"Rock Steady Boxing - Greenspring is listed in the official Rock Steady Boxing Member Directory. Address: 7440 Spring Valley Drive, Springfield, VA 22150, United States.","Springfield, VA, United States","Springfield, VA, United States",United States,Community Program | Parkinson's Care,,in-person,false,unclaimed,0,0,,,7039234616,Rock Steady Boxing - Greenspring,,member-directory,Rock Steady Boxing,"7440 Spring Valley Drive, Springfield, VA 22150, United States",Springfield,VA,22150,https://members.rocksteadyboxing.org/member-directory/Details/greenspring-2829420,38.8142788,-77.1701439,2026-03-28T03:14:36.183Z
rock-steady-boxing,Rock Steady Boxing Member Directory,member-directory:greenville-2829419,member-directory-greenville-872-woodruff-road-greenville-sc-29607-united-states,"Rock Steady Boxing Greenville, SC",Community Program,"Rock Steady Boxing Greenville, SC is listed in the official Rock Steady Boxing directory.","Rock Steady Boxing Greenville, SC is listed in the official Rock Steady Boxing Member Directory. Address: 872 Woodruff Road, Greenville, SC 29607, United States.","Greenville, SC, United States","Greenville, SC, United States",United States,Community Program | Parkinson's Care,,in-person,false,unclaimed,0,0,,,8645333700,"Rock Steady Boxing Greenville, SC",,member-directory,Rock Steady Boxing,"872 Woodruff Road, Greenville, SC 29607, United States",Greenville,SC,29607,https://members.rocksteadyboxing.org/member-directory/Details/greenville-2829419,34.8364676,-82.3224534,2026-03-28T03:14:36.183Z
rock-steady-boxing,Rock Steady Boxing Member Directory,member-directory:greenwood-2829418,member-directory-greenwood-1760-calhoun-road-greenwood-sc-29649-united-states,"Rock Steady Boxing Greenwood, SC",Community Program,"Rock Steady Boxing Greenwood, SC is listed in the official Rock Steady Boxing directory.","Rock Steady Boxing Greenwood, SC is listed in the official Rock Steady Boxing Member Directory. Address: 1760 Calhoun Road, Greenwood, SC 29649, United States.","Greenwood, SC, United States","Greenwood, SC, United States",United States,Community Program | Parkinson's Care,,in-person,false,unclaimed,0,0,,,8642239622,"Rock Steady Boxing Greenwood, SC",,member-directory,Rock Steady Boxing,"1760 Calhoun Road, Greenwood, SC 29649, United States",Greenwood,SC,29649,https://members.rocksteadyboxing.org/member-directory/Details/greenwood-2829418,34.2127592,-82.2041581,2026-03-28T03:14:36.183Z
rock-steady-boxing,Rock Steady Boxing Member Directory,member-directory:hagerstown-ymca-2829416,member-directory-hagerstown-ymca-1100-eastern-blvd-north-hagerstown-md-21742-united-states,Rock Steady Boxing - Hagerstown YMCA,Community Program,Rock Steady Boxing - Hagerstown YMCA is listed in the official Rock Steady Boxing directory.,"Rock Steady Boxing - Hagerstown YMCA is listed in the official Rock Steady Boxing Member Directory. Address: 1100 Eastern Blvd. North, Hagerstown, MD 21742, United States.","Hagerstown, MD, United States","Hagerstown, MD, United States",United States,Community Program | Parkinson's Care,,in-person,false,unclaimed,0,0,,,3017393990ext4237,Rock Steady Boxing - Hagerstown YMCA,,member-directory,Rock Steady Boxing,"1100 Eastern Blvd. North, Hagerstown, MD 21742, United States",Hagerstown,MD,21742,https://members.rocksteadyboxing.org/member-directory/Details/hagerstown-ymca-2829416,39.6604234,-77.691611,2026-03-28T03:14:36.183Z
rock-steady-boxing,Rock Steady Boxing Member Directory,member-directory:hammond-family-ymca-3440191,member-directory-hammond-family-ymca-6532-indianapolis-blvd-hammond-in-46320-united-states,Rock Steady Boxing - Hammond Family YMCA,Community Program,Rock Steady Boxing - Hammond Family YMCA is listed in the official Rock Steady Boxing directory.,"Rock Steady Boxing - Hammond Family YMCA is listed in the official Rock Steady Boxing Member Directory. Address: 6532 Indianapolis Blvd, HAMMOND, IN 46320, United States.","HAMMOND, IN, United States","HAMMOND, IN, United States",United States,Community Program | Parkinson's Care,,in-person,false,unclaimed,0,0,,,2198451507,Rock Steady Boxing - Hammond Family YMCA,,member-directory,Rock Steady Boxing,"6532 Indianapolis Blvd, HAMMOND, IN 46320, United States",HAMMOND,IN,46320,https://members.rocksteadyboxing.org/member-directory/Details/hammond-family-ymca-3440191,41.5957427,-87.4811015,2026-03-28T03:14:36.183Z
rock-steady-boxing,Rock Steady Boxing Member Directory,member-directory:hampton-roads-2829413,member-directory-hampton-roads-312-w-bute-st-norfolk-va-23510-united-states,Rock Steady Boxing - Hampton Roads,Community Program,Rock Steady Boxing - Hampton Roads is listed in the official Rock Steady Boxing directory.,"Rock Steady Boxing - Hampton Roads is listed in the official Rock Steady Boxing Member Directory. Address: 312 W Bute St, Norfolk, VA 23510, United States.","Norfolk, VA, United States","Norfolk, VA, United States",United States,Community Program | Parkinson's Care,,in-person,false,unclaimed,0,0,,,7572881699,Rock Steady Boxing - Hampton Roads,,member-directory,Rock Steady Boxing,"312 W Bute St, Norfolk, VA 23510, United States",Norfolk,VA,23510,https://members.rocksteadyboxing.org/member-directory/Details/hampton-roads-2829413,36.8530114,-76.293934,2026-03-28T03:14:36.183Z
rock-steady-boxing,Rock Steady Boxing Member Directory,member-directory:hancock-wellness-center-new-palestine-2829412,member-directory-hancock-wellness-center-new-palestine-4055-s-roy-wilson-way-new-palestine-in-46163-united-states,Rock Steady Boxing - Hancock Wellness Center - New Palestine,Exercise Program,Rock Steady Boxing - Hancock Wellness Center - New Palestine is listed in the official Rock Steady Boxing directory.,"Rock Steady Boxing - Hancock Wellness Center - New Palestine is listed in the official Rock Steady Boxing Member Directory. Address: 4055 S. Roy Wilson Way, New Palestine, IN 46163, United States.","New Palestine, IN, United States","New Palestine, IN, United States",United States,Boxing | Exercise | Parkinson's Care,,in-person,false,unclaimed,0,0,,,3178667400,Rock Steady Boxing - Hancock Wellness Center - New Palestine,,member-directory,Rock Steady Boxing,"4055 S. Roy Wilson Way, New Palestine, IN 46163, United States",New Palestine,IN,46163,https://members.rocksteadyboxing.org/member-directory/Details/hancock-wellness-center-new-palestine-2829412,39.7189419,-85.8844328,2026-03-28T03:14:36.183Z
rock-steady-boxing,Rock Steady Boxing Member Directory,member-directory:hancock-wellness-center-greenfield-2829411,member-directory-hancock-wellness-center-greenfield-888-w-new-rd-greenfield-in-46140-united-states,Rock Steady Boxing - Hancock Wellness Center Greenfield,Exercise Program,Rock Steady Boxing - Hancock Wellness Center Greenfield is listed in the official Rock Steady Boxing directory.,"Rock Steady Boxing - Hancock Wellness Center Greenfield is listed in the official Rock Steady Boxing Member Directory. Address: 888 W. New Rd, Greenfield, IN 46140, United States.","Greenfield, IN, United States","Greenfield, IN, United States",United States,Boxing | Exercise | Parkinson's Care,,in-person,false,unclaimed,0,0,,,3174686100,Rock Steady Boxing - Hancock Wellness Center Greenfield,,member-directory,Rock Steady Boxing,"888 W. New Rd, Greenfield, IN 46140, United States",Greenfield,IN,46140,https://members.rocksteadyboxing.org/member-directory/Details/hancock-wellness-center-greenfield-2829411,39.8148168,-85.78228179999999,2026-03-28T03:14:36.183Z
rock-steady-boxing,Rock Steady Boxing Member Directory,member-directory:hard-knocks-training-center-llc-3911691,member-directory-hard-knocks-training-center-llc-1003-clay-st-portsmouth-oh-45662-united-states,Rock Steady Boxing - Hard Knocks Training Center LLC,Community Program,Rock Steady Boxing - Hard Knocks Training Center LLC is listed in the official Rock Steady Boxing directory.,"Rock Steady Boxing - Hard Knocks Training Center LLC is listed in the official Rock Steady Boxing Member Directory. Address: 1003 Clay St, Portsmouth, OH 45662, United States.","Portsmouth, OH, United States","Portsmouth, OH, United States",United States,Community Program | Parkinson's Care,,in-person,false,unclaimed,0,0,,,7403525939,Rock Steady Boxing - Hard Knocks Training Center LLC,,member-directory,Rock Steady Boxing,"1003 Clay St, Portsmouth, OH 45662, United States",Portsmouth,OH,45662,https://members.rocksteadyboxing.org/member-directory/Details/hard-knocks-training-center-llc-3911691,38.7379246,-82.9757705,2026-03-28T03:14:36.184Z
rock-steady-boxing,Rock Steady Boxing Member Directory,member-directory:harrisburg-2829410,member-directory-harrisburg-5001-carlisle-pike-mechanicsburg-pa-17050-united-states,Rock Steady Boxing - Harrisburg,Community Program,Rock Steady Boxing - Harrisburg is listed in the official Rock Steady Boxing directory.,"Rock Steady Boxing - Harrisburg is listed in the official Rock Steady Boxing Member Directory. Address: 5001 Carlisle Pike, Mechanicsburg, PA 17050, United States.","Mechanicsburg, PA, United States","Mechanicsburg, PA, United States",United States,Community Program | Parkinson's Care,,in-person,false,unclaimed,0,0,,,7177613527,Rock Steady Boxing - Harrisburg,,member-directory,Rock Steady Boxing,"5001 Carlisle Pike, Mechanicsburg, PA 17050, United States",Mechanicsburg,PA,17050,https://members.rocksteadyboxing.org/member-directory/Details/harrisburg-2829410,40.2375456,-76.9724165,2026-03-28T03:14:36.184Z
rock-steady-boxing,Rock Steady Boxing Member Directory,member-directory:harrison-ar-2829408,member-directory-harrison-ar-123-e-bower-harrison-ar-72601-united-states,"Rock Steady Boxing Harrison, AR",Community Program,"Rock Steady Boxing Harrison, AR is listed in the official Rock Steady Boxing directory.","Rock Steady Boxing Harrison, AR is listed in the official Rock Steady Boxing Member Directory. Address: 123 E Bower, Harrison, AR 72601, United States.","Harrison, AR, United States","Harrison, AR, United States",United States,Community Program | Parkinson's Care,,in-person,false,unclaimed,0,0,,,8305779617,"Rock Steady Boxing Harrison, AR",,member-directory,Rock Steady Boxing,"123 E Bower, Harrison, AR 72601, United States",Harrison,AR,72601,https://members.rocksteadyboxing.org/member-directory/Details/harrison-ar-2829408,36.2357506,-93.10612189999999,2026-03-28T03:14:36.184Z
rock-steady-boxing,Rock Steady Boxing Member Directory,member-directory:haus-2829407,member-directory-haus-1965-post-road-507-inside-extreme-martial-arts-new-braunfels-tx-78130-united-states,Rock Steady Boxing - Haus,Community Program,Rock Steady Boxing - Haus is listed in the official Rock Steady Boxing directory.,"Rock Steady Boxing - Haus is listed in the official Rock Steady Boxing Member Directory. Address: 1965 Post Road, #507, inside Extreme Martial Arts, New Braunfels, TX 78130, United States.","New Braunfels, TX, United States","New Braunfels, TX, United States",United States,Community Program | Parkinson's Care,,in-person,false,unclaimed,0,0,,,5125536062,Rock Steady Boxing - Haus,,member-directory,Rock Steady Boxing,"1965 Post Road, #507, inside Extreme Martial Arts, New Braunfels, TX 78130, United States",New Braunfels,TX,78130,https://members.rocksteadyboxing.org/member-directory/Details/haus-2829407,29.7220037,-98.087756,2026-03-28T03:14:36.184Z
rock-steady-boxing,Rock Steady Boxing Member Directory,member-directory:hazleton-2829406,member-directory-hazleton-1077-north-church-street-hazle-township-pa-18202-united-states,Rock Steady Boxing - Hazleton,Community Program,Rock Steady Boxing - Hazleton is listed in the official Rock Steady Boxing directory.,"Rock Steady Boxing - Hazleton is listed in the official Rock Steady Boxing Member Directory. Address: 1077 North Church Street, Hazle Township, PA 18202, United States.","Hazle Township, PA, United States","Hazle Township, PA, United States",United States,Community Program | Parkinson's Care,,in-person,false,unclaimed,0,0,,,5705011808,Rock Steady Boxing - Hazleton,,member-directory,Rock Steady Boxing,"1077 North Church Street, Hazle Township, PA 18202, United States",Hazle Township,PA,18202,https://members.rocksteadyboxing.org/member-directory/Details/hazleton-2829406,40.976708,-75.97677019999999,2026-03-28T03:14:36.184Z
rock-steady-boxing,Rock Steady Boxing Member Directory,member-directory:hb-fight-club-in-orange-county-3517799,member-directory-hb-fight-club-in-orange-county-15531-computer-lane-huntington-beach-ca-92649-united-states,Rock Steady Boxing - HB Fight Club in Orange County,Community Program,Rock Steady Boxing - HB Fight Club in Orange County is listed in the official Rock Steady Boxing directory.,"Rock Steady Boxing - HB Fight Club in Orange County is listed in the official Rock Steady Boxing Member Directory. Address: 15531 Computer Lane, Huntington Beach, CA 92649, United States.","Huntington Beach, CA, United States","Huntington Beach, CA, United States",United States,Community Program | Parkinson's Care,,in-person,false,unclaimed,0,0,,,7143493759,Rock Steady Boxing - HB Fight Club in Orange County,,member-directory,Rock Steady Boxing,"15531 Computer Lane, Huntington Beach, CA 92649, United States",Huntington Beach,CA,92649,https://members.rocksteadyboxing.org/member-directory/Details/hb-fight-club-in-orange-county-3517799,33.7366389,-118.0300588,2026-03-28T03:14:36.184Z
rock-steady-boxing,Rock Steady Boxing Member Directory,member-directory:west-morris-area-ymca-2829935,member-directory-west-morris-area-ymca-14-dover-chester-road-randolph-nj-07869-united-states,Rock Steady Boxing - West Morris Area YMCA,Community Program,Rock Steady Boxing - West Morris Area YMCA is listed in the official Rock Steady Boxing directory.,"Rock Steady Boxing - West Morris Area YMCA is listed in the official Rock Steady Boxing Member Directory. Address: 14 Dover Chester Road, Randolph, NJ 07869, United States.","Randolph, NJ, United States","Randolph, NJ, United States",United States,Community Program | Parkinson's Care,,in-person,false,unclaimed,0,0,,,9733661120,Rock Steady Boxing - West Morris Area YMCA,,member-directory,Rock Steady Boxing,"14 Dover Chester Road, Randolph, NJ 07869, United States",Randolph,NJ,07869,https://members.rocksteadyboxing.org/member-directory/Details/west-morris-area-ymca-2829935,40.8660021,-74.58851729999999,2026-03-28T03:14:36.184Z
rock-steady-boxing,Rock Steady Boxing Member Directory,member-directory:health-wellness-clinton-2829404,member-directory-health-and-wellness-clinton-1738-rte-31-n-clinton-nj-08809-united-states,Rock Steady Boxing - Health & Wellness Clinton,Exercise Program,Rock Steady Boxing - Health & Wellness Clinton is listed in the official Rock Steady Boxing directory.,"Rock Steady Boxing - Health & Wellness Clinton is listed in the official Rock Steady Boxing Member Directory. Address: 1738 Rte 31 N, Clinton, NJ 08809, United States.","Clinton, NJ, United States","Clinton, NJ, United States",United States,Boxing | Exercise | Parkinson's Care,,in-person,false,unclaimed,0,0,,,9087356884Ext7504,Rock Steady Boxing - Health & Wellness Clinton,,member-directory,Rock Steady Boxing,"1738 Rte 31 N, Clinton, NJ 08809, United States",Clinton,NJ,08809,https://members.rocksteadyboxing.org/member-directory/Details/health-wellness-clinton-2829404,40.6531502,-74.9090939,2026-03-28T03:14:36.184Z
rock-steady-boxing,Rock Steady Boxing Member Directory,member-directory:health-ridge-wellness-center-2829403,member-directory-health-ridge-wellness-center-2200-forest-ridge-parkway-new-castle-in-47362-united-states,Rock Steady Boxing - Health Ridge Wellness Center,Exercise Program,Rock Steady Boxing - Health Ridge Wellness Center is listed in the official Rock Steady Boxing directory.,"Rock Steady Boxing - Health Ridge Wellness Center is listed in the official Rock Steady Boxing Member Directory. Address: 2200 Forest Ridge Parkway, New Castle, IN 47362, United States.","New Castle, IN, United States","New Castle, IN, United States",United States,Boxing | Exercise | Parkinson's Care,,in-person,false,unclaimed,0,0,,,7655211216,Rock Steady Boxing - Health Ridge Wellness Center,,member-directory,Rock Steady Boxing,"2200 Forest Ridge Parkway, New Castle, IN 47362, United States",New Castle,IN,47362,https://members.rocksteadyboxing.org/member-directory/Details/health-ridge-wellness-center-2829403,39.9089776,-85.381192,2026-03-28T03:14:36.184Z
rock-steady-boxing,Rock Steady Boxing Member Directory,member-directory:healthplex-2829402,member-directory-healthplex-9406-zac-lentz-parkway-victoria-tx-77904-united-states,Rock Steady Boxing - HealthPlex,Community Program,Rock Steady Boxing - HealthPlex is listed in the official Rock Steady Boxing directory.,"Rock Steady Boxing - HealthPlex is listed in the official Rock Steady Boxing Member Directory. Address: 9406 Zac Lentz Parkway, Victoria, TX 77904, United States.","Victoria, TX, United States","Victoria, TX, United States",United States,Community Program | Parkinson's Care,,in-person,false,unclaimed,0,0,,,3615705433,Rock Steady Boxing - HealthPlex,,member-directory,Rock Steady Boxing,"9406 Zac Lentz Parkway, Victoria, TX 77904, United States",Victoria,TX,77904,https://members.rocksteadyboxing.org/member-directory/Details/healthplex-2829402,28.8628857,-97.01700009999999,2026-03-28T03:14:36.184Z
rock-steady-boxing,Rock Steady Boxing Member Directory,member-directory:healthworks-2829401,member-directory-healthworks-304-north-madison-ave-el-dorado-ar-71730-united-states,Rock Steady Boxing - Healthworks,Community Program,Rock Steady Boxing - Healthworks is listed in the official Rock Steady Boxing directory.,"Rock Steady Boxing - Healthworks is listed in the official Rock Steady Boxing Member Directory. Address: 304 North Madison Ave., El Dorado, AR 71730, United States.","El Dorado, AR, United States","El Dorado, AR, United States",United States,Community Program | Parkinson's Care,,in-person,false,unclaimed,0,0,,,8708625442,Rock Steady Boxing - Healthworks,,member-directory,Rock Steady Boxing,"304 North Madison Ave., El Dorado, AR 71730, United States",El Dorado,AR,71730,https://members.rocksteadyboxing.org/member-directory/Details/healthworks-2829401,33.2129404,-92.66030119999999,2026-03-28T03:14:36.184Z
rock-steady-boxing,Rock Steady Boxing Member Directory,member-directory:heartland-neurological-therapy-wellness-2829400,member-directory-heartland-neurological-therapy-and-wellness-2546-river-road-drive-waterloo-ne-68069-united-states,Rock Steady Boxing - Heartland Neurological Therapy & Wellness,Exercise Program,Rock Steady Boxing - Heartland Neurological Therapy & Wellness is listed in the official Rock Steady Boxing directory.,"Rock Steady Boxing - Heartland Neurological Therapy & Wellness is listed in the official Rock Steady Boxing Member Directory. Address: 2546 River Road Drive, Waterloo, NE 68069, United States.","Waterloo, NE, United States","Waterloo, NE, United States",United States,Boxing | Exercise | Parkinson's Care,,in-person,false,unclaimed,0,0,,,5314448945,Rock Steady Boxing - Heartland Neurological Therapy & Wellness,,member-directory,Rock Steady Boxing,"2546 River Road Drive, Waterloo, NE 68069, United States",Waterloo,NE,68069,https://members.rocksteadyboxing.org/member-directory/Details/heartland-neurological-therapy-wellness-2829400,41.2822428,-96.28369789999999,2026-03-28T03:14:36.184Z
rock-steady-boxing,Rock Steady Boxing Member Directory,member-directory:henderson-county-family-ymca-3315037,member-directory-henderson-county-family-ymca-460-klutey-park-plaza-henderson-ky-42420-united-states,Rock Steady Boxing - Henderson County Family YMCA,Community Program,Rock Steady Boxing - Henderson County Family YMCA is listed in the official Rock Steady Boxing directory.,"Rock Steady Boxing - Henderson County Family YMCA is listed in the official Rock Steady Boxing Member Directory. Address: 460 Klutey Park Plaza, Henderson, KY 42420, United States.","Henderson, KY, United States","Henderson, KY, United States",United States,Community Program | Parkinson's Care,,in-person,false,unclaimed,0,0,,,2708279622x306,Rock Steady Boxing - Henderson County Family YMCA,,member-directory,Rock Steady Boxing,"460 Klutey Park Plaza, Henderson, KY 42420, United States",Henderson,KY,42420,https://members.rocksteadyboxing.org/member-directory/Details/henderson-county-family-ymca-3315037,37.83514400000001,-87.5679931,2026-03-28T03:14:36.184Z
rock-steady-boxing,Rock Steady Boxing Member Directory,member-directory:henson-family-ymca-4044464,member-directory-henson-family-ymca-715-south-schumaker-dr-salisbury-md-21804-united-states,Rock Steady Boxing - Henson Family YMCA,Community Program,Rock Steady Boxing - Henson Family YMCA is listed in the official Rock Steady Boxing directory.,"Rock Steady Boxing - Henson Family YMCA is listed in the official Rock Steady Boxing Member Directory. Address: 715 South Schumaker Dr, Salisbury, MD 21804, United States.","Salisbury, MD, United States","Salisbury, MD, United States",United States,Community Program | Parkinson's Care,,in-person,false,unclaimed,0,0,,,4107703890,Rock Steady Boxing - Henson Family YMCA,,member-directory,Rock Steady Boxing,"715 South Schumaker Dr, Salisbury, MD 21804, United States",Salisbury,MD,21804,https://members.rocksteadyboxing.org/member-directory/Details/henson-family-ymca-4044464,38.3561342,-75.5805752,2026-03-28T03:14:36.184Z
rock-steady-boxing,Rock Steady Boxing Member Directory,member-directory:heritage-pointe-of-warren-2829398,member-directory-heritage-pointe-of-warren-801-huntington-avenue-warren-in-47359-united-states,Rock Steady Boxing - Heritage Pointe of Warren,Community Program,Rock Steady Boxing - Heritage Pointe of Warren is listed in the official Rock Steady Boxing directory.,"Rock Steady Boxing - Heritage Pointe of Warren is listed in the official Rock Steady Boxing Member Directory. Address: 801 Huntington Avenue, Warren, IN 47359, United States.","Warren, IN, United States","Warren, IN, United States",United States,Community Program | Parkinson's Care,,in-person,false,unclaimed,0,0,,,2603752201,Rock Steady Boxing - Heritage Pointe of Warren,,member-directory,Rock Steady Boxing,"801 Huntington Avenue, Warren, IN 47359, United States",Warren,IN,47359,https://members.rocksteadyboxing.org/member-directory/Details/heritage-pointe-of-warren-2829398,40.6881716,-85.4326006,2026-03-28T03:14:36.184Z
rock-steady-boxing,Rock Steady Boxing Member Directory,member-directory:hickory-nc-2829397,member-directory-hickory-nc-3206-hwy-127-hickory-nc-28602-united-states,"Rock Steady Boxing Hickory, NC",Community Program,"Rock Steady Boxing Hickory, NC is listed in the official Rock Steady Boxing directory.","Rock Steady Boxing Hickory, NC is listed in the official Rock Steady Boxing Member Directory. Address: 3206 Hwy 127, Hickory, NC 28602, United States.","Hickory, NC, United States","Hickory, NC, United States",United States,Community Program | Parkinson's Care,,in-person,false,unclaimed,0,0,,,7046571080,"Rock Steady Boxing Hickory, NC",,member-directory,Rock Steady Boxing,"3206 Hwy 127, Hickory, NC 28602, United States",Hickory,NC,28602,https://members.rocksteadyboxing.org/member-directory/Details/hickory-nc-2829397,35.6829866,-81.3745239,2026-03-28T03:14:36.184Z
rock-steady-boxing,Rock Steady Boxing Member Directory,member-directory:higashi-osaka-4712030,member-directory-higashi-osaka-2-7-2-wakae-higashi-machi-higashi-osaka-osaka-578-0935-japan,Rock Steady Boxing Higashi Osaka,Community Program,Rock Steady Boxing Higashi Osaka is listed in the official Rock Steady Boxing directory.,"Rock Steady Boxing Higashi Osaka is listed in the official Rock Steady Boxing Member Directory. Address: 2-7-2 Wakae Higashi Machi, Higashi Osaka, Osaka 578-0935, Japan.","Higashi Osaka, Japan","Higashi Osaka, Japan",Japan,Community Program | Parkinson's Care,,in-person,false,unclaimed,0,0,,,8108061804794,Rock Steady Boxing Higashi Osaka,,member-directory,Rock Steady Boxing,"2-7-2 Wakae Higashi Machi, Higashi Osaka, Osaka 578-0935, Japan",Higashi Osaka,,,https://members.rocksteadyboxing.org/member-directory/Details/higashi-osaka-4712030,34.6556116,135.6116333,2026-03-28T03:14:36.184Z
rock-steady-boxing,Rock Steady Boxing Member Directory,member-directory:highland-springs-2829396,member-directory-highland-springs-8000-frankford-road-dallas-tx-75252-united-states,Rock Steady Boxing - Highland Springs,Community Program,Rock Steady Boxing - Highland Springs is listed in the official Rock Steady Boxing directory.,"Rock Steady Boxing - Highland Springs is listed in the official Rock Steady Boxing Member Directory. Address: 8000 Frankford Road, Dallas, TX 75252, United States.","Dallas, TX, United States","Dallas, TX, United States",United States,Community Program | Parkinson's Care,,in-person,false,unclaimed,0,0,,,9722328202,Rock Steady Boxing - Highland Springs,,member-directory,Rock Steady Boxing,"8000 Frankford Road, Dallas, TX 75252, United States",Dallas,TX,75252,https://members.rocksteadyboxing.org/member-directory/Details/highland-springs-2829396,32.9939906,-96.7660543,2026-03-28T03:14:36.184Z
rock-steady-boxing,Rock Steady Boxing Member Directory,member-directory:hillsborough-2829394,member-directory-hillsborough-220-triangle-rd-suite-232-hillsborough-nj-08844-united-states,"Rock Steady Boxing Hillsborough, NJ",Community Program,"Rock Steady Boxing Hillsborough, NJ is listed in the official Rock Steady Boxing directory.","Rock Steady Boxing Hillsborough, NJ is listed in the official Rock Steady Boxing Member Directory. Address: 220 Triangle Rd Suite 232, Hillsborough, NJ 08844, United States.","Hillsborough, NJ, United States","Hillsborough, NJ, United States",United States,Community Program | Parkinson's Care,,in-person,false,unclaimed,0,0,,,9082102153,"Rock Steady Boxing Hillsborough, NJ",,member-directory,Rock Steady Boxing,"220 Triangle Rd Suite 232, Hillsborough, NJ 08844, United States",Hillsborough,NJ,08844,https://members.rocksteadyboxing.org/member-directory/Details/hillsborough-2829394,40.5138504,-74.6613599,2026-03-28T03:14:36.184Z
rock-steady-boxing,Rock Steady Boxing Member Directory,member-directory:hilo-hawaii-2829393,member-directory-hilo-hawaii-p-o-box-117-volcano-hi-96720-united-states,Rock Steady Boxing - Hilo Hawaii,Community Program,Rock Steady Boxing - Hilo Hawaii is listed in the official Rock Steady Boxing directory.,"Rock Steady Boxing - Hilo Hawaii is listed in the official Rock Steady Boxing Member Directory. Address: P.O. Box 117, Volcano, HI 96720, United States.","Volcano, HI, United States","Volcano, HI, United States",United States,Community Program | Parkinson's Care,,in-person,false,unclaimed,0,0,,,8087852839,Rock Steady Boxing - Hilo Hawaii,,member-directory,Rock Steady Boxing,"P.O. Box 117, Volcano, HI 96720, United States",Volcano,HI,96720,https://members.rocksteadyboxing.org/member-directory/Details/hilo-hawaii-2829393,19.4282321,-155.2351628,2026-03-28T03:14:36.184Z
rock-steady-boxing,Rock Steady Boxing Member Directory,member-directory:hilton-head-2829392,member-directory-hilton-head-36-persimmons-street-bluffton-sc-29910-united-states,Rock Steady Boxing - Hilton Head,Community Program,Rock Steady Boxing - Hilton Head is listed in the official Rock Steady Boxing directory.,"Rock Steady Boxing - Hilton Head is listed in the official Rock Steady Boxing Member Directory. Address: 36 Persimmons Street, Bluffton, SC 29910, United States.","Bluffton, SC, United States","Bluffton, SC, United States",United States,Community Program | Parkinson's Care,,in-person,false,unclaimed,0,0,,,8434226641,Rock Steady Boxing - Hilton Head,,member-directory,Rock Steady Boxing,"36 Persimmons Street, Bluffton, SC 29910, United States",Bluffton,SC,29910,https://members.rocksteadyboxing.org/member-directory/Details/hilton-head-2829392,32.2606279,-80.8633349,2026-03-28T03:14:36.184Z
rock-steady-boxing,Rock Steady Boxing Member Directory,member-directory:holland-3397790,member-directory-holland-550-maple-ave-holland-mi-49423-united-states,"Rock Steady Boxing Holland, MI",Community Program,"Rock Steady Boxing Holland, MI is listed in the official Rock Steady Boxing directory.","Rock Steady Boxing Holland, MI is listed in the official Rock Steady Boxing Member Directory. Address: 550 Maple Ave, Holland, MI 49423, United States.","Holland, MI, United States","Holland, MI, United States",United States,Community Program | Parkinson's Care,,in-person,false,unclaimed,0,0,,,6162128067,"Rock Steady Boxing Holland, MI",,member-directory,Rock Steady Boxing,"550 Maple Ave, Holland, MI 49423, United States",Holland,MI,49423,https://members.rocksteadyboxing.org/member-directory/Details/holland-3397790,42.7769406,-86.11617319999999,2026-03-28T03:14:36.184Z
rock-steady-boxing,Rock Steady Boxing Member Directory,member-directory:honesdale-2829391,member-directory-honesdale-107-8th-st-honesdale-pa-18431-united-states,"Rock Steady Boxing Honesdale, PA",Community Program,"Rock Steady Boxing Honesdale, PA is listed in the official Rock Steady Boxing directory.","Rock Steady Boxing Honesdale, PA is listed in the official Rock Steady Boxing Member Directory. Address: 107 8th St, Honesdale, PA 18431, United States.","Honesdale, PA, United States","Honesdale, PA, United States",United States,Community Program | Parkinson's Care,,in-person,false,unclaimed,0,0,,,5702513499,"Rock Steady Boxing Honesdale, PA",,member-directory,Rock Steady Boxing,"107 8th St, Honesdale, PA 18431, United States",Honesdale,PA,18431,https://members.rocksteadyboxing.org/member-directory/Details/honesdale-2829391,41.572501,-75.2551069,2026-03-28T03:14:36.184Z
rock-steady-boxing,Rock Steady Boxing Member Directory,member-directory:honolulu-3928552,member-directory-honolulu-2240-mahalo-st-honolulu-hi-96817-united-states,"Rock Steady Boxing Honolulu, HI",Community Program,"Rock Steady Boxing Honolulu, HI is listed in the official Rock Steady Boxing directory.","Rock Steady Boxing Honolulu, HI is listed in the official Rock Steady Boxing Member Directory. Address: 2240 Mahalo St, Honolulu, HI 96817, United States.","Honolulu, HI, United States","Honolulu, HI, United States",United States,Community Program | Parkinson's Care,,in-person,false,unclaimed,0,0,,,8083646520,"Rock Steady Boxing Honolulu, HI",,member-directory,Rock Steady Boxing,"2240 Mahalo St, Honolulu, HI 96817, United States",Honolulu,HI,96817,https://members.rocksteadyboxing.org/member-directory/Details/honolulu-3928552,21.3307706,-157.8531944,2026-03-28T03:14:36.184Z
rock-steady-boxing,Rock Steady Boxing Member Directory,member-directory:hoosier-village-2829389,member-directory-hoosier-village-9909-purple-plum-lane-indianapolis-in-46268-united-states,Rock Steady Boxing - Hoosier Village,Community Program,Rock Steady Boxing - Hoosier Village is listed in the official Rock Steady Boxing directory.,"Rock Steady Boxing - Hoosier Village is listed in the official Rock Steady Boxing Member Directory. Address: 9909 Purple Plum Lane, Indianapolis, IN 46268, United States.","Indianapolis, IN, United States","Indianapolis, IN, United States",United States,Community Program | Parkinson's Care,,in-person,false,unclaimed,0,0,,,3179734006,Rock Steady Boxing - Hoosier Village,,member-directory,Rock Steady Boxing,"9909 Purple Plum Lane, Indianapolis, IN 46268, United States",Indianapolis,IN,46268,https://members.rocksteadyboxing.org/member-directory/Details/hoosier-village-2829389,39.9306318,-86.25436169999999,2026-03-28T03:14:36.184Z
rock-steady-boxing,Rock Steady Boxing Member Directory,member-directory:hopkins-county-family-ymca-2829387,member-directory-hopkins-county-family-ymca-150-ymca-dr-madisonville-ky-42431-united-states,Rock Steady Boxing - Hopkins County Family YMCA,Community Program,Rock Steady Boxing - Hopkins County Family YMCA is listed in the official Rock Steady Boxing directory.,"Rock Steady Boxing - Hopkins County Family YMCA is listed in the official Rock Steady Boxing Member Directory. Address: 150 YMCA Dr., Madisonville, KY 42431, United States.","Madisonville, KY, United States","Madisonville, KY, United States",United States,Community Program | Parkinson's Care,,in-person,false,unclaimed,0,0,,,2708219622,Rock Steady Boxing - Hopkins County Family YMCA,,member-directory,Rock Steady Boxing,"150 YMCA Dr., Madisonville, KY 42431, United States",Madisonville,KY,42431,https://members.rocksteadyboxing.org/member-directory/Details/hopkins-county-family-ymca-2829387,37.3541731,-87.49502,2026-03-28T03:14:36.184Z
rock-steady-boxing,Rock Steady Boxing Member Directory,member-directory:hopkinsville-ymca-2829386,member-directory-hopkinsville-ymca-7805-eagle-way-hopkinsville-ky-42240-united-states,Rock Steady Boxing - Hopkinsville YMCA,Community Program,Rock Steady Boxing - Hopkinsville YMCA is listed in the official Rock Steady Boxing directory.,"Rock Steady Boxing - Hopkinsville YMCA is listed in the official Rock Steady Boxing Member Directory. Address: 7805 Eagle Way, Hopkinsville, KY 42240, United States.","Hopkinsville, KY, United States","Hopkinsville, KY, United States",United States,Community Program | Parkinson's Care,,in-person,false,unclaimed,0,0,,,2708875382,Rock Steady Boxing - Hopkinsville YMCA,,member-directory,Rock Steady Boxing,"7805 Eagle Way, Hopkinsville, KY 42240, United States",Hopkinsville,KY,42240,https://members.rocksteadyboxing.org/member-directory/Details/hopkinsville-ymca-2829386,36.8292761,-87.51956919999999,2026-03-28T03:14:36.185Z
rock-steady-boxing,Rock Steady Boxing Member Directory,member-directory:hornell-2829385,member-directory-hornell-18-center-street-hornell-ny-14843-united-states,"Rock Steady Boxing Hornell, NY",Community Program,"Rock Steady Boxing Hornell, NY is listed in the official Rock Steady Boxing directory.","Rock Steady Boxing Hornell, NY is listed in the official Rock Steady Boxing Member Directory. Address: 18 Center Street, Hornell, NY 14843, United States.","Hornell, NY, United States","Hornell, NY, United States",United States,Community Program | Parkinson's Care,,in-person,false,unclaimed,0,0,,,6073245520,"Rock Steady Boxing Hornell, NY",,member-directory,Rock Steady Boxing,"18 Center Street, Hornell, NY 14843, United States",Hornell,NY,14843,https://members.rocksteadyboxing.org/member-directory/Details/hornell-2829385,42.325404,-77.658416,2026-03-28T03:14:36.185Z
rock-steady-boxing,Rock Steady Boxing Member Directory,member-directory:hot-springs-2829384,member-directory-hot-springs-2350-central-ave-hot-springs-ar-71901-united-states,"Rock Steady Boxing Hot Springs, AR",Community Program,"Rock Steady Boxing Hot Springs, AR is listed in the official Rock Steady Boxing directory.","Rock Steady Boxing Hot Springs, AR is listed in the official Rock Steady Boxing Member Directory. Address: 2350 Central Ave., Hot Springs, AR 71901, United States.","Hot Springs, AR, United States","Hot Springs, AR, United States",United States,Community Program | Parkinson's Care,,in-person,false,unclaimed,0,0,,,5016239999,"Rock Steady Boxing Hot Springs, AR",,member-directory,Rock Steady Boxing,"2350 Central Ave., Hot Springs, AR 71901, United States",Hot Springs,AR,71901,https://members.rocksteadyboxing.org/member-directory/Details/hot-springs-2829384,34.4878691,-93.0596729,2026-03-28T03:14:36.185Z
rock-steady-boxing,Rock Steady Boxing Member Directory,member-directory:hot-springs-village-2829383,member-directory-hot-springs-village-121-cortez-rd-hot-springs-village-ar-71909-united-states,"Rock Steady Boxing Hot Springs Village, AR",Community Program,"Rock Steady Boxing Hot Springs Village, AR is listed in the official Rock Steady Boxing directory.","Rock Steady Boxing Hot Springs Village, AR is listed in the official Rock Steady Boxing Member Directory. Address: 121 Cortez Rd, Hot Springs Village, AR 71909, United States.","Hot Springs Village, AR, United States","Hot Springs Village, AR, United States",United States,Community Program | Parkinson's Care,,in-person,false,unclaimed,0,0,,,5019228066,"Rock Steady Boxing Hot Springs Village, AR",,member-directory,Rock Steady Boxing,"121 Cortez Rd, Hot Springs Village, AR 71909, United States",Hot Springs Village,AR,71909,https://members.rocksteadyboxing.org/member-directory/Details/hot-springs-village-2829383,34.6717456,-92.9639254,2026-03-28T03:14:36.185Z
rock-steady-boxing,Rock Steady Boxing Member Directory,member-directory:house-of-champions-2829382,member-directory-house-of-champions-4378-u-s-1-vero-beach-fl-32967-united-states,Rock Steady Boxing - House of Champions,Community Program,Rock Steady Boxing - House of Champions is listed in the official Rock Steady Boxing directory.,"Rock Steady Boxing - House of Champions is listed in the official Rock Steady Boxing Member Directory. Address: 4378 U.S. 1, Vero Beach, FL 32967, United States.","Vero Beach, FL, United States","Vero Beach, FL, United States",United States,Community Program | Parkinson's Care,,in-person,false,unclaimed,0,0,,,7727131157,Rock Steady Boxing - House of Champions,,member-directory,Rock Steady Boxing,"4378 U.S. 1, Vero Beach, FL 32967, United States",Vero Beach,FL,32967,https://members.rocksteadyboxing.org/member-directory/Details/house-of-champions-2829382,27.6723464,-80.4064116,2026-03-28T03:14:36.185Z
rock-steady-boxing,Rock Steady Boxing Member Directory,member-directory:huntersville-2829378,member-directory-huntersville-11725-verhoeff-drive-huntersville-nc-28078-united-states,"Rock Steady Boxing Huntersville, NC",Community Program,"Rock Steady Boxing Huntersville, NC is listed in the official Rock Steady Boxing directory.","Rock Steady Boxing Huntersville, NC is listed in the official Rock Steady Boxing Member Directory. Address: 11725 Verhoeff Drive, Huntersville, NC 28078, United States.","Huntersville, NC, United States","Huntersville, NC, United States",United States,Community Program | Parkinson's Care,,in-person,false,unclaimed,0,0,,,7046220200,"Rock Steady Boxing Huntersville, NC",,member-directory,Rock Steady Boxing,"11725 Verhoeff Drive, Huntersville, NC 28078, United States",Huntersville,NC,28078,https://members.rocksteadyboxing.org/member-directory/Details/huntersville-2829378,35.39204,-80.8449579,2026-03-28T03:14:36.185Z
rock-steady-boxing,Rock Steady Boxing Member Directory,member-directory:huntsville-tx-2829377,member-directory-huntsville-tx-130-col-etheredge-blvd-huntsville-tx-77340-united-states,"Rock Steady Boxing Huntsville, TX",Community Program,"Rock Steady Boxing Huntsville, TX is listed in the official Rock Steady Boxing directory.","Rock Steady Boxing Huntsville, TX is listed in the official Rock Steady Boxing Member Directory. Address: 130 Col Etheredge Blvd, Huntsville, TX 77340, United States.","Huntsville, TX, United States","Huntsville, TX, United States",United States,Community Program | Parkinson's Care,,in-person,false,unclaimed,0,0,,,9364024249,"Rock Steady Boxing Huntsville, TX",,member-directory,Rock Steady Boxing,"130 Col Etheredge Blvd, Huntsville, TX 77340, United States",Huntsville,TX,77340,https://members.rocksteadyboxing.org/member-directory/Details/huntsville-tx-2829377,30.7158596,-95.5714502,2026-03-28T03:14:36.185Z
rock-steady-boxing,Rock Steady Boxing Member Directory,member-directory:huron-county-2829376,member-directory-huron-county-316-s-hanselman-street-bad-axe-mi-48413-united-states,Rock Steady Boxing - Huron County,Community Program,Rock Steady Boxing - Huron County is listed in the official Rock Steady Boxing directory.,"Rock Steady Boxing - Huron County is listed in the official Rock Steady Boxing Member Directory. Address: 316 S. Hanselman Street, Bad Axe, MI 48413, United States.","Bad Axe, MI, United States","Bad Axe, MI, United States",United States,Community Program | Parkinson's Care,,in-person,false,unclaimed,0,0,,,5866349883,Rock Steady Boxing - Huron County,,member-directory,Rock Steady Boxing,"316 S. Hanselman Street, Bad Axe, MI 48413, United States",Bad Axe,MI,48413,https://members.rocksteadyboxing.org/member-directory/Details/huron-county-2829376,43.7989756,-82.9969191,2026-03-28T03:14:36.185Z
rock-steady-boxing,Rock Steady Boxing Member Directory,member-directory:i-j-jeann-wagner-jewish-community-center-4393395,member-directory-i-j-and-jeann-wagner-jewish-community-center-2-n-medical-drive-salt-lake-city-ut-84113-united-states,Rock Steady Boxing - I.J. & Jeanné Wagner Jewish Community Center,Community Program,Rock Steady Boxing - I.J. & Jeanné Wagner Jewish Community Center is listed in the official Rock Steady Boxing directory.,"Rock Steady Boxing - I.J. & Jeanné Wagner Jewish Community Center is listed in the official Rock Steady Boxing Member Directory. Address: 2 N. Medical Drive, Salt Lake City, UT 84113, United States.","Salt Lake City, UT, United States","Salt Lake City, UT, United States",United States,Community Program | Parkinson's Care,,in-person,false,unclaimed,0,0,,,8015810098,Rock Steady Boxing - I.J. & Jeanné Wagner Jewish Community Center,,member-directory,Rock Steady Boxing,"2 N. Medical Drive, Salt Lake City, UT 84113, United States",Salt Lake City,UT,84113,https://members.rocksteadyboxing.org/member-directory/Details/i-j-jeann-wagner-jewish-community-center-4393395,40.7735444,-111.8395932,2026-03-28T03:14:36.185Z
rock-steady-boxing,Rock Steady Boxing Member Directory,member-directory:idaho-falls-at-apple-athletic-club-2829374,member-directory-idaho-falls-at-apple-athletic-club-2030-jennie-lee-drive-idaho-falls-id-83404-united-states,Rock Steady Boxing - Idaho Falls at Apple Athletic Club,Community Program,Rock Steady Boxing - Idaho Falls at Apple Athletic Club is listed in the official Rock Steady Boxing directory.,"Rock Steady Boxing - Idaho Falls at Apple Athletic Club is listed in the official Rock Steady Boxing Member Directory. Address: 2030 Jennie Lee Drive, Idaho Falls, ID 83404, United States.","Idaho Falls, ID, United States","Idaho Falls, ID, United States",United States,Community Program | Parkinson's Care,,in-person,false,unclaimed,0,0,,,2085298600,Rock Steady Boxing - Idaho Falls at Apple Athletic Club,,member-directory,Rock Steady Boxing,"2030 Jennie Lee Drive, Idaho Falls, ID 83404, United States",Idaho Falls,ID,83404,https://members.rocksteadyboxing.org/member-directory/Details/idaho-falls-at-apple-athletic-club-2829374,43.4790137,-112.0183003,2026-03-28T03:14:36.185Z
rock-steady-boxing,Rock Steady Boxing Member Directory,member-directory:ignite-neuromuscular-movement-4628801,member-directory-ignite-neuromuscular-movement-62-elizabeth-way-branson-west-mo-65737-united-states,Rock Steady Boxing - Ignite Neuromuscular Movement,Exercise Program,Rock Steady Boxing - Ignite Neuromuscular Movement is listed in the official Rock Steady Boxing directory.,"Rock Steady Boxing - Ignite Neuromuscular Movement is listed in the official Rock Steady Boxing Member Directory. Address: 62 Elizabeth way, Branson west, Mo 65737, United States.","Branson west, Mo, United States","Branson west, Mo, United States",United States,Boxing | Exercise | Parkinson's Care,,in-person,false,unclaimed,0,0,,,+14172481000,Rock Steady Boxing - Ignite Neuromuscular Movement,,member-directory,Rock Steady Boxing,"62 Elizabeth way, Branson west, Mo 65737, United States",Branson west,Mo,65737,https://members.rocksteadyboxing.org/member-directory/Details/ignite-neuromuscular-movement-4628801,36.7153393,-93.3694799,2026-03-28T03:14:36.185Z
rock-steady-boxing,Rock Steady Boxing Member Directory,member-directory:ignite-taiwan-3925027,member-directory-ignite-taiwan-no-888-sec-1-youguan-rd-luzhu-dist-taoyuan-city-taoyuan-338011-taiwan-republic-of-china,Rock Steady Boxing - Ignite Taiwan,Community Program,Rock Steady Boxing - Ignite Taiwan is listed in the official Rock Steady Boxing directory.,"Rock Steady Boxing - Ignite Taiwan is listed in the official Rock Steady Boxing Member Directory. Address: No. 888, Sec. 1, Youguan Rd., Luzhu Dist., Taoyuan City, Taoyuan 338011, Taiwan, Republic of China.","Taoyuan 338011, Taiwan, Republic of China","Taoyuan 338011, Taiwan, Republic of China",Republic of China,Community Program | Parkinson's Care,,in-person,false,unclaimed,0,0,,,033242779,Rock Steady Boxing - Ignite Taiwan,,member-directory,Rock Steady Boxing,"No. 888, Sec. 1, Youguan Rd., Luzhu Dist., Taoyuan City, Taoyuan 338011, Taiwan, Republic of China",Taoyuan 338011,Taiwan,,https://members.rocksteadyboxing.org/member-directory/Details/ignite-taiwan-3925027,25.0643395,121.2889333,2026-03-28T03:14:36.185Z
rock-steady-boxing,Rock Steady Boxing Member Directory,member-directory:illinois-valley-ymca-2829373,member-directory-illinois-valley-ymca-300-walnut-drive-peru-il-61354-united-states,Rock Steady Boxing - Illinois Valley YMCA,Community Program,Rock Steady Boxing - Illinois Valley YMCA is listed in the official Rock Steady Boxing directory.,"Rock Steady Boxing - Illinois Valley YMCA is listed in the official Rock Steady Boxing Member Directory. Address: 300 Walnut Drive, Peru, IL 61354, United States.","Peru, IL, United States","Peru, IL, United States",United States,Community Program | Parkinson's Care,,in-person,false,unclaimed,0,0,,,8152237904,Rock Steady Boxing - Illinois Valley YMCA,,member-directory,Rock Steady Boxing,"300 Walnut Drive, Peru, IL 61354, United States",Peru,IL,61354,https://members.rocksteadyboxing.org/member-directory/Details/illinois-valley-ymca-2829373,41.3371622,-89.10943569999999,2026-03-28T03:14:36.185Z
rock-steady-boxing,Rock Steady Boxing Member Directory,member-directory:indianapolis-healthplex-2829371,member-directory-indianapolis-healthplex-3660-guion-road-indianapolis-in-46222-united-states,Rock Steady Boxing - Indianapolis Healthplex,Community Program,Rock Steady Boxing - Indianapolis Healthplex is listed in the official Rock Steady Boxing directory.,"Rock Steady Boxing - Indianapolis Healthplex is listed in the official Rock Steady Boxing Member Directory. Address: 3660 Guion Road, Indianapolis, IN 46222, United States.","Indianapolis, IN, United States","Indianapolis, IN, United States",United States,Community Program | Parkinson's Care,,in-person,false,unclaimed,0,0,,,3179207400x1020,Rock Steady Boxing - Indianapolis Healthplex,,member-directory,Rock Steady Boxing,"3660 Guion Road, Indianapolis, IN 46222, United States",Indianapolis,IN,46222,https://members.rocksteadyboxing.org/member-directory/Details/indianapolis-healthplex-2829371,39.8216704,-86.2248809,2026-03-28T03:14:36.185Z
rock-steady-boxing,Rock Steady Boxing Member Directory,member-directory:indianola-2829370,member-directory-indianola-1203-north-e-st-indianola-ia-50125-united-states,"Rock Steady Boxing Indianola, IA",Community Program,"Rock Steady Boxing Indianola, IA is listed in the official Rock Steady Boxing directory.","Rock Steady Boxing Indianola, IA is listed in the official Rock Steady Boxing Member Directory. Address: 1203 North E St., Indianola, IA 50125, United States.","Indianola, IA, United States","Indianola, IA, United States",United States,Community Program | Parkinson's Care,,in-person,false,unclaimed,0,0,,,5159624700,"Rock Steady Boxing Indianola, IA",,member-directory,Rock Steady Boxing,"1203 North E St., Indianola, IA 50125, United States",Indianola,IA,50125,https://members.rocksteadyboxing.org/member-directory/Details/indianola-2829370,41.3716461,-93.56946599999999,2026-03-28T03:14:36.185Z
rock-steady-boxing,Rock Steady Boxing Member Directory,member-directory:innovative-growth-llc-3372990,member-directory-innovative-growth-llc-w-3165-van-roy-rd-suite-8-appleton-wi-54915-united-states,Rock Steady Boxing - Innovative Growth LLC,Community Program,Rock Steady Boxing - Innovative Growth LLC is listed in the official Rock Steady Boxing directory.,"Rock Steady Boxing - Innovative Growth LLC is listed in the official Rock Steady Boxing Member Directory. Address: W 3165 Van Roy Rd Suite 8, Appleton, WI 54915, United States.","Appleton, WI, United States","Appleton, WI, United States",United States,Community Program | Parkinson's Care,,in-person,false,unclaimed,0,0,,,9203640093,Rock Steady Boxing - Innovative Growth LLC,,member-directory,Rock Steady Boxing,"W 3165 Van Roy Rd Suite 8, Appleton, WI 54915, United States",Appleton,WI,54915,https://members.rocksteadyboxing.org/member-directory/Details/innovative-growth-llc-3372990,44.2572865,-88.34768679999999,2026-03-28T03:14:36.185Z
rock-steady-boxing,Rock Steady Boxing Member Directory,member-directory:inspirfit-2829369,member-directory-inspirfit-7890-s-quincy-street-willowbrook-il-60527-united-states,Rock Steady Boxing - InspirFit,Community Program,Rock Steady Boxing - InspirFit is listed in the official Rock Steady Boxing directory.,"Rock Steady Boxing - InspirFit is listed in the official Rock Steady Boxing Member Directory. Address: 7890 S. Quincy Street, Willowbrook, IL 60527, United States.","Willowbrook, IL, United States","Willowbrook, IL, United States",United States,Community Program | Parkinson's Care,,in-person,false,unclaimed,0,0,,,6307949663,Rock Steady Boxing - InspirFit,,member-directory,Rock Steady Boxing,"7890 S. Quincy Street, Willowbrook, IL 60527, United States",Willowbrook,IL,60527,https://members.rocksteadyboxing.org/member-directory/Details/inspirfit-2829369,41.7462944,-87.9396502,2026-03-28T03:14:36.185Z
rock-steady-boxing,Rock Steady Boxing Member Directory,member-directory:iowa-city-2829368,member-directory-iowa-city-391-highland-ave-iowa-city-ia-52240-united-states,"Rock Steady Boxing Iowa City, IA",Exercise Program,"Rock Steady Boxing Iowa City, IA is listed in the official Rock Steady Boxing directory.","Rock Steady Boxing Iowa City, IA is listed in the official Rock Steady Boxing Member Directory. Categories: ICOR Boxing, Clif Johnson, Emily Klinefelter. Address: 391 Highland Ave, Iowa City, IA 52240, United States.","Iowa City, IA, United States","Iowa City, IA, United States",United States,ICOR Boxing | Clif Johnson | Emily Klinefelter | Boxing | Exercise | Parkinson's Care,,in-person,false,unclaimed,0,0,,,3192448282,"Rock Steady Boxing Iowa City, IA",,member-directory,Rock Steady Boxing,"391 Highland Ave, Iowa City, IA 52240, United States",Iowa City,IA,52240,https://members.rocksteadyboxing.org/member-directory/Details/iowa-city-2829368,41.6455578,-91.53009290000001,2026-03-28T03:14:36.185Z
rock-steady-boxing,Rock Steady Boxing Member Directory,member-directory:irmo-2829367,member-directory-irmo-3541-dreher-shoals-road-irmo-sc-29063-united-states,"Rock Steady Boxing Irmo, SC",Community Program,"Rock Steady Boxing Irmo, SC is listed in the official Rock Steady Boxing directory.","Rock Steady Boxing Irmo, SC is listed in the official Rock Steady Boxing Member Directory. Address: 3541 Dreher Shoals Road, Irmo, SC 29063, United States.","Irmo, SC, United States","Irmo, SC, United States",United States,Community Program | Parkinson's Care,,in-person,false,unclaimed,0,0,,,8035750549,"Rock Steady Boxing Irmo, SC",,member-directory,Rock Steady Boxing,"3541 Dreher Shoals Road, Irmo, SC 29063, United States",Irmo,SC,29063,https://members.rocksteadyboxing.org/member-directory/Details/irmo-2829367,34.124147,-81.2329175,2026-03-28T03:14:36.185Z
rock-steady-boxing,Rock Steady Boxing Member Directory,member-directory:irvine-2829366,member-directory-irvine-17775-main-street-suite-e-irvine-ca-92614-united-states,"Rock Steady Boxing Irvine, CA",Community Program,"Rock Steady Boxing Irvine, CA is listed in the official Rock Steady Boxing directory.","Rock Steady Boxing Irvine, CA is listed in the official Rock Steady Boxing Member Directory. Address: 17775 Main Street, Suite E, Irvine, CA 92614, United States.","Irvine, CA, United States","Irvine, CA, United States",United States,Community Program | Parkinson's Care,,in-person,false,unclaimed,0,0,,,9497839803,"Rock Steady Boxing Irvine, CA",,member-directory,Rock Steady Boxing,"17775 Main Street, Suite E, Irvine, CA 92614, United States",Irvine,CA,92614,https://members.rocksteadyboxing.org/member-directory/Details/irvine-2829366,33.6864444,-117.8572166,2026-03-28T03:14:36.185Z
rock-steady-boxing,Rock Steady Boxing Member Directory,member-directory:island-rec-center-4120174,member-directory-island-rec-center-20-wilborn-rd-hilton-head-sc-29926-united-states,Rock Steady Boxing - Island Rec Center,Community Program,Rock Steady Boxing - Island Rec Center is listed in the official Rock Steady Boxing directory.,"Rock Steady Boxing - Island Rec Center is listed in the official Rock Steady Boxing Member Directory. Address: 20 Wilborn Rd., Hilton Head, SC 29926, United States.","Hilton Head, SC, United States","Hilton Head, SC, United States",United States,Community Program | Parkinson's Care,,in-person,false,unclaimed,0,0,,,8436817273,Rock Steady Boxing - Island Rec Center,,member-directory,Rock Steady Boxing,"20 Wilborn Rd., Hilton Head, SC 29926, United States",Hilton Head,SC,29926,https://members.rocksteadyboxing.org/member-directory/Details/island-rec-center-4120174,32.2204274,-80.734629,2026-03-28T03:14:36.185Z
rock-steady-boxing,Rock Steady Boxing Member Directory,member-directory:jackson-2829363,member-directory-jackson-12180-industry-blvd-jackson-ca-95642-united-states,"Rock Steady Boxing Jackson, CA",Community Program,"Rock Steady Boxing Jackson, CA is listed in the official Rock Steady Boxing directory.","Rock Steady Boxing Jackson, CA is listed in the official Rock Steady Boxing Member Directory. Address: 12180 Industry Blvd, Jackson, CA 95642, United States.","Jackson, CA, United States","Jackson, CA, United States",United States,Community Program | Parkinson's Care,,in-person,false,unclaimed,0,0,,,2092239410,"Rock Steady Boxing Jackson, CA",,member-directory,Rock Steady Boxing,"12180 Industry Blvd, Jackson, CA 95642, United States",Jackson,CA,95642,https://members.rocksteadyboxing.org/member-directory/Details/jackson-2829363,38.3686704,-120.7983375,2026-03-28T03:14:36.185Z
rock-steady-boxing,Rock Steady Boxing Member Directory,member-directory:jackson-ymca-2829362,member-directory-jackson-ymca-2151-ferguson-rd-jackson-mi-49203-united-states,Rock Steady Boxing - Jackson YMCA,Community Program,Rock Steady Boxing - Jackson YMCA is listed in the official Rock Steady Boxing directory.,"Rock Steady Boxing - Jackson YMCA is listed in the official Rock Steady Boxing Member Directory. Address: 2151 Ferguson Rd., Jackson, MI 49203, United States.","Jackson, MI, United States","Jackson, MI, United States",United States,Community Program | Parkinson's Care,,in-person,false,unclaimed,0,0,,,5177820537,Rock Steady Boxing - Jackson YMCA,,member-directory,Rock Steady Boxing,"2151 Ferguson Rd., Jackson, MI 49203, United States",Jackson,MI,49203,https://members.rocksteadyboxing.org/member-directory/Details/jackson-ymca-2829362,42.1989743,-84.43952030000001,2026-03-28T03:14:36.185Z
rock-steady-boxing,Rock Steady Boxing Member Directory,member-directory:jacksonville-2829361,member-directory-jacksonville-14255-beach-boulevard-jacksonville-fl-32250-united-states,"Rock Steady Boxing Jacksonville, FL",Community Program,"Rock Steady Boxing Jacksonville, FL is listed in the official Rock Steady Boxing directory.","Rock Steady Boxing Jacksonville, FL is listed in the official Rock Steady Boxing Member Directory. Address: 14255 Beach Boulevard, Jacksonville, FL 32250, United States.","Jacksonville, FL, United States","Jacksonville, FL, United States",United States,Community Program | Parkinson's Care,,in-person,false,unclaimed,0,0,,,9045005425,"Rock Steady Boxing Jacksonville, FL",,member-directory,Rock Steady Boxing,"14255 Beach Boulevard, Jacksonville, FL 32250, United States",Jacksonville,FL,32250,https://members.rocksteadyboxing.org/member-directory/Details/jacksonville-2829361,30.2889095,-81.4414608,2026-03-28T03:14:36.185Z
rock-steady-boxing,Rock Steady Boxing Member Directory,member-directory:jcc-buffalo-2829359,member-directory-jcc-buffalo-2640-north-forest-rd-getzville-ny-14068-united-states,Rock Steady Boxing - JCC Buffalo,Community Program,Rock Steady Boxing - JCC Buffalo is listed in the official Rock Steady Boxing directory.,"Rock Steady Boxing - JCC Buffalo is listed in the official Rock Steady Boxing Member Directory. Address: 2640 North Forest Rd, Getzville, NY 14068, United States.","Getzville, NY, United States","Getzville, NY, United States",United States,Community Program | Parkinson's Care,,in-person,false,unclaimed,0,0,,,7166884033,Rock Steady Boxing - JCC Buffalo,,member-directory,Rock Steady Boxing,"2640 North Forest Rd, Getzville, NY 14068, United States",Getzville,NY,14068,https://members.rocksteadyboxing.org/member-directory/Details/jcc-buffalo-2829359,43.0133453,-78.7852408,2026-03-28T03:14:36.185Z
rock-steady-boxing,Rock Steady Boxing Member Directory,member-directory:jcc-greater-boston-2829358,member-directory-jcc-greater-boston-333-nahanton-st-newton-ma-02459-united-states,Rock Steady Boxing - JCC Greater Boston,Community Program,Rock Steady Boxing - JCC Greater Boston is listed in the official Rock Steady Boxing directory.,"Rock Steady Boxing - JCC Greater Boston is listed in the official Rock Steady Boxing Member Directory. Address: 333 Nahanton St, Newton, MA 02459, United States.","Newton, MA, United States","Newton, MA, United States",United States,Community Program | Parkinson's Care,,in-person,false,unclaimed,0,0,,,6175586459,Rock Steady Boxing - JCC Greater Boston,,member-directory,Rock Steady Boxing,"333 Nahanton St, Newton, MA 02459, United States",Newton,MA,02459,https://members.rocksteadyboxing.org/member-directory/Details/jcc-greater-boston-2829358,42.2994631,-71.20409269999999,2026-03-28T03:14:36.185Z
rock-steady-boxing,Rock Steady Boxing Member Directory,member-directory:jcc-indianapolis-4074229,member-directory-jcc-indianapolis-6701-hoover-rd-indianapolis-in-46260-united-states,Rock Steady Boxing - JCC Indianapolis,Community Program,Rock Steady Boxing - JCC Indianapolis is listed in the official Rock Steady Boxing directory.,"Rock Steady Boxing - JCC Indianapolis is listed in the official Rock Steady Boxing Member Directory. Address: 6701 Hoover Rd, Indianapolis, IN 46260, United States.","Indianapolis, IN, United States","Indianapolis, IN, United States",United States,Community Program | Parkinson's Care,,in-person,false,unclaimed,0,0,,,3177159245,Rock Steady Boxing - JCC Indianapolis,,member-directory,Rock Steady Boxing,"6701 Hoover Rd, Indianapolis, IN 46260, United States",Indianapolis,IN,46260,https://members.rocksteadyboxing.org/member-directory/Details/jcc-indianapolis-4074229,39.8803859,-86.1719969,2026-03-28T03:14:36.185Z
rock-steady-boxing,Rock Steady Boxing Member Directory,member-directory:jcc-of-greater-new-haven-4142643,member-directory-jcc-of-greater-new-haven-360-amity-rd-woodbridge-ct-06525-united-states,Rock Steady Boxing - JCC of Greater New Haven,Community Program,Rock Steady Boxing - JCC of Greater New Haven is listed in the official Rock Steady Boxing directory.,"Rock Steady Boxing - JCC of Greater New Haven is listed in the official Rock Steady Boxing Member Directory. Address: 360 Amity Rd, Woodbridge, CT 06525, United States.","Woodbridge, CT, United States","Woodbridge, CT, United States",United States,Community Program | Parkinson's Care,,in-person,false,unclaimed,0,0,,,2033872424,Rock Steady Boxing - JCC of Greater New Haven,,member-directory,Rock Steady Boxing,"360 Amity Rd, Woodbridge, CT 06525, United States",Woodbridge,CT,06525,https://members.rocksteadyboxing.org/member-directory/Details/jcc-of-greater-new-haven-4142643,41.3514653,-72.9916009,2026-03-28T03:14:36.185Z
rock-steady-boxing,Rock Steady Boxing Member Directory,member-directory:jcc-of-middlesex-county-4074239,member-directory-jcc-of-middlesex-county-1775-oak-tree-road-edison-nj-08820-united-states,Rock Steady Boxing - JCC of Middlesex County,Community Program,Rock Steady Boxing - JCC of Middlesex County is listed in the official Rock Steady Boxing directory.,"Rock Steady Boxing - JCC of Middlesex County is listed in the official Rock Steady Boxing Member Directory. Address: 1775 Oak Tree Road, Edison, NJ 08820, United States.","Edison, NJ, United States","Edison, NJ, United States",United States,Community Program | Parkinson's Care,,in-person,false,unclaimed,0,0,,,7324943232,Rock Steady Boxing - JCC of Middlesex County,,member-directory,Rock Steady Boxing,"1775 Oak Tree Road, Edison, NJ 08820, United States",Edison,NJ,08820,https://members.rocksteadyboxing.org/member-directory/Details/jcc-of-middlesex-county-4074239,40.5716417,-74.349583,2026-03-28T03:14:36.185Z
rock-steady-boxing,Rock Steady Boxing Member Directory,member-directory:jcc-on-the-cohn-campus-parkinson-s-program-2829360,member-directory-jcc-on-the-cohn-campus-parkinson-s-program-13009-community-campus-dr-tampa-fl-33625-united-states,Rock Steady Boxing - JCC on the Cohn Campus Parkinson's Program,Community Program,Rock Steady Boxing - JCC on the Cohn Campus Parkinson's Program is listed in the official Rock Steady Boxing directory.,"Rock Steady Boxing - JCC on the Cohn Campus Parkinson's Program is listed in the official Rock Steady Boxing Member Directory. Address: 13009 Community Campus Dr, Tampa, FL 33625, United States.","Tampa, FL, United States","Tampa, FL, United States",United States,Community Program | Parkinson's Care,,in-person,false,unclaimed,0,0,,,8132912253,Rock Steady Boxing - JCC on the Cohn Campus Parkinson's Program,,member-directory,Rock Steady Boxing,"13009 Community Campus Dr, Tampa, FL 33625, United States",Tampa,FL,33625,https://members.rocksteadyboxing.org/member-directory/Details/jcc-on-the-cohn-campus-parkinson-s-program-2829360,28.0689354,-82.5630759,2026-03-28T03:14:36.185Z
rock-steady-boxing,Rock Steady Boxing Member Directory,member-directory:jefferson-health-3440137,member-directory-jefferson-health-1101-chestnut-street-10th-floor-jefferson-honickman-center-philadelphia-pa-19107-united-states,Rock Steady Boxing - Jefferson Health,Community Program,Rock Steady Boxing - Jefferson Health is listed in the official Rock Steady Boxing directory.,"Rock Steady Boxing - Jefferson Health is listed in the official Rock Steady Boxing Member Directory. Address: 1101 Chestnut Street, 10th Floor, Jefferson Honickman Center, Philadelphia, PA 19107, United States.","Philadelphia, PA, United States","Philadelphia, PA, United States",United States,Community Program | Parkinson's Care,,in-person,false,unclaimed,0,0,,,2672713272,Rock Steady Boxing - Jefferson Health,,member-directory,Rock Steady Boxing,"1101 Chestnut Street, 10th Floor, Jefferson Honickman Center, Philadelphia, PA 19107, United States",Philadelphia,PA,19107,https://members.rocksteadyboxing.org/member-directory/Details/jefferson-health-3440137,39.95031960000001,-75.1587316,2026-03-28T03:14:36.185Z
rock-steady-boxing,Rock Steady Boxing Member Directory,member-directory:jen-murphy-fitness-2829357,member-directory-jen-murphy-fitness-113-w-harford-st-milford-pa-18337-united-states,Rock Steady Boxing - Jen Murphy Fitness,Exercise Program,Rock Steady Boxing - Jen Murphy Fitness is listed in the official Rock Steady Boxing directory.,"Rock Steady Boxing - Jen Murphy Fitness is listed in the official Rock Steady Boxing Member Directory. Address: 113 W Harford St, Milford, PA 18337, United States.","Milford, PA, United States","Milford, PA, United States",United States,Boxing | Exercise | Parkinson's Care,,in-person,false,unclaimed,0,0,,,9148501317,Rock Steady Boxing - Jen Murphy Fitness,,member-directory,Rock Steady Boxing,"113 W Harford St, Milford, PA 18337, United States",Milford,PA,18337,https://members.rocksteadyboxing.org/member-directory/Details/jen-murphy-fitness-2829357,41.3229562,-74.8044232,2026-03-28T03:14:36.185Z
rock-steady-boxing,Rock Steady Boxing Member Directory,member-directory:jewish-home-outpatient-rehabilitation-3436052,member-directory-jewish-home-outpatient-rehabilitation-2021-winton-road-south-rochester-ny-14618-united-states,Rock Steady Boxing - Jewish Home Outpatient Rehabilitation,Community Program,Rock Steady Boxing - Jewish Home Outpatient Rehabilitation is listed in the official Rock Steady Boxing directory.,"Rock Steady Boxing - Jewish Home Outpatient Rehabilitation is listed in the official Rock Steady Boxing Member Directory. Address: 2021 Winton Road South, Rochester, NY 14618, United States.","Rochester, NY, United States","Rochester, NY, United States",United States,Community Program | Parkinson's Care,,in-person,false,unclaimed,0,0,,,5857846530,Rock Steady Boxing - Jewish Home Outpatient Rehabilitation,,member-directory,Rock Steady Boxing,"2021 Winton Road South, Rochester, NY 14618, United States",Rochester,NY,14618,https://members.rocksteadyboxing.org/member-directory/Details/jewish-home-outpatient-rehabilitation-3436052,43.1058505,-77.5798598,2026-03-28T03:14:36.185Z
rock-steady-boxing,Rock Steady Boxing Member Directory,member-directory:jimmy-s-athletics-3413718,member-directory-jimmy-s-athletics-590-bloor-st-w-toronto-on-m6g-1k4-canada,Rock Steady Boxing - Jimmy's Athletics,Community Program,Rock Steady Boxing - Jimmy's Athletics is listed in the official Rock Steady Boxing directory.,"Rock Steady Boxing - Jimmy's Athletics is listed in the official Rock Steady Boxing Member Directory. Address: 590 Bloor St W, Toronto, ON m6g 1k4, Canada.","Toronto, Canada","Toronto, Canada",Canada,Community Program | Parkinson's Care,,in-person,false,unclaimed,0,0,,,6472980861,Rock Steady Boxing - Jimmy's Athletics,,member-directory,Rock Steady Boxing,"590 Bloor St W, Toronto, ON m6g 1k4, Canada",Toronto,,,https://members.rocksteadyboxing.org/member-directory/Details/jimmy-s-athletics-3413718,43.66492,-79.4128236,2026-03-28T03:14:36.185Z
rock-steady-boxing,Rock Steady Boxing Member Directory,member-directory:john-knox-village-3345299,member-directory-john-knox-village-500-nw-murray-rd-lees-summit-mo-64081-united-states,Rock Steady Boxing - John Knox Village,Community Program,Rock Steady Boxing - John Knox Village is listed in the official Rock Steady Boxing directory.,"Rock Steady Boxing - John Knox Village is listed in the official Rock Steady Boxing Member Directory. Address: 500 NW Murray Rd, Lees Summit, MO 64081, United States.","Lees Summit, MO, United States","Lees Summit, MO, United States",United States,Community Program | Parkinson's Care,,in-person,false,unclaimed,0,0,http://www.johnknoxvillage.org/,,8163472187,Rock Steady Boxing - John Knox Village,,member-directory,Rock Steady Boxing,"500 NW Murray Rd, Lees Summit, MO 64081, United States",Lees Summit,MO,64081,https://members.rocksteadyboxing.org/member-directory/Details/john-knox-village-3345299,38.9199005,-94.4042394,2026-03-28T03:14:36.185Z
rock-steady-boxing,Rock Steady Boxing Member Directory,member-directory:johnston-2925547,member-directory-johnston-6901-peckham-st-johnston-ia-50131-united-states,"Rock Steady Boxing Johnston, IA",Community Program,"Rock Steady Boxing Johnston, IA is listed in the official Rock Steady Boxing directory.","Rock Steady Boxing Johnston, IA is listed in the official Rock Steady Boxing Member Directory. Address: 6901 Peckham St, Johnston, IA 50131, United States.","Johnston, IA, United States","Johnston, IA, United States",United States,Community Program | Parkinson's Care,,in-person,false,unclaimed,0,0,,,5153507776,"Rock Steady Boxing Johnston, IA",,member-directory,Rock Steady Boxing,"6901 Peckham St, Johnston, IA 50131, United States",Johnston,IA,50131,https://members.rocksteadyboxing.org/member-directory/Details/johnston-2925547,41.686247,-93.7441609,2026-03-28T03:14:36.185Z
rock-steady-boxing,Rock Steady Boxing Member Directory,member-directory:juneau-at-pavitt-health-fitness-2829355,member-directory-juneau-at-pavitt-health-and-fitness-10004-glacier-highway-juneau-ak-99801-united-states,Rock Steady Boxing - Juneau at Pavitt Health & Fitness,Exercise Program,Rock Steady Boxing - Juneau at Pavitt Health & Fitness is listed in the official Rock Steady Boxing directory.,"Rock Steady Boxing - Juneau at Pavitt Health & Fitness is listed in the official Rock Steady Boxing Member Directory. Address: 10004 Glacier Highway, Juneau, AK 99801, United States.","Juneau, AK, United States","Juneau, AK, United States",United States,Boxing | Exercise | Parkinson's Care,,in-person,false,unclaimed,0,0,,,9077895556,Rock Steady Boxing - Juneau at Pavitt Health & Fitness,,member-directory,Rock Steady Boxing,"10004 Glacier Highway, Juneau, AK 99801, United States",Juneau,AK,99801,https://members.rocksteadyboxing.org/member-directory/Details/juneau-at-pavitt-health-fitness-2829355,58.3708927,-134.6095679,2026-03-28T03:14:36.185Z
rock-steady-boxing,Rock Steady Boxing Member Directory,member-directory:kaiser-wellness-center-2829354,member-directory-kaiser-wellness-center-3349-s-hwy-181-kenedy-tx-78119-united-states,Rock Steady Boxing - Kaiser Wellness Center,Exercise Program,Rock Steady Boxing - Kaiser Wellness Center is listed in the official Rock Steady Boxing directory.,"Rock Steady Boxing - Kaiser Wellness Center is listed in the official Rock Steady Boxing Member Directory. Address: 3349 S. Hwy 181, Kenedy, TX 78119, United States.","Kenedy, TX, United States","Kenedy, TX, United States",United States,Boxing | Exercise | Parkinson's Care,,in-person,false,unclaimed,0,0,,,8305839300,Rock Steady Boxing - Kaiser Wellness Center,,member-directory,Rock Steady Boxing,"3349 S. Hwy 181, Kenedy, TX 78119, United States",Kenedy,TX,78119,https://members.rocksteadyboxing.org/member-directory/Details/kaiser-wellness-center-2829354,28.8502941,-97.8779,2026-03-28T03:14:36.186Z
rock-steady-boxing,Rock Steady Boxing Member Directory,member-directory:kansas-city-at-the-parkinson-s-exercise-and-wellness-center-2829353,member-directory-kansas-city-at-the-parkinson-s-exercise-and-wellness-center-3665-w-95th-st-overland-park-ks-66206-united-states,Rock Steady Boxing - Kansas City at The Parkinson's Exercise and Wellness Center,Exercise Program,Rock Steady Boxing - Kansas City at The Parkinson's Exercise and Wellness Center is listed in the official Rock Steady Boxing directory.,"Rock Steady Boxing - Kansas City at The Parkinson's Exercise and Wellness Center is listed in the official Rock Steady Boxing Member Directory. Address: 3665 W 95th St., Overland Park, KS 66206, United States.","Overland Park, KS, United States","Overland Park, KS, United States",United States,Boxing | Exercise | Parkinson's Care,,in-person,false,unclaimed,0,0,,,9132764665,Rock Steady Boxing - Kansas City at The Parkinson's Exercise and Wellness Center,,member-directory,Rock Steady Boxing,"3665 W 95th St., Overland Park, KS 66206, United States",Overland Park,KS,66206,https://members.rocksteadyboxing.org/member-directory/Details/kansas-city-at-the-parkinson-s-exercise-and-wellness-center-2829353,38.9558394,-94.6289283,2026-03-28T03:14:36.186Z
rock-steady-boxing,Rock Steady Boxing Member Directory,member-directory:kansas-city-rsb-johnson-county-overland-park-kansas-2925501,member-directory-kansas-city-rsb-johnson-county-overland-park-kansas-8721-metcalf-avenue-overland-park-ks-66212-united-states,Rock Steady Boxing - Kansas City RSB Johnson County. Overland Park KANSAS,Community Program,Rock Steady Boxing - Kansas City RSB Johnson County. Overland Park KANSAS is listed in the official Rock Steady Boxing directory.,"Rock Steady Boxing - Kansas City RSB Johnson County. Overland Park KANSAS is listed in the official Rock Steady Boxing Member Directory. Address: 8721 Metcalf Avenue, Overland Park, KS 66212, United States.","Overland Park, KS, United States","Overland Park, KS, United States",United States,Community Program | Parkinson's Care,,in-person,false,unclaimed,0,0,,,9133810210,Rock Steady Boxing - Kansas City RSB Johnson County. Overland Park KANSAS,,member-directory,Rock Steady Boxing,"8721 Metcalf Avenue, Overland Park, KS 66212, United States",Overland Park,KS,66212,https://members.rocksteadyboxing.org/member-directory/Details/kansas-city-rsb-johnson-county-overland-park-kansas-2925501,38.9708308,-94.6666515,2026-03-28T03:14:36.186Z
rock-steady-boxing,Rock Steady Boxing Member Directory,member-directory:kauai-2829350,member-directory-kauai-po-box-924-kilauea-hi-96754-united-states,Rock Steady Boxing - Kauai,Community Program,Rock Steady Boxing - Kauai is listed in the official Rock Steady Boxing directory.,"Rock Steady Boxing - Kauai is listed in the official Rock Steady Boxing Member Directory. Address: PO Box 924, Kilauea, HI 96754, United States.","Kilauea, HI, United States","Kilauea, HI, United States",United States,Community Program | Parkinson's Care,,in-person,false,unclaimed,0,0,,,8086348782,Rock Steady Boxing - Kauai,,member-directory,Rock Steady Boxing,"PO Box 924, Kilauea, HI 96754, United States",Kilauea,HI,96754,https://members.rocksteadyboxing.org/member-directory/Details/kauai-2829350,22.2120504,-159.4073395,2026-03-28T03:14:36.186Z
rock-steady-boxing,Rock Steady Boxing Member Directory,member-directory:kearney-y-2829347,member-directory-kearney-y-4500-6th-street-kearney-ne-68845-united-states,Rock Steady Boxing - Kearney Y,Community Program,Rock Steady Boxing - Kearney Y is listed in the official Rock Steady Boxing directory.,"Rock Steady Boxing - Kearney Y is listed in the official Rock Steady Boxing Member Directory. Address: 4500 6th Street, Kearney, NE 68845, United States.","Kearney, NE, United States","Kearney, NE, United States",United States,Community Program | Parkinson's Care,,in-person,false,unclaimed,0,0,,,3082379622,Rock Steady Boxing - Kearney Y,,member-directory,Rock Steady Boxing,"4500 6th Street, Kearney, NE 68845, United States",Kearney,NE,68845,https://members.rocksteadyboxing.org/member-directory/Details/kearney-y-2829347,40.7185472,-99.0918428,2026-03-28T03:14:36.186Z
rock-steady-boxing,Rock Steady Boxing Member Directory,member-directory:keep-moving-vermont-2829702,member-directory-keep-moving-vermont-94-harvest-lane-ste-204-williston-vt-05495-united-states,Rock Steady Boxing - Keep Moving Vermont,Community Program,Rock Steady Boxing - Keep Moving Vermont is listed in the official Rock Steady Boxing directory.,"Rock Steady Boxing - Keep Moving Vermont is listed in the official Rock Steady Boxing Member Directory. Address: 94 Harvest Lane, Ste 204, Williston, VT 05495, United States.","Williston, VT, United States","Williston, VT, United States",United States,Community Program | Parkinson's Care,,in-person,false,unclaimed,0,0,,,8027354208,Rock Steady Boxing - Keep Moving Vermont,,member-directory,Rock Steady Boxing,"94 Harvest Lane, Ste 204, Williston, VT 05495, United States",Williston,VT,05495,https://members.rocksteadyboxing.org/member-directory/Details/keep-moving-vermont-2829702,44.44963629999999,-73.12000940000001,2026-03-28T03:14:36.186Z
rock-steady-boxing,Rock Steady Boxing Member Directory,member-directory:punchworx-2829942,member-directory-punchworx-404-imperial-blvd-lakeland-fl-33803-united-states,Rock Steady Boxing - PunchWorX,Community Program,Rock Steady Boxing - PunchWorX is listed in the official Rock Steady Boxing directory.,"Rock Steady Boxing - PunchWorX is listed in the official Rock Steady Boxing Member Directory. Address: 404 Imperial Blvd, Lakeland, FL 33803, United States.","Lakeland, FL, United States","Lakeland, FL, United States",United States,Community Program | Parkinson's Care,,in-person,false,unclaimed,0,0,,,8652197660,Rock Steady Boxing - PunchWorX,,member-directory,Rock Steady Boxing,"404 Imperial Blvd, Lakeland, FL 33803, United States",Lakeland,FL,33803,https://members.rocksteadyboxing.org/member-directory/Details/punchworx-2829942,28.0014689,-81.96107839999999,2026-03-28T03:14:36.186Z
rock-steady-boxing,Rock Steady Boxing Member Directory,member-directory:kenetico-rehab-4393900,member-directory-kenetico-rehab-1322-n-main-st-north-port-fl-34286-united-states,Rock Steady Boxing - Kenetico Rehab,Community Program,Rock Steady Boxing - Kenetico Rehab is listed in the official Rock Steady Boxing directory.,"Rock Steady Boxing - Kenetico Rehab is listed in the official Rock Steady Boxing Member Directory. Address: 1322 N. Main St., North Port, FL 34286, United States.","North Port, FL, United States","North Port, FL, United States",United States,Community Program | Parkinson's Care,,in-person,false,unclaimed,0,0,,,,Rock Steady Boxing - Kenetico Rehab,,member-directory,Rock Steady Boxing,"1322 N. Main St., North Port, FL 34286, United States",North Port,FL,34286,https://members.rocksteadyboxing.org/member-directory/Details/kenetico-rehab-4393900,27.0723866,-82.2054449,2026-03-28T03:14:36.186Z
rock-steady-boxing,Rock Steady Boxing Member Directory,member-directory:kent-county-family-ymca-2980753,member-directory-kent-county-family-ymca-200-scheeler-road-chestertown-md-21620-united-states,Rock Steady Boxing - Kent County Family YMCA,Community Program,Rock Steady Boxing - Kent County Family YMCA is listed in the official Rock Steady Boxing directory.,"Rock Steady Boxing - Kent County Family YMCA is listed in the official Rock Steady Boxing Member Directory. Address: 200 Scheeler Road, Chestertown, MD 21620, United States.","Chestertown, MD, United States","Chestertown, MD, United States",United States,Community Program | Parkinson's Care,,in-person,false,unclaimed,0,0,,,4107783148,Rock Steady Boxing - Kent County Family YMCA,,member-directory,Rock Steady Boxing,"200 Scheeler Road, Chestertown, MD 21620, United States",Chestertown,MD,21620,https://members.rocksteadyboxing.org/member-directory/Details/kent-county-family-ymca-2980753,39.229009,-76.067978,2026-03-28T03:14:36.186Z
rock-steady-boxing,Rock Steady Boxing Member Directory,member-directory:kirkland-2829342,member-directory-kirkland-12421-103rd-ave-ne-kirkland-wa-98034-united-states,"Rock Steady Boxing Kirkland, WA",Community Program,"Rock Steady Boxing Kirkland, WA is listed in the official Rock Steady Boxing directory.","Rock Steady Boxing Kirkland, WA is listed in the official Rock Steady Boxing Member Directory. Address: 12421 103rd Ave NE, Kirkland, WA 98034, United States.","Kirkland, WA, United States","Kirkland, WA, United States",United States,Community Program | Parkinson's Care,,in-person,false,unclaimed,0,0,,,4255873350,"Rock Steady Boxing Kirkland, WA",,member-directory,Rock Steady Boxing,"12421 103rd Ave NE, Kirkland, WA 98034, United States",Kirkland,WA,98034,https://members.rocksteadyboxing.org/member-directory/Details/kirkland-2829342,47.7121493,-122.2041352,2026-03-28T03:14:36.186Z
rock-steady-boxing,Rock Steady Boxing Member Directory,member-directory:knox-county-ymca-2829341,member-directory-knox-county-ymca-1324-w-carl-sandburg-dr-galesburg-il-61401-united-states,Rock Steady Boxing - Knox County YMCA,Community Program,Rock Steady Boxing - Knox County YMCA is listed in the official Rock Steady Boxing directory.,"Rock Steady Boxing - Knox County YMCA is listed in the official Rock Steady Boxing Member Directory. Address: 1324 W Carl Sandburg Dr, Galesburg, IL 61401, United States.","Galesburg, IL, United States","Galesburg, IL, United States",United States,Community Program | Parkinson's Care,,in-person,false,unclaimed,0,0,,,3093441324,Rock Steady Boxing - Knox County YMCA,,member-directory,Rock Steady Boxing,"1324 W Carl Sandburg Dr, Galesburg, IL 61401, United States",Galesburg,IL,61401,https://members.rocksteadyboxing.org/member-directory/Details/knox-county-ymca-2829341,40.9708805,-90.39183229999999,2026-03-28T03:14:36.186Z
rock-steady-boxing,Rock Steady Boxing Member Directory,member-directory:knoxville-2829340,member-directory-knoxville-9965-kingston-pike-knoxville-tn-37922-united-states,"Rock Steady Boxing Knoxville, TN",Community Program,"Rock Steady Boxing Knoxville, TN is listed in the official Rock Steady Boxing directory.","Rock Steady Boxing Knoxville, TN is listed in the official Rock Steady Boxing Member Directory. Address: 9965 Kingston Pike, Knoxville, TN 37922, United States.","Knoxville, TN, United States","Knoxville, TN, United States",United States,Community Program | Parkinson's Care,,in-person,false,unclaimed,0,0,,,8653870415,"Rock Steady Boxing Knoxville, TN",,member-directory,Rock Steady Boxing,"9965 Kingston Pike, Knoxville, TN 37922, United States",Knoxville,TN,37922,https://members.rocksteadyboxing.org/member-directory/Details/knoxville-2829340,35.9044899,-84.11477409999999,2026-03-28T03:14:36.186Z
rock-steady-boxing,Rock Steady Boxing Member Directory,member-directory:kokomo-ymca-2829338,member-directory-kokomo-ymca-114-north-union-street-kokomo-in-46901-united-states,Rock Steady Boxing - Kokomo YMCA,Community Program,Rock Steady Boxing - Kokomo YMCA is listed in the official Rock Steady Boxing directory.,"Rock Steady Boxing - Kokomo YMCA is listed in the official Rock Steady Boxing Member Directory. Address: 114 North Union Street, Kokomo, IN 46901, United States.","Kokomo, IN, United States","Kokomo, IN, United States",United States,Community Program | Parkinson's Care,,in-person,false,unclaimed,0,0,http://www.kokomoymca.org/,,7654574447,Rock Steady Boxing - Kokomo YMCA,,member-directory,Rock Steady Boxing,"114 North Union Street, Kokomo, IN 46901, United States",Kokomo,IN,46901,https://members.rocksteadyboxing.org/member-directory/Details/kokomo-ymca-2829338,40.487036,-86.1295383,2026-03-28T03:14:36.186Z
rock-steady-boxing,Rock Steady Boxing Member Directory,member-directory:kona-2829337,member-directory-kona-74-5583-luhia-street-kailua-kona-hi-96740-united-states,Rock Steady Boxing - Kona,Community Program,Rock Steady Boxing - Kona is listed in the official Rock Steady Boxing directory.,"Rock Steady Boxing - Kona is listed in the official Rock Steady Boxing Member Directory. Address: 74-5583 Luhia Street, Kailua Kona, HI 96740, United States.","Kailua Kona, HI, United States","Kailua Kona, HI, United States",United States,Community Program | Parkinson's Care,,in-person,false,unclaimed,0,0,,,8084980681,Rock Steady Boxing - Kona,,member-directory,Rock Steady Boxing,"74-5583 Luhia Street, Kailua Kona, HI 96740, United States",Kailua Kona,HI,96740,https://members.rocksteadyboxing.org/member-directory/Details/kona-2829337,19.6478856,-155.9982629,2026-03-28T03:14:36.186Z
rock-steady-boxing,Rock Steady Boxing Member Directory,member-directory:kuma-fit-westbrook-4328591,member-directory-kuma-fit-westbrook-39-mechanic-st-ste-800-westbrook-me-04092-united-states,Rock Steady Boxing - KUMA Fit Westbrook,Community Program,Rock Steady Boxing - KUMA Fit Westbrook is listed in the official Rock Steady Boxing directory.,"Rock Steady Boxing - KUMA Fit Westbrook is listed in the official Rock Steady Boxing Member Directory. Address: 39 Mechanic St., Ste 800, Westbrook, ME 04092, United States.","Westbrook, ME, United States","Westbrook, ME, United States",United States,Community Program | Parkinson's Care,,in-person,false,unclaimed,0,0,,,2075077722,Rock Steady Boxing - KUMA Fit Westbrook,,member-directory,Rock Steady Boxing,"39 Mechanic St., Ste 800, Westbrook, ME 04092, United States",Westbrook,ME,04092,https://members.rocksteadyboxing.org/member-directory/Details/kuma-fit-westbrook-4328591,43.6759365,-70.3703448,2026-03-28T03:14:36.186Z
rock-steady-boxing,Rock Steady Boxing Member Directory,member-directory:la-grange-park-plymouth-place-2829336,member-directory-la-grange-park-plymouth-place-315-north-la-grange-road-la-grange-park-il-60526-united-states,Rock Steady Boxing - La Grange Park (Plymouth Place),Community Program,Rock Steady Boxing - La Grange Park (Plymouth Place) is listed in the official Rock Steady Boxing directory.,"Rock Steady Boxing - La Grange Park (Plymouth Place) is listed in the official Rock Steady Boxing Member Directory. Address: 315 North La Grange Road, La Grange Park, IL 60526, United States.","La Grange Park, IL, United States","La Grange Park, IL, United States",United States,Community Program | Parkinson's Care,,in-person,false,unclaimed,0,0,,,7085886977,Rock Steady Boxing - La Grange Park (Plymouth Place),,member-directory,Rock Steady Boxing,"315 North La Grange Road, La Grange Park, IL 60526, United States",La Grange Park,IL,60526,https://members.rocksteadyboxing.org/member-directory/Details/la-grange-park-plymouth-place-2829336,41.8204103,-87.8679413,2026-03-28T03:14:36.186Z
rock-steady-boxing,Rock Steady Boxing Member Directory,member-directory:lafayette-2829335,member-directory-lafayette-3995-state-road-38-suite-f-lafayette-in-47905-united-states,"Rock Steady Boxing Lafayette, IN",Community Program,"Rock Steady Boxing Lafayette, IN is listed in the official Rock Steady Boxing directory.","Rock Steady Boxing Lafayette, IN is listed in the official Rock Steady Boxing Member Directory. Address: 3995 State Road 38, Suite F, Lafayette, IN 47905, United States.","Lafayette, IN, United States","Lafayette, IN, United States",United States,Community Program | Parkinson's Care,,in-person,false,unclaimed,0,0,,,7652010752,"Rock Steady Boxing Lafayette, IN",,member-directory,Rock Steady Boxing,"3995 State Road 38, Suite F, Lafayette, IN 47905, United States",Lafayette,IN,47905,https://members.rocksteadyboxing.org/member-directory/Details/lafayette-2829335,40.3856978,-86.8334469,2026-03-28T03:14:36.186Z
rock-steady-boxing,Rock Steady Boxing Member Directory,member-directory:lake-balboa-4540642,member-directory-lake-balboa-17228-saticoy-st-van-nuys-ca-91406-united-states,Rock Steady Boxing - Lake Balboa,Community Program,Rock Steady Boxing - Lake Balboa is listed in the official Rock Steady Boxing directory.,"Rock Steady Boxing - Lake Balboa is listed in the official Rock Steady Boxing Member Directory. Address: 17228 Saticoy St, Van Nuys, CA 91406, United States.","Van Nuys, CA, United States","Van Nuys, CA, United States",United States,Community Program | Parkinson's Care,,in-person,false,unclaimed,0,0,,,7472341115,Rock Steady Boxing - Lake Balboa,,member-directory,Rock Steady Boxing,"17228 Saticoy St, Van Nuys, CA 91406, United States",Van Nuys,CA,91406,https://members.rocksteadyboxing.org/member-directory/Details/lake-balboa-4540642,34.2072189,-118.5080736,2026-03-28T03:14:36.186Z
rock-steady-boxing,Rock Steady Boxing Member Directory,member-directory:lake-country-2829333,member-directory-lake-country-560-s-industrial-drive-hartland-wi-53029-united-states,Rock Steady Boxing - Lake Country,Community Program,Rock Steady Boxing - Lake Country is listed in the official Rock Steady Boxing directory.,"Rock Steady Boxing - Lake Country is listed in the official Rock Steady Boxing Member Directory. Address: 560 S Industrial Drive, Hartland, WI 53029, United States.","Hartland, WI, United States","Hartland, WI, United States",United States,Community Program | Parkinson's Care,,in-person,false,unclaimed,0,0,,,2623674999,Rock Steady Boxing - Lake Country,,member-directory,Rock Steady Boxing,"560 S Industrial Drive, Hartland, WI 53029, United States",Hartland,WI,53029,https://members.rocksteadyboxing.org/member-directory/Details/lake-country-2829333,43.0958878,-88.35871859999999,2026-03-28T03:14:36.186Z
rock-steady-boxing,Rock Steady Boxing Member Directory,member-directory:lake-county-ymca-3652361,member-directory-lake-county-ymca-933-mentor-ave-painesville-oh-44077-united-states,Rock Steady Boxing - Lake County YMCA,Community Program,Rock Steady Boxing - Lake County YMCA is listed in the official Rock Steady Boxing directory.,"Rock Steady Boxing - Lake County YMCA is listed in the official Rock Steady Boxing Member Directory. Address: 933 Mentor Ave, Painesville, OH 44077, United States.","Painesville, OH, United States","Painesville, OH, United States",United States,Community Program | Parkinson's Care,,in-person,false,unclaimed,0,0,,,4403523303,Rock Steady Boxing - Lake County YMCA,,member-directory,Rock Steady Boxing,"933 Mentor Ave, Painesville, OH 44077, United States",Painesville,OH,44077,https://members.rocksteadyboxing.org/member-directory/Details/lake-county-ymca-3652361,41.7104165,-81.26211719999999,2026-03-28T03:14:36.186Z
rock-steady-boxing,Rock Steady Boxing Member Directory,member-directory:lake-norman-muay-thai-2829332,member-directory-lake-norman-muay-thai-107-commons-dr-mooresville-nc-28117-united-states,Rock Steady Boxing - Lake Norman Muay Thai,Community Program,Rock Steady Boxing - Lake Norman Muay Thai is listed in the official Rock Steady Boxing directory.,"Rock Steady Boxing - Lake Norman Muay Thai is listed in the official Rock Steady Boxing Member Directory. Address: 107 Commons Dr., Mooresville, NC 28117, United States.","Mooresville, NC, United States","Mooresville, NC, United States",United States,Community Program | Parkinson's Care,,in-person,false,unclaimed,0,0,,,7046571080,Rock Steady Boxing - Lake Norman Muay Thai,,member-directory,Rock Steady Boxing,"107 Commons Dr., Mooresville, NC 28117, United States",Mooresville,NC,28117,https://members.rocksteadyboxing.org/member-directory/Details/lake-norman-muay-thai-2829332,35.5890599,-80.8398115,2026-03-28T03:14:36.186Z
rock-steady-boxing,Rock Steady Boxing Member Directory,member-directory:lakes-region-2829331,member-directory-lakes-region-171-fair-street-laconia-nh-03246-united-states,Rock Steady Boxing - Lakes Region,Community Program,Rock Steady Boxing - Lakes Region is listed in the official Rock Steady Boxing directory.,"Rock Steady Boxing - Lakes Region is listed in the official Rock Steady Boxing Member Directory. Address: 171 Fair Street, Laconia, NH 03246, United States.","Laconia, NH, United States","Laconia, NH, United States",United States,Community Program | Parkinson's Care,,in-person,false,unclaimed,0,0,,,6035819392,Rock Steady Boxing - Lakes Region,,member-directory,Rock Steady Boxing,"171 Fair Street, Laconia, NH 03246, United States",Laconia,NH,03246,https://members.rocksteadyboxing.org/member-directory/Details/lakes-region-2829331,43.5253707,-71.4752166,2026-03-28T03:14:36.186Z
rock-steady-boxing,Rock Steady Boxing Member Directory,member-directory:lakewood-trumbull-ymca-3383809,member-directory-lakewood-trumbull-ymca-20-trefoil-drive-trumbull-ct-06611-united-states,Rock Steady Boxing - Lakewood-Trumbull YMCA,Community Program,Rock Steady Boxing - Lakewood-Trumbull YMCA is listed in the official Rock Steady Boxing directory.,"Rock Steady Boxing - Lakewood-Trumbull YMCA is listed in the official Rock Steady Boxing Member Directory. Address: 20 Trefoil Drive, Trumbull, CT 06611, United States.","Trumbull, CT, United States","Trumbull, CT, United States",United States,Community Program | Parkinson's Care,,in-person,false,unclaimed,0,0,,,2034459633,Rock Steady Boxing - Lakewood-Trumbull YMCA,,member-directory,Rock Steady Boxing,"20 Trefoil Drive, Trumbull, CT 06611, United States",Trumbull,CT,06611,https://members.rocksteadyboxing.org/member-directory/Details/lakewood-trumbull-ymca-3383809,41.2940681,-73.2359649,2026-03-28T03:14:36.187Z
rock-steady-boxing,Rock Steady Boxing Member Directory,member-directory:lantern-hill-2829330,member-directory-lantern-hill-535-mountain-ave-new-providence-nj-07928-united-states,Rock Steady Boxing - Lantern Hill,Community Program,Rock Steady Boxing - Lantern Hill is listed in the official Rock Steady Boxing directory.,"Rock Steady Boxing - Lantern Hill is listed in the official Rock Steady Boxing Member Directory. Address: 535 Mountain Ave, New Providence, NJ 07928, United States.","New Providence, NJ, United States","New Providence, NJ, United States",United States,Community Program | Parkinson's Care,,in-person,false,unclaimed,0,0,,,9732147040,Rock Steady Boxing - Lantern Hill,,member-directory,Rock Steady Boxing,"535 Mountain Ave, New Providence, NJ 07928, United States",New Providence,NJ,07928,https://members.rocksteadyboxing.org/member-directory/Details/lantern-hill-2829330,40.6870679,-74.3991984,2026-03-28T03:14:36.187Z
rock-steady-boxing,Rock Steady Boxing Member Directory,member-directory:laurens-2829329,member-directory-laurens-410-anderson-drive-laurens-sc-29360-united-states,"Rock Steady Boxing Laurens, SC",Community Program,"Rock Steady Boxing Laurens, SC is listed in the official Rock Steady Boxing directory.","Rock Steady Boxing Laurens, SC is listed in the official Rock Steady Boxing Member Directory. Address: 410 Anderson Drive, Laurens, SC 29360, United States.","Laurens, SC, United States","Laurens, SC, United States",United States,Community Program | Parkinson's Care,,in-person,false,unclaimed,0,0,,,8646812454,"Rock Steady Boxing Laurens, SC",,member-directory,Rock Steady Boxing,"410 Anderson Drive, Laurens, SC 29360, United States",Laurens,SC,29360,https://members.rocksteadyboxing.org/member-directory/Details/laurens-2829329,34.5047586,-82.034839,2026-03-28T03:14:36.187Z
rock-steady-boxing,Rock Steady Boxing Member Directory,member-directory:lawton-family-ymca-2829328,member-directory-lawton-family-ymca-5-sw-5th-st-lawton-ok-73501-united-states,Rock Steady Boxing - Lawton Family YMCA,Community Program,Rock Steady Boxing - Lawton Family YMCA is listed in the official Rock Steady Boxing directory.,"Rock Steady Boxing - Lawton Family YMCA is listed in the official Rock Steady Boxing Member Directory. Address: 5 SW 5th St., Lawton, OK 73501, United States.","Lawton, OK, United States","Lawton, OK, United States",United States,Community Program | Parkinson's Care,,in-person,false,unclaimed,0,0,,,5803559622,Rock Steady Boxing - Lawton Family YMCA,,member-directory,Rock Steady Boxing,"5 SW 5th St., Lawton, OK 73501, United States",Lawton,OK,73501,https://members.rocksteadyboxing.org/member-directory/Details/lawton-family-ymca-2829328,34.6079355,-98.39585989999999,2026-03-28T03:14:36.187Z
rock-steady-boxing,Rock Steady Boxing Member Directory,member-directory:lc-valley-2829327,member-directory-lc-valley-2015-8th-ave-lewiston-id-83501-united-states,Rock Steady Boxing - LC Valley,Community Program,Rock Steady Boxing - LC Valley is listed in the official Rock Steady Boxing directory.,"Rock Steady Boxing - LC Valley is listed in the official Rock Steady Boxing Member Directory. Address: 2015 8th Ave, Lewiston, ID 83501, United States.","Lewiston, ID, United States","Lewiston, ID, United States",United States,Community Program | Parkinson's Care,,in-person,false,unclaimed,0,0,,,2083054636,Rock Steady Boxing - LC Valley,,member-directory,Rock Steady Boxing,"2015 8th Ave, Lewiston, ID 83501, United States",Lewiston,ID,83501,https://members.rocksteadyboxing.org/member-directory/Details/lc-valley-2829327,46.41298279999999,-117.0030302,2026-03-28T03:14:36.187Z
rock-steady-boxing,Rock Steady Boxing Member Directory,member-directory:lebanon-valley-family-ymca-3259917,member-directory-lebanon-valley-family-ymca-201-north-7th-street-lebanon-pa-17046-united-states,Rock Steady Boxing - Lebanon Valley Family YMCA,Community Program,Rock Steady Boxing - Lebanon Valley Family YMCA is listed in the official Rock Steady Boxing directory.,"Rock Steady Boxing - Lebanon Valley Family YMCA is listed in the official Rock Steady Boxing Member Directory. Address: 201 North 7th Street, Lebanon, PA 17046, United States.","Lebanon, PA, United States","Lebanon, PA, United States",United States,Community Program | Parkinson's Care,,in-person,false,unclaimed,0,0,http://www.lebanonymca.org/,,7173761391,Rock Steady Boxing - Lebanon Valley Family YMCA,,member-directory,Rock Steady Boxing,"201 North 7th Street, Lebanon, PA 17046, United States",Lebanon,PA,17046,https://members.rocksteadyboxing.org/member-directory/Details/lebanon-valley-family-ymca-3259917,40.3424482,-76.423399,2026-03-28T03:14:36.187Z
rock-steady-boxing,Rock Steady Boxing Member Directory,member-directory:lehigh-valley-2829325,member-directory-lehigh-valley-850-south-5th-street-allentown-pa-18103-united-states,Rock Steady Boxing - Lehigh Valley,Community Program,Rock Steady Boxing - Lehigh Valley is listed in the official Rock Steady Boxing directory.,"Rock Steady Boxing - Lehigh Valley is listed in the official Rock Steady Boxing Member Directory. Address: 850 South 5th Street, Allentown, PA 18103, United States.","Allentown, PA, United States","Allentown, PA, United States",United States,Community Program | Parkinson's Care,,in-person,false,unclaimed,0,0,,,6103104528,Rock Steady Boxing - Lehigh Valley,,member-directory,Rock Steady Boxing,"850 South 5th Street, Allentown, PA 18103, United States",Allentown,PA,18103,https://members.rocksteadyboxing.org/member-directory/Details/lehigh-valley-2829325,40.593185,-75.4647409,2026-03-28T03:14:36.187Z
rock-steady-boxing,Rock Steady Boxing Member Directory,member-directory:leslie-peterson-rsb-4601629,member-directory-leslie-peterson-rsb-mamaroneck-fitness-club-300-waverly-ave-mamaroneck-ny-10543-united-states,Rock Steady Boxing - Leslie Peterson RSB,Community Program,Rock Steady Boxing - Leslie Peterson RSB is listed in the official Rock Steady Boxing directory.,"Rock Steady Boxing - Leslie Peterson RSB is listed in the official Rock Steady Boxing Member Directory. Address: Mamaroneck Fitness Club, 300 Waverly Ave, Mamaroneck, NY 10543, United States.","Mamaroneck, NY, United States","Mamaroneck, NY, United States",United States,Community Program | Parkinson's Care,,in-person,false,unclaimed,0,0,,,+19148354269,Rock Steady Boxing - Leslie Peterson RSB,,member-directory,Rock Steady Boxing,"Mamaroneck Fitness Club, 300 Waverly Ave, Mamaroneck, NY 10543, United States",Mamaroneck,NY,10543,https://members.rocksteadyboxing.org/member-directory/Details/leslie-peterson-rsb-4601629,40.9510977,-73.7409363,2026-03-28T03:14:36.187Z
rock-steady-boxing,Rock Steady Boxing Member Directory,member-directory:levine-jewish-community-center-2829324,member-directory-levine-jewish-community-center-5007-providence-road-charlotte-nc-28226-united-states,Rock Steady Boxing - Levine Jewish Community Center,Community Program,Rock Steady Boxing - Levine Jewish Community Center is listed in the official Rock Steady Boxing directory.,"Rock Steady Boxing - Levine Jewish Community Center is listed in the official Rock Steady Boxing Member Directory. Address: 5007 Providence Road, Charlotte, NC 28226, United States.","Charlotte, NC, United States","Charlotte, NC, United States",United States,Community Program | Parkinson's Care,,in-person,false,unclaimed,0,0,,,7049446870,Rock Steady Boxing - Levine Jewish Community Center,,member-directory,Rock Steady Boxing,"5007 Providence Road, Charlotte, NC 28226, United States",Charlotte,NC,28226,https://members.rocksteadyboxing.org/member-directory/Details/levine-jewish-community-center-2829324,35.146759,-80.7894767,2026-03-28T03:14:36.187Z
rock-steady-boxing,Rock Steady Boxing Member Directory,member-directory:lifefit-wellness-center-4393377,member-directory-lifefit-wellness-center-990-ribaut-rd-beaufort-sc-29902-united-states,Rock Steady Boxing - LifeFit Wellness Center,Exercise Program,Rock Steady Boxing - LifeFit Wellness Center is listed in the official Rock Steady Boxing directory.,"Rock Steady Boxing - LifeFit Wellness Center is listed in the official Rock Steady Boxing Member Directory. Address: 990 Ribaut Rd., Beaufort, SC 29902, United States.","Beaufort, SC, United States","Beaufort, SC, United States",United States,Boxing | Exercise | Parkinson's Care,,in-person,false,unclaimed,0,0,,,,Rock Steady Boxing - LifeFit Wellness Center,,member-directory,Rock Steady Boxing,"990 Ribaut Rd., Beaufort, SC 29902, United States",Beaufort,SC,29902,https://members.rocksteadyboxing.org/member-directory/Details/lifefit-wellness-center-4393377,32.4154244,-80.6896969,2026-03-28T03:14:36.187Z
rock-steady-boxing,Rock Steady Boxing Member Directory,member-directory:lifeplex-2829323,member-directory-lifeplex-2855-miller-drive-plymouth-in-46563-united-states,Rock Steady Boxing - LifePlex,Community Program,Rock Steady Boxing - LifePlex is listed in the official Rock Steady Boxing directory.,"Rock Steady Boxing - LifePlex is listed in the official Rock Steady Boxing Member Directory. Address: 2855 Miller Drive, Plymouth, IN 46563, United States.","Plymouth, IN, United States","Plymouth, IN, United States",United States,Community Program | Parkinson's Care,,in-person,false,unclaimed,0,0,,,5749362333,Rock Steady Boxing - LifePlex,,member-directory,Rock Steady Boxing,"2855 Miller Drive, Plymouth, IN 46563, United States",Plymouth,IN,46563,https://members.rocksteadyboxing.org/member-directory/Details/lifeplex-2829323,41.3587715,-86.345835,2026-03-28T03:14:36.187Z
rock-steady-boxing,Rock Steady Boxing Member Directory,member-directory:lift-jackson-2829321,member-directory-lift-jackson-101-jackson-walk-plaza-jackson-tn-38301-united-states,Rock Steady Boxing - Lift Jackson,Community Program,Rock Steady Boxing - Lift Jackson is listed in the official Rock Steady Boxing directory.,"Rock Steady Boxing - Lift Jackson is listed in the official Rock Steady Boxing Member Directory. Address: 101 Jackson Walk Plaza, Jackson, TN 38301, United States.","Jackson, TN, United States","Jackson, TN, United States",United States,Community Program | Parkinson's Care,,in-person,false,unclaimed,0,0,,,7314256877,Rock Steady Boxing - Lift Jackson,,member-directory,Rock Steady Boxing,"101 Jackson Walk Plaza, Jackson, TN 38301, United States",Jackson,TN,38301,https://members.rocksteadyboxing.org/member-directory/Details/lift-jackson-2829321,35.617675,-88.820561,2026-03-28T03:14:36.187Z
rock-steady-boxing,Rock Steady Boxing Member Directory,member-directory:linden-ponds-2829320,member-directory-linden-ponds-300-linden-ponds-way-hingham-ma-02043-united-states,Rock Steady Boxing - Linden Ponds,Community Program,Rock Steady Boxing - Linden Ponds is listed in the official Rock Steady Boxing directory.,"Rock Steady Boxing - Linden Ponds is listed in the official Rock Steady Boxing Member Directory. Address: 300 Linden Ponds Way, Hingham, MA 02043, United States.","Hingham, MA, United States","Hingham, MA, United States",United States,Community Program | Parkinson's Care,,in-person,false,unclaimed,0,0,,,7815347203,Rock Steady Boxing - Linden Ponds,,member-directory,Rock Steady Boxing,"300 Linden Ponds Way, Hingham, MA 02043, United States",Hingham,MA,02043,https://members.rocksteadyboxing.org/member-directory/Details/linden-ponds-2829320,42.1947607,-70.9162329,2026-03-28T03:14:36.187Z
rock-steady-boxing,Rock Steady Boxing Member Directory,member-directory:lititz-rec-center-2829319,member-directory-lititz-rec-center-301-w-maple-st-lititz-pa-17543-united-states,Rock Steady Boxing - Lititz Rec Center,Community Program,Rock Steady Boxing - Lititz Rec Center is listed in the official Rock Steady Boxing directory.,"Rock Steady Boxing - Lititz Rec Center is listed in the official Rock Steady Boxing Member Directory. Address: 301 W. Maple St., Lititz, PA 17543, United States.","Lititz, PA, United States","Lititz, PA, United States",United States,Community Program | Parkinson's Care,,in-person,false,unclaimed,0,0,,,7176265096ext.239,Rock Steady Boxing - Lititz Rec Center,,member-directory,Rock Steady Boxing,"301 W. Maple St., Lititz, PA 17543, United States",Lititz,PA,17543,https://members.rocksteadyboxing.org/member-directory/Details/lititz-rec-center-2829319,40.1577525,-76.3165997,2026-03-28T03:14:36.187Z
rock-steady-boxing,Rock Steady Boxing Member Directory,member-directory:livingston-county-2829317,member-directory-livingston-county-9525-e-highland-road-room-50-howell-mi-48843-united-states,Rock Steady Boxing - Livingston County,Community Program,Rock Steady Boxing - Livingston County is listed in the official Rock Steady Boxing directory.,"Rock Steady Boxing - Livingston County is listed in the official Rock Steady Boxing Member Directory. Address: 9525 E. Highland Road,, Room 50, Howell, MI 48843, United States.","Howell, MI, United States","Howell, MI, United States",United States,Community Program | Parkinson's Care,,in-person,false,unclaimed,0,0,,,5172945598,Rock Steady Boxing - Livingston County,,member-directory,Rock Steady Boxing,"9525 E. Highland Road,, Room 50, Howell, MI 48843, United States",Howell,MI,48843,https://members.rocksteadyboxing.org/member-directory/Details/livingston-county-2829317,42.6341543,-83.7645642,2026-03-28T03:14:36.187Z
rock-steady-boxing,Rock Steady Boxing Member Directory,member-directory:logan-2829315,member-directory-logan-209-w-300-n-logan-ut-84321-united-states,"Rock Steady Boxing Logan, UT",Community Program,"Rock Steady Boxing Logan, UT is listed in the official Rock Steady Boxing directory.","Rock Steady Boxing Logan, UT is listed in the official Rock Steady Boxing Member Directory. Address: 209 W. 300 N., Logan, UT 84321, United States.","Logan, UT, United States","Logan, UT, United States",United States,Community Program | Parkinson's Care,,in-person,false,unclaimed,0,0,,,4357168535,"Rock Steady Boxing Logan, UT",,member-directory,Rock Steady Boxing,"209 W. 300 N., Logan, UT 84321, United States",Logan,UT,84321,https://members.rocksteadyboxing.org/member-directory/Details/logan-2829315,41.7375783,-111.8403699,2026-03-28T03:14:36.187Z
rock-steady-boxing,Rock Steady Boxing Member Directory,member-directory:lolek-neurologic-rehab-3379186,member-directory-lolek-neurologic-rehab-86-n-hanover-st-room-105-minster-oh-45865-united-states,Rock Steady Boxing - Lolek Neurologic Rehab,Community Program,Rock Steady Boxing - Lolek Neurologic Rehab is listed in the official Rock Steady Boxing directory.,"Rock Steady Boxing - Lolek Neurologic Rehab is listed in the official Rock Steady Boxing Member Directory. Address: 86 N. Hanover St., Room 105, Minster, OH 45865, United States.","Minster, OH, United States","Minster, OH, United States",United States,Community Program | Parkinson's Care,,in-person,false,unclaimed,0,0,,,4193012631,Rock Steady Boxing - Lolek Neurologic Rehab,,member-directory,Rock Steady Boxing,"86 N. Hanover St., Room 105, Minster, OH 45865, United States",Minster,OH,45865,https://members.rocksteadyboxing.org/member-directory/Details/lolek-neurologic-rehab-3379186,40.3951416,-84.379837,2026-03-28T03:14:36.187Z
rock-steady-boxing,Rock Steady Boxing Member Directory,member-directory:london-ontario-4091422,member-directory-london-ontario-92-basil-cres-ilderton-on-n0m-2a0-canada,Rock Steady Boxing - London Ontario,Community Program,Rock Steady Boxing - London Ontario is listed in the official Rock Steady Boxing directory.,"Rock Steady Boxing - London Ontario is listed in the official Rock Steady Boxing Member Directory. Address: 92 Basil Cres, Ilderton, ON N0M 2A0, Canada.","Ilderton, Canada","Ilderton, Canada",Canada,Community Program | Parkinson's Care,,in-person,false,unclaimed,0,0,,,5483882020,Rock Steady Boxing - London Ontario,,member-directory,Rock Steady Boxing,"92 Basil Cres, Ilderton, ON N0M 2A0, Canada",Ilderton,,,https://members.rocksteadyboxing.org/member-directory/Details/london-ontario-4091422,43.0833717,-81.37255499999999,2026-03-28T03:14:36.187Z
rock-steady-boxing,Rock Steady Boxing Member Directory,member-directory:los-angeles-2829312,member-directory-los-angeles-881-alma-real-drive-t-14-pacific-palisades-ca-90272-united-states,Rock Steady Boxing - Los Angeles,Community Program,Rock Steady Boxing - Los Angeles is listed in the official Rock Steady Boxing directory.,"Rock Steady Boxing - Los Angeles is listed in the official Rock Steady Boxing Member Directory. Address: 881 Alma Real Drive, T-14, Pacific Palisades, CA 90272, United States.","Pacific Palisades, CA, United States","Pacific Palisades, CA, United States",United States,Community Program | Parkinson's Care,,in-person,false,unclaimed,0,0,,,3107104156,Rock Steady Boxing - Los Angeles,,member-directory,Rock Steady Boxing,"881 Alma Real Drive, T-14, Pacific Palisades, CA 90272, United States",Pacific Palisades,CA,90272,https://members.rocksteadyboxing.org/member-directory/Details/los-angeles-2829312,34.0448765,-118.5255425,2026-03-28T03:14:36.187Z
rock-steady-boxing,Rock Steady Boxing Member Directory,member-directory:louisiana-tech-university-2829311,member-directory-louisiana-tech-university-921-tech-drive-ruston-la-71272-united-states,Rock Steady Boxing - Louisiana Tech University,Community Program,Rock Steady Boxing - Louisiana Tech University is listed in the official Rock Steady Boxing directory.,"Rock Steady Boxing - Louisiana Tech University is listed in the official Rock Steady Boxing Member Directory. Address: 921 Tech Drive, Ruston, LA 71272, United States.","Ruston, LA, United States","Ruston, LA, United States",United States,Community Program | Parkinson's Care,,in-person,false,unclaimed,0,0,,,3182572614,Rock Steady Boxing - Louisiana Tech University,,member-directory,Rock Steady Boxing,"921 Tech Drive, Ruston, LA 71272, United States",Ruston,LA,71272,https://members.rocksteadyboxing.org/member-directory/Details/louisiana-tech-university-2829311,32.533269,-92.6510701,2026-03-28T03:14:36.187Z
rock-steady-boxing,Rock Steady Boxing Member Directory,member-directory:loyola-center-for-fitness-2957440,member-directory-loyola-center-for-fitness-2160-s-first-ave-building-130-maywood-il-60153-united-states,Rock Steady Boxing - Loyola Center for Fitness,Exercise Program,Rock Steady Boxing - Loyola Center for Fitness is listed in the official Rock Steady Boxing directory.,"Rock Steady Boxing - Loyola Center for Fitness is listed in the official Rock Steady Boxing Member Directory. Address: 2160 S. First Ave, Building 130, Maywood, IL 60153, United States.","Maywood, IL, United States","Maywood, IL, United States",United States,Boxing | Exercise | Parkinson's Care,,in-person,false,unclaimed,0,0,,,7083273554,Rock Steady Boxing - Loyola Center for Fitness,,member-directory,Rock Steady Boxing,"2160 S. First Ave, Building 130, Maywood, IL 60153, United States",Maywood,IL,60153,https://members.rocksteadyboxing.org/member-directory/Details/loyola-center-for-fitness-2957440,41.8603604,-87.8350335,2026-03-28T03:14:36.187Z
rock-steady-boxing,Rock Steady Boxing Member Directory,member-directory:lrac-2829308,member-directory-lrac-4610-sam-peck-road-little-rock-ar-72223-united-states,Rock Steady Boxing - LRAC,Community Program,Rock Steady Boxing - LRAC is listed in the official Rock Steady Boxing directory.,"Rock Steady Boxing - LRAC is listed in the official Rock Steady Boxing Member Directory. Address: 4610 Sam Peck Road, Little Rock, AR 72223, United States.","Little Rock, AR, United States","Little Rock, AR, United States",United States,Community Program | Parkinson's Care,,in-person,false,unclaimed,0,0,,,5012253600,Rock Steady Boxing - LRAC,,member-directory,Rock Steady Boxing,"4610 Sam Peck Road, Little Rock, AR 72223, United States",Little Rock,AR,72223,https://members.rocksteadyboxing.org/member-directory/Details/lrac-2829308,34.7945745,-92.4157446,2026-03-28T03:14:36.187Z
rock-steady-boxing,Rock Steady Boxing Member Directory,member-directory:lutheran-life-villages-2829307,member-directory-lutheran-life-villages-6723-s-anthony-blvd-fort-wayne-in-46816-united-states,Rock Steady Boxing - Lutheran Life Villages,Community Program,Rock Steady Boxing - Lutheran Life Villages is listed in the official Rock Steady Boxing directory.,"Rock Steady Boxing - Lutheran Life Villages is listed in the official Rock Steady Boxing Member Directory. Address: 6723 S. Anthony Blvd., Fort Wayne, IN 46816, United States.","Fort Wayne, IN, United States","Fort Wayne, IN, United States",United States,Community Program | Parkinson's Care,,in-person,false,unclaimed,0,0,,,2604471591,Rock Steady Boxing - Lutheran Life Villages,,member-directory,Rock Steady Boxing,"6723 S. Anthony Blvd., Fort Wayne, IN 46816, United States",Fort Wayne,IN,46816,https://members.rocksteadyboxing.org/member-directory/Details/lutheran-life-villages-2829307,41.0237194,-85.1089513,2026-03-28T03:14:36.187Z
rock-steady-boxing,Rock Steady Boxing Member Directory,member-directory:lvhn-allentown-4331690,member-directory-lvhn-allentown-1243-s-cedar-crest-blvd-allentown-pa-18103-united-states,Rock Steady Boxing - LVHN-Allentown,Community Program,Rock Steady Boxing - LVHN-Allentown is listed in the official Rock Steady Boxing directory.,"Rock Steady Boxing - LVHN-Allentown is listed in the official Rock Steady Boxing Member Directory. Address: 1243 S. Cedar Crest Blvd, Allentown, PA 18103, United States.","Allentown, PA, United States","Allentown, PA, United States",United States,Community Program | Parkinson's Care,,in-person,false,unclaimed,0,0,,,6104023699,Rock Steady Boxing - LVHN-Allentown,,member-directory,Rock Steady Boxing,"1243 S. Cedar Crest Blvd, Allentown, PA 18103, United States",Allentown,PA,18103,https://members.rocksteadyboxing.org/member-directory/Details/lvhn-allentown-4331690,40.5671168,-75.51745799999999,2026-03-28T03:14:36.187Z
rock-steady-boxing,Rock Steady Boxing Member Directory,member-directory:lvhn-bethlehem-2829306,member-directory-lvhn-bethlehem-1770-bathgate-road-bethlehem-pa-18017-united-states,Rock Steady Boxing - LVHN-Bethlehem,Community Program,Rock Steady Boxing - LVHN-Bethlehem is listed in the official Rock Steady Boxing directory.,"Rock Steady Boxing - LVHN-Bethlehem is listed in the official Rock Steady Boxing Member Directory. Address: 1770 Bathgate Road, Bethlehem, PA 18017, United States.","Bethlehem, PA, United States","Bethlehem, PA, United States",United States,Community Program | Parkinson's Care,,in-person,false,unclaimed,0,0,,,6104029715,Rock Steady Boxing - LVHN-Bethlehem,,member-directory,Rock Steady Boxing,"1770 Bathgate Road, Bethlehem, PA 18017, United States",Bethlehem,PA,18017,https://members.rocksteadyboxing.org/member-directory/Details/lvhn-bethlehem-2829306,40.6436455,-75.4101628,2026-03-28T03:14:36.187Z
rock-steady-boxing,Rock Steady Boxing Member Directory,member-directory:m-e-boxing-fitness-education-2829305,member-directory-m-e-boxing-and-fitness-education-23121-antonio-pkwy-suite-120-rancho-santa-margarita-ca-92688-united-states,Rock Steady Boxing - M.E. Boxing & Fitness Education,Exercise Program,Rock Steady Boxing - M.E. Boxing & Fitness Education is listed in the official Rock Steady Boxing directory.,"Rock Steady Boxing - M.E. Boxing & Fitness Education is listed in the official Rock Steady Boxing Member Directory. Address: 23121 Antonio Pkwy, Suite #120, Rancho Santa Margarita, CA 92688, United States.","Rancho Santa Margarita, CA, United States","Rancho Santa Margarita, CA, United States",United States,Boxing | Exercise | Parkinson's Care,,in-person,false,unclaimed,0,0,,,7143424702,Rock Steady Boxing - M.E. Boxing & Fitness Education,,member-directory,Rock Steady Boxing,"23121 Antonio Pkwy, Suite #120, Rancho Santa Margarita, CA 92688, United States",Rancho Santa Margarita,CA,92688,https://members.rocksteadyboxing.org/member-directory/Details/m-e-boxing-fitness-education-2829305,33.6269595,-117.6064411,2026-03-28T03:14:36.187Z
rock-steady-boxing,Rock Steady Boxing Member Directory,member-directory:macomb-2829304,member-directory-macomb-400-east-calhoun-street-macomb-il-61455-united-states,"Rock Steady Boxing Macomb, IL",Community Program,"Rock Steady Boxing Macomb, IL is listed in the official Rock Steady Boxing directory.","Rock Steady Boxing Macomb, IL is listed in the official Rock Steady Boxing Member Directory. Address: 400 East Calhoun Street, Macomb, IL 61455, United States.","Macomb, IL, United States","Macomb, IL, United States",United States,Community Program | Parkinson's Care,,in-person,false,unclaimed,0,0,,,3098332129,"Rock Steady Boxing Macomb, IL",,member-directory,Rock Steady Boxing,"400 East Calhoun Street, Macomb, IL 61455, United States",Macomb,IL,61455,https://members.rocksteadyboxing.org/member-directory/Details/macomb-2829304,40.4615748,-90.6664097,2026-03-28T03:14:36.187Z
rock-steady-boxing,Rock Steady Boxing Member Directory,member-directory:macomb-ymca-2829303,member-directory-macomb-ymca-10-n-river-road-mount-clemens-mi-48043-united-states,Rock Steady Boxing - Macomb YMCA,Community Program,Rock Steady Boxing - Macomb YMCA is listed in the official Rock Steady Boxing directory.,"Rock Steady Boxing - Macomb YMCA is listed in the official Rock Steady Boxing Member Directory. Address: 10 N River Road, Mount Clemens, MI 48043, United States.","Mount Clemens, MI, United States","Mount Clemens, MI, United States",United States,Community Program | Parkinson's Care,,in-person,false,unclaimed,0,0,,,5864681411,Rock Steady Boxing - Macomb YMCA,,member-directory,Rock Steady Boxing,"10 N River Road, Mount Clemens, MI 48043, United States",Mount Clemens,MI,48043,https://members.rocksteadyboxing.org/member-directory/Details/macomb-ymca-2829303,42.5980708,-82.8735683,2026-03-28T03:14:36.187Z
rock-steady-boxing,Rock Steady Boxing Member Directory,member-directory:macon-3788342,member-directory-macon-5585-thomaston-road-macon-ga-31220-united-states,"Rock Steady Boxing Macon, GA",Community Program,"Rock Steady Boxing Macon, GA is listed in the official Rock Steady Boxing directory.","Rock Steady Boxing Macon, GA is listed in the official Rock Steady Boxing Member Directory. Address: 5585 Thomaston Road, Macon, GA 31220, United States.","Macon, GA, United States","Macon, GA, United States",United States,Community Program | Parkinson's Care,,in-person,false,unclaimed,0,0,,,4789515797,"Rock Steady Boxing Macon, GA",,member-directory,Rock Steady Boxing,"5585 Thomaston Road, Macon, GA 31220, United States",Macon,GA,31220,https://members.rocksteadyboxing.org/member-directory/Details/macon-3788342,32.8354865,-83.7435996,2026-03-28T03:14:36.187Z
rock-steady-boxing,Rock Steady Boxing Member Directory,member-directory:madison-area-ymca-3305310,member-directory-madison-area-ymca-111-kings-road-madison-nj-07940-united-states,Rock Steady Boxing - Madison Area YMCA,Community Program,Rock Steady Boxing - Madison Area YMCA is listed in the official Rock Steady Boxing directory.,"Rock Steady Boxing - Madison Area YMCA is listed in the official Rock Steady Boxing Member Directory. Address: 111 Kings Road, Madison, NJ 07940, United States.","Madison, NJ, United States","Madison, NJ, United States",United States,Community Program | Parkinson's Care,,in-person,false,unclaimed,0,0,,,9738229622,Rock Steady Boxing - Madison Area YMCA,,member-directory,Rock Steady Boxing,"111 Kings Road, Madison, NJ 07940, United States",Madison,NJ,07940,https://members.rocksteadyboxing.org/member-directory/Details/madison-area-ymca-3305310,40.7536649,-74.4125194,2026-03-28T03:14:36.187Z
rock-steady-boxing,Rock Steady Boxing Member Directory,member-directory:main-line-2829301,member-directory-main-line-511-old-lancaster-rd-suite-12-berwyn-pa-19312-united-states,Rock Steady Boxing - Main Line,Community Program,Rock Steady Boxing - Main Line is listed in the official Rock Steady Boxing directory.,"Rock Steady Boxing - Main Line is listed in the official Rock Steady Boxing Member Directory. Categories: Main Line, Berwyn, Philadelphia, Jen Brown, Dynamic. Address: 511 Old Lancaster Rd., Suite 12, Berwyn, PA 19312, United States.","Berwyn, PA, United States","Berwyn, PA, United States",United States,Main Line | Berwyn | Philadelphia | Jen Brown | Dynamic | Community Program | Parkinson's Care,,in-person,false,unclaimed,0,0,,,6102252451ext.4,Rock Steady Boxing - Main Line,,member-directory,Rock Steady Boxing,"511 Old Lancaster Rd., Suite 12, Berwyn, PA 19312, United States",Berwyn,PA,19312,https://members.rocksteadyboxing.org/member-directory/Details/main-line-2829301,40.0487385,-75.4387003,2026-03-28T03:14:36.187Z
rock-steady-boxing,Rock Steady Boxing Member Directory,member-directory:malvern-2829298,member-directory-malvern-21-plank-ave-paoli-pa-19301-united-states,Rock Steady Boxing - Malvern,Community Program,Rock Steady Boxing - Malvern is listed in the official Rock Steady Boxing directory.,"Rock Steady Boxing - Malvern is listed in the official Rock Steady Boxing Member Directory. Address: 21 Plank Ave., Paoli, PA 19301, United States.","Paoli, PA, United States","Paoli, PA, United States",United States,Community Program | Parkinson's Care,,in-person,false,unclaimed,0,0,,,6106959818,Rock Steady Boxing - Malvern,,member-directory,Rock Steady Boxing,"21 Plank Ave., Paoli, PA 19301, United States",Paoli,PA,19301,https://members.rocksteadyboxing.org/member-directory/Details/malvern-2829298,40.0428872,-75.48813190000001,2026-03-28T03:14:36.187Z
rock-steady-boxing,Rock Steady Boxing Member Directory,member-directory:mandell-jcc-of-greater-hartford-3916890,member-directory-mandell-jcc-of-greater-hartford-335-bloomfield-ave-west-hartford-ct-06117-united-states,Rock Steady Boxing - Mandell JCC of Greater Hartford,Community Program,Rock Steady Boxing - Mandell JCC of Greater Hartford is listed in the official Rock Steady Boxing directory.,"Rock Steady Boxing - Mandell JCC of Greater Hartford is listed in the official Rock Steady Boxing Member Directory. Address: 335 Bloomfield Ave, West Hartford, CT 06117, United States.","West Hartford, CT, United States","West Hartford, CT, United States",United States,Community Program | Parkinson's Care,,in-person,false,unclaimed,0,0,,,8602364571,Rock Steady Boxing - Mandell JCC of Greater Hartford,,member-directory,Rock Steady Boxing,"335 Bloomfield Ave, West Hartford, CT 06117, United States",West Hartford,CT,06117,https://members.rocksteadyboxing.org/member-directory/Details/mandell-jcc-of-greater-hartford-3916890,41.8005838,-72.7257393,2026-03-28T03:14:36.187Z
rock-steady-boxing,Rock Steady Boxing Member Directory,member-directory:manhattan-2829296,member-directory-manhattan-123-east-12th-street-new-york-ny-10003-united-states,Rock Steady Boxing - Manhattan,Community Program,Rock Steady Boxing - Manhattan is listed in the official Rock Steady Boxing directory.,"Rock Steady Boxing - Manhattan is listed in the official Rock Steady Boxing Member Directory. Address: 123 East 12th Street, New York, NY 10003, United States.","New York, NY, United States","New York, NY, United States",United States,Community Program | Parkinson's Care,,in-person,false,unclaimed,0,0,,,5136759775,Rock Steady Boxing - Manhattan,,member-directory,Rock Steady Boxing,"123 East 12th Street, New York, NY 10003, United States",New York,NY,10003,https://members.rocksteadyboxing.org/member-directory/Details/manhattan-2829296,40.7324116,-73.98890999999999,2026-03-28T03:14:36.187Z
rock-steady-boxing,Rock Steady Boxing Member Directory,member-directory:manitowoc-two-rivers-2829295,member-directory-manitowoc-two-rivers-205-maritime-dr-manitowoc-wi-54220-united-states,Rock Steady Boxing - Manitowoc - Two Rivers,Community Program,Rock Steady Boxing - Manitowoc - Two Rivers is listed in the official Rock Steady Boxing directory.,"Rock Steady Boxing - Manitowoc - Two Rivers is listed in the official Rock Steady Boxing Member Directory. Address: 205 Maritime Dr, Manitowoc, WI 54220, United States.","Manitowoc, WI, United States","Manitowoc, WI, United States",United States,Community Program | Parkinson's Care,,in-person,false,unclaimed,0,0,,,9204821500,Rock Steady Boxing - Manitowoc - Two Rivers,,member-directory,Rock Steady Boxing,"205 Maritime Dr, Manitowoc, WI 54220, United States",Manitowoc,WI,54220,https://members.rocksteadyboxing.org/member-directory/Details/manitowoc-two-rivers-2829295,44.0940683,-87.6529623,2026-03-28T03:14:36.187Z
rock-steady-boxing,Rock Steady Boxing Member Directory,member-directory:maps-therafit-2829294,member-directory-maps-therafit-511-jermor-lane-suite-102-westminster-md-21157-united-states,Rock Steady Boxing - Maps @ Therafit,Community Program,Rock Steady Boxing - Maps @ Therafit is listed in the official Rock Steady Boxing directory.,"Rock Steady Boxing - Maps @ Therafit is listed in the official Rock Steady Boxing Member Directory. Address: 511 Jermor Lane, Suite 102, Westminster, MD 21157, United States.","Westminster, MD, United States","Westminster, MD, United States",United States,Community Program | Parkinson's Care,,in-person,false,unclaimed,0,0,,,4108712494,Rock Steady Boxing - Maps @ Therafit,,member-directory,Rock Steady Boxing,"511 Jermor Lane, Suite 102, Westminster, MD 21157, United States",Westminster,MD,21157,https://members.rocksteadyboxing.org/member-directory/Details/maps-therafit-2829294,39.5650874,-76.9798326,2026-03-28T03:14:36.187Z
rock-steady-boxing,Rock Steady Boxing Member Directory,member-directory:maps-at-charm-city-2829293,member-directory-maps-at-charm-city-1400-coppermine-terrace-baltimore-md-21209-united-states,Rock Steady Boxing - MAPS at Charm City,Community Program,Rock Steady Boxing - MAPS at Charm City is listed in the official Rock Steady Boxing directory.,"Rock Steady Boxing - MAPS at Charm City is listed in the official Rock Steady Boxing Member Directory. Address: 1400 Coppermine Terrace, Baltimore, MD 21209, United States.","Baltimore, MD, United States","Baltimore, MD, United States",United States,Community Program | Parkinson's Care,,in-person,false,unclaimed,0,0,,,4438730040,Rock Steady Boxing - MAPS at Charm City,,member-directory,Rock Steady Boxing,"1400 Coppermine Terrace, Baltimore, MD 21209, United States",Baltimore,MD,21209,https://members.rocksteadyboxing.org/member-directory/Details/maps-at-charm-city-2829293,39.3858108,-76.6612078,2026-03-28T03:14:36.187Z
rock-steady-boxing,Rock Steady Boxing Member Directory,member-directory:maps-at-myerberg-center-2829292,member-directory-maps-at-myerberg-center-3101-fallstaff-road-baltimore-md-21209-united-states,Rock Steady Boxing - MAPS at Myerberg Center,Community Program,Rock Steady Boxing - MAPS at Myerberg Center is listed in the official Rock Steady Boxing directory.,"Rock Steady Boxing - MAPS at Myerberg Center is listed in the official Rock Steady Boxing Member Directory. Address: 3101 Fallstaff Road, Baltimore, MD 21209, United States.","Baltimore, MD, United States","Baltimore, MD, United States",United States,Community Program | Parkinson's Care,,in-person,false,unclaimed,0,0,,,4439631450,Rock Steady Boxing - MAPS at Myerberg Center,,member-directory,Rock Steady Boxing,"3101 Fallstaff Road, Baltimore, MD 21209, United States",Baltimore,MD,21209,https://members.rocksteadyboxing.org/member-directory/Details/maps-at-myerberg-center-2829292,39.3688405,-76.69355949999999,2026-03-28T03:14:36.187Z
rock-steady-boxing,Rock Steady Boxing Member Directory,member-directory:maris-grove-2829291,member-directory-maris-grove-100-maris-grove-way-glen-mills-pa-19342-united-states,Rock Steady Boxing - Maris Grove,Community Program,Rock Steady Boxing - Maris Grove is listed in the official Rock Steady Boxing directory.,"Rock Steady Boxing - Maris Grove is listed in the official Rock Steady Boxing Member Directory. Address: 100 Maris Grove Way, Glen Mills, PA 19342, United States.","Glen Mills, PA, United States","Glen Mills, PA, United States",United States,Community Program | Parkinson's Care,,in-person,false,unclaimed,0,0,,,6103874517,Rock Steady Boxing - Maris Grove,,member-directory,Rock Steady Boxing,"100 Maris Grove Way, Glen Mills, PA 19342, United States",Glen Mills,PA,19342,https://members.rocksteadyboxing.org/member-directory/Details/maris-grove-2829291,39.878908,-75.530329,2026-03-28T03:14:36.187Z
rock-steady-boxing,Rock Steady Boxing Member Directory,member-directory:mar-jcc-2829290,member-directory-mar-jcc-18900-ne-25th-avenue-north-miami-beach-fl-33180-united-states,Rock Steady Boxing - MAR-JCC,Community Program,Rock Steady Boxing - MAR-JCC is listed in the official Rock Steady Boxing directory.,"Rock Steady Boxing - MAR-JCC is listed in the official Rock Steady Boxing Member Directory. Address: 18900 NE 25th Avenue, North Miami Beach, FL 33180, United States.","North Miami Beach, FL, United States","North Miami Beach, FL, United States",United States,Community Program | Parkinson's Care,,in-person,false,unclaimed,0,0,,,3054970549,Rock Steady Boxing - MAR-JCC,,member-directory,Rock Steady Boxing,"18900 NE 25th Avenue, North Miami Beach, FL 33180, United States",North Miami Beach,FL,33180,https://members.rocksteadyboxing.org/member-directory/Details/mar-jcc-2829290,25.9499531,-80.1522129,2026-03-28T03:14:36.187Z
rock-steady-boxing,Rock Steady Boxing Member Directory,member-directory:marshalltown-y-2829288,member-directory-marshalltown-y-108-washington-st-marshalltown-ia-50158-united-states,Rock Steady Boxing - Marshalltown Y,Community Program,Rock Steady Boxing - Marshalltown Y is listed in the official Rock Steady Boxing directory.,"Rock Steady Boxing - Marshalltown Y is listed in the official Rock Steady Boxing Member Directory. Address: 108 Washington St, Marshalltown, IA 50158, United States.","Marshalltown, IA, United States","Marshalltown, IA, United States",United States,Community Program | Parkinson's Care,,in-person,false,unclaimed,0,0,,,6417528658,Rock Steady Boxing - Marshalltown Y,,member-directory,Rock Steady Boxing,"108 Washington St, Marshalltown, IA 50158, United States",Marshalltown,IA,50158,https://members.rocksteadyboxing.org/member-directory/Details/marshalltown-y-2829288,42.0396592,-92.9150207,2026-03-28T03:14:36.187Z
rock-steady-boxing,Rock Steady Boxing Member Directory,member-directory:martin-3436737,member-directory-martin-134-kennedy-dr-martin-tn-38237-united-states,"Rock Steady Boxing Martin, TN",Community Program,"Rock Steady Boxing Martin, TN is listed in the official Rock Steady Boxing directory.","Rock Steady Boxing Martin, TN is listed in the official Rock Steady Boxing Member Directory. Address: 134 Kennedy Dr, Martin, TN 38237, United States.","Martin, TN, United States","Martin, TN, United States",United States,Community Program | Parkinson's Care,,in-person,false,unclaimed,0,0,,,7312347593,"Rock Steady Boxing Martin, TN",,member-directory,Rock Steady Boxing,"134 Kennedy Dr, Martin, TN 38237, United States",Martin,TN,38237,https://members.rocksteadyboxing.org/member-directory/Details/martin-3436737,36.3353472,-88.8698416,2026-03-28T03:14:36.187Z
rock-steady-boxing,Rock Steady Boxing Member Directory,member-directory:mason-city-2829287,member-directory-mason-city-100-s-federal-106-mason-city-ia-50401-united-states,"Rock Steady Boxing Mason City, IA",Community Program,"Rock Steady Boxing Mason City, IA is listed in the official Rock Steady Boxing directory.","Rock Steady Boxing Mason City, IA is listed in the official Rock Steady Boxing Member Directory. Address: 100 S Federal #106, Mason City, IA 50401, United States.","Mason City, IA, United States","Mason City, IA, United States",United States,Community Program | Parkinson's Care,,in-person,false,unclaimed,0,0,,,6415252601,"Rock Steady Boxing Mason City, IA",,member-directory,Rock Steady Boxing,"100 S Federal #106, Mason City, IA 50401, United States",Mason City,IA,50401,https://members.rocksteadyboxing.org/member-directory/Details/mason-city-2829287,43.1503565,-93.20087799999999,2026-03-28T03:14:36.187Z
rock-steady-boxing,Rock Steady Boxing Member Directory,member-directory:mason-lake-2829286,member-directory-mason-lake-130-east-lakeview-dr-grapeview-wa-98546-united-states,Rock Steady Boxing - Mason Lake,Community Program,Rock Steady Boxing - Mason Lake is listed in the official Rock Steady Boxing directory.,"Rock Steady Boxing - Mason Lake is listed in the official Rock Steady Boxing Member Directory. Address: 130 East Lakeview Dr, Grapeview, WA 98546, United States.","Grapeview, WA, United States","Grapeview, WA, United States",United States,Community Program | Parkinson's Care,,in-person,false,unclaimed,0,0,,,3608017207,Rock Steady Boxing - Mason Lake,,member-directory,Rock Steady Boxing,"130 East Lakeview Dr, Grapeview, WA 98546, United States",Grapeview,WA,98546,https://members.rocksteadyboxing.org/member-directory/Details/mason-lake-2829286,47.3273374,-122.9521498,2026-03-28T03:14:36.188Z
rock-steady-boxing,Rock Steady Boxing Member Directory,member-directory:matthews-glen-2829284,member-directory-matthews-glen-733-pavilion-view-drive-matthews-nc-28105-united-states,Rock Steady Boxing - Matthews Glen,Community Program,Rock Steady Boxing - Matthews Glen is listed in the official Rock Steady Boxing directory.,"Rock Steady Boxing - Matthews Glen is listed in the official Rock Steady Boxing Member Directory. Address: 733 Pavilion View Drive, Matthews, NC 28105, United States.","Matthews, NC, United States","Matthews, NC, United States",United States,Community Program | Parkinson's Care,,in-person,false,unclaimed,0,0,,,7048455900,Rock Steady Boxing - Matthews Glen,,member-directory,Rock Steady Boxing,"733 Pavilion View Drive, Matthews, NC 28105, United States",Matthews,NC,28105,https://members.rocksteadyboxing.org/member-directory/Details/matthews-glen-2829284,35.1142589,-80.73447399999999,2026-03-28T03:14:36.188Z
rock-steady-boxing,Rock Steady Boxing Member Directory,member-directory:mccormick-3271625,member-directory-mccormick-464-petigru-circle-mccormick-sc-29835-united-states,"Rock Steady Boxing McCormick, SC",Community Program,"Rock Steady Boxing McCormick, SC is listed in the official Rock Steady Boxing directory.","Rock Steady Boxing McCormick, SC is listed in the official Rock Steady Boxing Member Directory. Address: 464 Petigru Circle, McCormick, SC 29835, United States.","McCormick, SC, United States","McCormick, SC, United States",United States,Community Program | Parkinson's Care,,in-person,false,unclaimed,0,0,,,7178878584,"Rock Steady Boxing McCormick, SC",,member-directory,Rock Steady Boxing,"464 Petigru Circle, McCormick, SC 29835, United States",McCormick,SC,29835,https://members.rocksteadyboxing.org/member-directory/Details/mccormick-3271625,33.8624926,-82.3575875,2026-03-28T03:14:36.188Z
rock-steady-boxing,Rock Steady Boxing Member Directory,member-directory:meadowlark-2829282,member-directory-meadowlark-2121-meadowlark-rd-manhattan-ks-66502-united-states,Rock Steady Boxing - Meadowlark,Community Program,Rock Steady Boxing - Meadowlark is listed in the official Rock Steady Boxing directory.,"Rock Steady Boxing - Meadowlark is listed in the official Rock Steady Boxing Member Directory. Address: 2121 Meadowlark Rd, Manhattan, KS 66502, United States.","Manhattan, KS, United States","Manhattan, KS, United States",United States,Community Program | Parkinson's Care,,in-person,false,unclaimed,0,0,,,7853233899,Rock Steady Boxing - Meadowlark,,member-directory,Rock Steady Boxing,"2121 Meadowlark Rd, Manhattan, KS 66502, United States",Manhattan,KS,66502,https://members.rocksteadyboxing.org/member-directory/Details/meadowlark-2829282,39.2084236,-96.57748889999999,2026-03-28T03:14:36.188Z
rock-steady-boxing,Rock Steady Boxing Member Directory,member-directory:meadowlark-2-2829281,member-directory-meadowlark-2-935-e-4th-street-junction-city-ks-66441-united-states,Rock Steady Boxing - Meadowlark 2,Community Program,Rock Steady Boxing - Meadowlark 2 is listed in the official Rock Steady Boxing directory.,"Rock Steady Boxing - Meadowlark 2 is listed in the official Rock Steady Boxing Member Directory. Address: 935 E. 4th Street, Junction City, KS 66441, United States.","Junction City, KS, United States","Junction City, KS, United States",United States,Community Program | Parkinson's Care,,in-person,false,unclaimed,0,0,,,7853233899,Rock Steady Boxing - Meadowlark 2,,member-directory,Rock Steady Boxing,"935 E. 4th Street, Junction City, KS 66441, United States",Junction City,KS,66441,https://members.rocksteadyboxing.org/member-directory/Details/meadowlark-2-2829281,39.0257773,-96.814675,2026-03-28T03:14:36.188Z
rock-steady-boxing,Rock Steady Boxing Member Directory,member-directory:mease-life-2829280,member-directory-mease-life-700-mease-plaza-dunedin-fl-34698-united-states,Rock Steady Boxing - Mease Life,Community Program,Rock Steady Boxing - Mease Life is listed in the official Rock Steady Boxing directory.,"Rock Steady Boxing - Mease Life is listed in the official Rock Steady Boxing Member Directory. Address: 700 Mease Plaza, Dunedin, FL 34698, United States.","Dunedin, FL, United States","Dunedin, FL, United States",United States,Community Program | Parkinson's Care,,in-person,false,unclaimed,0,0,,,7277383370,Rock Steady Boxing - Mease Life,,member-directory,Rock Steady Boxing,"700 Mease Plaza, Dunedin, FL 34698, United States",Dunedin,FL,34698,https://members.rocksteadyboxing.org/member-directory/Details/mease-life-2829280,28.0161259,-82.7800726,2026-03-28T03:14:36.188Z
rock-steady-boxing,Rock Steady Boxing Member Directory,member-directory:medstar-good-samaritan-hospital-2829279,member-directory-medstar-good-samaritan-hospital-5601-loch-raven-blvd-baltimore-md-21239-united-states,Rock Steady Boxing - Medstar Good Samaritan Hospital,Community Program,Rock Steady Boxing - Medstar Good Samaritan Hospital is listed in the official Rock Steady Boxing directory.,"Rock Steady Boxing - Medstar Good Samaritan Hospital is listed in the official Rock Steady Boxing Member Directory. Address: 5601 Loch Raven Blvd, Baltimore, MD 21239, United States.","Baltimore, MD, United States","Baltimore, MD, United States",United States,Community Program | Parkinson's Care,,in-person,false,unclaimed,0,0,,,4434445303,Rock Steady Boxing - Medstar Good Samaritan Hospital,,member-directory,Rock Steady Boxing,"5601 Loch Raven Blvd, Baltimore, MD 21239, United States",Baltimore,MD,21239,https://members.rocksteadyboxing.org/member-directory/Details/medstar-good-samaritan-hospital-2829279,39.3582073,-76.58727689999999,2026-03-28T03:14:36.188Z
rock-steady-boxing,Rock Steady Boxing Member Directory,member-directory:meg-n-fit-2829278,member-directory-meg-n-fit-2497-longbeach-road-suites-107-108-oceanside-ny-11572-united-states,Rock Steady Boxing - Meg-N-Fit,Community Program,Rock Steady Boxing - Meg-N-Fit is listed in the official Rock Steady Boxing directory.,"Rock Steady Boxing - Meg-N-Fit is listed in the official Rock Steady Boxing Member Directory. Address: 2497 Longbeach Road, Suites 107/108, Oceanside, NY 11572, United States.","Oceanside, NY, United States","Oceanside, NY, United States",United States,Community Program | Parkinson's Care,,in-person,false,unclaimed,0,0,,,5166526766,Rock Steady Boxing - Meg-N-Fit,,member-directory,Rock Steady Boxing,"2497 Longbeach Road, Suites 107/108, Oceanside, NY 11572, United States",Oceanside,NY,11572,https://members.rocksteadyboxing.org/member-directory/Details/meg-n-fit-2829278,40.6509043,-73.6361427,2026-03-28T03:14:36.188Z
rock-steady-boxing,Rock Steady Boxing Member Directory,member-directory:memorial-rehab-services-2829276,member-directory-memorial-rehab-services-4550-west-iles-avenue-springfield-il-62711-united-states,Rock Steady Boxing - Memorial Rehab Services,Community Program,Rock Steady Boxing - Memorial Rehab Services is listed in the official Rock Steady Boxing directory.,"Rock Steady Boxing - Memorial Rehab Services is listed in the official Rock Steady Boxing Member Directory. Address: 4550 West Iles Avenue, Springfield, IL 62711, United States.","Springfield, IL, United States","Springfield, IL, United States",United States,Community Program | Parkinson's Care,,in-person,false,unclaimed,0,0,,,2178620041,Rock Steady Boxing - Memorial Rehab Services,,member-directory,Rock Steady Boxing,"4550 West Iles Avenue, Springfield, IL 62711, United States",Springfield,IL,62711,https://members.rocksteadyboxing.org/member-directory/Details/memorial-rehab-services-2829276,39.7699528,-89.7369779,2026-03-28T03:14:36.188Z
rock-steady-boxing,Rock Steady Boxing Member Directory,member-directory:memphis-jewish-community-center-2829274,member-directory-memphis-jewish-community-center-6560-poplar-ave-memphis-tn-38138-united-states,Rock Steady Boxing - Memphis Jewish Community Center,Community Program,Rock Steady Boxing - Memphis Jewish Community Center is listed in the official Rock Steady Boxing directory.,"Rock Steady Boxing - Memphis Jewish Community Center is listed in the official Rock Steady Boxing Member Directory. Address: 6560 Poplar Ave., Memphis, TN 38138, United States.","Memphis, TN, United States","Memphis, TN, United States",United States,Community Program | Parkinson's Care,,in-person,false,unclaimed,0,0,,,9012599212,Rock Steady Boxing - Memphis Jewish Community Center,,member-directory,Rock Steady Boxing,"6560 Poplar Ave., Memphis, TN 38138, United States",Memphis,TN,38138,https://members.rocksteadyboxing.org/member-directory/Details/memphis-jewish-community-center-2829274,35.10027669999999,-89.8444722,2026-03-28T03:14:36.188Z
rock-steady-boxing,Rock Steady Boxing Member Directory,member-directory:mercer-2914229,member-directory-mercer-335-princeton-hightstown-road-west-windsor-nj-08512-united-states,Rock Steady Boxing - Mercer,Community Program,Rock Steady Boxing - Mercer is listed in the official Rock Steady Boxing directory.,"Rock Steady Boxing - Mercer is listed in the official Rock Steady Boxing Member Directory. Address: 335 Princeton-Hightstown Road, West Windsor, NJ 08512, United States.","West Windsor, NJ, United States","West Windsor, NJ, United States",United States,Community Program | Parkinson's Care,,in-person,false,unclaimed,0,0,,,9082102153,Rock Steady Boxing - Mercer,,member-directory,Rock Steady Boxing,"335 Princeton-Hightstown Road, West Windsor, NJ 08512, United States",West Windsor,NJ,08512,https://members.rocksteadyboxing.org/member-directory/Details/mercer-2914229,40.2926586,-74.58349079999999,2026-03-28T03:14:36.188Z
rock-steady-boxing,Rock Steady Boxing Member Directory,member-directory:mercer-island-at-sjcc-2829273,member-directory-mercer-island-at-sjcc-3801-e-mercer-way-mercer-island-wa-98040-united-states,Rock Steady Boxing - Mercer Island at SJCC,Community Program,Rock Steady Boxing - Mercer Island at SJCC is listed in the official Rock Steady Boxing directory.,"Rock Steady Boxing - Mercer Island at SJCC is listed in the official Rock Steady Boxing Member Directory. Address: 3801 E. Mercer Way, Mercer Island, WA 98040, United States.","Mercer Island, WA, United States","Mercer Island, WA, United States",United States,Community Program | Parkinson's Care,,in-person,false,unclaimed,0,0,,,2062327115,Rock Steady Boxing - Mercer Island at SJCC,,member-directory,Rock Steady Boxing,"3801 E. Mercer Way, Mercer Island, WA 98040, United States",Mercer Island,WA,98040,https://members.rocksteadyboxing.org/member-directory/Details/mercer-island-at-sjcc-2829273,47.57553619999999,-122.2085921,2026-03-28T03:14:36.188Z
rock-steady-boxing,Rock Steady Boxing Member Directory,member-directory:mercyone-health-fitness-center-2829272,member-directory-mercyone-health-and-fitness-center-12493-university-ave-clive-ia-50325-united-states,Rock Steady Boxing - MercyOne Health & Fitness Center,Exercise Program,Rock Steady Boxing - MercyOne Health & Fitness Center is listed in the official Rock Steady Boxing directory.,"Rock Steady Boxing - MercyOne Health & Fitness Center is listed in the official Rock Steady Boxing Member Directory. Address: 12493 University Ave, Clive, IA 50325, United States.","Clive, IA, United States","Clive, IA, United States",United States,Boxing | Exercise | Parkinson's Care,,in-person,false,unclaimed,0,0,,,5156453344,Rock Steady Boxing - MercyOne Health & Fitness Center,,member-directory,Rock Steady Boxing,"12493 University Ave, Clive, IA 50325, United States",Clive,IA,50325,https://members.rocksteadyboxing.org/member-directory/Details/mercyone-health-fitness-center-2829272,41.6026312,-93.7903561,2026-03-28T03:14:36.188Z
rock-steady-boxing,Rock Steady Boxing Member Directory,member-directory:mesa-2829271,member-directory-mesa-323-n-gilbert-rd-suite-112-mesa-az-85203-united-states,"Rock Steady Boxing Mesa, AZ",Community Program,"Rock Steady Boxing Mesa, AZ is listed in the official Rock Steady Boxing directory.","Rock Steady Boxing Mesa, AZ is listed in the official Rock Steady Boxing Member Directory. Address: 323 N Gilbert Rd., Suite #112, Mesa, AZ 85203, United States.","Mesa, AZ, United States","Mesa, AZ, United States",United States,Community Program | Parkinson's Care,,in-person,false,unclaimed,0,0,,,4809263887,"Rock Steady Boxing Mesa, AZ",,member-directory,Rock Steady Boxing,"323 N Gilbert Rd., Suite #112, Mesa, AZ 85203, United States",Mesa,AZ,85203,https://members.rocksteadyboxing.org/member-directory/Details/mesa-2829271,33.4217889,-111.7871732,2026-03-28T03:14:36.188Z
rock-steady-boxing,Rock Steady Boxing Member Directory,member-directory:metro-detroit-2829270,member-directory-metro-detroit-21617-harper-ave-st-clair-shores-mi-48080-united-states,Rock Steady Boxing - Metro Detroit,Community Program,Rock Steady Boxing - Metro Detroit is listed in the official Rock Steady Boxing directory.,"Rock Steady Boxing - Metro Detroit is listed in the official Rock Steady Boxing Member Directory. Address: 21617 Harper Ave, St. Clair Shores, MI 48080, United States.","St. Clair Shores, MI, United States","St. Clair Shores, MI, United States",United States,Community Program | Parkinson's Care,,in-person,false,unclaimed,0,0,,,2484331011ext19,Rock Steady Boxing - Metro Detroit,,member-directory,Rock Steady Boxing,"21617 Harper Ave, St. Clair Shores, MI 48080, United States",St. Clair Shores,MI,48080,https://members.rocksteadyboxing.org/member-directory/Details/metro-detroit-2829270,42.455282,-82.9132137,2026-03-28T03:14:36.188Z
rock-steady-boxing,Rock Steady Boxing Member Directory,member-directory:metro-detroit-2-2829269,member-directory-metro-detroit-2-26-w-square-lake-rd-troy-kickboxing-outfit-troy-mi-48098-united-states,Rock Steady Boxing - Metro Detroit 2,Community Program,Rock Steady Boxing - Metro Detroit 2 is listed in the official Rock Steady Boxing directory.,"Rock Steady Boxing - Metro Detroit 2 is listed in the official Rock Steady Boxing Member Directory. Address: 26 W. Square Lake Rd, Troy Kickboxing Outfit, Troy, MI 48098, United States.","Troy, MI, United States","Troy, MI, United States",United States,Community Program | Parkinson's Care,,in-person,false,unclaimed,0,0,,,2484331011ext19,Rock Steady Boxing - Metro Detroit 2,,member-directory,Rock Steady Boxing,"26 W. Square Lake Rd, Troy Kickboxing Outfit, Troy, MI 48098, United States",Troy,MI,48098,https://members.rocksteadyboxing.org/member-directory/Details/metro-detroit-2-2829269,42.6071757,-83.150566,2026-03-28T03:14:36.188Z
rock-steady-boxing,Rock Steady Boxing Member Directory,member-directory:metro-detroit-3-2829268,member-directory-metro-detroit-3-29995-w-12-mile-rd-farmington-hills-mi-48334-united-states,Rock Steady Boxing - Metro Detroit 3,Community Program,Rock Steady Boxing - Metro Detroit 3 is listed in the official Rock Steady Boxing directory.,"Rock Steady Boxing - Metro Detroit 3 is listed in the official Rock Steady Boxing Member Directory. Address: 29995 W 12 Mile Rd, Farmington Hills, MI 48334, United States.","Farmington Hills, MI, United States","Farmington Hills, MI, United States",United States,Community Program | Parkinson's Care,,in-person,false,unclaimed,0,0,,,2484331011ext19,Rock Steady Boxing - Metro Detroit 3,,member-directory,Rock Steady Boxing,"29995 W 12 Mile Rd, Farmington Hills, MI 48334, United States",Farmington Hills,MI,48334,https://members.rocksteadyboxing.org/member-directory/Details/metro-detroit-3-2829268,42.49726769999999,-83.3458804,2026-03-28T03:14:36.188Z
rock-steady-boxing,Rock Steady Boxing Member Directory,member-directory:metro-okc-2829267,member-directory-metro-okc-6100-n-western-oklahoma-city-ok-73118-united-states,Rock Steady Boxing - Metro OKC,Community Program,Rock Steady Boxing - Metro OKC is listed in the official Rock Steady Boxing directory.,"Rock Steady Boxing - Metro OKC is listed in the official Rock Steady Boxing Member Directory. Address: 6100 N. Western, Oklahoma City, OK 73118, United States.","Oklahoma City, OK, United States","Oklahoma City, OK, United States",United States,Community Program | Parkinson's Care,,in-person,false,unclaimed,0,0,,,4058485551,Rock Steady Boxing - Metro OKC,,member-directory,Rock Steady Boxing,"6100 N. Western, Oklahoma City, OK 73118, United States",Oklahoma City,OK,73118,https://members.rocksteadyboxing.org/member-directory/Details/metro-okc-2829267,35.5347048,-97.5289143,2026-03-28T03:14:36.188Z
rock-steady-boxing,Rock Steady Boxing Member Directory,member-directory:metro-physical-therapy-2829266,member-directory-metro-physical-therapy-312-north-broadway-jericho-ny-11753-united-states,Rock Steady Boxing - Metro Physical Therapy,Community Program,Rock Steady Boxing - Metro Physical Therapy is listed in the official Rock Steady Boxing directory.,"Rock Steady Boxing - Metro Physical Therapy is listed in the official Rock Steady Boxing Member Directory. Address: 312 North Broadway,, Jericho, NY 11753, United States.","Jericho, NY, United States","Jericho, NY, United States",United States,Community Program | Parkinson's Care,,in-person,false,unclaimed,0,0,,,5167385548,Rock Steady Boxing - Metro Physical Therapy,,member-directory,Rock Steady Boxing,"312 North Broadway,, Jericho, NY 11753, United States",Jericho,NY,11753,https://members.rocksteadyboxing.org/member-directory/Details/metro-physical-therapy-2829266,40.7797935,-73.5313723,2026-03-28T03:14:36.188Z
rock-steady-boxing,Rock Steady Boxing Member Directory,member-directory:metro-stl-2829265,member-directory-metro-stl-404-w-us-40-suite-b-troy-il-62294-united-states,Rock Steady Boxing - Metro STL,Community Program,Rock Steady Boxing - Metro STL is listed in the official Rock Steady Boxing directory.,"Rock Steady Boxing - Metro STL is listed in the official Rock Steady Boxing Member Directory. Address: 404 W US 40, Suite B, Troy, IL 62294, United States.","Troy, IL, United States","Troy, IL, United States",United States,Community Program | Parkinson's Care,,in-person,false,unclaimed,0,0,,,6183635709,Rock Steady Boxing - Metro STL,,member-directory,Rock Steady Boxing,"404 W US 40, Suite B, Troy, IL 62294, United States",Troy,IL,62294,https://members.rocksteadyboxing.org/member-directory/Details/metro-stl-2829265,38.7185064,-89.87689549999999,2026-03-28T03:14:36.188Z
rock-steady-boxing,Rock Steady Boxing Member Directory,member-directory:metro-jackson-2829264,member-directory-metro-jackson-431-north-state-street-jackson-ms-39201-united-states,Rock Steady Boxing - Metro-Jackson,Community Program,Rock Steady Boxing - Metro-Jackson is listed in the official Rock Steady Boxing directory.,"Rock Steady Boxing - Metro-Jackson is listed in the official Rock Steady Boxing Member Directory. Address: 431 North State Street, Jackson, MS 39201, United States.","Jackson, MS, United States","Jackson, MS, United States",United States,Community Program | Parkinson's Care,,in-person,false,unclaimed,0,0,,,7699721320,Rock Steady Boxing - Metro-Jackson,,member-directory,Rock Steady Boxing,"431 North State Street, Jackson, MS 39201, United States",Jackson,MS,39201,https://members.rocksteadyboxing.org/member-directory/Details/metro-jackson-2829264,32.3027398,-90.1801564,2026-03-28T03:14:36.188Z
rock-steady-boxing,Rock Steady Boxing Member Directory,member-directory:miami-2829263,member-directory-miami-5800-sw-66th-street-south-miami-fl-33143-united-states,Rock Steady Boxing - Miami,Community Program,Rock Steady Boxing - Miami is listed in the official Rock Steady Boxing directory.,"Rock Steady Boxing - Miami is listed in the official Rock Steady Boxing Member Directory. Address: 5800 SW 66th Street, South Miami, FL 33143, United States.","South Miami, FL, United States","South Miami, FL, United States",United States,Community Program | Parkinson's Care,,in-person,false,unclaimed,0,0,,,3053104860,Rock Steady Boxing - Miami,,member-directory,Rock Steady Boxing,"5800 SW 66th Street, South Miami, FL 33143, United States",South Miami,FL,33143,https://members.rocksteadyboxing.org/member-directory/Details/miami-2829263,25.7090594,-80.2881388,2026-03-28T03:14:36.188Z
rock-steady-boxing,Rock Steady Boxing Member Directory,member-directory:michiana-east-2829260,member-directory-michiana-east-910-hall-ave-elkhart-in-46616-united-states,Rock Steady Boxing - Michiana East,Community Program,Rock Steady Boxing - Michiana East is listed in the official Rock Steady Boxing directory.,"Rock Steady Boxing - Michiana East is listed in the official Rock Steady Boxing Member Directory. Address: 910 Hall Ave, Elkhart, IN 46616, United States.","Elkhart, IN, United States","Elkhart, IN, United States",United States,Community Program | Parkinson's Care,,in-person,false,unclaimed,0,0,,,5742866731,Rock Steady Boxing - Michiana East,,member-directory,Rock Steady Boxing,"910 Hall Ave, Elkhart, IN 46616, United States",Elkhart,IN,46616,https://members.rocksteadyboxing.org/member-directory/Details/michiana-east-2829260,41.679923,-85.91983259999999,2026-03-28T03:14:36.188Z
rock-steady-boxing,Rock Steady Boxing Member Directory,member-directory:michiana-west-2829261,member-directory-michiana-west-50698-state-rd-933-south-bend-in-46637-united-states,Rock Steady Boxing - Michiana West,Community Program,Rock Steady Boxing - Michiana West is listed in the official Rock Steady Boxing directory.,"Rock Steady Boxing - Michiana West is listed in the official Rock Steady Boxing Member Directory. Categories: South Bend, Elkhart, Indiana. Address: 50698 State Rd 933, South Bend, IN 46637, United States.","South Bend, IN, United States","South Bend, IN, United States",United States,South Bend | Elkhart | Indiana | Community Program | Parkinson's Care,,in-person,false,unclaimed,0,0,,,5742866731,Rock Steady Boxing - Michiana West,,member-directory,Rock Steady Boxing,"50698 State Rd 933, South Bend, IN 46637, United States",South Bend,IN,46637,https://members.rocksteadyboxing.org/member-directory/Details/michiana-west-2829261,41.7579107,-86.2499842,2026-03-28T03:14:36.188Z
rock-steady-boxing,Rock Steady Boxing Member Directory,member-directory:mid-coast-3149785,member-directory-mid-coast-24-venture-ave-brunswick-me-04011-united-states,Rock Steady Boxing - Mid Coast,Community Program,Rock Steady Boxing - Mid Coast is listed in the official Rock Steady Boxing directory.,"Rock Steady Boxing - Mid Coast is listed in the official Rock Steady Boxing Member Directory. Address: 24 Venture Ave, Brunswick, ME 04011, United States.","Brunswick, ME, United States","Brunswick, ME, United States",United States,Community Program | Parkinson's Care,,in-person,false,unclaimed,0,0,,,2073736363,Rock Steady Boxing - Mid Coast,,member-directory,Rock Steady Boxing,"24 Venture Ave, Brunswick, ME 04011, United States",Brunswick,ME,04011,https://members.rocksteadyboxing.org/member-directory/Details/mid-coast-3149785,43.8942613,-69.9257145,2026-03-28T03:14:36.188Z
rock-steady-boxing,Rock Steady Boxing Member Directory,member-directory:middle-tennessee-2829258,member-directory-middle-tennessee-805-commercial-court-murfreesboro-tn-37130-united-states,Rock Steady Boxing - Middle Tennessee,Community Program,Rock Steady Boxing - Middle Tennessee is listed in the official Rock Steady Boxing directory.,"Rock Steady Boxing - Middle Tennessee is listed in the official Rock Steady Boxing Member Directory. Address: 805 Commercial Court, Murfreesboro, TN 37130, United States.","Murfreesboro, TN, United States","Murfreesboro, TN, United States",United States,Community Program | Parkinson's Care,,in-person,false,unclaimed,0,0,,,6158935304,Rock Steady Boxing - Middle Tennessee,,member-directory,Rock Steady Boxing,"805 Commercial Court, Murfreesboro, TN 37130, United States",Murfreesboro,TN,37130,https://members.rocksteadyboxing.org/member-directory/Details/middle-tennessee-2829258,35.8381121,-86.4053206,2026-03-28T03:14:36.188Z
rock-steady-boxing,Rock Steady Boxing Member Directory,member-directory:middlesex-county-2829257,member-directory-middlesex-county-500-main-street-suite-10-deep-river-ct-06417-united-states,Rock Steady Boxing - Middlesex County,Community Program,Rock Steady Boxing - Middlesex County is listed in the official Rock Steady Boxing directory.,"Rock Steady Boxing - Middlesex County is listed in the official Rock Steady Boxing Member Directory. Address: 500 Main Street, Suite 10, Deep River, CT 06417, United States.","Deep River, CT, United States","Deep River, CT, United States",United States,Community Program | Parkinson's Care,,in-person,false,unclaimed,0,0,,,8609641219,Rock Steady Boxing - Middlesex County,,member-directory,Rock Steady Boxing,"500 Main Street, Suite 10, Deep River, CT 06417, United States",Deep River,CT,06417,https://members.rocksteadyboxing.org/member-directory/Details/middlesex-county-2829257,41.3659494,-72.425995,2026-03-28T03:14:36.188Z
rock-steady-boxing,Rock Steady Boxing Member Directory,member-directory:middletown-area-family-ymca-4601689,member-directory-middletown-area-family-ymca-1020-manchester-ave-middletown-oh-45042-united-states,Rock Steady Boxing - Middletown Area Family YMCA,Community Program,Rock Steady Boxing - Middletown Area Family YMCA is listed in the official Rock Steady Boxing directory.,"Rock Steady Boxing - Middletown Area Family YMCA is listed in the official Rock Steady Boxing Member Directory. Address: 1020 Manchester Ave, -, Middletown, OH 45042, United States.","Middletown, OH, United States","Middletown, OH, United States",United States,Community Program | Parkinson's Care,,in-person,false,unclaimed,0,0,https://gmvymca.org/,,+15134229622,Rock Steady Boxing - Middletown Area Family YMCA,,member-directory,Rock Steady Boxing,"1020 Manchester Ave, -, Middletown, OH 45042, United States",Middletown,OH,45042,https://members.rocksteadyboxing.org/member-directory/Details/middletown-area-family-ymca-4601689,39.5178705,-84.40360330000001,2026-03-28T03:14:36.188Z
rock-steady-boxing,Rock Steady Boxing Member Directory,member-directory:mid-island-y-jcc-4564361,member-directory-mid-island-y-jcc-45-manetto-hill-rd-plainview-ny-11803-united-states,Rock Steady Boxing - Mid-Island Y JCC,Community Program,Rock Steady Boxing - Mid-Island Y JCC is listed in the official Rock Steady Boxing directory.,"Rock Steady Boxing - Mid-Island Y JCC is listed in the official Rock Steady Boxing Member Directory. Address: 45 Manetto Hill Rd, Plainview, NY 11803, United States.","Plainview, NY, United States","Plainview, NY, United States",United States,Community Program | Parkinson's Care,,in-person,false,unclaimed,0,0,,,5168223535,Rock Steady Boxing - Mid-Island Y JCC,,member-directory,Rock Steady Boxing,"45 Manetto Hill Rd, Plainview, NY 11803, United States",Plainview,NY,11803,https://members.rocksteadyboxing.org/member-directory/Details/mid-island-y-jcc-4564361,40.7790235,-73.46722079999999,2026-03-28T03:14:36.188Z
rock-steady-boxing,Rock Steady Boxing Member Directory,member-directory:mid-willamette-ymca-2829812,member-directory-mid-willamette-ymca-3201-pacific-blvd-sw-albany-or-97321-united-states,Rock Steady Boxing - Mid-Willamette YMCA,Community Program,Rock Steady Boxing - Mid-Willamette YMCA is listed in the official Rock Steady Boxing directory.,"Rock Steady Boxing - Mid-Willamette YMCA is listed in the official Rock Steady Boxing Member Directory. Address: 3201 Pacific Blvd SW, Albany, OR 97321, United States.","Albany, OR, United States","Albany, OR, United States",United States,Community Program | Parkinson's Care,,in-person,false,unclaimed,0,0,,,5414978333,Rock Steady Boxing - Mid-Willamette YMCA,,member-directory,Rock Steady Boxing,"3201 Pacific Blvd SW, Albany, OR 97321, United States",Albany,OR,97321,https://members.rocksteadyboxing.org/member-directory/Details/mid-willamette-ymca-2829812,44.6114088,-123.1111715,2026-03-28T03:14:36.188Z
rock-steady-boxing,Rock Steady Boxing Member Directory,member-directory:mill-race-fitness-center-4706072,member-directory-mill-race-fitness-center-900-lindsey-st-columbus-in-47203-united-states,Rock Steady Boxing - Mill Race Fitness Center,Exercise Program,Rock Steady Boxing - Mill Race Fitness Center is listed in the official Rock Steady Boxing directory.,"Rock Steady Boxing - Mill Race Fitness Center is listed in the official Rock Steady Boxing Member Directory. Address: 900 Lindsey St., Columbus, IN 47203, United States.","Columbus, IN, United States","Columbus, IN, United States",United States,Boxing | Exercise | Parkinson's Care,,in-person,false,unclaimed,0,0,,,+18123769241,Rock Steady Boxing - Mill Race Fitness Center,,member-directory,Rock Steady Boxing,"900 Lindsey St., Columbus, IN 47203, United States",Columbus,IN,47203,https://members.rocksteadyboxing.org/member-directory/Details/mill-race-fitness-center-4706072,39.2072373,-85.9269451,2026-03-28T03:14:36.188Z
rock-steady-boxing,Rock Steady Boxing Member Directory,member-directory:miller-s-merry-manor-huntington-2829254,member-directory-miller-s-merry-manor-huntington-1500-grant-st-huntington-in-46750-united-states,Rock Steady Boxing - Miller's Merry Manor - Huntington,Community Program,Rock Steady Boxing - Miller's Merry Manor - Huntington is listed in the official Rock Steady Boxing directory.,"Rock Steady Boxing - Miller's Merry Manor - Huntington is listed in the official Rock Steady Boxing Member Directory. Address: 1500 Grant St, Huntington, IN 46750, United States.","Huntington, IN, United States","Huntington, IN, United States",United States,Community Program | Parkinson's Care,,in-person,false,unclaimed,0,0,,,2603565713,Rock Steady Boxing - Miller's Merry Manor - Huntington,,member-directory,Rock Steady Boxing,"1500 Grant St, Huntington, IN 46750, United States",Huntington,IN,46750,https://members.rocksteadyboxing.org/member-directory/Details/miller-s-merry-manor-huntington-2829254,40.8696562,-85.5054968,2026-03-28T03:14:36.188Z
rock-steady-boxing,Rock Steady Boxing Member Directory,member-directory:millington-family-ymca-2829253,member-directory-millington-family-ymca-7725-e-navy-cir-millington-tn-38053-united-states,Rock Steady Boxing - Millington Family YMCA,Community Program,Rock Steady Boxing - Millington Family YMCA is listed in the official Rock Steady Boxing directory.,"Rock Steady Boxing - Millington Family YMCA is listed in the official Rock Steady Boxing Member Directory. Address: 7725 E Navy Cir, Millington, TN 38053, United States.","Millington, TN, United States","Millington, TN, United States",United States,Community Program | Parkinson's Care,,in-person,false,unclaimed,0,0,,,9018731434,Rock Steady Boxing - Millington Family YMCA,,member-directory,Rock Steady Boxing,"7725 E Navy Cir, Millington, TN 38053, United States",Millington,TN,38053,https://members.rocksteadyboxing.org/member-directory/Details/millington-family-ymca-2829253,35.3370562,-89.8863959,2026-03-28T03:14:36.188Z
rock-steady-boxing,Rock Steady Boxing Member Directory,member-directory:minges-wellness-center-at-unc-health-lenoir-4628756,member-directory-minges-wellness-center-at-unc-health-lenoir-100-airport-rd-kinston-nc-28501-united-states,Rock Steady Boxing - Minges Wellness Center at UNC Health Lenoir,Exercise Program,Rock Steady Boxing - Minges Wellness Center at UNC Health Lenoir is listed in the official Rock Steady Boxing directory.,"Rock Steady Boxing - Minges Wellness Center at UNC Health Lenoir is listed in the official Rock Steady Boxing Member Directory. Address: 100 Airport Rd, Kinston, NC 28501, United States.","Kinston, NC, United States","Kinston, NC, United States",United States,Boxing | Exercise | Parkinson's Care,,in-person,false,unclaimed,0,0,https://www.unclenoir.org/minges-wellness-center/rock-steady-boxing/,,+12525227944,Rock Steady Boxing - Minges Wellness Center at UNC Health Lenoir,,member-directory,Rock Steady Boxing,"100 Airport Rd, Kinston, NC 28501, United States",Kinston,NC,28501,https://members.rocksteadyboxing.org/member-directory/Details/minges-wellness-center-at-unc-health-lenoir-4628756,35.2903639,-77.5831755,2026-03-28T03:14:36.188Z
rock-steady-boxing,Rock Steady Boxing Member Directory,member-directory:minnesota-jcc-4327301,member-directory-minnesota-jcc-4330-cedar-lake-rd-s-minneapolis-mn-55416-united-states,Rock Steady Boxing - Minnesota JCC,Community Program,Rock Steady Boxing - Minnesota JCC is listed in the official Rock Steady Boxing directory.,"Rock Steady Boxing - Minnesota JCC is listed in the official Rock Steady Boxing Member Directory. Address: 4330 Cedar Lake Rd. S, Minneapolis, MN 55416, United States.","Minneapolis, MN, United States","Minneapolis, MN, United States",United States,Community Program | Parkinson's Care,,in-person,false,unclaimed,0,0,,,6516980751,Rock Steady Boxing - Minnesota JCC,,member-directory,Rock Steady Boxing,"4330 Cedar Lake Rd. S, Minneapolis, MN 55416, United States",Minneapolis,MN,55416,https://members.rocksteadyboxing.org/member-directory/Details/minnesota-jcc-4327301,44.9644168,-93.33491099999999,2026-03-28T03:14:36.188Z
rock-steady-boxing,Rock Steady Boxing Member Directory,member-directory:minooka-2829251,member-directory-minooka-512-twin-rail-road-minooka-il-60447-united-states,"Rock Steady Boxing Minooka, IL",Community Program,"Rock Steady Boxing Minooka, IL is listed in the official Rock Steady Boxing directory.","Rock Steady Boxing Minooka, IL is listed in the official Rock Steady Boxing Member Directory. Address: 512 Twin Rail Road, Minooka, IL 60447, United States.","Minooka, IL, United States","Minooka, IL, United States",United States,Community Program | Parkinson's Care,,in-person,false,unclaimed,0,0,,,8154169269,"Rock Steady Boxing Minooka, IL",,member-directory,Rock Steady Boxing,"512 Twin Rail Road, Minooka, IL 60447, United States",Minooka,IL,60447,https://members.rocksteadyboxing.org/member-directory/Details/minooka-2829251,41.4519206,-88.2738322,2026-03-28T03:14:36.188Z
rock-steady-boxing,Rock Steady Boxing Member Directory,member-directory:mirabella-at-asu-4212592,member-directory-mirabella-at-asu-65-e-university-drive-tempe-az-85281-united-states,Rock Steady Boxing - Mirabella at ASU,Community Program,Rock Steady Boxing - Mirabella at ASU is listed in the official Rock Steady Boxing directory.,"Rock Steady Boxing - Mirabella at ASU is listed in the official Rock Steady Boxing Member Directory. Address: 65 E. University Drive, Tempe, AZ 85281, United States.","Tempe, AZ, United States","Tempe, AZ, United States",United States,Community Program | Parkinson's Care,,in-person,false,unclaimed,0,0,,,4803176105,Rock Steady Boxing - Mirabella at ASU,,member-directory,Rock Steady Boxing,"65 E. University Drive, Tempe, AZ 85281, United States",Tempe,AZ,85281,https://members.rocksteadyboxing.org/member-directory/Details/mirabella-at-asu-4212592,33.4217809,-111.9387409,2026-03-28T03:14:36.188Z
rock-steady-boxing,Rock Steady Boxing Member Directory,member-directory:molde-4091668,member-directory-molde-gotfred-lies-plass-1-molde-more-og-romsdal-6415-norway,Rock Steady Boxing Molde,Community Program,Rock Steady Boxing Molde is listed in the official Rock Steady Boxing directory.,"Rock Steady Boxing Molde is listed in the official Rock Steady Boxing Member Directory. Address: Gotfred Lies Plass 1, Molde, More og Romsdal 6415, Norway.","Molde, More og Romsdal, Norway","Molde, More og Romsdal, Norway",Norway,Community Program | Parkinson's Care,,in-person,false,unclaimed,0,0,,,4792015595,Rock Steady Boxing Molde,,member-directory,Rock Steady Boxing,"Gotfred Lies Plass 1, Molde, More og Romsdal 6415, Norway",Molde,More og Romsdal,6415,https://members.rocksteadyboxing.org/member-directory/Details/molde-4091668,62.73798660000001,7.1647902,2026-03-28T03:14:36.188Z
rock-steady-boxing,Rock Steady Boxing Member Directory,member-directory:monmouth-county-4366809,member-directory-monmouth-county-715-west-park-ave-unit-1059-oakhurst-nj-07755-united-states,Rock Steady Boxing - Monmouth County,Community Program,Rock Steady Boxing - Monmouth County is listed in the official Rock Steady Boxing directory.,"Rock Steady Boxing - Monmouth County is listed in the official Rock Steady Boxing Member Directory. Address: 715 West Park Ave, Unit 1059, Oakhurst, NJ 07755, United States.","Oakhurst, NJ, United States","Oakhurst, NJ, United States",United States,Community Program | Parkinson's Care,,in-person,false,unclaimed,0,0,,,,Rock Steady Boxing - Monmouth County,,member-directory,Rock Steady Boxing,"715 West Park Ave, Unit 1059, Oakhurst, NJ 07755, United States",Oakhurst,NJ,07755,https://members.rocksteadyboxing.org/member-directory/Details/monmouth-county-4366809,40.2658757,-74.0399983,2026-03-28T03:14:36.188Z
rock-steady-boxing,Rock Steady Boxing Member Directory,member-directory:montgomery-county-2829244,member-directory-montgomery-county-15213-display-court-rockville-md-20850-united-states,Rock Steady Boxing - Montgomery County,Community Program,Rock Steady Boxing - Montgomery County is listed in the official Rock Steady Boxing directory.,"Rock Steady Boxing - Montgomery County is listed in the official Rock Steady Boxing Member Directory. Address: 15213 Display Court, Rockville, MD 20850, United States.","Rockville, MD, United States","Rockville, MD, United States",United States,Community Program | Parkinson's Care,,in-person,false,unclaimed,0,0,,,2408388221,Rock Steady Boxing - Montgomery County,,member-directory,Rock Steady Boxing,"15213 Display Court, Rockville, MD 20850, United States",Rockville,MD,20850,https://members.rocksteadyboxing.org/member-directory/Details/montgomery-county-2829244,39.1045646,-77.1468031,2026-03-28T03:14:36.189Z
rock-steady-boxing,Rock Steady Boxing Member Directory,member-directory:mountain-home-id-4393392,member-directory-mountain-home-id-2600-american-legion-blvd-ste-110-mountain-home-id-83647-united-states,"Rock Steady Boxing Mountain Home, ID",Community Program,"Rock Steady Boxing Mountain Home, ID is listed in the official Rock Steady Boxing directory.","Rock Steady Boxing Mountain Home, ID is listed in the official Rock Steady Boxing Member Directory. Address: 2600 American Legion Blvd, Ste 110, Mountain Home, ID 83647, United States.","Mountain Home, ID, United States","Mountain Home, ID, United States",United States,Community Program | Parkinson's Care,,in-person,false,unclaimed,0,0,,,2085903932,"Rock Steady Boxing Mountain Home, ID",,member-directory,Rock Steady Boxing,"2600 American Legion Blvd, Ste 110, Mountain Home, ID 83647, United States",Mountain Home,ID,83647,https://members.rocksteadyboxing.org/member-directory/Details/mountain-home-id-4393392,43.1338021,-115.6686773,2026-03-28T03:14:36.189Z
rock-steady-boxing,Rock Steady Boxing Member Directory,member-directory:mountain-state-silver-gloves-2829241,member-directory-mountain-state-silver-gloves-100-ymca-drive-charleston-wv-25311-united-states,Rock Steady Boxing - Mountain State Silver Gloves,Community Program,Rock Steady Boxing - Mountain State Silver Gloves is listed in the official Rock Steady Boxing directory.,"Rock Steady Boxing - Mountain State Silver Gloves is listed in the official Rock Steady Boxing Member Directory. Address: 100 YMCA Drive, Charleston, WV 25311, United States.","Charleston, WV, United States","Charleston, WV, United States",United States,Community Program | Parkinson's Care,,in-person,false,unclaimed,0,0,,,3045520243,Rock Steady Boxing - Mountain State Silver Gloves,,member-directory,Rock Steady Boxing,"100 YMCA Drive, Charleston, WV 25311, United States",Charleston,WV,25311,https://members.rocksteadyboxing.org/member-directory/Details/mountain-state-silver-gloves-2829241,38.3432979,-81.60507609999999,2026-03-28T03:14:36.189Z
rock-steady-boxing,Rock Steady Boxing Member Directory,member-directory:mruk-family-center-on-aging-2829242,member-directory-mruk-family-center-on-aging-624-hospital-drive-mountain-home-ar-72653-united-states,Rock Steady Boxing - Mruk Family Center on Aging,Community Program,Rock Steady Boxing - Mruk Family Center on Aging is listed in the official Rock Steady Boxing directory.,"Rock Steady Boxing - Mruk Family Center on Aging is listed in the official Rock Steady Boxing Member Directory. Address: 624 Hospital Drive, Mountain Home, AR 72653, United States.","Mountain Home, AR, United States","Mountain Home, AR, United States",United States,Community Program | Parkinson's Care,,in-person,false,unclaimed,0,0,,,8705083881,Rock Steady Boxing - Mruk Family Center on Aging,,member-directory,Rock Steady Boxing,"624 Hospital Drive, Mountain Home, AR 72653, United States",Mountain Home,AR,72653,https://members.rocksteadyboxing.org/member-directory/Details/mruk-family-center-on-aging-2829242,36.3422657,-92.3961782,2026-03-28T03:14:36.189Z
rock-steady-boxing,Rock Steady Boxing Member Directory,member-directory:murrysville-2829240,member-directory-murrysville-5549-old-william-penn-highway-export-pa-15632-united-states,Rock Steady Boxing - Murrysville,Community Program,Rock Steady Boxing - Murrysville is listed in the official Rock Steady Boxing directory.,"Rock Steady Boxing - Murrysville is listed in the official Rock Steady Boxing Member Directory. Address: 5549 Old William Penn Highway, Export, PA 15632, United States.","Export, PA, United States","Export, PA, United States",United States,Community Program | Parkinson's Care,,in-person,false,unclaimed,0,0,,,7245757486,Rock Steady Boxing - Murrysville,,member-directory,Rock Steady Boxing,"5549 Old William Penn Highway, Export, PA 15632, United States",Export,PA,15632,https://members.rocksteadyboxing.org/member-directory/Details/murrysville-2829240,40.4214363,-79.6402359,2026-03-28T03:14:36.189Z
rock-steady-boxing,Rock Steady Boxing Member Directory,member-directory:musc-2829239,member-directory-musc-45-courtenay-dr-charleston-sc-29425-united-states,Rock Steady Boxing - MUSC,Community Program,Rock Steady Boxing - MUSC is listed in the official Rock Steady Boxing directory.,"Rock Steady Boxing - MUSC is listed in the official Rock Steady Boxing Member Directory. Address: 45 Courtenay Dr., Charleston, SC 29425, United States.","Charleston, SC, United States","Charleston, SC, United States",United States,Community Program | Parkinson's Care,,in-person,false,unclaimed,0,0,,,8437922533,Rock Steady Boxing - MUSC,,member-directory,Rock Steady Boxing,"45 Courtenay Dr., Charleston, SC 29425, United States",Charleston,SC,29425,https://members.rocksteadyboxing.org/member-directory/Details/musc-2829239,32.7832803,-79.9508562,2026-03-28T03:14:36.189Z
rock-steady-boxing,Rock Steady Boxing Member Directory,member-directory:nagano-4097784,member-directory-nagano-205-surpass-kuritachuou-nagano-nagano-3180-0921-japan,Rock Steady Boxing Nagano,Community Program,Rock Steady Boxing Nagano is listed in the official Rock Steady Boxing directory.,"Rock Steady Boxing Nagano is listed in the official Rock Steady Boxing Member Directory. Address: #205 Surpass Kuritachuou, Nagano, Nagano 3180-0921, Japan.","Nagano, Japan","Nagano, Japan",Japan,Community Program | Parkinson's Care,,in-person,false,unclaimed,0,0,,,09026424127,Rock Steady Boxing Nagano,,member-directory,Rock Steady Boxing,"#205 Surpass Kuritachuou, Nagano, Nagano 3180-0921, Japan",Nagano,Nagano,3180-0921,https://members.rocksteadyboxing.org/member-directory/Details/nagano-4097784,36.6132421,138.1767946,2026-03-28T03:14:36.189Z
rock-steady-boxing,Rock Steady Boxing Member Directory,member-directory:naperville-2829236,member-directory-naperville-550-industrial-drive-naperville-il-60563-united-states,"Rock Steady Boxing Naperville, IL",Community Program,"Rock Steady Boxing Naperville, IL is listed in the official Rock Steady Boxing directory.","Rock Steady Boxing Naperville, IL is listed in the official Rock Steady Boxing Member Directory. Address: 550 Industrial Drive, Naperville, IL 60563, United States.","Naperville, IL, United States","Naperville, IL, United States",United States,Community Program | Parkinson's Care,,in-person,false,unclaimed,0,0,,,6308628768,"Rock Steady Boxing Naperville, IL",,member-directory,Rock Steady Boxing,"550 Industrial Drive, Naperville, IL 60563, United States",Naperville,IL,60563,https://members.rocksteadyboxing.org/member-directory/Details/naperville-2829236,41.7805105,-88.21516,2026-03-28T03:14:36.189Z
rock-steady-boxing,Rock Steady Boxing Member Directory,member-directory:national-physical-therapy-stoughton-2829234,member-directory-national-physical-therapy-stoughton-333-tosca-drive-stoughton-ma-02072-united-states,Rock Steady Boxing - National Physical Therapy Stoughton,Community Program,Rock Steady Boxing - National Physical Therapy Stoughton is listed in the official Rock Steady Boxing directory.,"Rock Steady Boxing - National Physical Therapy Stoughton is listed in the official Rock Steady Boxing Member Directory. Address: 333 Tosca Drive, Stoughton, MA 02072, United States.","Stoughton, MA, United States","Stoughton, MA, United States",United States,Community Program | Parkinson's Care,,in-person,false,unclaimed,0,0,,,7817061929,Rock Steady Boxing - National Physical Therapy Stoughton,,member-directory,Rock Steady Boxing,"333 Tosca Drive, Stoughton, MA 02072, United States",Stoughton,MA,02072,https://members.rocksteadyboxing.org/member-directory/Details/national-physical-therapy-stoughton-2829234,42.1376808,-71.1254438,2026-03-28T03:14:36.189Z
rock-steady-boxing,Rock Steady Boxing Member Directory,member-directory:neuro-advantage-rehabilitation-4212591,member-directory-neuro-advantage-rehabilitation-13200-globe-drive-ste-206-mt-pleasant-wi-53177-united-states,Rock Steady Boxing - Neuro Advantage Rehabilitation,Community Program,Rock Steady Boxing - Neuro Advantage Rehabilitation is listed in the official Rock Steady Boxing directory.,"Rock Steady Boxing - Neuro Advantage Rehabilitation is listed in the official Rock Steady Boxing Member Directory. Address: 13200 Globe Drive, Ste 206, Mt. Pleasant, WI 53177, United States.","Mt. Pleasant, WI, United States","Mt. Pleasant, WI, United States",United States,Community Program | Parkinson's Care,,in-person,false,unclaimed,0,0,,,2622608451,Rock Steady Boxing - Neuro Advantage Rehabilitation,,member-directory,Rock Steady Boxing,"13200 Globe Drive, Ste 206, Mt. Pleasant, WI 53177, United States",Mt. Pleasant,WI,53177,https://members.rocksteadyboxing.org/member-directory/Details/neuro-advantage-rehabilitation-4212591,42.7213941,-87.9470012,2026-03-28T03:14:36.189Z
rock-steady-boxing,Rock Steady Boxing Member Directory,member-directory:neuro-fitness-therapy-2829230,member-directory-neuro-fitness-therapy-3300-concord-pike-wilmington-de-19803-united-states,Rock Steady Boxing - Neuro Fitness Therapy,Exercise Program,Rock Steady Boxing - Neuro Fitness Therapy is listed in the official Rock Steady Boxing directory.,"Rock Steady Boxing - Neuro Fitness Therapy is listed in the official Rock Steady Boxing Member Directory. Address: 3300 Concord Pike, Wilmington, DE 19803, United States.","Wilmington, DE, United States","Wilmington, DE, United States",United States,Boxing | Exercise | Parkinson's Care,,in-person,false,unclaimed,0,0,,,3027532700,Rock Steady Boxing - Neuro Fitness Therapy,,member-directory,Rock Steady Boxing,"3300 Concord Pike, Wilmington, DE 19803, United States",Wilmington,DE,19803,https://members.rocksteadyboxing.org/member-directory/Details/neuro-fitness-therapy-2829230,39.8014902,-75.5486859,2026-03-28T03:14:36.189Z
rock-steady-boxing,Rock Steady Boxing Member Directory,member-directory:neuro-intensive-training-center-2829229,member-directory-neuro-intensive-training-center-158-s-waukegan-road-deerfield-il-60015-united-states,Rock Steady Boxing - Neuro Intensive Training Center,Community Program,Rock Steady Boxing - Neuro Intensive Training Center is listed in the official Rock Steady Boxing directory.,"Rock Steady Boxing - Neuro Intensive Training Center is listed in the official Rock Steady Boxing Member Directory. Address: 158 S. Waukegan Road, Deerfield, IL 60015, United States.","Deerfield, IL, United States","Deerfield, IL, United States",United States,Community Program | Parkinson's Care,,in-person,false,unclaimed,0,0,,,3124653921,Rock Steady Boxing - Neuro Intensive Training Center,,member-directory,Rock Steady Boxing,"158 S. Waukegan Road, Deerfield, IL 60015, United States",Deerfield,IL,60015,https://members.rocksteadyboxing.org/member-directory/Details/neuro-intensive-training-center-2829229,42.1485334,-87.8373237,2026-03-28T03:14:36.189Z
rock-steady-boxing,Rock Steady Boxing Member Directory,member-directory:new-berlin-2829228,member-directory-new-berlin-3333-s-sunnyslope-road-ste-103b-new-berlin-wi-53151-united-states,"Rock Steady Boxing New Berlin, WI",Community Program,"Rock Steady Boxing New Berlin, WI is listed in the official Rock Steady Boxing directory.","Rock Steady Boxing New Berlin, WI is listed in the official Rock Steady Boxing Member Directory. Address: 3333 S. Sunnyslope Road, Ste 103B, New Berlin, WI 53151, United States.","New Berlin, WI, United States","New Berlin, WI, United States",United States,Community Program | Parkinson's Care,,in-person,false,unclaimed,0,0,,,2626821842,"Rock Steady Boxing New Berlin, WI",,member-directory,Rock Steady Boxing,"3333 S. Sunnyslope Road, Ste 103B, New Berlin, WI 53151, United States",New Berlin,WI,53151,https://members.rocksteadyboxing.org/member-directory/Details/new-berlin-2829228,42.9846967,-88.08908629999999,2026-03-28T03:14:36.189Z
rock-steady-boxing,Rock Steady Boxing Member Directory,member-directory:new-bern-2829227,member-directory-new-bern-1720-trent-blvd-new-bern-nc-28560-united-states,"Rock Steady Boxing New Bern, NC",Community Program,"Rock Steady Boxing New Bern, NC is listed in the official Rock Steady Boxing directory.","Rock Steady Boxing New Bern, NC is listed in the official Rock Steady Boxing Member Directory. Categories: New Bern, eastern North Carolina. Address: 1720 Trent Blvd, New Bern, NC 28560, United States.","New Bern, NC, United States","New Bern, NC, United States",United States,New Bern | eastern North Carolina | Community Program | Parkinson's Care,,in-person,false,unclaimed,0,0,,,2525719630,"Rock Steady Boxing New Bern, NC",,member-directory,Rock Steady Boxing,"1720 Trent Blvd, New Bern, NC 28560, United States",New Bern,NC,28560,https://members.rocksteadyboxing.org/member-directory/Details/new-bern-2829227,35.1064891,-77.0646312,2026-03-28T03:14:36.189Z
rock-steady-boxing,Rock Steady Boxing Member Directory,member-directory:new-jersey-athletic-club-2829226,member-directory-new-jersey-athletic-club-4152-quakerbridge-road-lawrenceville-nj-08648-united-states,Rock Steady Boxing - New Jersey Athletic Club,Community Program,Rock Steady Boxing - New Jersey Athletic Club is listed in the official Rock Steady Boxing directory.,"Rock Steady Boxing - New Jersey Athletic Club is listed in the official Rock Steady Boxing Member Directory. Address: 4152 Quakerbridge Road, Lawrenceville, NJ 08648, United States.","Lawrenceville, NJ, United States","Lawrenceville, NJ, United States",United States,Community Program | Parkinson's Care,,in-person,false,unclaimed,0,0,,,6092758900,Rock Steady Boxing - New Jersey Athletic Club,,member-directory,Rock Steady Boxing,"4152 Quakerbridge Road, Lawrenceville, NJ 08648, United States",Lawrenceville,NJ,08648,https://members.rocksteadyboxing.org/member-directory/Details/new-jersey-athletic-club-2829226,40.28857190000001,-74.6775368,2026-03-28T03:14:36.189Z
rock-steady-boxing,Rock Steady Boxing Member Directory,member-directory:new-orleans-2829225,member-directory-new-orleans-2620-metairie-lawn-drive-metairie-la-70002-united-states,Rock Steady Boxing - New Orleans,Community Program,Rock Steady Boxing - New Orleans is listed in the official Rock Steady Boxing directory.,"Rock Steady Boxing - New Orleans is listed in the official Rock Steady Boxing Member Directory. Address: 2620 Metairie Lawn Drive, Metairie, LA 70002, United States.","Metairie, LA, United States","Metairie, LA, United States",United States,Community Program | Parkinson's Care,,in-person,false,unclaimed,0,0,,,5048410150,Rock Steady Boxing - New Orleans,,member-directory,Rock Steady Boxing,"2620 Metairie Lawn Drive, Metairie, LA 70002, United States",Metairie,LA,70002,https://members.rocksteadyboxing.org/member-directory/Details/new-orleans-2829225,29.9997514,-90.1524074,2026-03-28T03:14:36.189Z
rock-steady-boxing,Rock Steady Boxing Member Directory,member-directory:new-orleans-jcc-4525831,member-directory-new-orleans-jcc-5342-st-charles-ave-new-orleans-louisiana-70115-united-states,Rock Steady Boxing - New Orleans JCC,Community Program,Rock Steady Boxing - New Orleans JCC is listed in the official Rock Steady Boxing directory.,"Rock Steady Boxing - New Orleans JCC is listed in the official Rock Steady Boxing Member Directory. Address: 5342 St. Charles Ave., New Orleans, Louisiana 70115, United States.","New Orleans, Louisiana, United States","New Orleans, Louisiana, United States",United States,Community Program | Parkinson's Care,,in-person,false,unclaimed,0,0,https://nojcc.org/,,+15048970143,Rock Steady Boxing - New Orleans JCC,,member-directory,Rock Steady Boxing,"5342 St. Charles Ave., New Orleans, Louisiana 70115, United States",New Orleans,Louisiana,70115,https://members.rocksteadyboxing.org/member-directory/Details/new-orleans-jcc-4525831,29.9273721,-90.11285160000001,2026-03-28T03:14:36.189Z
rock-steady-boxing,Rock Steady Boxing Member Directory,member-directory:new-york-fitness-boxing-2829224,member-directory-new-york-fitness-and-boxing-1976-jericho-turnpike-east-northport-ny-11731-united-states,Rock Steady Boxing - New York Fitness & Boxing,Exercise Program,Rock Steady Boxing - New York Fitness & Boxing is listed in the official Rock Steady Boxing directory.,"Rock Steady Boxing - New York Fitness & Boxing is listed in the official Rock Steady Boxing Member Directory. Address: 1976 Jericho Turnpike, East Northport, NY 11731, United States.","East Northport, NY, United States","East Northport, NY, United States",United States,Boxing | Exercise | Parkinson's Care,,in-person,false,unclaimed,0,0,,,9175015696,Rock Steady Boxing - New York Fitness & Boxing,,member-directory,Rock Steady Boxing,"1976 Jericho Turnpike, East Northport, NY 11731, United States",East Northport,NY,11731,https://members.rocksteadyboxing.org/member-directory/Details/new-york-fitness-boxing-2829224,40.8381345,-73.3297419,2026-03-28T03:14:36.189Z
rock-steady-boxing,Rock Steady Boxing Member Directory,member-directory:newbury-court-2829513,member-directory-newbury-court-100-newbury-court-concord-ma-01742-united-states,Rock Steady Boxing - Newbury Court,Community Program,Rock Steady Boxing - Newbury Court is listed in the official Rock Steady Boxing directory.,"Rock Steady Boxing - Newbury Court is listed in the official Rock Steady Boxing Member Directory. Address: 100 Newbury Court, Concord, MA 01742, United States.","Concord, MA, United States","Concord, MA, United States",United States,Community Program | Parkinson's Care,,in-person,false,unclaimed,0,0,,,6782307183,Rock Steady Boxing - Newbury Court,,member-directory,Rock Steady Boxing,"100 Newbury Court, Concord, MA 01742, United States",Concord,MA,01742,https://members.rocksteadyboxing.org/member-directory/Details/newbury-court-2829513,42.4503375,-71.377149,2026-03-28T03:14:36.189Z
rock-steady-boxing,Rock Steady Boxing Member Directory,member-directory:niceville-2829221,member-directory-niceville-1105-john-sims-parkway-niceville-fl-32578-united-states,"Rock Steady Boxing Niceville, FL",Community Program,"Rock Steady Boxing Niceville, FL is listed in the official Rock Steady Boxing directory.","Rock Steady Boxing Niceville, FL is listed in the official Rock Steady Boxing Member Directory. Address: 1105 John Sims Parkway, Niceville, FL 32578, United States.","Niceville, FL, United States","Niceville, FL, United States",United States,Community Program | Parkinson's Care,,in-person,false,unclaimed,0,0,,,8508309462,"Rock Steady Boxing Niceville, FL",,member-directory,Rock Steady Boxing,"1105 John Sims Parkway, Niceville, FL 32578, United States",Niceville,FL,32578,https://members.rocksteadyboxing.org/member-directory/Details/niceville-2829221,30.51484799999999,-86.464371,2026-03-28T03:14:36.189Z
rock-steady-boxing,Rock Steady Boxing Member Directory,member-directory:no-doubt-training-academy-2829220,member-directory-no-doubt-training-academy-5597-elks-dr-las-cruces-nm-88007-united-states,Rock Steady Boxing - No Doubt Training Academy,Community Program,Rock Steady Boxing - No Doubt Training Academy is listed in the official Rock Steady Boxing directory.,"Rock Steady Boxing - No Doubt Training Academy is listed in the official Rock Steady Boxing Member Directory. Address: 5597 Elks Dr, Las Cruces, NM 88007, United States.","Las Cruces, NM, United States","Las Cruces, NM, United States",United States,Community Program | Parkinson's Care,,in-person,false,unclaimed,0,0,,,5756500351,Rock Steady Boxing - No Doubt Training Academy,,member-directory,Rock Steady Boxing,"5597 Elks Dr, Las Cruces, NM 88007, United States",Las Cruces,NM,88007,https://members.rocksteadyboxing.org/member-directory/Details/no-doubt-training-academy-2829220,32.3878445,-106.8078386,2026-03-28T03:14:36.189Z
rock-steady-boxing,Rock Steady Boxing Member Directory,member-directory:nonantum-2829219,member-directory-nonantum-75-adams-street-newton-ma-02458-united-states,Rock Steady Boxing - Nonantum,Community Program,Rock Steady Boxing - Nonantum is listed in the official Rock Steady Boxing directory.,"Rock Steady Boxing - Nonantum is listed in the official Rock Steady Boxing Member Directory. Address: 75 Adams Street, Newton, MA 02458, United States.","Newton, MA, United States","Newton, MA, United States",United States,Community Program | Parkinson's Care,,in-person,false,unclaimed,0,0,,,8572531230,Rock Steady Boxing - Nonantum,,member-directory,Rock Steady Boxing,"75 Adams Street, Newton, MA 02458, United States",Newton,MA,02458,https://members.rocksteadyboxing.org/member-directory/Details/nonantum-2829219,42.361249,-71.2042684,2026-03-28T03:14:36.189Z
rock-steady-boxing,Rock Steady Boxing Member Directory,member-directory:norfolk-family-ymca-2829218,member-directory-norfolk-family-ymca-301-west-benjamin-avenue-norfolk-ne-68701-united-states,Rock Steady Boxing - Norfolk Family YMCA,Community Program,Rock Steady Boxing - Norfolk Family YMCA is listed in the official Rock Steady Boxing directory.,"Rock Steady Boxing - Norfolk Family YMCA is listed in the official Rock Steady Boxing Member Directory. Address: 301 West Benjamin Avenue, Norfolk, NE 68701, United States.","Norfolk, NE, United States","Norfolk, NE, United States",United States,Community Program | Parkinson's Care,,in-person,false,unclaimed,0,0,,,4026496842,Rock Steady Boxing - Norfolk Family YMCA,,member-directory,Rock Steady Boxing,"301 West Benjamin Avenue, Norfolk, NE 68701, United States",Norfolk,NE,68701,https://members.rocksteadyboxing.org/member-directory/Details/norfolk-family-ymca-2829218,42.04634420000001,-97.4106765,2026-03-28T03:14:36.189Z
rock-steady-boxing,Rock Steady Boxing Member Directory,member-directory:norman-4583434,member-directory-norman-2301-36th-ave-nw-norman-ok-73072-united-states,"Rock Steady Boxing Norman, OK",Community Program,"Rock Steady Boxing Norman, OK is listed in the official Rock Steady Boxing directory.","Rock Steady Boxing Norman, OK is listed in the official Rock Steady Boxing Member Directory. Address: 2301 36th Ave NW, Norman, OK 73072, United States.","Norman, OK, United States","Norman, OK, United States",United States,Community Program | Parkinson's Care,,in-person,false,unclaimed,0,0,,,4059123055,"Rock Steady Boxing Norman, OK",,member-directory,Rock Steady Boxing,"2301 36th Ave NW, Norman, OK 73072, United States",Norman,OK,73072,https://members.rocksteadyboxing.org/member-directory/Details/norman-4583434,35.2460325,-97.4936362,2026-03-28T03:14:36.190Z
rock-steady-boxing,Rock Steady Boxing Member Directory,member-directory:north-county-san-diego-2829216,member-directory-north-county-san-diego-11610-iberia-place-san-diego-ca-92128-united-states,Rock Steady Boxing - North County San Diego,Community Program,Rock Steady Boxing - North County San Diego is listed in the official Rock Steady Boxing directory.,"Rock Steady Boxing - North County San Diego is listed in the official Rock Steady Boxing Member Directory. Address: 11610 Iberia Place, San Diego, CA 92128, United States.","San Diego, CA, United States","San Diego, CA, United States",United States,Community Program | Parkinson's Care,,in-person,false,unclaimed,0,0,,,8584856706,Rock Steady Boxing - North County San Diego,,member-directory,Rock Steady Boxing,"11610 Iberia Place, San Diego, CA 92128, United States",San Diego,CA,92128,https://members.rocksteadyboxing.org/member-directory/Details/north-county-san-diego-2829216,33.016446,-117.0783563,2026-03-28T03:14:36.190Z
rock-steady-boxing,Rock Steady Boxing Member Directory,member-directory:north-fort-worth-2829346,member-directory-north-fort-worth-2749-comanche-moon-drive-fort-worth-tx-76149-united-states,Rock Steady Boxing - North Fort Worth,Community Program,Rock Steady Boxing - North Fort Worth is listed in the official Rock Steady Boxing directory.,"Rock Steady Boxing - North Fort Worth is listed in the official Rock Steady Boxing Member Directory. Address: 2749 Comanche Moon Drive, Fort Worth, TX 76149, United States.","Fort Worth, TX, United States","Fort Worth, TX, United States",United States,Community Program | Parkinson's Care,,in-person,false,unclaimed,0,0,,,8176753412,Rock Steady Boxing - North Fort Worth,,member-directory,Rock Steady Boxing,"2749 Comanche Moon Drive, Fort Worth, TX 76149, United States",Fort Worth,TX,76149,https://members.rocksteadyboxing.org/member-directory/Details/north-fort-worth-2829346,32.9545221,-97.41925529999999,2026-03-28T03:14:36.190Z
rock-steady-boxing,Rock Steady Boxing Member Directory,member-directory:north-houston-3407508,member-directory-north-houston-12111-louetta-rd-houston-tx-77070-united-states,Rock Steady Boxing - North Houston,Community Program,Rock Steady Boxing - North Houston is listed in the official Rock Steady Boxing directory.,"Rock Steady Boxing - North Houston is listed in the official Rock Steady Boxing Member Directory. Address: 12111 Louetta Rd, Houston, TX 77070, United States.","Houston, TX, United States","Houston, TX, United States",United States,Community Program | Parkinson's Care,,in-person,false,unclaimed,0,0,,,7137257794,Rock Steady Boxing - North Houston,,member-directory,Rock Steady Boxing,"12111 Louetta Rd, Houston, TX 77070, United States",Houston,TX,77070,https://members.rocksteadyboxing.org/member-directory/Details/north-houston-3407508,29.9962012,-95.60469479999999,2026-03-28T03:14:36.190Z
rock-steady-boxing,Rock Steady Boxing Member Directory,member-directory:north-kansas-city-hospital-2829214,member-directory-north-kansas-city-hospital-2700-clay-edward-drive-suite-340a-north-kansas-city-mo-64116-united-states,Rock Steady Boxing - North Kansas City Hospital,Community Program,Rock Steady Boxing - North Kansas City Hospital is listed in the official Rock Steady Boxing directory.,"Rock Steady Boxing - North Kansas City Hospital is listed in the official Rock Steady Boxing Member Directory. Address: 2700 Clay Edward Drive, Suite 340A, North Kansas City, MO 64116, United States.","North Kansas City, MO, United States","North Kansas City, MO, United States",United States,Community Program | Parkinson's Care,,in-person,false,unclaimed,0,0,,,8166915020,Rock Steady Boxing - North Kansas City Hospital,,member-directory,Rock Steady Boxing,"2700 Clay Edward Drive, Suite 340A, North Kansas City, MO 64116, United States",North Kansas City,MO,64116,https://members.rocksteadyboxing.org/member-directory/Details/north-kansas-city-hospital-2829214,39.1486248,-94.55278849999999,2026-03-28T03:14:36.190Z
rock-steady-boxing,Rock Steady Boxing Member Directory,member-directory:north-orange-county-warriors-2829212,member-directory-north-orange-county-warriors-fanatics-athletic-club-22222-la-palma-ave-yorba-linda-ca-92887-united-states,Rock Steady Boxing - North Orange County Warriors,Community Program,Rock Steady Boxing - North Orange County Warriors is listed in the official Rock Steady Boxing directory.,"Rock Steady Boxing - North Orange County Warriors is listed in the official Rock Steady Boxing Member Directory. Address: Fanatics Athletic Club, 22222 La Palma Ave, Yorba Linda, CA 92887, United States.","Yorba Linda, CA, United States","Yorba Linda, CA, United States",United States,Community Program | Parkinson's Care,,in-person,false,unclaimed,0,0,,,7143152025,Rock Steady Boxing - North Orange County Warriors,,member-directory,Rock Steady Boxing,"Fanatics Athletic Club, 22222 La Palma Ave, Yorba Linda, CA 92887, United States",Yorba Linda,CA,92887,https://members.rocksteadyboxing.org/member-directory/Details/north-orange-county-warriors-2829212,33.879131,-117.743856,2026-03-28T03:14:36.190Z
rock-steady-boxing,Rock Steady Boxing Member Directory,member-directory:north-river-ymca-2829210,member-directory-north-river-ymca-4138-hixson-pike-chattanooga-tn-37415-united-states,Rock Steady Boxing - North River YMCA,Community Program,Rock Steady Boxing - North River YMCA is listed in the official Rock Steady Boxing directory.,"Rock Steady Boxing - North River YMCA is listed in the official Rock Steady Boxing Member Directory. Address: 4138 Hixson Pike, Chattanooga, TN 37415, United States.","Chattanooga, TN, United States","Chattanooga, TN, United States",United States,Community Program | Parkinson's Care,,in-person,false,unclaimed,0,0,,,4238773517,Rock Steady Boxing - North River YMCA,,member-directory,Rock Steady Boxing,"4138 Hixson Pike, Chattanooga, TN 37415, United States",Chattanooga,TN,37415,https://members.rocksteadyboxing.org/member-directory/Details/north-river-ymca-2829210,35.1144706,-85.25179080000001,2026-03-28T03:14:36.190Z
rock-steady-boxing,Rock Steady Boxing Member Directory,member-directory:north-webster-ymca-3652373,member-directory-north-webster-ymca-301-n-main-st-north-webster-in-46555-united-states,Rock Steady Boxing - North Webster YMCA,Community Program,Rock Steady Boxing - North Webster YMCA is listed in the official Rock Steady Boxing directory.,"Rock Steady Boxing - North Webster YMCA is listed in the official Rock Steady Boxing Member Directory. Address: 301 N Main St, North Webster, IN 46555, United States.","North Webster, IN, United States","North Webster, IN, United States",United States,Community Program | Parkinson's Care,,in-person,false,unclaimed,0,0,,,3175318664,Rock Steady Boxing - North Webster YMCA,,member-directory,Rock Steady Boxing,"301 N Main St, North Webster, IN 46555, United States",North Webster,IN,46555,https://members.rocksteadyboxing.org/member-directory/Details/north-webster-ymca-3652373,41.3280293,-85.6972937,2026-03-28T03:14:36.190Z
rock-steady-boxing,Rock Steady Boxing Member Directory,member-directory:north-wilmington-nc-2829701,member-directory-north-wilmington-nc-6500-windmill-way-wilmington-nc-28405-united-states,"Rock Steady Boxing - North Wilmington, NC",Community Program,"Rock Steady Boxing - North Wilmington, NC is listed in the official Rock Steady Boxing directory.","Rock Steady Boxing - North Wilmington, NC is listed in the official Rock Steady Boxing Member Directory. Address: 6500 Windmill Way, Wilmington, NC 28405, United States.","Wilmington, NC, United States","Wilmington, NC, United States",United States,Community Program | Parkinson's Care,,in-person,false,unclaimed,0,0,,,8434244575,"Rock Steady Boxing - North Wilmington, NC",,member-directory,Rock Steady Boxing,"6500 Windmill Way, Wilmington, NC 28405, United States",Wilmington,NC,28405,https://members.rocksteadyboxing.org/member-directory/Details/north-wilmington-nc-2829701,34.2590134,-77.8429213,2026-03-28T03:14:36.190Z
rock-steady-boxing,Rock Steady Boxing Member Directory,member-directory:northeast-indiana-2829207,member-directory-northeast-indiana-1200-e-houston-st-garrett-in-46738-united-states,Rock Steady Boxing - Northeast Indiana,Community Program,Rock Steady Boxing - Northeast Indiana is listed in the official Rock Steady Boxing directory.,"Rock Steady Boxing - Northeast Indiana is listed in the official Rock Steady Boxing Member Directory. Address: 1200 E Houston St, Garrett, IN 46738, United States.","Garrett, IN, United States","Garrett, IN, United States",United States,Community Program | Parkinson's Care,,in-person,false,unclaimed,0,0,,,2604164406,Rock Steady Boxing - Northeast Indiana,,member-directory,Rock Steady Boxing,"1200 E Houston St, Garrett, IN 46738, United States",Garrett,IN,46738,https://members.rocksteadyboxing.org/member-directory/Details/northeast-indiana-2829207,41.3489139,-85.1223911,2026-03-28T03:14:36.190Z
rock-steady-boxing,Rock Steady Boxing Member Directory,member-directory:northeast-kingdom-2829206,member-directory-northeast-kingdom-101-main-street-lyndonville-vt-05851-united-states,Rock Steady Boxing - Northeast Kingdom,Community Program,Rock Steady Boxing - Northeast Kingdom is listed in the official Rock Steady Boxing directory.,"Rock Steady Boxing - Northeast Kingdom is listed in the official Rock Steady Boxing Member Directory. Address: 101 Main Street, Lyndonville, VT 05851, United States.","Lyndonville, VT, United States","Lyndonville, VT, United States",United States,Community Program | Parkinson's Care,,in-person,false,unclaimed,0,0,,,8025354520,Rock Steady Boxing - Northeast Kingdom,,member-directory,Rock Steady Boxing,"101 Main Street, Lyndonville, VT 05851, United States",Lyndonville,VT,05851,https://members.rocksteadyboxing.org/member-directory/Details/northeast-kingdom-2829206,44.5353941,-72.0052319,2026-03-28T03:14:36.190Z
rock-steady-boxing,Rock Steady Boxing Member Directory,member-directory:northern-nevada-2829202,member-directory-northern-nevada-411-hot-springs-road-1-carson-city-nv-89706-united-states,Rock Steady Boxing - Northern Nevada,Community Program,Rock Steady Boxing - Northern Nevada is listed in the official Rock Steady Boxing directory.,"Rock Steady Boxing - Northern Nevada is listed in the official Rock Steady Boxing Member Directory. Address: 411 Hot Springs Road, #1, Carson City, NV 89706, United States.","Carson City, NV, United States","Carson City, NV, United States",United States,Community Program | Parkinson's Care,,in-person,false,unclaimed,0,0,,,7757221752,Rock Steady Boxing - Northern Nevada,,member-directory,Rock Steady Boxing,"411 Hot Springs Road, #1, Carson City, NV 89706, United States",Carson City,NV,89706,https://members.rocksteadyboxing.org/member-directory/Details/northern-nevada-2829202,39.183673,-119.7628969,2026-03-28T03:14:36.190Z
rock-steady-boxing,Rock Steady Boxing Member Directory,member-directory:northfield-area-family-ymca-3788349,member-directory-northfield-area-family-ymca-1501-honeylocust-dr-northfield-mn-55057-united-states,Rock Steady Boxing - Northfield Area Family YMCA,Community Program,Rock Steady Boxing - Northfield Area Family YMCA is listed in the official Rock Steady Boxing directory.,"Rock Steady Boxing - Northfield Area Family YMCA is listed in the official Rock Steady Boxing Member Directory. Address: 1501 Honeylocust Dr, Northfield, MN 55057, United States.","Northfield, MN, United States","Northfield, MN, United States",United States,Community Program | Parkinson's Care,,in-person,false,unclaimed,0,0,,,5076450088,Rock Steady Boxing - Northfield Area Family YMCA,,member-directory,Rock Steady Boxing,"1501 Honeylocust Dr, Northfield, MN 55057, United States",Northfield,MN,55057,https://members.rocksteadyboxing.org/member-directory/Details/northfield-area-family-ymca-3788349,44.432484,-93.1820752,2026-03-28T03:14:36.190Z
rock-steady-boxing,Rock Steady Boxing Member Directory,member-directory:northpointe-wellness-3598032,member-directory-northpointe-wellness-5605-east-rockton-road-roscoe-il-61073-united-states,Rock Steady Boxing - NorthPointe Wellness,Exercise Program,Rock Steady Boxing - NorthPointe Wellness is listed in the official Rock Steady Boxing directory.,"Rock Steady Boxing - NorthPointe Wellness is listed in the official Rock Steady Boxing Member Directory. Address: 5605 East Rockton Road, Roscoe, IL 61073, United States.","Roscoe, IL, United States","Roscoe, IL, United States",United States,Boxing | Exercise | Parkinson's Care,,in-person,false,unclaimed,0,0,,,8155254900,Rock Steady Boxing - NorthPointe Wellness,,member-directory,Rock Steady Boxing,"5605 East Rockton Road, Roscoe, IL 61073, United States",Roscoe,IL,61073,https://members.rocksteadyboxing.org/member-directory/Details/northpointe-wellness-3598032,42.4511455,-89.0079244,2026-03-28T03:14:36.190Z
rock-steady-boxing,Rock Steady Boxing Member Directory,member-directory:northwest-indiana-community-hospital-fitness-pointe-2829200,member-directory-northwest-indiana-community-hospital-fitness-pointe-9950-calumet-avenue-munster-in-46321-united-states,Rock Steady Boxing - Northwest Indiana-Community Hospital Fitness Pointe,Exercise Program,Rock Steady Boxing - Northwest Indiana-Community Hospital Fitness Pointe is listed in the official Rock Steady Boxing directory.,"Rock Steady Boxing - Northwest Indiana-Community Hospital Fitness Pointe is listed in the official Rock Steady Boxing Member Directory. Address: 9950 Calumet Avenue, Munster, IN 46321, United States.","Munster, IN, United States","Munster, IN, United States",United States,Boxing | Exercise | Parkinson's Care,,in-person,false,unclaimed,0,0,,,2199245348,Rock Steady Boxing - Northwest Indiana-Community Hospital Fitness Pointe,,member-directory,Rock Steady Boxing,"9950 Calumet Avenue, Munster, IN 46321, United States",Munster,IN,46321,https://members.rocksteadyboxing.org/member-directory/Details/northwest-indiana-community-hospital-fitness-pointe-2829200,41.5330602,-87.51044689999999,2026-03-28T03:14:36.190Z
rock-steady-boxing,Rock Steady Boxing Member Directory,member-directory:northwestern-medicine-delnor-health-fitness-center-2829199,member-directory-northwestern-medicine-delnor-health-and-fitness-center-296-randall-road-geneva-il-60134-united-states,Rock Steady Boxing - Northwestern Medicine Delnor Health & Fitness Center,Exercise Program,Rock Steady Boxing - Northwestern Medicine Delnor Health & Fitness Center is listed in the official Rock Steady Boxing directory.,"Rock Steady Boxing - Northwestern Medicine Delnor Health & Fitness Center is listed in the official Rock Steady Boxing Member Directory. Address: 296 Randall Road, Geneva, IL 60134, United States.","Geneva, IL, United States","Geneva, IL, United States",United States,Boxing | Exercise | Parkinson's Care,,in-person,false,unclaimed,0,0,,,6309389551,Rock Steady Boxing - Northwestern Medicine Delnor Health & Fitness Center,,member-directory,Rock Steady Boxing,"296 Randall Road, Geneva, IL 60134, United States",Geneva,IL,60134,https://members.rocksteadyboxing.org/member-directory/Details/northwestern-medicine-delnor-health-fitness-center-2829199,41.88843019999999,-88.34149200000002,2026-03-28T03:14:36.190Z
rock-steady-boxing,Rock Steady Boxing Member Directory,member-directory:northwestern-medicine-huntley-health-fitness-2829198,member-directory-northwestern-medicine-huntley-health-and-fitness-10450-algonquin-rd-huntley-il-60014-united-states,Rock Steady Boxing - Northwestern Medicine Huntley Health & Fitness,Exercise Program,Rock Steady Boxing - Northwestern Medicine Huntley Health & Fitness is listed in the official Rock Steady Boxing directory.,"Rock Steady Boxing - Northwestern Medicine Huntley Health & Fitness is listed in the official Rock Steady Boxing Member Directory. Address: 10450 Algonquin Rd, Huntley, IL 60014, United States.","Huntley, IL, United States","Huntley, IL, United States",United States,Boxing | Exercise | Parkinson's Care,,in-person,false,unclaimed,0,0,,,8478027039,Rock Steady Boxing - Northwestern Medicine Huntley Health & Fitness,,member-directory,Rock Steady Boxing,"10450 Algonquin Rd, Huntley, IL 60014, United States",Huntley,IL,60014,https://members.rocksteadyboxing.org/member-directory/Details/northwestern-medicine-huntley-health-fitness-2829198,42.17658,-88.400285,2026-03-28T03:14:36.190Z
rock-steady-boxing,Rock Steady Boxing Member Directory,member-directory:northwestern-medicine-kishwaukee-health-wellness-center-2829197,member-directory-northwestern-medicine-kishwaukee-health-and-wellness-center-626-bethany-road-dekalb-il-60115-united-states,Rock Steady Boxing - Northwestern Medicine Kishwaukee Health & Wellness Center,Exercise Program,Rock Steady Boxing - Northwestern Medicine Kishwaukee Health & Wellness Center is listed in the official Rock Steady Boxing directory.,"Rock Steady Boxing - Northwestern Medicine Kishwaukee Health & Wellness Center is listed in the official Rock Steady Boxing Member Directory. Address: 626 Bethany Road, Dekalb, IL 60115, United States.","Dekalb, IL, United States","Dekalb, IL, United States",United States,Boxing | Exercise | Parkinson's Care,,in-person,false,unclaimed,0,0,,,8159817485,Rock Steady Boxing - Northwestern Medicine Kishwaukee Health & Wellness Center,,member-directory,Rock Steady Boxing,"626 Bethany Road, Dekalb, IL 60115, United States",Dekalb,IL,60115,https://members.rocksteadyboxing.org/member-directory/Details/northwestern-medicine-kishwaukee-health-wellness-center-2829197,41.9649467,-88.72623929999999,2026-03-28T03:14:36.190Z
rock-steady-boxing,Rock Steady Boxing Member Directory,member-directory:northwestern-medicine-lake-forest-health-fitness-center-2829196,member-directory-northwestern-medicine-lake-forest-health-and-fitness-center-1200-north-westmoreland-lake-forest-il-60045-united-states,Rock Steady Boxing - Northwestern Medicine Lake Forest Health & Fitness Center,Exercise Program,Rock Steady Boxing - Northwestern Medicine Lake Forest Health & Fitness Center is listed in the official Rock Steady Boxing directory.,"Rock Steady Boxing - Northwestern Medicine Lake Forest Health & Fitness Center is listed in the official Rock Steady Boxing Member Directory. Address: 1200 North Westmoreland, Lake Forest, IL 60045, United States.","Lake Forest, IL, United States","Lake Forest, IL, United States",United States,Boxing | Exercise | Parkinson's Care,,in-person,false,unclaimed,0,0,,,8475357095,Rock Steady Boxing - Northwestern Medicine Lake Forest Health & Fitness Center,,member-directory,Rock Steady Boxing,"1200 North Westmoreland, Lake Forest, IL 60045, United States",Lake Forest,IL,60045,https://members.rocksteadyboxing.org/member-directory/Details/northwestern-medicine-lake-forest-health-fitness-center-2829196,42.260964,-87.8649495,2026-03-28T03:14:36.190Z
rock-steady-boxing,Rock Steady Boxing Member Directory,member-directory:nova-2829195,member-directory-nova-8501-a-tyco-road-vienna-va-22182-united-states,Rock Steady Boxing - Nova,Community Program,Rock Steady Boxing - Nova is listed in the official Rock Steady Boxing directory.,"Rock Steady Boxing - Nova is listed in the official Rock Steady Boxing Member Directory. Address: 8501 A Tyco Road, Vienna, VA 22182, United States.","Vienna, VA, United States","Vienna, VA, United States",United States,Community Program | Parkinson's Care,,in-person,false,unclaimed,0,0,,,5717308553,Rock Steady Boxing - Nova,,member-directory,Rock Steady Boxing,"8501 A Tyco Road, Vienna, VA 22182, United States",Vienna,VA,22182,https://members.rocksteadyboxing.org/member-directory/Details/nova-2829195,38.9311417,-77.239341,2026-03-28T03:14:36.190Z
rock-steady-boxing,Rock Steady Boxing Member Directory,member-directory:nova-2-2829194,member-directory-nova-2-21240-ridgetop-circle-unit-110-sterling-va-20166-united-states,Rock Steady Boxing - Nova 2,Community Program,Rock Steady Boxing - Nova 2 is listed in the official Rock Steady Boxing directory.,"Rock Steady Boxing - Nova 2 is listed in the official Rock Steady Boxing Member Directory. Address: 21240 Ridgetop Circle, Unit 110, Sterling, VA 20166, United States.","Sterling, VA, United States","Sterling, VA, United States",United States,Community Program | Parkinson's Care,,in-person,false,unclaimed,0,0,,,5717308553,Rock Steady Boxing - Nova 2,,member-directory,Rock Steady Boxing,"21240 Ridgetop Circle, Unit 110, Sterling, VA 20166, United States",Sterling,VA,20166,https://members.rocksteadyboxing.org/member-directory/Details/nova-2-2829194,39.0285843,-77.4120123,2026-03-28T03:14:36.190Z
rock-steady-boxing,Rock Steady Boxing Member Directory,member-directory:novi-athletic-club-2829192,member-directory-novi-athletic-club-novi-athletic-club-42500-nick-lidstrom-drive-novi-mi-48170-united-states,Rock Steady Boxing - Novi Athletic Club,Community Program,Rock Steady Boxing - Novi Athletic Club is listed in the official Rock Steady Boxing directory.,"Rock Steady Boxing - Novi Athletic Club is listed in the official Rock Steady Boxing Member Directory. Address: Novi Athletic Club, 42500 Nick Lidstrom Drive, Novi, MI 48170, United States.","Novi, MI, United States","Novi, MI, United States",United States,Community Program | Parkinson's Care,,in-person,false,unclaimed,0,0,,,2487358850,Rock Steady Boxing - Novi Athletic Club,,member-directory,Rock Steady Boxing,"Novi Athletic Club, 42500 Nick Lidstrom Drive, Novi, MI 48170, United States",Novi,MI,48170,https://members.rocksteadyboxing.org/member-directory/Details/novi-athletic-club-2829192,42.4617205,-83.4691922,2026-03-28T03:14:36.190Z
rock-steady-boxing,Rock Steady Boxing Member Directory,member-directory:nsb-2829191,member-directory-nsb-201-s-ridgewood-ave-suite-13-edgewater-fl-32132-united-states,Rock Steady Boxing - NSB,Community Program,Rock Steady Boxing - NSB is listed in the official Rock Steady Boxing directory.,"Rock Steady Boxing - NSB is listed in the official Rock Steady Boxing Member Directory. Categories: 32132, 32168, 32174. Address: 201 S. Ridgewood Ave, Suite 13, Edgewater, FL 32132, United States.","Edgewater, FL, United States","Edgewater, FL, United States",United States,32132 | 32168 | 32174 | Community Program | Parkinson's Care,,in-person,false,unclaimed,0,0,https://www.inthiscorner.org/,,3863146673,Rock Steady Boxing - NSB,,member-directory,Rock Steady Boxing,"201 S. Ridgewood Ave, Suite 13, Edgewater, FL 32132, United States",Edgewater,FL,32132,https://members.rocksteadyboxing.org/member-directory/Details/nsb-2829191,28.9905397,-80.9064583,2026-03-28T03:14:36.190Z
rock-steady-boxing,Rock Steady Boxing Member Directory,member-directory:nuboxx-fitness-3852753,member-directory-nuboxx-fitness-1449-u-st-nw-washington-dc-20009-united-states,Rock Steady Boxing - NUBOXX Fitness,Exercise Program,Rock Steady Boxing - NUBOXX Fitness is listed in the official Rock Steady Boxing directory.,"Rock Steady Boxing - NUBOXX Fitness is listed in the official Rock Steady Boxing Member Directory. Address: 1449 U St. NW, Washington, DC 20009, United States.","Washington, DC, United States","Washington, DC, United States",United States,Boxing | Exercise | Parkinson's Care,,in-person,false,unclaimed,0,0,,,2029640885,Rock Steady Boxing - NUBOXX Fitness,,member-directory,Rock Steady Boxing,"1449 U St. NW, Washington, DC 20009, United States",Washington,DC,20009,https://members.rocksteadyboxing.org/member-directory/Details/nuboxx-fitness-3852753,38.9171819,-77.0338027,2026-03-28T03:14:36.190Z
rock-steady-boxing,Rock Steady Boxing Member Directory,member-directory:oak-crest-2829189,member-directory-oak-crest-8820-walther-blvd-parksville-md-21234-united-states,Rock Steady Boxing - Oak Crest,Community Program,Rock Steady Boxing - Oak Crest is listed in the official Rock Steady Boxing directory.,"Rock Steady Boxing - Oak Crest is listed in the official Rock Steady Boxing Member Directory. Address: 8820 Walther Blvd, Parksville, MD 21234, United States.","Parksville, MD, United States","Parksville, MD, United States",United States,Community Program | Parkinson's Care,,in-person,false,unclaimed,0,0,,,4106573587,Rock Steady Boxing - Oak Crest,,member-directory,Rock Steady Boxing,"8820 Walther Blvd, Parksville, MD 21234, United States",Parksville,MD,21234,https://members.rocksteadyboxing.org/member-directory/Details/oak-crest-2829189,39.3920469,-76.5083531,2026-03-28T03:14:36.190Z
rock-steady-boxing,Rock Steady Boxing Member Directory,member-directory:oak-hammock-2829188,member-directory-oak-hammock-5100-sw-25th-blvd-gainesville-fl-32608-united-states,Rock Steady Boxing - Oak Hammock,Community Program,Rock Steady Boxing - Oak Hammock is listed in the official Rock Steady Boxing directory.,"Rock Steady Boxing - Oak Hammock is listed in the official Rock Steady Boxing Member Directory. Address: 5100 SW 25th Blvd, Gainesville, FL 32608, United States.","Gainesville, FL, United States","Gainesville, FL, United States",United States,Community Program | Parkinson's Care,,in-person,false,unclaimed,0,0,,,3525481170,Rock Steady Boxing - Oak Hammock,,member-directory,Rock Steady Boxing,"5100 SW 25th Blvd, Gainesville, FL 32608, United States",Gainesville,FL,32608,https://members.rocksteadyboxing.org/member-directory/Details/oak-hammock-2829188,29.6058186,-82.3600436,2026-03-28T03:14:36.190Z
rock-steady-boxing,Rock Steady Boxing Member Directory,member-directory:oakridge-4366304,member-directory-oakridge-5885-winfield-blvd-san-jose-ca-95123-united-states,Rock Steady Boxing - Oakridge,Community Program,Rock Steady Boxing - Oakridge is listed in the official Rock Steady Boxing directory.,"Rock Steady Boxing - Oakridge is listed in the official Rock Steady Boxing Member Directory. Address: 5885 Winfield Blvd, San Jose, CA 95123, United States.","San Jose, CA, United States","San Jose, CA, United States",United States,Community Program | Parkinson's Care,,in-person,false,unclaimed,0,0,,,6504008287,Rock Steady Boxing - Oakridge,,member-directory,Rock Steady Boxing,"5885 Winfield Blvd, San Jose, CA 95123, United States",San Jose,CA,95123,https://members.rocksteadyboxing.org/member-directory/Details/oakridge-4366304,37.2464565,-121.868594,2026-03-28T03:14:36.190Z
rock-steady-boxing,Rock Steady Boxing Member Directory,member-directory:oasis-2916653,member-directory-oasis-6-frowein-rd-center-moriches-ny-11934-united-states,Rock Steady Boxing - Oasis,Community Program,Rock Steady Boxing - Oasis is listed in the official Rock Steady Boxing directory.,"Rock Steady Boxing - Oasis is listed in the official Rock Steady Boxing Member Directory. Address: 6 Frowein Rd, Center Moriches, NY 11934, United States.","Center Moriches, NY, United States","Center Moriches, NY, United States",United States,Community Program | Parkinson's Care,,in-person,false,unclaimed,0,0,,,6318784400,Rock Steady Boxing - Oasis,,member-directory,Rock Steady Boxing,"6 Frowein Rd, Center Moriches, NY 11934, United States",Center Moriches,NY,11934,https://members.rocksteadyboxing.org/member-directory/Details/oasis-2916653,40.8083661,-72.7763475,2026-03-28T03:14:36.190Z
rock-steady-boxing,Rock Steady Boxing Member Directory,member-directory:ocean-8-yoga-at-stafford-township-recreation-4628772,member-directory-ocean-8-yoga-at-stafford-township-recreation-775-e-bay-ave-manahawkin-nj-08050-united-states,Rock Steady Boxing - Ocean 8 Yoga at Stafford Township Recreation,Exercise Program,Rock Steady Boxing - Ocean 8 Yoga at Stafford Township Recreation is listed in the official Rock Steady Boxing directory.,"Rock Steady Boxing - Ocean 8 Yoga at Stafford Township Recreation is listed in the official Rock Steady Boxing Member Directory. Address: 775 E. Bay Ave., Manahawkin, NJ 08050, United States.","Manahawkin, NJ, United States","Manahawkin, NJ, United States",United States,Boxing | Exercise | Parkinson's Care,,in-person,false,unclaimed,0,0,,,+13107751521,Rock Steady Boxing - Ocean 8 Yoga at Stafford Township Recreation,,member-directory,Rock Steady Boxing,"775 E. Bay Ave., Manahawkin, NJ 08050, United States",Manahawkin,NJ,08050,https://members.rocksteadyboxing.org/member-directory/Details/ocean-8-yoga-at-stafford-township-recreation-4628772,39.6831511,-74.2339355,2026-03-28T03:14:36.190Z
rock-steady-boxing,Rock Steady Boxing Member Directory,member-directory:okc-2829185,member-directory-okc-15101-lleytons-court-suite-105-edmond-ok-73013-united-states,Rock Steady Boxing - OKC,Community Program,Rock Steady Boxing - OKC is listed in the official Rock Steady Boxing directory.,"Rock Steady Boxing - OKC is listed in the official Rock Steady Boxing Member Directory. Address: 15101 Lleytons Court, Suite 105, Edmond, OK 73013, United States.","Edmond, OK, United States","Edmond, OK, United States",United States,Community Program | Parkinson's Care,,in-person,false,unclaimed,0,0,,,4052854876,Rock Steady Boxing - OKC,,member-directory,Rock Steady Boxing,"15101 Lleytons Court, Suite 105, Edmond, OK 73013, United States",Edmond,OK,73013,https://members.rocksteadyboxing.org/member-directory/Details/okc-2829185,35.6240556,-97.5532837,2026-03-28T03:14:36.190Z
rock-steady-boxing,Rock Steady Boxing Member Directory,member-directory:new-york-tech-2829223,member-directory-new-york-tech-p-o-box-8000-northern-blvd-deseversky-mansion-old-westbury-ny-11568-united-states,Rock Steady Boxing - New York Tech,Community Program,Rock Steady Boxing - New York Tech is listed in the official Rock Steady Boxing directory.,"Rock Steady Boxing - New York Tech is listed in the official Rock Steady Boxing Member Directory. Address: P.O. Box 8000 Northern Blvd, DeSeversky Mansion, Old Westbury, NY 11568, United States.","Old Westbury, NY, United States","Old Westbury, NY, United States",United States,Community Program | Parkinson's Care,,in-person,false,unclaimed,0,0,,,5166867411,Rock Steady Boxing - New York Tech,,member-directory,Rock Steady Boxing,"P.O. Box 8000 Northern Blvd, DeSeversky Mansion, Old Westbury, NY 11568, United States",Old Westbury,NY,11568,https://members.rocksteadyboxing.org/member-directory/Details/new-york-tech-2829223,40.809068,-73.6142517,2026-03-28T03:14:36.190Z
rock-steady-boxing,Rock Steady Boxing Member Directory,member-directory:olivedale-2829184,member-directory-olivedale-253-boving-road-lancaster-oh-43130-united-states,Rock Steady Boxing - Olivedale,Community Program,Rock Steady Boxing - Olivedale is listed in the official Rock Steady Boxing directory.,"Rock Steady Boxing - Olivedale is listed in the official Rock Steady Boxing Member Directory. Address: 253 Boving Road, Lancaster, OH 43130, United States.","Lancaster, OH, United States","Lancaster, OH, United States",United States,Community Program | Parkinson's Care,,in-person,false,unclaimed,0,0,,,7406876655,Rock Steady Boxing - Olivedale,,member-directory,Rock Steady Boxing,"253 Boving Road, Lancaster, OH 43130, United States",Lancaster,OH,43130,https://members.rocksteadyboxing.org/member-directory/Details/olivedale-2829184,39.70725729999999,-82.62006459999999,2026-03-28T03:14:36.190Z
rock-steady-boxing,Rock Steady Boxing Member Directory,member-directory:orange-county-2829183,member-directory-orange-county-30332-esperanza-rancho-santa-margarita-ca-92688-united-states,Rock Steady Boxing - Orange County,Community Program,Rock Steady Boxing - Orange County is listed in the official Rock Steady Boxing directory.,"Rock Steady Boxing - Orange County is listed in the official Rock Steady Boxing Member Directory. Address: 30332 Esperanza, Rancho Santa Margarita, CA 92688, United States.","Rancho Santa Margarita, CA, United States","Rancho Santa Margarita, CA, United States",United States,Community Program | Parkinson's Care,,in-person,false,unclaimed,0,0,,,7149143316,Rock Steady Boxing - Orange County,,member-directory,Rock Steady Boxing,"30332 Esperanza, Rancho Santa Margarita, CA 92688, United States",Rancho Santa Margarita,CA,92688,https://members.rocksteadyboxing.org/member-directory/Details/orange-county-2829183,33.6328341,-117.6004375,2026-03-28T03:14:36.190Z
rock-steady-boxing,Rock Steady Boxing Member Directory,member-directory:ormond-beach-3416658,member-directory-ormond-beach-1060-ridgewood-ave-holly-hill-fl-32117-united-states,Rock Steady Boxing - Ormond Beach,Community Program,Rock Steady Boxing - Ormond Beach is listed in the official Rock Steady Boxing directory.,"Rock Steady Boxing - Ormond Beach is listed in the official Rock Steady Boxing Member Directory. Address: 1060 Ridgewood Ave, Holly Hill, FL 32117, United States.","Holly Hill, FL, United States","Holly Hill, FL, United States",United States,Community Program | Parkinson's Care,,in-person,false,unclaimed,0,0,http://inthiscorner.org/,,3863146673,Rock Steady Boxing - Ormond Beach,,member-directory,Rock Steady Boxing,"1060 Ridgewood Ave, Holly Hill, FL 32117, United States",Holly Hill,FL,32117,https://members.rocksteadyboxing.org/member-directory/Details/ormond-beach-3416658,29.24425369999999,-81.0410749,2026-03-28T03:14:36.190Z
rock-steady-boxing,Rock Steady Boxing Member Directory,member-directory:orokawa-y-in-towson-2829182,member-directory-orokawa-y-in-towson-600-w-chesapeake-ave-towson-md-21204-united-states,Rock Steady Boxing - Orokawa Y in Towson,Community Program,Rock Steady Boxing - Orokawa Y in Towson is listed in the official Rock Steady Boxing directory.,"Rock Steady Boxing - Orokawa Y in Towson is listed in the official Rock Steady Boxing Member Directory. Address: 600 W. Chesapeake Ave., Towson, MD 21204, United States.","Towson, MD, United States","Towson, MD, United States",United States,Community Program | Parkinson's Care,,in-person,false,unclaimed,0,0,,,4108238870,Rock Steady Boxing - Orokawa Y in Towson,,member-directory,Rock Steady Boxing,"600 W. Chesapeake Ave., Towson, MD 21204, United States",Towson,MD,21204,https://members.rocksteadyboxing.org/member-directory/Details/orokawa-y-in-towson-2829182,39.4010761,-76.61451509999999,2026-03-28T03:14:36.191Z
rock-steady-boxing,Rock Steady Boxing Member Directory,member-directory:oshkosh-community-ymca-2916673,member-directory-oshkosh-community-ymca-324-washington-ave-oshkosh-wi-54901-united-states,Rock Steady Boxing - Oshkosh Community YMCA,Community Program,Rock Steady Boxing - Oshkosh Community YMCA is listed in the official Rock Steady Boxing directory.,"Rock Steady Boxing - Oshkosh Community YMCA is listed in the official Rock Steady Boxing Member Directory. Address: 324 Washington Ave, Oshkosh, WI 54901, United States.","Oshkosh, WI, United States","Oshkosh, WI, United States",United States,Community Program | Parkinson's Care,,in-person,false,unclaimed,0,0,,,9202308963,Rock Steady Boxing - Oshkosh Community YMCA,,member-directory,Rock Steady Boxing,"324 Washington Ave, Oshkosh, WI 54901, United States",Oshkosh,WI,54901,https://members.rocksteadyboxing.org/member-directory/Details/oshkosh-community-ymca-2916673,44.0182007,-88.5330445,2026-03-28T03:14:36.191Z
rock-steady-boxing,Rock Steady Boxing Member Directory,member-directory:ottumwa-family-ymca-2829180,member-directory-ottumwa-family-ymca-611-north-hancock-ottumwa-ia-52501-united-states,Rock Steady Boxing - Ottumwa Family YMCA,Community Program,Rock Steady Boxing - Ottumwa Family YMCA is listed in the official Rock Steady Boxing directory.,"Rock Steady Boxing - Ottumwa Family YMCA is listed in the official Rock Steady Boxing Member Directory. Address: 611 North Hancock, Ottumwa, IA 52501, United States.","Ottumwa, IA, United States","Ottumwa, IA, United States",United States,Community Program | Parkinson's Care,,in-person,false,unclaimed,0,0,,,6416846571,Rock Steady Boxing - Ottumwa Family YMCA,,member-directory,Rock Steady Boxing,"611 North Hancock, Ottumwa, IA 52501, United States",Ottumwa,IA,52501,https://members.rocksteadyboxing.org/member-directory/Details/ottumwa-family-ymca-2829180,41.0083279,-92.4167027,2026-03-28T03:14:36.191Z
rock-steady-boxing,Rock Steady Boxing Member Directory,member-directory:owensboro-family-ymca-3788353,member-directory-owensboro-family-ymca-900-kentucky-parkway-owensboro-ky-42301-united-states,Rock Steady Boxing - Owensboro Family YMCA,Community Program,Rock Steady Boxing - Owensboro Family YMCA is listed in the official Rock Steady Boxing directory.,"Rock Steady Boxing - Owensboro Family YMCA is listed in the official Rock Steady Boxing Member Directory. Address: 900 Kentucky Parkway, Owensboro, KY 42301, United States.","Owensboro, KY, United States","Owensboro, KY, United States",United States,Community Program | Parkinson's Care,,in-person,false,unclaimed,0,0,,,2709269622,Rock Steady Boxing - Owensboro Family YMCA,,member-directory,Rock Steady Boxing,"900 Kentucky Parkway, Owensboro, KY 42301, United States",Owensboro,KY,42301,https://members.rocksteadyboxing.org/member-directory/Details/owensboro-family-ymca-3788353,37.7468375,-87.1184277,2026-03-28T03:14:36.191Z
rock-steady-boxing,Rock Steady Boxing Member Directory,member-directory:oxford-ymca-4599706,member-directory-oxford-ymca-703a-n-lamar-blvd-memphis-ms-38655-united-states,Rock Steady Boxing - Oxford YMCA,Community Program,Rock Steady Boxing - Oxford YMCA is listed in the official Rock Steady Boxing directory.,"Rock Steady Boxing - Oxford YMCA is listed in the official Rock Steady Boxing Member Directory. Address: 703A N. Lamar Blvd, Memphis, MS 38655, United States.","Memphis, MS, United States","Memphis, MS, United States",United States,Community Program | Parkinson's Care,,in-person,false,unclaimed,0,0,,,,Rock Steady Boxing - Oxford YMCA,,member-directory,Rock Steady Boxing,"703A N. Lamar Blvd, Memphis, MS 38655, United States",Memphis,MS,38655,https://members.rocksteadyboxing.org/member-directory/Details/oxford-ymca-4599706,34.3735689,-89.5166489,2026-03-28T03:14:36.191Z
rock-steady-boxing,Rock Steady Boxing Member Directory,member-directory:pacific-northwest-2829178,member-directory-pacific-northwest-112-avenue-d-suite-b-snohomish-wa-98290-united-states,Rock Steady Boxing - Pacific Northwest,Community Program,Rock Steady Boxing - Pacific Northwest is listed in the official Rock Steady Boxing directory.,"Rock Steady Boxing - Pacific Northwest is listed in the official Rock Steady Boxing Member Directory. Address: 112 Avenue D, Suite B, Snohomish, WA 98290, United States.","Snohomish, WA, United States","Snohomish, WA, United States",United States,Community Program | Parkinson's Care,,in-person,false,unclaimed,0,0,,,3605680588,Rock Steady Boxing - Pacific Northwest,,member-directory,Rock Steady Boxing,"112 Avenue D, Suite B, Snohomish, WA 98290, United States",Snohomish,WA,98290,https://members.rocksteadyboxing.org/member-directory/Details/pacific-northwest-2829178,47.9119739,-122.0990682,2026-03-28T03:14:36.191Z
rock-steady-boxing,Rock Steady Boxing Member Directory,member-directory:palm-beach-county-2829176,member-directory-palm-beach-county-5221-hood-rd-palm-beach-gardens-fl-33418-united-states,Rock Steady Boxing - Palm Beach County,Community Program,Rock Steady Boxing - Palm Beach County is listed in the official Rock Steady Boxing directory.,"Rock Steady Boxing - Palm Beach County is listed in the official Rock Steady Boxing Member Directory. Address: 5221 Hood Rd., Palm Beach Gardens, FL 33418, United States.","Palm Beach Gardens, FL, United States","Palm Beach Gardens, FL, United States",United States,Community Program | Parkinson's Care,,in-person,false,unclaimed,0,0,,,5616332083,Rock Steady Boxing - Palm Beach County,,member-directory,Rock Steady Boxing,"5221 Hood Rd., Palm Beach Gardens, FL 33418, United States",Palm Beach Gardens,FL,33418,https://members.rocksteadyboxing.org/member-directory/Details/palm-beach-county-2829176,26.86749,-80.1173845,2026-03-28T03:14:36.191Z
rock-steady-boxing,Rock Steady Boxing Member Directory,member-directory:palm-coast-2829175,member-directory-palm-coast-4601-e-moody-blvd-bunnell-fl-32110-united-states,Rock Steady Boxing - Palm Coast,Community Program,Rock Steady Boxing - Palm Coast is listed in the official Rock Steady Boxing directory.,"Rock Steady Boxing - Palm Coast is listed in the official Rock Steady Boxing Member Directory. Address: 4601 E Moody Blvd, Bunnell, FL 32110, United States.","Bunnell, FL, United States","Bunnell, FL, United States",United States,Community Program | Parkinson's Care,,in-person,false,unclaimed,0,0,http://www.lionsprideboxing.com/,,3865860505,Rock Steady Boxing - Palm Coast,,member-directory,Rock Steady Boxing,"4601 E Moody Blvd, Bunnell, FL 32110, United States",Bunnell,FL,32110,https://members.rocksteadyboxing.org/member-directory/Details/palm-coast-2829175,29.4748715,-81.22587229999999,2026-03-28T03:14:36.191Z
rock-steady-boxing,Rock Steady Boxing Member Directory,member-directory:papillion-2829173,member-directory-papillion-1022-w-lincoln-street-papillion-ne-68046-united-states,"Rock Steady Boxing Papillion, NE",Community Program,"Rock Steady Boxing Papillion, NE is listed in the official Rock Steady Boxing directory.","Rock Steady Boxing Papillion, NE is listed in the official Rock Steady Boxing Member Directory. Address: 1022 W. Lincoln Street, Papillion, NE 68046, United States.","Papillion, NE, United States","Papillion, NE, United States",United States,Community Program | Parkinson's Care,,in-person,false,unclaimed,0,0,,,4025972041,"Rock Steady Boxing Papillion, NE",,member-directory,Rock Steady Boxing,"1022 W. Lincoln Street, Papillion, NE 68046, United States",Papillion,NE,68046,https://members.rocksteadyboxing.org/member-directory/Details/papillion-2829173,41.1562831,-96.05551039999999,2026-03-28T03:14:36.191Z
rock-steady-boxing,Rock Steady Boxing Member Directory,member-directory:paragon-academy-2829172,member-directory-paragon-academy-617-north-salsipuedes-santa-barbara-ca-93103-united-states,Rock Steady Boxing - Paragon Academy,Community Program,Rock Steady Boxing - Paragon Academy is listed in the official Rock Steady Boxing directory.,"Rock Steady Boxing - Paragon Academy is listed in the official Rock Steady Boxing Member Directory. Address: 617 North Salsipuedes, Santa Barbara, CA 93103, United States.","Santa Barbara, CA, United States","Santa Barbara, CA, United States",United States,Community Program | Parkinson's Care,,in-person,false,unclaimed,0,0,,,8057301927,Rock Steady Boxing - Paragon Academy,,member-directory,Rock Steady Boxing,"617 North Salsipuedes, Santa Barbara, CA 93103, United States",Santa Barbara,CA,93103,https://members.rocksteadyboxing.org/member-directory/Details/paragon-academy-2829172,34.4242036,-119.6905803,2026-03-28T03:14:36.191Z
rock-steady-boxing,Rock Steady Boxing Member Directory,member-directory:paris-2829171,member-directory-paris-500-walnut-street-paris-tn-38242-united-states,"Rock Steady Boxing Paris, TN",Community Program,"Rock Steady Boxing Paris, TN is listed in the official Rock Steady Boxing directory.","Rock Steady Boxing Paris, TN is listed in the official Rock Steady Boxing Member Directory. Address: 500 Walnut Street, Paris, TN 38242, United States.","Paris, TN, United States","Paris, TN, United States",United States,Community Program | Parkinson's Care,,in-person,false,unclaimed,0,0,,,2702937929,"Rock Steady Boxing Paris, TN",,member-directory,Rock Steady Boxing,"500 Walnut Street, Paris, TN 38242, United States",Paris,TN,38242,https://members.rocksteadyboxing.org/member-directory/Details/paris-2829171,36.2997284,-88.3177489,2026-03-28T03:14:36.191Z
rock-steady-boxing,Rock Steady Boxing Member Directory,member-directory:parkersburg-2829170,member-directory-parkersburg-1800-30th-street-parkersburg-wv-26101-united-states,"Rock Steady Boxing Parkersburg, WV",Community Program,"Rock Steady Boxing Parkersburg, WV is listed in the official Rock Steady Boxing directory.","Rock Steady Boxing Parkersburg, WV is listed in the official Rock Steady Boxing Member Directory. Address: 1800 30th Street, Parkersburg, WV 26101, United States.","Parkersburg, WV, United States","Parkersburg, WV, United States",United States,Community Program | Parkinson's Care,,in-person,false,unclaimed,0,0,,,3044855585,"Rock Steady Boxing Parkersburg, WV",,member-directory,Rock Steady Boxing,"1800 30th Street, Parkersburg, WV 26101, United States",Parkersburg,WV,26101,https://members.rocksteadyboxing.org/member-directory/Details/parkersburg-2829170,39.2805085,-81.5301984,2026-03-28T03:14:36.191Z
rock-steady-boxing,Rock Steady Boxing Member Directory,member-directory:megan-matis-2829351,member-directory-megan-matis-1301-springdale-road-cherry-hill-nj-08003-united-states,Rock Steady Boxing - Megan Matis,Community Program,Rock Steady Boxing - Megan Matis is listed in the official Rock Steady Boxing directory.,"Rock Steady Boxing - Megan Matis is listed in the official Rock Steady Boxing Member Directory. Address: 1301 Springdale Road, Cherry Hill, NJ 08003, United States.","Cherry Hill, NJ, United States","Cherry Hill, NJ, United States",United States,Community Program | Parkinson's Care,,in-person,false,unclaimed,0,0,,,8564244444,Rock Steady Boxing - Megan Matis,,member-directory,Rock Steady Boxing,"1301 Springdale Road, Cherry Hill, NJ 08003, United States",Cherry Hill,NJ,08003,https://members.rocksteadyboxing.org/member-directory/Details/megan-matis-2829351,39.882351,-74.9680132,2026-03-28T03:14:36.191Z
rock-steady-boxing,Rock Steady Boxing Member Directory,member-directory:parkway-center-2829168,member-directory-parkway-center-6734-nys-route-13-verona-beach-ny-13162-united-states,Rock Steady Boxing - Parkway Center,Community Program,Rock Steady Boxing - Parkway Center is listed in the official Rock Steady Boxing directory.,"Rock Steady Boxing - Parkway Center is listed in the official Rock Steady Boxing Member Directory. Address: 6734 NYS Route 13, Verona Beach, NY 13162, United States.","Verona Beach, NY, United States","Verona Beach, NY, United States",United States,Community Program | Parkinson's Care,,in-person,false,unclaimed,0,0,,,3152233973,Rock Steady Boxing - Parkway Center,,member-directory,Rock Steady Boxing,"6734 NYS Route 13, Verona Beach, NY 13162, United States",Verona Beach,NY,13162,https://members.rocksteadyboxing.org/member-directory/Details/parkway-center-2829168,43.1876812,-75.726152,2026-03-28T03:14:36.191Z
rock-steady-boxing,Rock Steady Boxing Member Directory,member-directory:paul-broyhill-wellness-center-3271629,member-directory-paul-broyhill-wellness-center-232-boone-heights-drive-suite-2-boone-nc-28607-united-states,Rock Steady Boxing - Paul Broyhill Wellness Center,Exercise Program,Rock Steady Boxing - Paul Broyhill Wellness Center is listed in the official Rock Steady Boxing directory.,"Rock Steady Boxing - Paul Broyhill Wellness Center is listed in the official Rock Steady Boxing Member Directory. Address: 232 Boone Heights Drive, Suite 2, Boone, NC 28607, United States.","Boone, NC, United States","Boone, NC, United States",United States,Boxing | Exercise | Parkinson's Care,,in-person,false,unclaimed,0,0,,,8282689043,Rock Steady Boxing - Paul Broyhill Wellness Center,,member-directory,Rock Steady Boxing,"232 Boone Heights Drive, Suite 2, Boone, NC 28607, United States",Boone,NC,28607,https://members.rocksteadyboxing.org/member-directory/Details/paul-broyhill-wellness-center-3271629,36.2006501,-81.65718679999999,2026-03-28T03:14:36.191Z
rock-steady-boxing,Rock Steady Boxing Member Directory,member-directory:pearlside-boxing-gym-2829352,member-directory-pearlside-boxing-gym-2045-lauwiliwili-st-kapolei-hi-96707-united-states,Rock Steady Boxing - Pearlside Boxing Gym,Exercise Program,Rock Steady Boxing - Pearlside Boxing Gym is listed in the official Rock Steady Boxing directory.,"Rock Steady Boxing - Pearlside Boxing Gym is listed in the official Rock Steady Boxing Member Directory. Address: 2045 Lauwiliwili St, Kapolei, HI 96707, United States.","Kapolei, HI, United States","Kapolei, HI, United States",United States,Boxing | Exercise | Parkinson's Care,,in-person,false,unclaimed,0,0,,,8083489202,Rock Steady Boxing - Pearlside Boxing Gym,,member-directory,Rock Steady Boxing,"2045 Lauwiliwili St, Kapolei, HI 96707, United States",Kapolei,HI,96707,https://members.rocksteadyboxing.org/member-directory/Details/pearlside-boxing-gym-2829352,21.3227148,-158.0911404,2026-03-28T03:14:36.191Z
rock-steady-boxing,Rock Steady Boxing Member Directory,member-directory:peggy-philip-b-crosby-wellness-center-2829165,member-directory-peggy-and-philip-b-crosby-wellness-center-2005-mizell-ave-winter-park-fl-32792-united-states,Rock Steady Boxing - Peggy & Philip B. Crosby Wellness Center,Exercise Program,Rock Steady Boxing - Peggy & Philip B. Crosby Wellness Center is listed in the official Rock Steady Boxing directory.,"Rock Steady Boxing - Peggy & Philip B. Crosby Wellness Center is listed in the official Rock Steady Boxing Member Directory. Address: 2005 Mizell Ave., Winter Park, FL 32792, United States.","Winter Park, FL, United States","Winter Park, FL, United States",United States,Boxing | Exercise | Parkinson's Care,,in-person,false,unclaimed,0,0,,,4076443606ext.1614,Rock Steady Boxing - Peggy & Philip B. Crosby Wellness Center,,member-directory,Rock Steady Boxing,"2005 Mizell Ave., Winter Park, FL 32792, United States",Winter Park,FL,32792,https://members.rocksteadyboxing.org/member-directory/Details/peggy-philip-b-crosby-wellness-center-2829165,28.5959082,-81.32565880000001,2026-03-28T03:14:36.191Z
rock-steady-boxing,Rock Steady Boxing Member Directory,member-directory:pella-2829966,member-directory-pella-1742-main-street-pella-ia-50219-united-states,"Rock Steady Boxing Pella, IA",Community Program,"Rock Steady Boxing Pella, IA is listed in the official Rock Steady Boxing directory.","Rock Steady Boxing Pella, IA is listed in the official Rock Steady Boxing Member Directory. Address: 1742 Main Street, Pella, IA 50219, United States.","Pella, IA, United States","Pella, IA, United States",United States,Community Program | Parkinson's Care,,in-person,false,unclaimed,0,0,,,6416281244,"Rock Steady Boxing Pella, IA",,member-directory,Rock Steady Boxing,"1742 Main Street, Pella, IA 50219, United States",Pella,IA,50219,https://members.rocksteadyboxing.org/member-directory/Details/pella-2829966,41.4278609,-92.91346039999999,2026-03-28T03:14:36.191Z
rock-steady-boxing,Rock Steady Boxing Member Directory,member-directory:peninsula-2829965,member-directory-peninsula-201-old-country-rd-belmont-ca-94002-united-states,Rock Steady Boxing - Peninsula,Community Program,Rock Steady Boxing - Peninsula is listed in the official Rock Steady Boxing directory.,"Rock Steady Boxing - Peninsula is listed in the official Rock Steady Boxing Member Directory. Address: 201 Old Country Rd, Belmont, CA 94002, United States.","Belmont, CA, United States","Belmont, CA, United States",United States,Community Program | Parkinson's Care,,in-person,false,unclaimed,0,0,,,4153855668,Rock Steady Boxing - Peninsula,,member-directory,Rock Steady Boxing,"201 Old Country Rd, Belmont, CA 94002, United States",Belmont,CA,94002,https://members.rocksteadyboxing.org/member-directory/Details/peninsula-2829965,37.5291348,-122.2854589,2026-03-28T03:14:36.191Z
rock-steady-boxing,Rock Steady Boxing Member Directory,member-directory:peoria-2829963,member-directory-peoria-5629-galena-road-peoria-heights-il-61616-united-states,Rock Steady Boxing - Peoria,Community Program,Rock Steady Boxing - Peoria is listed in the official Rock Steady Boxing directory.,"Rock Steady Boxing - Peoria is listed in the official Rock Steady Boxing Member Directory. Address: 5629 Galena Road, Peoria Heights, IL 61616, United States.","Peoria Heights, IL, United States","Peoria Heights, IL, United States",United States,Community Program | Parkinson's Care,,in-person,false,unclaimed,0,0,,,3096829348,Rock Steady Boxing - Peoria,,member-directory,Rock Steady Boxing,"5629 Galena Road, Peoria Heights, IL 61616, United States",Peoria Heights,IL,61616,https://members.rocksteadyboxing.org/member-directory/Details/peoria-2829963,40.7546097,-89.5638359,2026-03-28T03:14:36.191Z
rock-steady-boxing,Rock Steady Boxing Member Directory,member-directory:perryville-2829962,member-directory-perryville-1506-west-st-joseph-street-perryville-mo-63775-united-states,"Rock Steady Boxing Perryville, MO",Community Program,"Rock Steady Boxing Perryville, MO is listed in the official Rock Steady Boxing directory.","Rock Steady Boxing Perryville, MO is listed in the official Rock Steady Boxing Member Directory. Address: 1506 West St. Joseph Street, Perryville, MO 63775, United States.","Perryville, MO, United States","Perryville, MO, United States",United States,Community Program | Parkinson's Care,,in-person,false,unclaimed,0,0,,,5735177900,"Rock Steady Boxing Perryville, MO",,member-directory,Rock Steady Boxing,"1506 West St. Joseph Street, Perryville, MO 63775, United States",Perryville,MO,63775,https://members.rocksteadyboxing.org/member-directory/Details/perryville-2829962,37.7278247,-89.8864325,2026-03-28T03:14:36.191Z
rock-steady-boxing,Rock Steady Boxing Member Directory,member-directory:petaluma-2829961,member-directory-petaluma-822-petaluma-boulevard-north-petaluma-ca-94952-united-states,"Rock Steady Boxing Petaluma, CA",Community Program,"Rock Steady Boxing Petaluma, CA is listed in the official Rock Steady Boxing directory.","Rock Steady Boxing Petaluma, CA is listed in the official Rock Steady Boxing Member Directory. Address: 822 Petaluma Boulevard North, Petaluma, CA 94952, United States.","Petaluma, CA, United States","Petaluma, CA, United States",United States,Community Program | Parkinson's Care,,in-person,false,unclaimed,0,0,,,7075956548,"Rock Steady Boxing Petaluma, CA",,member-directory,Rock Steady Boxing,"822 Petaluma Boulevard North, Petaluma, CA 94952, United States",Petaluma,CA,94952,https://members.rocksteadyboxing.org/member-directory/Details/petaluma-2829961,38.2436774,-122.6439718,2026-03-28T03:14:36.191Z
rock-steady-boxing,Rock Steady Boxing Member Directory,member-directory:phoebe-berks-village-2829959,member-directory-phoebe-berks-village-1-reading-drive-wernersville-pa-19565-united-states,Rock Steady Boxing - Phoebe Berks Village,Community Program,Rock Steady Boxing - Phoebe Berks Village is listed in the official Rock Steady Boxing directory.,"Rock Steady Boxing - Phoebe Berks Village is listed in the official Rock Steady Boxing Member Directory. Address: 1 Reading Drive, Wernersville, PA 19565, United States.","Wernersville, PA, United States","Wernersville, PA, United States",United States,Community Program | Parkinson's Care,,in-person,false,unclaimed,0,0,,,6109278534,Rock Steady Boxing - Phoebe Berks Village,,member-directory,Rock Steady Boxing,"1 Reading Drive, Wernersville, PA 19565, United States",Wernersville,PA,19565,https://members.rocksteadyboxing.org/member-directory/Details/phoebe-berks-village-2829959,40.3295416,-76.07010249999999,2026-03-28T03:14:36.192Z
rock-steady-boxing,Rock Steady Boxing Member Directory,member-directory:phoenix-2829958,member-directory-phoenix-9850-w-peoria-ave-peoria-az-85345-united-states,Rock Steady Boxing - Phoenix,Community Program,Rock Steady Boxing - Phoenix is listed in the official Rock Steady Boxing directory.,"Rock Steady Boxing - Phoenix is listed in the official Rock Steady Boxing Member Directory. Address: 9850 W Peoria Ave, Peoria, AZ 85345, United States.","Peoria, AZ, United States","Peoria, AZ, United States",United States,Community Program | Parkinson's Care,,in-person,false,unclaimed,0,0,,,6025711926,Rock Steady Boxing - Phoenix,,member-directory,Rock Steady Boxing,"9850 W Peoria Ave, Peoria, AZ 85345, United States",Peoria,AZ,85345,https://members.rocksteadyboxing.org/member-directory/Details/phoenix-2829958,33.5813703,-112.2716067,2026-03-28T03:14:36.192Z
rock-steady-boxing,Rock Steady Boxing Member Directory,member-directory:physical-development-center-2829309,member-directory-physical-development-center-157-railroad-drive-warminster-warminster-pa-18974-united-states,Rock Steady Boxing - Physical Development Center,Community Program,Rock Steady Boxing - Physical Development Center is listed in the official Rock Steady Boxing directory.,"Rock Steady Boxing - Physical Development Center is listed in the official Rock Steady Boxing Member Directory. Address: 157 Railroad Drive Warminster, Warminster, PA 18974, United States.","Warminster, PA, United States","Warminster, PA, United States",United States,Community Program | Parkinson's Care,,in-person,false,unclaimed,0,0,https://members.rocksteadyboxing.org/member-directory/Details/physical-development-center-2829309,,2159067966,Rock Steady Boxing - Physical Development Center,,member-directory,Rock Steady Boxing,"157 Railroad Drive Warminster, Warminster, PA 18974, United States",Warminster,PA,18974,https://members.rocksteadyboxing.org/member-directory/Details/physical-development-center-2829309,40.2246825,-75.0641244,2026-03-28T03:14:36.192Z
rock-steady-boxing,Rock Steady Boxing Member Directory,member-directory:piedmont-wellness-center-3657876,member-directory-piedmont-wellness-center-200-trilith-pkwy-fayetteville-ga-30214-united-states,Rock Steady Boxing - Piedmont Wellness Center,Exercise Program,Rock Steady Boxing - Piedmont Wellness Center is listed in the official Rock Steady Boxing directory.,"Rock Steady Boxing - Piedmont Wellness Center is listed in the official Rock Steady Boxing Member Directory. Address: 200 Trilith Pkwy, Fayetteville, GA 30214, United States.","Fayetteville, GA, United States","Fayetteville, GA, United States",United States,Boxing | Exercise | Parkinson's Care,,in-person,false,unclaimed,0,0,,,6786046275,Rock Steady Boxing - Piedmont Wellness Center,,member-directory,Rock Steady Boxing,"200 Trilith Pkwy, Fayetteville, GA 30214, United States",Fayetteville,GA,30214,https://members.rocksteadyboxing.org/member-directory/Details/piedmont-wellness-center-3657876,33.471564,-84.507706,2026-03-28T03:14:36.192Z
rock-steady-boxing,Rock Steady Boxing Member Directory,member-directory:pine-run-village-2829947,member-directory-pine-run-village-777-ferry-road-doylestown-pa-18901-united-states,Rock Steady Boxing - Pine Run Village,Community Program,Rock Steady Boxing - Pine Run Village is listed in the official Rock Steady Boxing directory.,"Rock Steady Boxing - Pine Run Village is listed in the official Rock Steady Boxing Member Directory. Address: 777 Ferry Road, Doylestown, PA 18901, United States.","Doylestown, PA, United States","Doylestown, PA, United States",United States,Community Program | Parkinson's Care,,in-person,false,unclaimed,0,0,,,2153405194,Rock Steady Boxing - Pine Run Village,,member-directory,Rock Steady Boxing,"777 Ferry Road, Doylestown, PA 18901, United States",Doylestown,PA,18901,https://members.rocksteadyboxing.org/member-directory/Details/pine-run-village-2829947,40.3175933,-75.17324169999999,2026-03-28T03:14:36.192Z
rock-steady-boxing,Rock Steady Boxing Member Directory,member-directory:pinellas-ultimate-strength-house-2829806,member-directory-pinellas-ultimate-strength-house-11897-seminole-blvd-largo-fl-33778-united-states,Rock Steady Boxing - Pinellas Ultimate Strength House,Community Program,Rock Steady Boxing - Pinellas Ultimate Strength House is listed in the official Rock Steady Boxing directory.,"Rock Steady Boxing - Pinellas Ultimate Strength House is listed in the official Rock Steady Boxing Member Directory. Address: 11897 Seminole Blvd, Largo, FL 33778, United States.","Largo, FL, United States","Largo, FL, United States",United States,Community Program | Parkinson's Care,,in-person,false,unclaimed,0,0,,,7272297537,Rock Steady Boxing - Pinellas Ultimate Strength House,,member-directory,Rock Steady Boxing,"11897 Seminole Blvd, Largo, FL 33778, United States",Largo,FL,33778,https://members.rocksteadyboxing.org/member-directory/Details/pinellas-ultimate-strength-house-2829806,27.8807981,-82.78632329999999,2026-03-28T03:14:36.192Z
rock-steady-boxing,Rock Steady Boxing Member Directory,member-directory:pipestone-county-medical-center-3159671,member-directory-pipestone-county-medical-center-916-4th-ave-sw-pipestone-mn-56164-united-states,Rock Steady Boxing - Pipestone County Medical Center,Community Program,Rock Steady Boxing - Pipestone County Medical Center is listed in the official Rock Steady Boxing directory.,"Rock Steady Boxing - Pipestone County Medical Center is listed in the official Rock Steady Boxing Member Directory. Address: 916 4th Ave SW, Pipestone, MN 56164, United States.","Pipestone, MN, United States","Pipestone, MN, United States",United States,Community Program | Parkinson's Care,,in-person,false,unclaimed,0,0,,,5078256054,Rock Steady Boxing - Pipestone County Medical Center,,member-directory,Rock Steady Boxing,"916 4th Ave SW, Pipestone, MN 56164, United States",Pipestone,MN,56164,https://members.rocksteadyboxing.org/member-directory/Details/pipestone-county-medical-center-3159671,43.9910888,-96.32293949999999,2026-03-28T03:14:36.192Z
rock-steady-boxing,Rock Steady Boxing Member Directory,member-directory:pittsburgh-2829956,member-directory-pittsburgh-4706-route-8-william-flynn-highway-allison-park-pa-15101-united-states,Rock Steady Boxing - Pittsburgh,Community Program,Rock Steady Boxing - Pittsburgh is listed in the official Rock Steady Boxing directory.,"Rock Steady Boxing - Pittsburgh is listed in the official Rock Steady Boxing Member Directory. Address: 4706 Route 8 William Flynn Highway, Allison Park, PA 15101, United States.","Allison Park, PA, United States","Allison Park, PA, United States",United States,Community Program | Parkinson's Care,,in-person,false,unclaimed,0,0,,,4122133584,Rock Steady Boxing - Pittsburgh,,member-directory,Rock Steady Boxing,"4706 Route 8 William Flynn Highway, Allison Park, PA 15101, United States",Allison Park,PA,15101,https://members.rocksteadyboxing.org/member-directory/Details/pittsburgh-2829956,40.5603731,-79.95898749999999,2026-03-28T03:14:36.192Z
rock-steady-boxing,Rock Steady Boxing Member Directory,member-directory:plymouth-county-2829955,member-directory-plymouth-county-114-long-pond-rd-baystate-crossfit-unit-6-plymouth-ma-02360-united-states,Rock Steady Boxing - Plymouth County,Exercise Program,Rock Steady Boxing - Plymouth County is listed in the official Rock Steady Boxing directory.,"Rock Steady Boxing - Plymouth County is listed in the official Rock Steady Boxing Member Directory. Categories: Two locations in Plymouth County, MA: BayState Crossfit (Plymouth) and Get Fit Gym (Bridgewater). Address: 114 Long Pond Rd. (Baystate Crossfit), Unit 6, Plymouth, MA 02360, United States.","Plymouth, MA, United States","Plymouth, MA, United States",United States,Two locations in Plymouth County | MA: BayState Crossfit (Plymouth) and Get Fit Gym (Bridgewater) | Boxing | Exercise | Parkinson's Care,,in-person,false,unclaimed,0,0,,,5082729642,Rock Steady Boxing - Plymouth County,,member-directory,Rock Steady Boxing,"114 Long Pond Rd. (Baystate Crossfit), Unit 6, Plymouth, MA 02360, United States",Plymouth,MA,02360,https://members.rocksteadyboxing.org/member-directory/Details/plymouth-county-2829955,41.924203,-70.655845,2026-03-28T03:14:36.192Z
rock-steady-boxing,Rock Steady Boxing Member Directory,member-directory:plymouth-county-2-2829954,member-directory-plymouth-county-2-25-scotland-blvd-get-fit-gym-bridgewater-ma-02324-united-states,Rock Steady Boxing - Plymouth County 2,Community Program,Rock Steady Boxing - Plymouth County 2 is listed in the official Rock Steady Boxing directory.,"Rock Steady Boxing - Plymouth County 2 is listed in the official Rock Steady Boxing Member Directory. Address: 25 Scotland Blvd., (GET Fit Gym), Bridgewater, MA 02324, United States.","Bridgewater, MA, United States","Bridgewater, MA, United States",United States,Community Program | Parkinson's Care,,in-person,false,unclaimed,0,0,,,5082729642,Rock Steady Boxing - Plymouth County 2,,member-directory,Rock Steady Boxing,"25 Scotland Blvd., (GET Fit Gym), Bridgewater, MA 02324, United States",Bridgewater,MA,02324,https://members.rocksteadyboxing.org/member-directory/Details/plymouth-county-2-2829954,41.9744824,-71.0060713,2026-03-28T03:14:36.192Z
rock-steady-boxing,Rock Steady Boxing Member Directory,member-directory:point-pleasant-2924656,member-directory-point-pleasant-3222-bridge-ave-point-pleasant-nj-08742-united-states,"Rock Steady Boxing Point Pleasant, NJ",Community Program,"Rock Steady Boxing Point Pleasant, NJ is listed in the official Rock Steady Boxing directory.","Rock Steady Boxing Point Pleasant, NJ is listed in the official Rock Steady Boxing Member Directory. Address: 3222 Bridge Ave., Point Pleasant, NJ 08742, United States.","Point Pleasant, NJ, United States","Point Pleasant, NJ, United States",United States,Community Program | Parkinson's Care,,in-person,false,unclaimed,0,0,,,8488638420,"Rock Steady Boxing Point Pleasant, NJ",,member-directory,Rock Steady Boxing,"3222 Bridge Ave., Point Pleasant, NJ 08742, United States",Point Pleasant,NJ,08742,https://members.rocksteadyboxing.org/member-directory/Details/point-pleasant-2924656,40.0778634,-74.0877962,2026-03-28T03:14:36.192Z
rock-steady-boxing,Rock Steady Boxing Member Directory,member-directory:pomona-3104389,member-directory-pomona-1621-route-202-suite-3-pomona-ny-10970-united-states,"Rock Steady Boxing Pomona, NY",Community Program,"Rock Steady Boxing Pomona, NY is listed in the official Rock Steady Boxing directory.","Rock Steady Boxing Pomona, NY is listed in the official Rock Steady Boxing Member Directory. Address: 1621 Route 202, Suite 3, Pomona, NY 10970, United States.","Pomona, NY, United States","Pomona, NY, United States",United States,Community Program | Parkinson's Care,,in-person,false,unclaimed,0,0,,,8454453656,"Rock Steady Boxing Pomona, NY",,member-directory,Rock Steady Boxing,"1621 Route 202, Suite 3, Pomona, NY 10970, United States",Pomona,NY,10970,https://members.rocksteadyboxing.org/member-directory/Details/pomona-3104389,41.18425,-74.04314719999999,2026-03-28T03:14:36.192Z
rock-steady-boxing,Rock Steady Boxing Member Directory,member-directory:pop-fitness-modesto-2829953,member-directory-pop-fitness-modesto-2030-coffee-road-ste-c-5-modesto-ca-95355-united-states,Rock Steady Boxing - POP Fitness Modesto,Exercise Program,Rock Steady Boxing - POP Fitness Modesto is listed in the official Rock Steady Boxing directory.,"Rock Steady Boxing - POP Fitness Modesto is listed in the official Rock Steady Boxing Member Directory. Address: 2030 Coffee Road, Ste C-5, Modesto, CA 95355, United States.","Modesto, CA, United States","Modesto, CA, United States",United States,Boxing | Exercise | Parkinson's Care,,in-person,false,unclaimed,0,0,,,2096066410,Rock Steady Boxing - POP Fitness Modesto,,member-directory,Rock Steady Boxing,"2030 Coffee Road, Ste C-5, Modesto, CA 95355, United States",Modesto,CA,95355,https://members.rocksteadyboxing.org/member-directory/Details/pop-fitness-modesto-2829953,37.6737096,-120.9753532,2026-03-28T03:14:36.192Z
rock-steady-boxing,Rock Steady Boxing Member Directory,member-directory:port-st-lucie-parks-recreation-2829952,member-directory-port-st-lucie-parks-and-recreation-9221-se-civic-center-place-port-st-lucie-fl-34952-united-states,Rock Steady Boxing - Port St. Lucie Parks & Recreation,Community Program,Rock Steady Boxing - Port St. Lucie Parks & Recreation is listed in the official Rock Steady Boxing directory.,"Rock Steady Boxing - Port St. Lucie Parks & Recreation is listed in the official Rock Steady Boxing Member Directory. Address: 9221 SE Civic Center Place, Port St. Lucie, FL 34952, United States.","Port St. Lucie, FL, United States","Port St. Lucie, FL, United States",United States,Community Program | Parkinson's Care,,in-person,false,unclaimed,0,0,,,7728074499,Rock Steady Boxing - Port St. Lucie Parks & Recreation,,member-directory,Rock Steady Boxing,"9221 SE Civic Center Place, Port St. Lucie, FL 34952, United States",Port St. Lucie,FL,34952,https://members.rocksteadyboxing.org/member-directory/Details/port-st-lucie-parks-recreation-2829952,27.2974025,-80.2985995,2026-03-28T03:14:36.192Z
rock-steady-boxing,Rock Steady Boxing Member Directory,member-directory:portage-township-ymca-3652421,member-directory-portage-township-ymca-3100-willowcreek-road-portage-in-46368-united-states,Rock Steady Boxing - Portage Township YMCA,Community Program,Rock Steady Boxing - Portage Township YMCA is listed in the official Rock Steady Boxing directory.,"Rock Steady Boxing - Portage Township YMCA is listed in the official Rock Steady Boxing Member Directory. Address: 3100 Willowcreek Road, Portage, IN 46368, United States.","Portage, IN, United States","Portage, IN, United States",United States,Community Program | Parkinson's Care,,in-person,false,unclaimed,0,0,,,2197629622,Rock Steady Boxing - Portage Township YMCA,,member-directory,Rock Steady Boxing,"3100 Willowcreek Road, Portage, IN 46368, United States",Portage,IN,46368,https://members.rocksteadyboxing.org/member-directory/Details/portage-township-ymca-3652421,41.5622652,-87.18444009999999,2026-03-28T03:14:36.192Z
rock-steady-boxing,Rock Steady Boxing Member Directory,member-directory:portland-2829951,member-directory-portland-7200-se-92nd-ave-unit-e-portland-or-97266-united-states,"Rock Steady Boxing Portland, OR",Community Program,"Rock Steady Boxing Portland, OR is listed in the official Rock Steady Boxing directory.","Rock Steady Boxing Portland, OR is listed in the official Rock Steady Boxing Member Directory. Address: 7200 SE 92nd Ave, Unit E, Portland, OR 97266, United States.","Portland, OR, United States","Portland, OR, United States",United States,Community Program | Parkinson's Care,,in-person,false,unclaimed,0,0,,,5034071335,"Rock Steady Boxing Portland, OR",,member-directory,Rock Steady Boxing,"7200 SE 92nd Ave, Unit E, Portland, OR 97266, United States",Portland,OR,97266,https://members.rocksteadyboxing.org/member-directory/Details/portland-2829951,45.470447,-122.567442,2026-03-28T03:14:36.192Z
rock-steady-boxing,Rock Steady Boxing Member Directory,member-directory:portland-west-side-2829950,member-directory-portland-west-side-5331-sw-macadam-ave-portland-or-97239-united-states,Rock Steady Boxing - Portland West Side,Community Program,Rock Steady Boxing - Portland West Side is listed in the official Rock Steady Boxing directory.,"Rock Steady Boxing - Portland West Side is listed in the official Rock Steady Boxing Member Directory. Address: 5331 SW Macadam Ave, Portland, OR 97239, United States.","Portland, OR, United States","Portland, OR, United States",United States,Community Program | Parkinson's Care,,in-person,false,unclaimed,0,0,http://rebelfitclub.com/,,5034071335,Rock Steady Boxing - Portland West Side,,member-directory,Rock Steady Boxing,"5331 SW Macadam Ave, Portland, OR 97239, United States",Portland,OR,97239,https://members.rocksteadyboxing.org/member-directory/Details/portland-west-side-2829950,45.4845462,-122.6752304,2026-03-28T03:14:36.192Z
rock-steady-boxing,Rock Steady Boxing Member Directory,member-directory:post-acute-medical-2917206,member-directory-post-acute-medical-3340-plaza-10-dr-beaumont-tx-77706-united-states,Rock Steady Boxing - Post Acute Medical,Community Program,Rock Steady Boxing - Post Acute Medical is listed in the official Rock Steady Boxing directory.,"Rock Steady Boxing - Post Acute Medical is listed in the official Rock Steady Boxing Member Directory. Address: 3340 Plaza 10 Dr, Beaumont, TX 77706, United States.","Beaumont, TX, United States","Beaumont, TX, United States",United States,Community Program | Parkinson's Care,,in-person,false,unclaimed,0,0,,,4098393333,Rock Steady Boxing - Post Acute Medical,,member-directory,Rock Steady Boxing,"3340 Plaza 10 Dr, Beaumont, TX 77706, United States",Beaumont,TX,77706,https://members.rocksteadyboxing.org/member-directory/Details/post-acute-medical-2917206,30.0776148,-94.1377823,2026-03-28T03:14:36.192Z
rock-steady-boxing,Rock Steady Boxing Member Directory,member-directory:poway-2829949,member-directory-poway-12621a-poway-rd-poway-ca-92064-united-states,"Rock Steady Boxing Poway, CA",Community Program,"Rock Steady Boxing Poway, CA is listed in the official Rock Steady Boxing directory.","Rock Steady Boxing Poway, CA is listed in the official Rock Steady Boxing Member Directory. Address: 12621A Poway Rd, Poway, CA 92064, United States.","Poway, CA, United States","Poway, CA, United States",United States,Community Program | Parkinson's Care,,in-person,false,unclaimed,0,0,,,8587220996,"Rock Steady Boxing Poway, CA",,member-directory,Rock Steady Boxing,"12621A Poway Rd, Poway, CA 92064, United States",Poway,CA,92064,https://members.rocksteadyboxing.org/member-directory/Details/poway-2829949,32.9533297,-117.0569339,2026-03-28T03:14:36.192Z
rock-steady-boxing,Rock Steady Boxing Member Directory,member-directory:powell-wellness-center-2829948,member-directory-powell-wellness-center-1005-golf-drive-culpeper-va-22701-united-states,Rock Steady Boxing - Powell Wellness Center,Exercise Program,Rock Steady Boxing - Powell Wellness Center is listed in the official Rock Steady Boxing directory.,"Rock Steady Boxing - Powell Wellness Center is listed in the official Rock Steady Boxing Member Directory. Address: 1005 Golf Drive, Culpeper, VA 22701, United States.","Culpeper, VA, United States","Culpeper, VA, United States",United States,Boxing | Exercise | Parkinson's Care,,in-person,false,unclaimed,0,0,,,5404455388,Rock Steady Boxing - Powell Wellness Center,,member-directory,Rock Steady Boxing,"1005 Golf Drive, Culpeper, VA 22701, United States",Culpeper,VA,22701,https://members.rocksteadyboxing.org/member-directory/Details/powell-wellness-center-2829948,38.4600935,-78.0123143,2026-03-28T03:14:36.192Z
rock-steady-boxing,Rock Steady Boxing Member Directory,member-directory:prattville-ymca-2829946,member-directory-prattville-ymca-348-hwy-82-w-prattville-al-36067-united-states,Rock Steady Boxing - Prattville YMCA,Community Program,Rock Steady Boxing - Prattville YMCA is listed in the official Rock Steady Boxing directory.,"Rock Steady Boxing - Prattville YMCA is listed in the official Rock Steady Boxing Member Directory. Address: 348 Hwy 82 W, Prattville, AL 36067, United States.","Prattville, AL, United States","Prattville, AL, United States",United States,Community Program | Parkinson's Care,,in-person,false,unclaimed,0,0,,,3343610268,Rock Steady Boxing - Prattville YMCA,,member-directory,Rock Steady Boxing,"348 Hwy 82 W, Prattville, AL 36067, United States",Prattville,AL,36067,https://members.rocksteadyboxing.org/member-directory/Details/prattville-ymca-2829946,32.4438151,-86.48146799999999,2026-03-28T03:14:36.192Z
rock-steady-boxing,Rock Steady Boxing Member Directory,member-directory:preble-county-ymca-3914720,member-directory-preble-county-ymca-450-washington-jackson-rd-eaton-oh-45320-united-states,Rock Steady Boxing - Preble County YMCA,Community Program,Rock Steady Boxing - Preble County YMCA is listed in the official Rock Steady Boxing directory.,"Rock Steady Boxing - Preble County YMCA is listed in the official Rock Steady Boxing Member Directory. Address: 450 Washington-Jackson Rd, Eaton, OH 45320, United States.","Eaton, OH, United States","Eaton, OH, United States",United States,Community Program | Parkinson's Care,,in-person,false,unclaimed,0,0,,,,Rock Steady Boxing - Preble County YMCA,,member-directory,Rock Steady Boxing,"450 Washington-Jackson Rd, Eaton, OH 45320, United States",Eaton,OH,45320,https://members.rocksteadyboxing.org/member-directory/Details/preble-county-ymca-3914720,39.7669026,-84.6458688,2026-03-28T03:14:36.192Z
rock-steady-boxing,Rock Steady Boxing Member Directory,member-directory:premier-boxing-club-2829878,member-directory-premier-boxing-club-premier-boxing-club-5000-fruitville-road-sarasota-fl-34232-united-states,Rock Steady Boxing,Exercise Program,Rock Steady Boxing is listed in the official Rock Steady Boxing directory.,"Rock Steady Boxing is listed in the official Rock Steady Boxing Member Directory. Categories: Rock Steady Boxing, Sarasota @ Premier Boxing Club. Address: Premier Boxing Club, 5000 Fruitville Road, Sarasota, FL 34232, United States.","Sarasota, FL, United States","Sarasota, FL, United States",United States,Rock Steady Boxing | Sarasota @ Premier Boxing Club | Boxing | Exercise | Parkinson's Care,,in-person,false,unclaimed,0,0,,,9412286030,Rock Steady Boxing,,member-directory,Rock Steady Boxing,"Premier Boxing Club, 5000 Fruitville Road, Sarasota, FL 34232, United States",Sarasota,FL,34232,https://members.rocksteadyboxing.org/member-directory/Details/premier-boxing-club-2829878,27.3373089,-82.4691,2026-03-28T03:14:36.192Z
rock-steady-boxing,Rock Steady Boxing Member Directory,member-directory:premier-health-fitness-louisville-2829945,member-directory-premier-health-and-fitness-louisville-2041-river-road-louisville-ky-40204-united-states,Rock Steady Boxing - Premier Health & Fitness Louisville,Exercise Program,Rock Steady Boxing - Premier Health & Fitness Louisville is listed in the official Rock Steady Boxing directory.,"Rock Steady Boxing - Premier Health & Fitness Louisville is listed in the official Rock Steady Boxing Member Directory. Address: 2041 River Road, Louisville, KY 40204, United States.","Louisville, KY, United States","Louisville, KY, United States",United States,Boxing | Exercise | Parkinson's Care,,in-person,false,unclaimed,0,0,,,5025502754,Rock Steady Boxing - Premier Health & Fitness Louisville,,member-directory,Rock Steady Boxing,"2041 River Road, Louisville, KY 40204, United States",Louisville,KY,40204,https://members.rocksteadyboxing.org/member-directory/Details/premier-health-fitness-louisville-2829945,38.2703726,-85.7135127,2026-03-28T03:14:36.192Z
rock-steady-boxing,Rock Steady Boxing Member Directory,member-directory:primal-fit-maine-2829944,member-directory-primal-fit-maine-12-sullivan-square-berwick-me-03901-united-states,Rock Steady Boxing - Primal Fit Maine,Community Program,Rock Steady Boxing - Primal Fit Maine is listed in the official Rock Steady Boxing directory.,"Rock Steady Boxing - Primal Fit Maine is listed in the official Rock Steady Boxing Member Directory. Address: 12 Sullivan Square, Berwick, ME 03901, United States.","Berwick, ME, United States","Berwick, ME, United States",United States,Community Program | Parkinson's Care,,in-person,false,unclaimed,0,0,,,2074153056,Rock Steady Boxing - Primal Fit Maine,,member-directory,Rock Steady Boxing,"12 Sullivan Square, Berwick, ME 03901, United States",Berwick,ME,03901,https://members.rocksteadyboxing.org/member-directory/Details/primal-fit-maine-2829944,43.26680899999999,-70.864306,2026-03-28T03:14:36.192Z
rock-steady-boxing,Rock Steady Boxing Member Directory,member-directory:profitness-physical-therapy-2829943,member-directory-profitness-physical-therapy-171-east-84th-street-new-york-ny-10028-united-states,Rock Steady Boxing - ProFitness Physical Therapy,Exercise Program,Rock Steady Boxing - ProFitness Physical Therapy is listed in the official Rock Steady Boxing directory.,"Rock Steady Boxing - ProFitness Physical Therapy is listed in the official Rock Steady Boxing Member Directory. Address: 171 East 84th Street, New York, NY 10028, United States.","New York, NY, United States","New York, NY, United States",United States,Boxing | Exercise | Parkinson's Care,,in-person,false,unclaimed,0,0,,,9148303107,Rock Steady Boxing - ProFitness Physical Therapy,,member-directory,Rock Steady Boxing,"171 East 84th Street, New York, NY 10028, United States",New York,NY,10028,https://members.rocksteadyboxing.org/member-directory/Details/profitness-physical-therapy-2829943,40.7779756,-73.9551546,2026-03-28T03:14:36.192Z
rock-steady-boxing,Rock Steady Boxing Member Directory,member-directory:prohealth-west-wood-health-and-fitness-center-3271626,member-directory-prohealth-west-wood-health-and-fitness-center-2900-golf-rd-pewaukee-wi-53072-united-states,Rock Steady Boxing - ProHealth West Wood Health and Fitness Center,Exercise Program,Rock Steady Boxing - ProHealth West Wood Health and Fitness Center is listed in the official Rock Steady Boxing directory.,"Rock Steady Boxing - ProHealth West Wood Health and Fitness Center is listed in the official Rock Steady Boxing Member Directory. Address: 2900 Golf Rd., Pewaukee, WI 53072, United States.","Pewaukee, WI, United States","Pewaukee, WI, United States",United States,Boxing | Exercise | Parkinson's Care,,in-person,false,unclaimed,0,0,http://www.westwoodfitness.org/,,2626508000,Rock Steady Boxing - ProHealth West Wood Health and Fitness Center,,member-directory,Rock Steady Boxing,"2900 Golf Rd., Pewaukee, WI 53072, United States",Pewaukee,WI,53072,https://members.rocksteadyboxing.org/member-directory/Details/prohealth-west-wood-health-and-fitness-center-3271626,43.0492481,-88.27905849999999,2026-03-28T03:14:36.192Z
rock-steady-boxing,Rock Steady Boxing Member Directory,member-directory:rsb-ocean-county-of-propel-rehab-2829187,member-directory-rsb-ocean-county-of-propel-rehab-4170-us-highway-9-unit-104-howell-nj-07731-united-states,Rock Steady Boxing - RSB Ocean County of Propel Rehab,Community Program,Rock Steady Boxing - RSB Ocean County of Propel Rehab is listed in the official Rock Steady Boxing directory.,"Rock Steady Boxing - RSB Ocean County of Propel Rehab is listed in the official Rock Steady Boxing Member Directory. Address: 4170 US Highway 9, Unit 104, Howell, NJ 07731, United States.","Howell, NJ, United States","Howell, NJ, United States",United States,Community Program | Parkinson's Care,,in-person,false,unclaimed,0,0,,,7324430045,Rock Steady Boxing - RSB Ocean County of Propel Rehab,,member-directory,Rock Steady Boxing,"4170 US Highway 9, Unit 104, Howell, NJ 07731, United States",Howell,NJ,07731,https://members.rocksteadyboxing.org/member-directory/Details/rsb-ocean-county-of-propel-rehab-2829187,40.1514115,-74.2286625,2026-03-28T03:14:36.192Z
rock-steady-boxing,Rock Steady Boxing Member Directory,member-directory:puerto-rico-3913638,member-directory-puerto-rico-combat-360-cabanillas-industrial-park-guaynabo-00936-336-puerto-rico,Rock Steady Boxing Guaynabo,Community Program,Rock Steady Boxing Guaynabo is listed in the official Rock Steady Boxing directory.,"Rock Steady Boxing Guaynabo is listed in the official Rock Steady Boxing Member Directory. Address: Combat 360, Cabanillas Industrial Park, Guaynabo, 00936-336, Puerto Rico.","Guaynabo, Puerto Rico","Guaynabo, Puerto Rico",Puerto Rico,Community Program | Parkinson's Care,,in-person,false,unclaimed,0,0,,,7874093063,Rock Steady Boxing Guaynabo,,member-directory,Rock Steady Boxing,"Combat 360, Cabanillas Industrial Park, Guaynabo, 00936-336, Puerto Rico",Guaynabo,,,https://members.rocksteadyboxing.org/member-directory/Details/puerto-rico-3913638,18.3642749,-66.11406699999999,2026-03-28T03:14:36.192Z
rock-steady-boxing,Rock Steady Boxing Member Directory,member-directory:punching-out-parkinson-s-connersville-4074241,member-directory-punching-out-parkinson-s-connersville-2024-n-park-rd-connersville-in-47331-united-states,Rock Steady Boxing - Punching Out Parkinson's - Connersville,Community Program,Rock Steady Boxing - Punching Out Parkinson's - Connersville is listed in the official Rock Steady Boxing directory.,"Rock Steady Boxing - Punching Out Parkinson's - Connersville is listed in the official Rock Steady Boxing Member Directory. Address: 2024 N. Park Rd, Connersville, IN 47331, United States.","Connersville, IN, United States","Connersville, IN, United States",United States,Community Program | Parkinson's Care,,in-person,false,unclaimed,0,0,,,7654030700,Rock Steady Boxing - Punching Out Parkinson's - Connersville,,member-directory,Rock Steady Boxing,"2024 N. Park Rd, Connersville, IN 47331, United States",Connersville,IN,47331,https://members.rocksteadyboxing.org/member-directory/Details/punching-out-parkinson-s-connersville-4074241,39.658093,-85.1286786,2026-03-28T03:14:36.192Z
rock-steady-boxing,Rock Steady Boxing Member Directory,member-directory:putnam-county-council-on-aging-inc-3305981,member-directory-putnam-county-council-on-aging-inc-1425-e-4th-street-ottawa-oh-45875-united-states,"Rock Steady Boxing - Putnam County Council on Aging, Inc.",Community Program,"Rock Steady Boxing - Putnam County Council on Aging, Inc. is listed in the official Rock Steady Boxing directory.","Rock Steady Boxing - Putnam County Council on Aging, Inc. is listed in the official Rock Steady Boxing Member Directory. Address: 1425 E 4th Street, Ottawa, OH 45875, United States.","Ottawa, OH, United States","Ottawa, OH, United States",United States,Community Program | Parkinson's Care,,in-person,false,unclaimed,0,0,http://www.putnamcouncilonaging.org/,,4195234121,"Rock Steady Boxing - Putnam County Council on Aging, Inc.",,member-directory,Rock Steady Boxing,"1425 E 4th Street, Ottawa, OH 45875, United States",Ottawa,OH,45875,https://members.rocksteadyboxing.org/member-directory/Details/putnam-county-council-on-aging-inc-3305981,41.0218868,-84.02975359999999,2026-03-28T03:14:36.192Z
rock-steady-boxing,Rock Steady Boxing Member Directory,member-directory:putnam-county-ymca-4601645,member-directory-putnam-county-ymca-1111-s-calbert-way-greencastle-in-46135-united-states,Rock Steady Boxing - Putnam County YMCA,Community Program,Rock Steady Boxing - Putnam County YMCA is listed in the official Rock Steady Boxing directory.,"Rock Steady Boxing - Putnam County YMCA is listed in the official Rock Steady Boxing Member Directory. Address: 1111 S Calbert Way, Greencastle, IN 46135, United States.","Greencastle, IN, United States","Greencastle, IN, United States",United States,Community Program | Parkinson's Care,,in-person,false,unclaimed,0,0,https://ymcaswv.org/,,+17656309622,Rock Steady Boxing - Putnam County YMCA,,member-directory,Rock Steady Boxing,"1111 S Calbert Way, Greencastle, IN 46135, United States",Greencastle,IN,46135,https://members.rocksteadyboxing.org/member-directory/Details/putnam-county-ymca-4601645,39.6435615,-86.81920989999999,2026-03-28T03:14:36.192Z
rock-steady-boxing,Rock Steady Boxing Member Directory,member-directory:puyallup-2829940,member-directory-puyallup-9717-160th-st-e-puyallup-wa-98375-united-states,"Rock Steady Boxing Puyallup, WA",Community Program,"Rock Steady Boxing Puyallup, WA is listed in the official Rock Steady Boxing directory.","Rock Steady Boxing Puyallup, WA is listed in the official Rock Steady Boxing Member Directory. Address: 9717 160th St. E., Puyallup, WA 98375, United States.","Puyallup, WA, United States","Puyallup, WA, United States",United States,Community Program | Parkinson's Care,,in-person,false,unclaimed,0,0,,,4258304472,"Rock Steady Boxing Puyallup, WA",,member-directory,Rock Steady Boxing,"9717 160th St. E., Puyallup, WA 98375, United States",Puyallup,WA,98375,https://members.rocksteadyboxing.org/member-directory/Details/puyallup-2829940,47.1113909,-122.2995922,2026-03-28T03:14:36.192Z
rock-steady-boxing,Rock Steady Boxing Member Directory,member-directory:queen-anne-s-family-ymca-2829939,member-directory-queen-anne-s-family-ymca-210-vincit-street-centreville-md-21617-united-states,Rock Steady Boxing - Queen Anne's Family YMCA,Community Program,Rock Steady Boxing - Queen Anne's Family YMCA is listed in the official Rock Steady Boxing directory.,"Rock Steady Boxing - Queen Anne's Family YMCA is listed in the official Rock Steady Boxing Member Directory. Address: 210 Vincit Street, Centreville, MD 21617, United States.","Centreville, MD, United States","Centreville, MD, United States",United States,Community Program | Parkinson's Care,,in-person,false,unclaimed,0,0,,,4107039162,Rock Steady Boxing - Queen Anne's Family YMCA,,member-directory,Rock Steady Boxing,"210 Vincit Street, Centreville, MD 21617, United States",Centreville,MD,21617,https://members.rocksteadyboxing.org/member-directory/Details/queen-anne-s-family-ymca-2829939,39.035982,-76.058798,2026-03-28T03:14:36.193Z
rock-steady-boxing,Rock Steady Boxing Member Directory,member-directory:queen-s-medical-center-3763276,member-directory-queen-s-medical-center-550-s-beretania-st-pob3-suite-703-honolulu-hi-96813-united-states,Rock Steady Boxing - Queen's Medical Center,Community Program,Rock Steady Boxing - Queen's Medical Center is listed in the official Rock Steady Boxing directory.,"Rock Steady Boxing - Queen's Medical Center is listed in the official Rock Steady Boxing Member Directory. Address: 550 S Beretania St, POB3 Suite 703, Honolulu, HI 96813, United States.","Honolulu, HI, United States","Honolulu, HI, United States",United States,Community Program | Parkinson's Care,,in-person,false,unclaimed,0,0,,,8086914211,Rock Steady Boxing - Queen's Medical Center,,member-directory,Rock Steady Boxing,"550 S Beretania St, POB3 Suite 703, Honolulu, HI 96813, United States",Honolulu,HI,96813,https://members.rocksteadyboxing.org/member-directory/Details/queen-s-medical-center-3763276,21.3066693,-157.8545943,2026-03-28T03:14:36.193Z
rock-steady-boxing,Rock Steady Boxing Member Directory,member-directory:queens-ny-2829937,member-directory-queens-ny-212-73-26th-ave-bayside-ny-11360-united-states,"Rock Steady Boxing - Queens, NY",Community Program,"Rock Steady Boxing - Queens, NY is listed in the official Rock Steady Boxing directory.","Rock Steady Boxing - Queens, NY is listed in the official Rock Steady Boxing Member Directory. Address: 212-73 26th Ave, Bayside, NY 11360, United States.","Bayside, NY, United States","Bayside, NY, United States",United States,Community Program | Parkinson's Care,,in-person,false,unclaimed,0,0,,,7187472019,"Rock Steady Boxing - Queens, NY",,member-directory,Rock Steady Boxing,"212-73 26th Ave, Bayside, NY 11360, United States",Bayside,NY,11360,https://members.rocksteadyboxing.org/member-directory/Details/queens-ny-2829937,40.778475,-73.7775341,2026-03-28T03:14:36.193Z
rock-steady-boxing,Rock Steady Boxing Member Directory,member-directory:quinn-s-gym-3865560,member-directory-quinn-s-gym-5917-sutter-ave-carmichael-ca-95608-united-states,Rock Steady Boxing - Quinn's Gym,Exercise Program,Rock Steady Boxing - Quinn's Gym is listed in the official Rock Steady Boxing directory.,"Rock Steady Boxing - Quinn's Gym is listed in the official Rock Steady Boxing Member Directory. Address: 5917 Sutter Ave, Carmichael, CA 95608, United States.","Carmichael, CA, United States","Carmichael, CA, United States",United States,Boxing | Exercise | Parkinson's Care,,in-person,false,unclaimed,0,0,,,9166289478,Rock Steady Boxing - Quinn's Gym,,member-directory,Rock Steady Boxing,"5917 Sutter Ave, Carmichael, CA 95608, United States",Carmichael,CA,95608,https://members.rocksteadyboxing.org/member-directory/Details/quinn-s-gym-3865560,38.633574,-121.3274631,2026-03-28T03:14:36.193Z
rock-steady-boxing,Rock Steady Boxing Member Directory,member-directory:ransburg-ymca-3518967,member-directory-ransburg-ymca-501-n-shortridge-indianapolis-in-46219-united-states,Rock Steady Boxing - Ransburg YMCA,Community Program,Rock Steady Boxing - Ransburg YMCA is listed in the official Rock Steady Boxing directory.,"Rock Steady Boxing - Ransburg YMCA is listed in the official Rock Steady Boxing Member Directory. Address: 501 N. Shortridge, Indianapolis, IN 46219, United States.","Indianapolis, IN, United States","Indianapolis, IN, United States",United States,Community Program | Parkinson's Care,,in-person,false,unclaimed,0,0,,,3175548073,Rock Steady Boxing - Ransburg YMCA,,member-directory,Rock Steady Boxing,"501 N. Shortridge, Indianapolis, IN 46219, United States",Indianapolis,IN,46219,https://members.rocksteadyboxing.org/member-directory/Details/ransburg-ymca-3518967,39.7788856,-86.03972619999999,2026-03-28T03:14:36.193Z
rock-steady-boxing,Rock Steady Boxing Member Directory,member-directory:rapid-city-2829934,member-directory-rapid-city-519-enchantment-rd-rapid-city-sd-57701-united-states,"Rock Steady Boxing Rapid City, SD",Community Program,"Rock Steady Boxing Rapid City, SD is listed in the official Rock Steady Boxing directory.","Rock Steady Boxing Rapid City, SD is listed in the official Rock Steady Boxing Member Directory. Address: 519 Enchantment Rd, Rapid City, SD 57701, United States.","Rapid City, SD, United States","Rapid City, SD, United States",United States,Community Program | Parkinson's Care,,in-person,false,unclaimed,0,0,,,6052190588,"Rock Steady Boxing Rapid City, SD",,member-directory,Rock Steady Boxing,"519 Enchantment Rd, Rapid City, SD 57701, United States",Rapid City,SD,57701,https://members.rocksteadyboxing.org/member-directory/Details/rapid-city-2829934,44.0320735,-103.2282631,2026-03-28T03:14:36.193Z
rock-steady-boxing,Rock Steady Boxing Member Directory,member-directory:reading-hospital-tower-health-2829933,member-directory-reading-hospital-tower-health-2802-papermill-rd-wyomissing-pa-19610-united-states,Rock Steady Boxing - Reading Hospital Tower Health,Community Program,Rock Steady Boxing - Reading Hospital Tower Health is listed in the official Rock Steady Boxing directory.,"Rock Steady Boxing - Reading Hospital Tower Health is listed in the official Rock Steady Boxing Member Directory. Address: 2802 Papermill Rd, Wyomissing, PA 19610, United States.","Wyomissing, PA, United States","Wyomissing, PA, United States",United States,Community Program | Parkinson's Care,,in-person,false,unclaimed,0,0,,,4846590288,Rock Steady Boxing - Reading Hospital Tower Health,,member-directory,Rock Steady Boxing,"2802 Papermill Rd, Wyomissing, PA 19610, United States",Wyomissing,PA,19610,https://members.rocksteadyboxing.org/member-directory/Details/reading-hospital-tower-health-2829933,40.3607328,-75.9903252,2026-03-28T03:14:36.193Z
rock-steady-boxing,Rock Steady Boxing Member Directory,member-directory:rebel-fit-club-tigard-2829932,member-directory-rebel-fit-club-tigard-12084-sw-main-street-tigard-or-97223-united-states,Rock Steady Boxing - Rebel Fit Club Tigard,Community Program,Rock Steady Boxing - Rebel Fit Club Tigard is listed in the official Rock Steady Boxing directory.,"Rock Steady Boxing - Rebel Fit Club Tigard is listed in the official Rock Steady Boxing Member Directory. Address: 12084 SW Main Street, Tigard, OR 97223, United States.","Tigard, OR, United States","Tigard, OR, United States",United States,Community Program | Parkinson's Care,,in-person,false,unclaimed,0,0,http://rebelfitclub.com/,,5034071335,Rock Steady Boxing - Rebel Fit Club Tigard,,member-directory,Rock Steady Boxing,"12084 SW Main Street, Tigard, OR 97223, United States",Tigard,OR,97223,https://members.rocksteadyboxing.org/member-directory/Details/rebel-fit-club-tigard-2829932,45.4314796,-122.7669041,2026-03-28T03:14:36.193Z
rock-steady-boxing,Rock Steady Boxing Member Directory,member-directory:red-wing-ymca-2829931,member-directory-red-wing-ymca-434-main-st-red-wing-mn-55066-united-states,Rock Steady Boxing - Red Wing YMCA,Community Program,Rock Steady Boxing - Red Wing YMCA is listed in the official Rock Steady Boxing directory.,"Rock Steady Boxing - Red Wing YMCA is listed in the official Rock Steady Boxing Member Directory. Address: 434 Main St, Red Wing, MN 55066, United States.","Red Wing, MN, United States","Red Wing, MN, United States",United States,Community Program | Parkinson's Care,,in-person,false,unclaimed,0,0,,,6513884721,Rock Steady Boxing - Red Wing YMCA,,member-directory,Rock Steady Boxing,"434 Main St, Red Wing, MN 55066, United States",Red Wing,MN,55066,https://members.rocksteadyboxing.org/member-directory/Details/red-wing-ymca-2829931,44.5655697,-92.5365846,2026-03-28T03:14:36.193Z
rock-steady-boxing,Rock Steady Boxing Member Directory,member-directory:redding-2829930,member-directory-redding-connected-living-100-mercy-oaks-dr-redding-ca-96003-united-states,"Rock Steady Boxing Redding, CA",Community Program,"Rock Steady Boxing Redding, CA is listed in the official Rock Steady Boxing directory.","Rock Steady Boxing Redding, CA is listed in the official Rock Steady Boxing Member Directory. Address: Connected Living, 100 Mercy Oaks Dr, Redding, CA 96003, United States.","Redding, CA, United States","Redding, CA, United States",United States,Community Program | Parkinson's Care,,in-person,false,unclaimed,0,0,,,5302764906,"Rock Steady Boxing Redding, CA",,member-directory,Rock Steady Boxing,"Connected Living, 100 Mercy Oaks Dr, Redding, CA 96003, United States",Redding,CA,96003,https://members.rocksteadyboxing.org/member-directory/Details/redding-2829930,40.6161737,-122.3295218,2026-03-28T03:14:36.193Z
rock-steady-boxing,Rock Steady Boxing Member Directory,member-directory:redstone-village-2829929,member-directory-redstone-village-12000-turnmeyer-dr-huntsville-al-35803-united-states,Rock Steady Boxing - Redstone Village,Community Program,Rock Steady Boxing - Redstone Village is listed in the official Rock Steady Boxing directory.,"Rock Steady Boxing - Redstone Village is listed in the official Rock Steady Boxing Member Directory. Address: 12000 Turnmeyer Dr., Huntsville, AL 35803, United States.","Huntsville, AL, United States","Huntsville, AL, United States",United States,Community Program | Parkinson's Care,,in-person,false,unclaimed,0,0,,,2568816717,Rock Steady Boxing - Redstone Village,,member-directory,Rock Steady Boxing,"12000 Turnmeyer Dr., Huntsville, AL 35803, United States",Huntsville,AL,35803,https://members.rocksteadyboxing.org/member-directory/Details/redstone-village-2829929,34.6064796,-86.55986709999999,2026-03-28T03:14:36.193Z
rock-steady-boxing,Rock Steady Boxing Member Directory,member-directory:rehoboth-beach-2829928,member-directory-rehoboth-beach-35770-airport-road-rehoboth-beach-de-19971-united-states,"Rock Steady Boxing Rehoboth Beach, DE",Community Program,"Rock Steady Boxing Rehoboth Beach, DE is listed in the official Rock Steady Boxing directory.","Rock Steady Boxing Rehoboth Beach, DE is listed in the official Rock Steady Boxing Member Directory. Address: 35770 Airport Road, Rehoboth Beach, DE 19971, United States.","Rehoboth Beach, DE, United States","Rehoboth Beach, DE, United States",United States,Community Program | Parkinson's Care,,in-person,false,unclaimed,0,0,,,,"Rock Steady Boxing Rehoboth Beach, DE",,member-directory,Rock Steady Boxing,"35770 Airport Road, Rehoboth Beach, DE 19971, United States",Rehoboth Beach,DE,19971,https://members.rocksteadyboxing.org/member-directory/Details/rehoboth-beach-2829928,38.7204833,-75.1219739,2026-03-28T03:14:36.193Z
rock-steady-boxing,Rock Steady Boxing Member Directory,member-directory:reid-richmond-2829927,member-directory-reid-richmond-1100-reid-parkway-richmond-in-47374-united-states,Rock Steady Boxing - Reid - Richmond,Community Program,Rock Steady Boxing - Reid - Richmond is listed in the official Rock Steady Boxing directory.,"Rock Steady Boxing - Reid - Richmond is listed in the official Rock Steady Boxing Member Directory. Address: 1100 Reid Parkway, Richmond, IN 47374, United States.","Richmond, IN, United States","Richmond, IN, United States",United States,Community Program | Parkinson's Care,,in-person,false,unclaimed,0,0,,,7659358545,Rock Steady Boxing - Reid - Richmond,,member-directory,Rock Steady Boxing,"1100 Reid Parkway, Richmond, IN 47374, United States",Richmond,IN,47374,https://members.rocksteadyboxing.org/member-directory/Details/reid-richmond-2829927,39.8646754,-84.8843148,2026-03-28T03:14:36.193Z
rock-steady-boxing,Rock Steady Boxing Member Directory,member-directory:renaissance-wellness-group-4628927,member-directory-renaissance-wellness-group-1516-11th-street-west-bradenton-fl-34205-united-states,Rock Steady Boxing - Renaissance Wellness Group,Exercise Program,Rock Steady Boxing - Renaissance Wellness Group is listed in the official Rock Steady Boxing directory.,"Rock Steady Boxing - Renaissance Wellness Group is listed in the official Rock Steady Boxing Member Directory. Address: 1516 11th Street West, Bradenton, Fl 34205, United States.","Bradenton, Fl, United States","Bradenton, Fl, United States",United States,Boxing | Exercise | Parkinson's Care,,in-person,false,unclaimed,0,0,,,+14126086637,Rock Steady Boxing - Renaissance Wellness Group,,member-directory,Rock Steady Boxing,"1516 11th Street West, Bradenton, Fl 34205, United States",Bradenton,Fl,34205,https://members.rocksteadyboxing.org/member-directory/Details/renaissance-wellness-group-4628927,27.4855885,-82.572751,2026-03-28T03:14:36.193Z
rock-steady-boxing,Rock Steady Boxing Member Directory,member-directory:reno-2829923,member-directory-reno-4875-kietzke-lane-suite-d-reno-nv-89509-united-states,"Rock Steady Boxing Reno, NV",Community Program,"Rock Steady Boxing Reno, NV is listed in the official Rock Steady Boxing directory.","Rock Steady Boxing Reno, NV is listed in the official Rock Steady Boxing Member Directory. Address: 4875 Kietzke Lane, Suite D, Reno, NV 89509, United States.","Reno, NV, United States","Reno, NV, United States",United States,Community Program | Parkinson's Care,,in-person,false,unclaimed,0,0,,,7757718850,"Rock Steady Boxing Reno, NV",,member-directory,Rock Steady Boxing,"4875 Kietzke Lane, Suite D, Reno, NV 89509, United States",Reno,NV,89509,https://members.rocksteadyboxing.org/member-directory/Details/reno-2829923,39.4782698,-119.7975326,2026-03-28T03:14:36.193Z
rock-steady-boxing,Rock Steady Boxing Member Directory,member-directory:residences-at-vantage-point-2829922,member-directory-residences-at-vantage-point-5400-vantage-point-road-columbia-md-21044-united-states,Rock Steady Boxing - Residences at Vantage Point,Community Program,Rock Steady Boxing - Residences at Vantage Point is listed in the official Rock Steady Boxing directory.,"Rock Steady Boxing - Residences at Vantage Point is listed in the official Rock Steady Boxing Member Directory. Address: 5400 Vantage Point Road, Columbia, MD 21044, United States.","Columbia, MD, United States","Columbia, MD, United States",United States,Community Program | Parkinson's Care,,in-person,false,unclaimed,0,0,,,4109645454ext.2015,Rock Steady Boxing - Residences at Vantage Point,,member-directory,Rock Steady Boxing,"5400 Vantage Point Road, Columbia, MD 21044, United States",Columbia,MD,21044,https://members.rocksteadyboxing.org/member-directory/Details/residences-at-vantage-point-2829922,39.2236466,-76.8558686,2026-03-28T03:14:36.193Z
rock-steady-boxing,Rock Steady Boxing Member Directory,member-directory:rgg-health-physical-therapy-fitness-3873762,member-directory-rgg-health-physical-therapy-and-fitness-31-strawberry-hill-ave-stamford-ct-06902-united-states,Rock Steady Boxing - RGG Health Physical Therapy & Fitness,Exercise Program,Rock Steady Boxing - RGG Health Physical Therapy & Fitness is listed in the official Rock Steady Boxing directory.,"Rock Steady Boxing - RGG Health Physical Therapy & Fitness is listed in the official Rock Steady Boxing Member Directory. Address: 31 Strawberry Hill Ave, Stamford, CT 06902, United States.","Stamford, CT, United States","Stamford, CT, United States",United States,Boxing | Exercise | Parkinson's Care,,in-person,false,unclaimed,0,0,,,2035160953,Rock Steady Boxing - RGG Health Physical Therapy & Fitness,,member-directory,Rock Steady Boxing,"31 Strawberry Hill Ave, Stamford, CT 06902, United States",Stamford,CT,06902,https://members.rocksteadyboxing.org/member-directory/Details/rgg-health-physical-therapy-fitness-3873762,41.0612747,-73.5324949,2026-03-28T03:14:36.193Z
rock-steady-boxing,Rock Steady Boxing Member Directory,member-directory:rhfc-2829920,member-directory-rhfc-100-fitness-drive-bourbonnais-il-60914-united-states,Rock Steady Boxing - RHFC,Community Program,Rock Steady Boxing - RHFC is listed in the official Rock Steady Boxing directory.,"Rock Steady Boxing - RHFC is listed in the official Rock Steady Boxing Member Directory. Address: 100 Fitness Drive, Bourbonnais, IL 60914, United States.","Bourbonnais, IL, United States","Bourbonnais, IL, United States",United States,Community Program | Parkinson's Care,,in-person,false,unclaimed,0,0,,,8159291200,Rock Steady Boxing - RHFC,,member-directory,Rock Steady Boxing,"100 Fitness Drive, Bourbonnais, IL 60914, United States",Bourbonnais,IL,60914,https://members.rocksteadyboxing.org/member-directory/Details/rhfc-2829920,41.1892539,-87.8738269,2026-03-28T03:14:36.193Z
rock-steady-boxing,Rock Steady Boxing Member Directory,member-directory:richmond-2829919,member-directory-richmond-8191-staples-mill-rd-henrico-va-23228-united-states,Rock Steady Boxing - Richmond,Exercise Program,Rock Steady Boxing - Richmond is listed in the official Rock Steady Boxing directory.,"Rock Steady Boxing - Richmond is listed in the official Rock Steady Boxing Member Directory. Categories: Rock Steady, Richmond, Parkinson's, Exercise. Address: 8191 Staples Mill Rd, Henrico, VA 23228, United States.","Henrico, VA, United States","Henrico, VA, United States",United States,Rock Steady | Richmond | Parkinson's | Exercise | Boxing | Parkinson's Care,,in-person,false,unclaimed,0,0,,,8048356935,Rock Steady Boxing - Richmond,,member-directory,Rock Steady Boxing,"8191 Staples Mill Rd, Henrico, VA 23228, United States",Henrico,VA,23228,https://members.rocksteadyboxing.org/member-directory/Details/richmond-2829919,37.6241991,-77.5015913,2026-03-28T03:14:36.193Z
rock-steady-boxing,Rock Steady Boxing Member Directory,member-directory:riderwood-village-2829918,member-directory-riderwood-village-3138-gracefiled-road-silver-springs-md-20904-united-states,Rock Steady Boxing - Riderwood Village,Community Program,Rock Steady Boxing - Riderwood Village is listed in the official Rock Steady Boxing directory.,"Rock Steady Boxing - Riderwood Village is listed in the official Rock Steady Boxing Member Directory. Address: 3138 Gracefiled Road, Silver Springs, MD 20904, United States.","Silver Springs, MD, United States","Silver Springs, MD, United States",United States,Community Program | Parkinson's Care,,in-person,false,unclaimed,0,0,,,3016283653,Rock Steady Boxing - Riderwood Village,,member-directory,Rock Steady Boxing,"3138 Gracefiled Road, Silver Springs, MD 20904, United States",Silver Springs,MD,20904,https://members.rocksteadyboxing.org/member-directory/Details/riderwood-village-2829918,39.049341,-76.9475171,2026-03-28T03:14:36.193Z
rock-steady-boxing,Rock Steady Boxing Member Directory,member-directory:ridgecrest-2829917,member-directory-ridgecrest-330-e-ridgecrest-blvd-ridgecrest-ca-93555-united-states,"Rock Steady Boxing Ridgecrest, CA",Community Program,"Rock Steady Boxing Ridgecrest, CA is listed in the official Rock Steady Boxing directory.","Rock Steady Boxing Ridgecrest, CA is listed in the official Rock Steady Boxing Member Directory. Address: 330 E Ridgecrest Blvd, Ridgecrest, CA 93555, United States.","Ridgecrest, CA, United States","Ridgecrest, CA, United States",United States,Community Program | Parkinson's Care,,in-person,false,unclaimed,0,0,,,7604993825,"Rock Steady Boxing Ridgecrest, CA",,member-directory,Rock Steady Boxing,"330 E Ridgecrest Blvd, Ridgecrest, CA 93555, United States",Ridgecrest,CA,93555,https://members.rocksteadyboxing.org/member-directory/Details/ridgecrest-2829917,35.6230075,-117.6650143,2026-03-28T03:14:36.193Z
rock-steady-boxing,Rock Steady Boxing Member Directory,member-directory:ring-of-hope-2829916,member-directory-ring-of-hope-118-erie-blvd-schenectady-ny-12305-united-states,Rock Steady Boxing - Ring of Hope,Community Program,Rock Steady Boxing - Ring of Hope is listed in the official Rock Steady Boxing directory.,"Rock Steady Boxing - Ring of Hope is listed in the official Rock Steady Boxing Member Directory. Address: 118 Erie Blvd, Schenectady, NY 12305, United States.","Schenectady, NY, United States","Schenectady, NY, United States",United States,Community Program | Parkinson's Care,,in-person,false,unclaimed,0,0,,,5183477184,Rock Steady Boxing - Ring of Hope,,member-directory,Rock Steady Boxing,"118 Erie Blvd, Schenectady, NY 12305, United States",Schenectady,NY,12305,https://members.rocksteadyboxing.org/member-directory/Details/ring-of-hope-2829916,42.8116944,-73.94854219999999,2026-03-28T03:14:36.193Z
rock-steady-boxing,Rock Steady Boxing Member Directory,member-directory:ringtime-fitness-2829879,member-directory-ringtime-fitness-510-b-lewis-rd-santa-rosa-ca-95404-united-states,Rock Steady Boxing - Ringtime Fitness,Exercise Program,Rock Steady Boxing - Ringtime Fitness is listed in the official Rock Steady Boxing directory.,"Rock Steady Boxing - Ringtime Fitness is listed in the official Rock Steady Boxing Member Directory. Address: 510 B Lewis Rd, Santa Rosa, CA 95404, United States.","Santa Rosa, CA, United States","Santa Rosa, CA, United States",United States,Boxing | Exercise | Parkinson's Care,,in-person,false,unclaimed,0,0,,,7077578774,Rock Steady Boxing - Ringtime Fitness,,member-directory,Rock Steady Boxing,"510 B Lewis Rd, Santa Rosa, CA 95404, United States",Santa Rosa,CA,95404,https://members.rocksteadyboxing.org/member-directory/Details/ringtime-fitness-2829879,38.4610758,-122.7159798,2026-03-28T03:14:36.193Z
rock-steady-boxing,Rock Steady Boxing Member Directory,member-directory:rivers-edge-hospital-and-clinic-fitness-2829914,member-directory-rivers-edge-hospital-and-clinic-fitness-1900-n-sunrise-drive-saint-peter-mn-56082-united-states,Rock Steady Boxing - Rivers Edge Hospital and Clinic fitness,Exercise Program,Rock Steady Boxing - Rivers Edge Hospital and Clinic fitness is listed in the official Rock Steady Boxing directory.,"Rock Steady Boxing - Rivers Edge Hospital and Clinic fitness is listed in the official Rock Steady Boxing Member Directory. Address: 1900 N. Sunrise Drive, Saint Peter, MN 56082, United States.","Saint Peter, MN, United States","Saint Peter, MN, United States",United States,Boxing | Exercise | Parkinson's Care,,in-person,false,unclaimed,0,0,,,5079347638,Rock Steady Boxing - Rivers Edge Hospital and Clinic fitness,,member-directory,Rock Steady Boxing,"1900 N. Sunrise Drive, Saint Peter, MN 56082, United States",Saint Peter,MN,56082,https://members.rocksteadyboxing.org/member-directory/Details/rivers-edge-hospital-and-clinic-fitness-2829914,44.3509731,-93.97093819999999,2026-03-28T03:14:36.193Z
rock-steady-boxing,Rock Steady Boxing Member Directory,member-directory:roanoke-2829913,member-directory-roanoke-4508-starkey-road-roanoke-va-24018-united-states,"Rock Steady Boxing Roanoke, VA",Community Program,"Rock Steady Boxing Roanoke, VA is listed in the official Rock Steady Boxing directory.","Rock Steady Boxing Roanoke, VA is listed in the official Rock Steady Boxing Member Directory. Address: 4508 Starkey Road, Roanoke, VA 24018, United States.","Roanoke, VA, United States","Roanoke, VA, United States",United States,Community Program | Parkinson's Care,,in-person,false,unclaimed,0,0,,,5409895758,"Rock Steady Boxing Roanoke, VA",,member-directory,Rock Steady Boxing,"4508 Starkey Road, Roanoke, VA 24018, United States",Roanoke,VA,24018,https://members.rocksteadyboxing.org/member-directory/Details/roanoke-2829913,37.2220174,-79.9840445,2026-03-28T03:14:36.193Z
rock-steady-boxing,Rock Steady Boxing Member Directory,member-directory:robbins-family-ymca-4570948,member-directory-robbins-family-ymca-201-talbot-ave-cambridge-md-21613-united-states,Rock Steady Boxing - Robbins Family YMCA,Community Program,Rock Steady Boxing - Robbins Family YMCA is listed in the official Rock Steady Boxing directory.,"Rock Steady Boxing - Robbins Family YMCA is listed in the official Rock Steady Boxing Member Directory. Address: 201 Talbot Ave, Cambridge, MD 21613, United States.","Cambridge, MD, United States","Cambridge, MD, United States",United States,Community Program | Parkinson's Care,,in-person,false,unclaimed,0,0,,,4102210505,Rock Steady Boxing - Robbins Family YMCA,,member-directory,Rock Steady Boxing,"201 Talbot Ave, Cambridge, MD 21613, United States",Cambridge,MD,21613,https://members.rocksteadyboxing.org/member-directory/Details/robbins-family-ymca-4570948,38.579591,-76.0848077,2026-03-28T03:14:36.193Z
rock-steady-boxing,Rock Steady Boxing Member Directory,member-directory:rochester-2829912,member-directory-rochester-3313-chili-ave-rochester-ny-14624-united-states,"Rock Steady Boxing Rochester, NY",Community Program,"Rock Steady Boxing Rochester, NY is listed in the official Rock Steady Boxing directory.","Rock Steady Boxing Rochester, NY is listed in the official Rock Steady Boxing Member Directory. Address: 3313 Chili Ave, Rochester, NY 14624, United States.","Rochester, NY, United States","Rochester, NY, United States",United States,Community Program | Parkinson's Care,,in-person,false,unclaimed,0,0,http://perezphysicaltherapy.com/,,5854690201,"Rock Steady Boxing Rochester, NY",,member-directory,Rock Steady Boxing,"3313 Chili Ave, Rochester, NY 14624, United States",Rochester,NY,14624,https://members.rocksteadyboxing.org/member-directory/Details/rochester-2829912,43.10163379999999,-77.7558476,2026-03-28T03:14:36.193Z
rock-steady-boxing,Rock Steady Boxing Member Directory,member-directory:rochester-recreation-and-arena-4084484,member-directory-rochester-recreation-and-arena-150-wakefield-st-rochester-nh-03867-united-states,Rock Steady Boxing - Rochester Recreation and Arena,Community Program,Rock Steady Boxing - Rochester Recreation and Arena is listed in the official Rock Steady Boxing directory.,"Rock Steady Boxing - Rochester Recreation and Arena is listed in the official Rock Steady Boxing Member Directory. Address: 150 Wakefield St, Rochester, NH 03867, United States.","Rochester, NH, United States","Rochester, NH, United States",United States,Community Program | Parkinson's Care,,in-person,false,unclaimed,0,0,,,6033128414,Rock Steady Boxing - Rochester Recreation and Arena,,member-directory,Rock Steady Boxing,"150 Wakefield St, Rochester, NH 03867, United States",Rochester,NH,03867,https://members.rocksteadyboxing.org/member-directory/Details/rochester-recreation-and-arena-4084484,43.3162426,-70.9788537,2026-03-28T03:14:36.193Z
rock-steady-boxing,Rock Steady Boxing Member Directory,member-directory:rock-steady-boxing-embrace-2914226,member-directory-rock-steady-boxing-embrace-5636-youngquist-rd-suite-3-fort-myers-fl-33912-united-states,Rock Steady Boxing - Embrace,Exercise Program,Rock Steady Boxing - Embrace is listed in the official Rock Steady Boxing directory.,"Rock Steady Boxing - Embrace is listed in the official Rock Steady Boxing Member Directory. Address: 5636 Youngquist RD, Suite 3, Fort Myers, FL 33912, United States.","Fort Myers, FL, United States","Fort Myers, FL, United States",United States,Boxing | Exercise | Parkinson's Care,,in-person,false,unclaimed,0,0,,,8108356702,Rock Steady Boxing - Embrace,,member-directory,Rock Steady Boxing,"5636 Youngquist RD, Suite 3, Fort Myers, FL 33912, United States",Fort Myers,FL,33912,https://members.rocksteadyboxing.org/member-directory/Details/rock-steady-boxing-embrace-2914226,26.5105383,-81.8604165,2026-03-28T03:14:36.193Z
rock-steady-boxing,Rock Steady Boxing Member Directory,member-directory:rock-steady-boxing-boardman-2829742,member-directory-rock-steady-boxing-boardman-1285-boardman-canfield-rd-boardman-oh-44512-united-states,Rock Steady Boxing Boardman,Exercise Program,Rock Steady Boxing Boardman is listed in the official Rock Steady Boxing directory.,"Rock Steady Boxing Boardman is listed in the official Rock Steady Boxing Member Directory. Address: 1285 Boardman-Canfield Rd, Boardman, OH 44512, United States.","Boardman, OH, United States","Boardman, OH, United States",United States,Boxing | Exercise | Parkinson's Care,,in-person,false,unclaimed,0,0,,,3307743181,Rock Steady Boxing Boardman,,member-directory,Rock Steady Boxing,"1285 Boardman-Canfield Rd, Boardman, OH 44512, United States",Boardman,OH,44512,https://members.rocksteadyboxing.org/member-directory/Details/rock-steady-boxing-boardman-2829742,41.0235447,-80.7038075,2026-03-28T03:14:36.193Z
rock-steady-boxing,Rock Steady Boxing Member Directory,member-directory:rock-steady-boxing-chicago-deerfield-2829695,member-directory-rock-steady-boxing-chicago-deerfield-151-s-pfingsten-rd-deerfield-il-60015-united-states,Rock Steady Boxing Chicago (Deerfield),Exercise Program,Rock Steady Boxing Chicago (Deerfield) is listed in the official Rock Steady Boxing directory.,"Rock Steady Boxing Chicago (Deerfield) is listed in the official Rock Steady Boxing Member Directory. Address: 151 S. Pfingsten Rd, Deerfield, IL 60015, United States.","Deerfield, IL, United States","Deerfield, IL, United States",United States,Boxing | Exercise | Parkinson's Care,,in-person,false,unclaimed,0,0,https://movement-revolution.com/rock-steady-boxing-3/,,3124653921,Rock Steady Boxing Chicago (Deerfield),,member-directory,Rock Steady Boxing,"151 S. Pfingsten Rd, Deerfield, IL 60015, United States",Deerfield,IL,60015,https://members.rocksteadyboxing.org/member-directory/Details/rock-steady-boxing-chicago-deerfield-2829695,42.1504463,-87.8455408,2026-03-28T03:14:36.193Z
rock-steady-boxing,Rock Steady Boxing Member Directory,member-directory:rock-steady-boxing-chicago-river-north-3042205,member-directory-rock-steady-boxing-chicago-river-north-917-n-orleans-street-movement-revolution-chicago-il-60610-united-states,Rock Steady Boxing Chicago- River North,Exercise Program,Rock Steady Boxing Chicago- River North is listed in the official Rock Steady Boxing directory.,"Rock Steady Boxing Chicago- River North is listed in the official Rock Steady Boxing Member Directory. Address: 917 N. Orleans Street, Movement Revolution, Chicago, IL 60610, United States.","Chicago, IL, United States","Chicago, IL, United States",United States,Boxing | Exercise | Parkinson's Care,,in-person,false,unclaimed,0,0,,,3124653921,Rock Steady Boxing Chicago- River North,,member-directory,Rock Steady Boxing,"917 N. Orleans Street, Movement Revolution, Chicago, IL 60610, United States",Chicago,IL,60610,https://members.rocksteadyboxing.org/member-directory/Details/rock-steady-boxing-chicago-river-north-3042205,41.8995666,-87.6371221,2026-03-28T03:14:36.193Z
rock-steady-boxing,Rock Steady Boxing Member Directory,member-directory:rock-steady-boxing-gulf-shores-wheeles-karate-and-jiu-jitsu-2829417,member-directory-rock-steady-boxing-gulf-shores-wheeles-karate-and-jiu-jitsu-2050-e-2nd-st-gulf-shores-al-36542-united-states,Rock Steady Boxing Gulf Shores @ Wheeles Karate and Jiu Jitsu,Exercise Program,Rock Steady Boxing Gulf Shores @ Wheeles Karate and Jiu Jitsu is listed in the official Rock Steady Boxing directory.,"Rock Steady Boxing Gulf Shores @ Wheeles Karate and Jiu Jitsu is listed in the official Rock Steady Boxing Member Directory. Address: 2050 E. 2nd St, Gulf Shores, AL 36542, United States.","Gulf Shores, AL, United States","Gulf Shores, AL, United States",United States,Boxing | Exercise | Parkinson's Care,,in-person,false,unclaimed,0,0,,,2519675425,Rock Steady Boxing Gulf Shores @ Wheeles Karate and Jiu Jitsu,,member-directory,Rock Steady Boxing,"2050 E. 2nd St, Gulf Shores, AL 36542, United States",Gulf Shores,AL,36542,https://members.rocksteadyboxing.org/member-directory/Details/rock-steady-boxing-gulf-shores-wheeles-karate-and-jiu-jitsu-2829417,30.2728713,-87.682779,2026-03-28T03:14:36.193Z
rock-steady-boxing,Rock Steady Boxing Member Directory,member-directory:rock-steady-boxing-mid-island-2829256,member-directory-rock-steady-boxing-mid-island-620-east-jericho-turnpike-huntington-station-ny-11746-united-states,Rock Steady Boxing Mid-Island,Exercise Program,Rock Steady Boxing Mid-Island is listed in the official Rock Steady Boxing directory.,"Rock Steady Boxing Mid-Island is listed in the official Rock Steady Boxing Member Directory. Address: 620 East Jericho Turnpike, Huntington Station, NY 11746, United States.","Huntington Station, NY, United States","Huntington Station, NY, United States",United States,Boxing | Exercise | Parkinson's Care,,in-person,false,unclaimed,0,0,,,9176131077,Rock Steady Boxing Mid-Island,,member-directory,Rock Steady Boxing,"620 East Jericho Turnpike, Huntington Station, NY 11746, United States",Huntington Station,NY,11746,https://members.rocksteadyboxing.org/member-directory/Details/rock-steady-boxing-mid-island-2829256,40.8335201,-73.38786379999999,2026-03-28T03:14:36.193Z
rock-steady-boxing,Rock Steady Boxing Member Directory,member-directory:rock-steady-boxing-northeast-pa-old-forge-location-2829205,member-directory-rock-steady-boxing-northeast-pa-old-forge-location-location-1-1-maxson-dr-old-forge-pa-18518-united-states,Rock Steady Boxing Northeast PA - Old Forge Location,Exercise Program,Rock Steady Boxing Northeast PA - Old Forge Location is listed in the official Rock Steady Boxing directory.,"Rock Steady Boxing Northeast PA - Old Forge Location is listed in the official Rock Steady Boxing Member Directory. Address: (Location #1) 1 Maxson Dr., Old Forge, PA 18518, United States.","Old Forge, PA, United States","Old Forge, PA, United States",United States,Boxing | Exercise | Parkinson's Care,,in-person,false,unclaimed,0,0,,,5708174307,Rock Steady Boxing Northeast PA - Old Forge Location,,member-directory,Rock Steady Boxing,"(Location #1) 1 Maxson Dr., Old Forge, PA 18518, United States",Old Forge,PA,18518,https://members.rocksteadyboxing.org/member-directory/Details/rock-steady-boxing-northeast-pa-old-forge-location-2829205,41.3664887,-75.733689,2026-03-28T03:14:36.193Z
rock-steady-boxing,Rock Steady Boxing Member Directory,member-directory:rock-steady-boxing-northeast-pa-tunkhannock-location-2829204,member-directory-rock-steady-boxing-northeast-pa-tunkhannock-location-location-2-112-river-st-tunkhannock-pa-18657-united-states,Rock Steady Boxing Northeast PA - Tunkhannock Location,Exercise Program,Rock Steady Boxing Northeast PA - Tunkhannock Location is listed in the official Rock Steady Boxing directory.,"Rock Steady Boxing Northeast PA - Tunkhannock Location is listed in the official Rock Steady Boxing Member Directory. Address: (Location #2) 112 River St, Tunkhannock, PA 18657, United States.","Tunkhannock, PA, United States","Tunkhannock, PA, United States",United States,Boxing | Exercise | Parkinson's Care,,in-person,false,unclaimed,0,0,,,5708174307,Rock Steady Boxing Northeast PA - Tunkhannock Location,,member-directory,Rock Steady Boxing,"(Location #2) 112 River St, Tunkhannock, PA 18657, United States",Tunkhannock,PA,18657,https://members.rocksteadyboxing.org/member-directory/Details/rock-steady-boxing-northeast-pa-tunkhannock-location-2829204,41.53638,-75.951251,2026-03-28T03:14:36.193Z
rock-steady-boxing,Rock Steady Boxing Member Directory,member-directory:rock-steady-boxing-of-cary-nc-3408816,member-directory-rock-steady-boxing-of-cary-nc-913-spring-forest-rd-raleigh-nc-27609-united-states,"Rock Steady Boxing of Cary, NC",Exercise Program,"Rock Steady Boxing of Cary, NC is listed in the official Rock Steady Boxing directory.","Rock Steady Boxing of Cary, NC is listed in the official Rock Steady Boxing Member Directory. Address: 913 Spring Forest Rd, Raleigh, NC 27609, United States.","Raleigh, NC, United States","Raleigh, NC, United States",United States,Boxing | Exercise | Parkinson's Care,,in-person,false,unclaimed,0,0,,,3017176052,"Rock Steady Boxing of Cary, NC",,member-directory,Rock Steady Boxing,"913 Spring Forest Rd, Raleigh, NC 27609, United States",Raleigh,NC,27609,https://members.rocksteadyboxing.org/member-directory/Details/rock-steady-boxing-of-cary-nc-3408816,35.8678553,-78.6223469,2026-03-28T03:14:36.193Z
rock-steady-boxing,Rock Steady Boxing Member Directory,member-directory:rock-steady-boxing-of-ottawa-county-3646245,member-directory-rock-steady-boxing-of-ottawa-county-otterbein-marblehead-9400-north-shore-blvd-marblehead-oh-43440-united-states,Rock Steady Boxing of Ottawa County,Exercise Program,Rock Steady Boxing of Ottawa County is listed in the official Rock Steady Boxing directory.,"Rock Steady Boxing of Ottawa County is listed in the official Rock Steady Boxing Member Directory. Address: Otterbein Marblehead, 9400 North Shore Blvd, Marblehead, OH 43440, United States.","Marblehead, OH, United States","Marblehead, OH, United States",United States,Boxing | Exercise | Parkinson's Care,,in-person,false,unclaimed,0,0,,,4197988203,Rock Steady Boxing of Ottawa County,,member-directory,Rock Steady Boxing,"Otterbein Marblehead, 9400 North Shore Blvd, Marblehead, OH 43440, United States",Marblehead,OH,43440,https://members.rocksteadyboxing.org/member-directory/Details/rock-steady-boxing-of-ottawa-county-3646245,41.5404205,-82.75462340000001,2026-03-28T03:14:36.193Z
rock-steady-boxing,Rock Steady Boxing Member Directory,member-directory:orlando-2829526,member-directory-orlando-1191-commerce-park-dr-altamonte-springs-fl-32714-united-states,Rock Steady Boxing - Orlando,Community Program,Rock Steady Boxing - Orlando is listed in the official Rock Steady Boxing directory.,"Rock Steady Boxing - Orlando is listed in the official Rock Steady Boxing Member Directory. Address: 1191 Commerce Park Dr., Altamonte Springs, FL 32714, United States.","Altamonte Springs, FL, United States","Altamonte Springs, FL, United States",United States,Community Program | Parkinson's Care,,in-person,false,unclaimed,0,0,,,4079518936,Rock Steady Boxing - Orlando,,member-directory,Rock Steady Boxing,"1191 Commerce Park Dr., Altamonte Springs, FL 32714, United States",Altamonte Springs,FL,32714,https://members.rocksteadyboxing.org/member-directory/Details/orlando-2829526,28.6886023,-81.3896439,2026-03-28T03:14:36.193Z
rock-steady-boxing,Rock Steady Boxing Member Directory,member-directory:champion-boxing-and-fitness-2829907,member-directory-champion-boxing-and-fitness-11540-a-rockville-pike-rockville-md-20852-united-states,Rock Steady Boxing - Champion Boxing and Fitness,Exercise Program,Rock Steady Boxing - Champion Boxing and Fitness is listed in the official Rock Steady Boxing directory.,"Rock Steady Boxing - Champion Boxing and Fitness is listed in the official Rock Steady Boxing Member Directory. Address: 11540-A Rockville Pike, Rockville, MD 20852, United States.","Rockville, MD, United States","Rockville, MD, United States",United States,Boxing | Exercise | Parkinson's Care,,in-person,false,unclaimed,0,0,,,3017175929,Rock Steady Boxing - Champion Boxing and Fitness,,member-directory,Rock Steady Boxing,"11540-A Rockville Pike, Rockville, MD 20852, United States",Rockville,MD,20852,https://members.rocksteadyboxing.org/member-directory/Details/champion-boxing-and-fitness-2829907,39.0461242,-77.1130007,2026-03-28T03:14:36.194Z
rock-steady-boxing,Rock Steady Boxing Member Directory,member-directory:hope-in-your-corner-2829899,member-directory-hope-in-your-corner-211-lathrop-way-suite-i-sacramento-ca-95815-united-states,Rock Steady Boxing - Hope In Your Corner,Community Program,Rock Steady Boxing - Hope In Your Corner is listed in the official Rock Steady Boxing directory.,"Rock Steady Boxing - Hope In Your Corner is listed in the official Rock Steady Boxing Member Directory. Address: 211 Lathrop Way, Suite I, Sacramento, CA 95815, United States.","Sacramento, CA, United States","Sacramento, CA, United States",United States,Community Program | Parkinson's Care,,in-person,false,unclaimed,0,0,,,,Rock Steady Boxing - Hope In Your Corner,,member-directory,Rock Steady Boxing,"211 Lathrop Way, Suite I, Sacramento, CA 95815, United States",Sacramento,CA,95815,https://members.rocksteadyboxing.org/member-directory/Details/hope-in-your-corner-2829899,38.595321,-121.462395,2026-03-28T03:14:36.194Z
rock-steady-boxing,Rock Steady Boxing Member Directory,member-directory:rock-steady-boxing-srq-located-at-healthfit-powered-by-sarasota-memorial-hospital-2829834,member-directory-rock-steady-boxing-srq-located-at-healthfit-powered-by-sarasota-memorial-hospital-5880-rand-blvd-sarasota-fl-34238-united-states,Rock Steady Boxing SRQ located at HealthFit powered by Sarasota Memorial Hospital,Exercise Program,Rock Steady Boxing SRQ located at HealthFit powered by Sarasota Memorial Hospital is listed in the official Rock Steady Boxing directory.,"Rock Steady Boxing SRQ located at HealthFit powered by Sarasota Memorial Hospital is listed in the official Rock Steady Boxing Member Directory. Address: 5880 Rand Blvd., Sarasota, FL 34238, United States.","Sarasota, FL, United States","Sarasota, FL, United States",United States,Boxing | Exercise | Parkinson's Care,,in-person,false,unclaimed,0,0,,,9413022047,Rock Steady Boxing SRQ located at HealthFit powered by Sarasota Memorial Hospital,,member-directory,Rock Steady Boxing,"5880 Rand Blvd., Sarasota, FL 34238, United States",Sarasota,FL,34238,https://members.rocksteadyboxing.org/member-directory/Details/rock-steady-boxing-srq-located-at-healthfit-powered-by-sarasota-memorial-hospital-2829834,27.2684713,-82.45988,2026-03-28T03:14:36.194Z
rock-steady-boxing,Rock Steady Boxing Member Directory,member-directory:rock-steady-boxing-tetons-jackson-wy-2829800,member-directory-rock-steady-boxing-tetons-jackson-wy-3580-south-park-drive-jackson-wy-83001-united-states,"Rock Steady Boxing Tetons - Jackson, WY",Exercise Program,"Rock Steady Boxing Tetons - Jackson, WY is listed in the official Rock Steady Boxing directory.","Rock Steady Boxing Tetons - Jackson, WY is listed in the official Rock Steady Boxing Member Directory. Address: 3580 South Park Drive, Jackson, WY 83001, United States.","Jackson, WY, United States","Jackson, WY, United States",United States,Boxing | Exercise | Parkinson's Care,,in-person,false,unclaimed,0,0,,,6035050745,"Rock Steady Boxing Tetons - Jackson, WY",,member-directory,Rock Steady Boxing,"3580 South Park Drive, Jackson, WY 83001, United States",Jackson,WY,83001,https://members.rocksteadyboxing.org/member-directory/Details/rock-steady-boxing-tetons-jackson-wy-2829800,43.4284767,-110.7770442,2026-03-28T03:14:36.194Z
rock-steady-boxing,Rock Steady Boxing Member Directory,member-directory:rock-steady-boxing-inc-3230592,member-directory-rock-steady-boxing-inc-6847-hillsdale-court-indianapolis-in-46250-united-states,"Rock Steady Boxing, Inc.",Exercise Program,"Rock Steady Boxing, Inc. is listed in the official Rock Steady Boxing directory.","Rock Steady Boxing, Inc. is listed in the official Rock Steady Boxing Member Directory. Address: 6847 Hillsdale Court, Indianapolis, IN 46250, United States.","Indianapolis, IN, United States","Indianapolis, IN, United States",United States,Boxing | Exercise | Parkinson's Care,,in-person,false,unclaimed,0,0,https://www.facebook.com/rocksteadyboxing/,,3172887035,"Rock Steady Boxing, Inc.",,member-directory,Rock Steady Boxing,"6847 Hillsdale Court, Indianapolis, IN 46250, United States",Indianapolis,IN,46250,https://members.rocksteadyboxing.org/member-directory/Details/rock-steady-boxing-inc-3230592,39.8951639,-86.04860409999999,2026-03-28T03:14:36.194Z
rock-steady-boxing,Rock Steady Boxing Member Directory,member-directory:rock-steady-boxing-east-greenwich-2829497,member-directory-rock-steady-boxing-east-greenwich-2240-south-county-trail-east-greenwich-ri-02818-united-states,ROCK STEADY BOXING-EAST GREENWICH,Exercise Program,ROCK STEADY BOXING-EAST GREENWICH is listed in the official Rock Steady Boxing directory.,"ROCK STEADY BOXING-EAST GREENWICH is listed in the official Rock Steady Boxing Member Directory. Address: 2240 South County Trail, East Greenwich, RI 02818, United States.","East Greenwich, RI, United States","East Greenwich, RI, United States",United States,Boxing | Exercise | Parkinson's Care,,in-person,false,unclaimed,0,0,https://www.rocksteadyboxingri.com/,,4012035133,ROCK STEADY BOXING-EAST GREENWICH,,member-directory,Rock Steady Boxing,"2240 South County Trail, East Greenwich, RI 02818, United States",East Greenwich,RI,02818,https://members.rocksteadyboxing.org/member-directory/Details/rock-steady-boxing-east-greenwich-2829497,41.6348355,-71.4918347,2026-03-28T03:14:36.194Z
rock-steady-boxing,Rock Steady Boxing Member Directory,member-directory:rock-steady-hampton-bays-2829414,member-directory-rock-steady-hampton-bays-38-b-montauk-hwy-hampton-bays-ny-11946-united-states,Rock Steady Boxing - Rock Steady Hampton Bays,Community Program,Rock Steady Boxing - Rock Steady Hampton Bays is listed in the official Rock Steady Boxing directory.,"Rock Steady Boxing - Rock Steady Hampton Bays is listed in the official Rock Steady Boxing Member Directory. Address: 38 B Montauk Hwy, Hampton Bays, NY 11946, United States.","Hampton Bays, NY, United States","Hampton Bays, NY, United States",United States,Community Program | Parkinson's Care,,in-person,false,unclaimed,0,0,,,6317268800,Rock Steady Boxing - Rock Steady Hampton Bays,,member-directory,Rock Steady Boxing,"38 B Montauk Hwy, Hampton Bays, NY 11946, United States",Hampton Bays,NY,11946,https://members.rocksteadyboxing.org/member-directory/Details/rock-steady-hampton-bays-2829414,40.8787898,-72.5209522,2026-03-28T03:14:36.194Z
rock-steady-boxing,Rock Steady Boxing Member Directory,member-directory:rock-valley-physical-therapy-2829911,member-directory-rock-valley-physical-therapy-1705-north-ankeny-blvd-suite-a-ankeny-ia-50023-united-states,Rock Steady Boxing - Rock Valley Physical Therapy,Community Program,Rock Steady Boxing - Rock Valley Physical Therapy is listed in the official Rock Steady Boxing directory.,"Rock Steady Boxing - Rock Valley Physical Therapy is listed in the official Rock Steady Boxing Member Directory. Address: 1705 North Ankeny Blvd. Suite A, Ankeny, IA 50023, United States.","Ankeny, IA, United States","Ankeny, IA, United States",United States,Community Program | Parkinson's Care,,in-person,false,unclaimed,0,0,,,5159642559,Rock Steady Boxing - Rock Valley Physical Therapy,,member-directory,Rock Steady Boxing,"1705 North Ankeny Blvd. Suite A, Ankeny, IA 50023, United States",Ankeny,IA,50023,https://members.rocksteadyboxing.org/member-directory/Details/rock-valley-physical-therapy-2829911,41.7460472,-93.5997404,2026-03-28T03:14:36.194Z
rock-steady-boxing,Rock Steady Boxing Member Directory,member-directory:rockbox-fitness-summerville-3944824,member-directory-rockbox-fitness-summerville-9500-dorchester-rd-suite-340-summerville-sc-29485-united-states,Rock Steady Boxing - RockBox Fitness Summerville,Exercise Program,Rock Steady Boxing - RockBox Fitness Summerville is listed in the official Rock Steady Boxing directory.,"Rock Steady Boxing - RockBox Fitness Summerville is listed in the official Rock Steady Boxing Member Directory. Address: 9500 Dorchester Rd, Suite 340, Summerville, SC 29485, United States.","Summerville, SC, United States","Summerville, SC, United States",United States,Boxing | Exercise | Parkinson's Care,,in-person,false,unclaimed,0,0,,,8548445746,Rock Steady Boxing - RockBox Fitness Summerville,,member-directory,Rock Steady Boxing,"9500 Dorchester Rd, Suite 340, Summerville, SC 29485, United States",Summerville,SC,29485,https://members.rocksteadyboxing.org/member-directory/Details/rockbox-fitness-summerville-3944824,32.9356203,-80.13969639999999,2026-03-28T03:14:36.194Z
rock-steady-boxing,Rock Steady Boxing Member Directory,member-directory:rockbridge-3440145,member-directory-rockbridge-314-south-main-st-lexington-va-24450-united-states,Rock Steady Boxing - Rockbridge,Community Program,Rock Steady Boxing - Rockbridge is listed in the official Rock Steady Boxing directory.,"Rock Steady Boxing - Rockbridge is listed in the official Rock Steady Boxing Member Directory. Address: 314 South Main St, Lexington, VA 24450, United States.","Lexington, VA, United States","Lexington, VA, United States",United States,Community Program | Parkinson's Care,,in-person,false,unclaimed,0,0,,,,Rock Steady Boxing - Rockbridge,,member-directory,Rock Steady Boxing,"314 South Main St, Lexington, VA 24450, United States",Lexington,VA,24450,https://members.rocksteadyboxing.org/member-directory/Details/rockbridge-3440145,37.7814037,-79.4452554,2026-03-28T03:14:36.194Z
rock-steady-boxing,Rock Steady Boxing Member Directory,member-directory:rocket-city-2829910,member-directory-rocket-city-2020-steve-hettinger-dr-raymond-w-jones-community-center-huntsville-al-35801-united-states,Rock Steady Boxing - Rocket City,Community Program,Rock Steady Boxing - Rocket City is listed in the official Rock Steady Boxing directory.,"Rock Steady Boxing - Rocket City is listed in the official Rock Steady Boxing Member Directory. Address: 2020 Steve Hettinger Dr, Raymond W Jones Community Center, Huntsville, AL 35801, United States.","Huntsville, AL, United States","Huntsville, AL, United States",United States,Community Program | Parkinson's Care,,in-person,false,unclaimed,0,0,,,2565138164,Rock Steady Boxing - Rocket City,,member-directory,Rock Steady Boxing,"2020 Steve Hettinger Dr, Raymond W Jones Community Center, Huntsville, AL 35801, United States",Huntsville,AL,35801,https://members.rocksteadyboxing.org/member-directory/Details/rocket-city-2829910,34.6944532,-86.5832703,2026-03-28T03:14:36.194Z
rock-steady-boxing,Rock Steady Boxing Member Directory,member-directory:rockledge-fl-2829909,member-directory-rockledge-fl-3809-murrell-road-rockledge-fl-32955-united-states,"Rock Steady Boxing Rockledge, FL",Community Program,"Rock Steady Boxing Rockledge, FL is listed in the official Rock Steady Boxing directory.","Rock Steady Boxing Rockledge, FL is listed in the official Rock Steady Boxing Member Directory. Address: 3809 Murrell Road, Rockledge, FL 32955, United States.","Rockledge, FL, United States","Rockledge, FL, United States",United States,Community Program | Parkinson's Care,,in-person,false,unclaimed,0,0,,,3217204167,"Rock Steady Boxing Rockledge, FL",,member-directory,Rock Steady Boxing,"3809 Murrell Road, Rockledge, FL 32955, United States",Rockledge,FL,32955,https://members.rocksteadyboxing.org/member-directory/Details/rockledge-fl-2829909,28.2944579,-80.7213767,2026-03-28T03:14:36.194Z
rock-steady-boxing,Rock Steady Boxing Member Directory,member-directory:rocktown-2829908,member-directory-rocktown-785-acorn-drive-unit-102-harrisonburg-va-22802-united-states,Rock Steady Boxing - Rocktown,Community Program,Rock Steady Boxing - Rocktown is listed in the official Rock Steady Boxing directory.,"Rock Steady Boxing - Rocktown is listed in the official Rock Steady Boxing Member Directory. Address: 785 Acorn Drive, Unit 102, Harrisonburg, VA 22802, United States.","Harrisonburg, VA, United States","Harrisonburg, VA, United States",United States,Community Program | Parkinson's Care,,in-person,false,unclaimed,0,0,,,5406074855,Rock Steady Boxing - Rocktown,,member-directory,Rock Steady Boxing,"785 Acorn Drive, Unit 102, Harrisonburg, VA 22802, United States",Harrisonburg,VA,22802,https://members.rocksteadyboxing.org/member-directory/Details/rocktown-2829908,38.4731394,-78.86369859999999,2026-03-28T03:14:36.194Z
rock-steady-boxing,Rock Steady Boxing Member Directory,member-directory:rocky-mount-2829906,member-directory-rocky-mount-235-technology-dr-rocky-mount-va-24151-united-states,"Rock Steady Boxing Rocky Mount, VA",Community Program,"Rock Steady Boxing Rocky Mount, VA is listed in the official Rock Steady Boxing directory.","Rock Steady Boxing Rocky Mount, VA is listed in the official Rock Steady Boxing Member Directory. Address: 235 Technology Dr, Rocky Mount, VA 24151, United States.","Rocky Mount, VA, United States","Rocky Mount, VA, United States",United States,Community Program | Parkinson's Care,,in-person,false,unclaimed,0,0,,,5404899622,"Rock Steady Boxing Rocky Mount, VA",,member-directory,Rock Steady Boxing,"235 Technology Dr, Rocky Mount, VA 24151, United States",Rocky Mount,VA,24151,https://members.rocksteadyboxing.org/member-directory/Details/rocky-mount-2829906,37.0132526,-79.89635489999999,2026-03-28T03:14:36.194Z
rock-steady-boxing,Rock Steady Boxing Member Directory,member-directory:rogue-2829905,member-directory-rogue-18030-magnolia-st-fountain-valley-ca-92708-united-states,Rock Steady Boxing - Rogue,Community Program,Rock Steady Boxing - Rogue is listed in the official Rock Steady Boxing directory.,"Rock Steady Boxing - Rogue is listed in the official Rock Steady Boxing Member Directory. Address: 18030 Magnolia St, Fountain Valley, CA 92708, United States.","Fountain Valley, CA, United States","Fountain Valley, CA, United States",United States,Community Program | Parkinson's Care,,in-person,false,unclaimed,0,0,,,7142763992,Rock Steady Boxing - Rogue,,member-directory,Rock Steady Boxing,"18030 Magnolia St, Fountain Valley, CA 92708, United States",Fountain Valley,CA,92708,https://members.rocksteadyboxing.org/member-directory/Details/rogue-2829905,33.7007801,-117.9706396,2026-03-28T03:14:36.194Z
rock-steady-boxing,Rock Steady Boxing Member Directory,member-directory:rome-of-redmond-3443067,member-directory-rome-of-redmond-2112-shorter-ave-suite-210-rome-ga-30165-united-states,Rock Steady Boxing - Rome of Redmond,Community Program,Rock Steady Boxing - Rome of Redmond is listed in the official Rock Steady Boxing directory.,"Rock Steady Boxing - Rome of Redmond is listed in the official Rock Steady Boxing Member Directory. Address: 2112 Shorter Ave, Suite 210, Rome, GA 30165, United States.","Rome, GA, United States","Rome, GA, United States",United States,Community Program | Parkinson's Care,,in-person,false,unclaimed,0,0,http://redmond.rsbaffiliate.com/,,7062361911,Rock Steady Boxing - Rome of Redmond,,member-directory,Rock Steady Boxing,"2112 Shorter Ave, Suite 210, Rome, GA 30165, United States",Rome,GA,30165,https://members.rocksteadyboxing.org/member-directory/Details/rome-of-redmond-3443067,34.27266669999999,-85.22474609999999,2026-03-28T03:14:36.194Z
rock-steady-boxing,Rock Steady Boxing Member Directory,member-directory:roseburg-2829904,member-directory-roseburg-2028-ne-airport-rd-roseburg-or-97470-united-states,"Rock Steady Boxing Roseburg, OR",Community Program,"Rock Steady Boxing Roseburg, OR is listed in the official Rock Steady Boxing directory.","Rock Steady Boxing Roseburg, OR is listed in the official Rock Steady Boxing Member Directory. Address: 2028 NE Airport Rd, Roseburg, OR 97470, United States.","Roseburg, OR, United States","Roseburg, OR, United States",United States,Community Program | Parkinson's Care,,in-person,false,unclaimed,0,0,,,5412108015,"Rock Steady Boxing Roseburg, OR",,member-directory,Rock Steady Boxing,"2028 NE Airport Rd, Roseburg, OR 97470, United States",Roseburg,OR,97470,https://members.rocksteadyboxing.org/member-directory/Details/roseburg-2829904,43.2343601,-123.3541635,2026-03-28T03:14:36.194Z
rock-steady-boxing,Rock Steady Boxing Member Directory,member-directory:royersford-2829903,member-directory-royersford-326-n-lewis-road-royersford-pa-19468-united-states,"Rock Steady Boxing Royersford, PA",Community Program,"Rock Steady Boxing Royersford, PA is listed in the official Rock Steady Boxing directory.","Rock Steady Boxing Royersford, PA is listed in the official Rock Steady Boxing Member Directory. Address: 326 N. Lewis Road, Royersford, PA 19468, United States.","Royersford, PA, United States","Royersford, PA, United States",United States,Community Program | Parkinson's Care,,in-person,false,unclaimed,0,0,,,6102252451ext.4,"Rock Steady Boxing Royersford, PA",,member-directory,Rock Steady Boxing,"326 N. Lewis Road, Royersford, PA 19468, United States",Royersford,PA,19468,https://members.rocksteadyboxing.org/member-directory/Details/royersford-2829903,40.1959631,-75.5336293,2026-03-28T03:14:36.194Z
rock-steady-boxing,Rock Steady Boxing Member Directory,member-directory:rsb-boxing-against-parkinson-s-duluth-mn-2829518,member-directory-rsb-boxing-against-parkinson-s-duluth-mn-302-w-1st-st-duluth-mn-55802-united-states,"Rock Steady Boxing - RSB Boxing against Parkinson’s Duluth, MN",Exercise Program,"Rock Steady Boxing - RSB Boxing against Parkinson’s Duluth, MN is listed in the official Rock Steady Boxing directory.","Rock Steady Boxing - RSB Boxing against Parkinson’s Duluth, MN is listed in the official Rock Steady Boxing Member Directory. Address: 302 W 1st St., Duluth, MN 55802, United States.","Duluth, MN, United States","Duluth, MN, United States",United States,Boxing | Exercise | Parkinson's Care,,in-person,false,unclaimed,0,0,,,2187224745ext.135,"Rock Steady Boxing - RSB Boxing against Parkinson’s Duluth, MN",,member-directory,Rock Steady Boxing,"302 W 1st St., Duluth, MN 55802, United States",Duluth,MN,55802,https://members.rocksteadyboxing.org/member-directory/Details/rsb-boxing-against-parkinson-s-duluth-mn-2829518,46.7843038,-92.1030712,2026-03-28T03:14:36.194Z
rock-steady-boxing,Rock Steady Boxing Member Directory,member-directory:rsb-syracuse-2829810,member-directory-rsb-syracuse-4888-w-taft-rd-liverpool-ny-13088-united-states,Rock Steady Boxing - RSB Syracuse,Community Program,Rock Steady Boxing - RSB Syracuse is listed in the official Rock Steady Boxing directory.,"Rock Steady Boxing - RSB Syracuse is listed in the official Rock Steady Boxing Member Directory. Address: 4888 W Taft Rd, Liverpool, NY 13088, United States.","Liverpool, NY, United States","Liverpool, NY, United States",United States,Community Program | Parkinson's Care,,in-person,false,unclaimed,0,0,,,3157297178,Rock Steady Boxing - RSB Syracuse,,member-directory,Rock Steady Boxing,"4888 W Taft Rd, Liverpool, NY 13088, United States",Liverpool,NY,13088,https://members.rocksteadyboxing.org/member-directory/Details/rsb-syracuse-2829810,43.1207428,-76.1756851,2026-03-28T03:14:36.194Z
rock-steady-boxing,Rock Steady Boxing Member Directory,member-directory:rush-copley-2829902,member-directory-rush-copley-1900-ogden-ave-aurora-il-60504-united-states,Rock Steady Boxing - Rush Copley,Community Program,Rock Steady Boxing - Rush Copley is listed in the official Rock Steady Boxing directory.,"Rock Steady Boxing - Rush Copley is listed in the official Rock Steady Boxing Member Directory. Address: 1900 Ogden Ave, Aurora, IL 60504, United States.","Aurora, IL, United States","Aurora, IL, United States",United States,Community Program | Parkinson's Care,,in-person,false,unclaimed,0,0,,,6309786280,Rock Steady Boxing - Rush Copley,,member-directory,Rock Steady Boxing,"1900 Ogden Ave, Aurora, IL 60504, United States",Aurora,IL,60504,https://members.rocksteadyboxing.org/member-directory/Details/rush-copley-2829902,41.726395,-88.272122,2026-03-28T03:14:36.194Z
rock-steady-boxing,Rock Steady Boxing Member Directory,member-directory:saad-healthcare-2829901,member-directory-saad-healthcare-1515-university-blvd-s-mobile-al-36609-united-states,Rock Steady Boxing - SAAD Healthcare,Community Program,Rock Steady Boxing - SAAD Healthcare is listed in the official Rock Steady Boxing directory.,"Rock Steady Boxing - SAAD Healthcare is listed in the official Rock Steady Boxing Member Directory. Address: 1515 University Blvd. S., Mobile, AL 36609, United States.","Mobile, AL, United States","Mobile, AL, United States",United States,Community Program | Parkinson's Care,,in-person,false,unclaimed,0,0,,,2512878946,Rock Steady Boxing - SAAD Healthcare,,member-directory,Rock Steady Boxing,"1515 University Blvd. S., Mobile, AL 36609, United States",Mobile,AL,36609,https://members.rocksteadyboxing.org/member-directory/Details/saad-healthcare-2829901,30.6611991,-88.16033709999999,2026-03-28T03:14:36.194Z
rock-steady-boxing,Rock Steady Boxing Member Directory,member-directory:saco-sport-fitness-2829900,member-directory-saco-sport-and-fitness-329-north-st-saco-me-04072-united-states,Rock Steady Boxing - Saco Sport & Fitness,Exercise Program,Rock Steady Boxing - Saco Sport & Fitness is listed in the official Rock Steady Boxing directory.,"Rock Steady Boxing - Saco Sport & Fitness is listed in the official Rock Steady Boxing Member Directory. Address: 329 North St, Saco, ME 04072, United States.","Saco, ME, United States","Saco, ME, United States",United States,Boxing | Exercise | Parkinson's Care,,in-person,false,unclaimed,0,0,,,2072845953,Rock Steady Boxing - Saco Sport & Fitness,,member-directory,Rock Steady Boxing,"329 North St, Saco, ME 04072, United States",Saco,ME,04072,https://members.rocksteadyboxing.org/member-directory/Details/saco-sport-fitness-2829900,43.5180712,-70.454408,2026-03-28T03:14:36.194Z
rock-steady-boxing,Rock Steady Boxing Member Directory,member-directory:sag-harbor-2829898,member-directory-sag-harbor-75-main-street-sag-harbor-ny-11963-united-states,"Rock Steady Boxing Sag Harbor, NY",Community Program,"Rock Steady Boxing Sag Harbor, NY is listed in the official Rock Steady Boxing directory.","Rock Steady Boxing Sag Harbor, NY is listed in the official Rock Steady Boxing Member Directory. Address: 75 Main Street, Sag Harbor, NY 11963, United States.","Sag Harbor, NY, United States","Sag Harbor, NY, United States",United States,Community Program | Parkinson's Care,,in-person,false,unclaimed,0,0,http://sagharborkarate.com/,,6317255425,"Rock Steady Boxing Sag Harbor, NY",,member-directory,Rock Steady Boxing,"75 Main Street, Sag Harbor, NY 11963, United States",Sag Harbor,NY,11963,https://members.rocksteadyboxing.org/member-directory/Details/sag-harbor-2829898,41.0005511,-72.2949366,2026-03-28T03:14:36.194Z
rock-steady-boxing,Rock Steady Boxing Member Directory,member-directory:sage-ymca-2829897,member-directory-sage-ymca-701-manor-road-crystal-lake-il-60014-united-states,Rock Steady Boxing - Sage YMCA,Community Program,Rock Steady Boxing - Sage YMCA is listed in the official Rock Steady Boxing directory.,"Rock Steady Boxing - Sage YMCA is listed in the official Rock Steady Boxing Member Directory. Address: 701 Manor Road, Crystal Lake, IL 60014, United States.","Crystal Lake, IL, United States","Crystal Lake, IL, United States",United States,Community Program | Parkinson's Care,,in-person,false,unclaimed,0,0,,,8154594455,Rock Steady Boxing - Sage YMCA,,member-directory,Rock Steady Boxing,"701 Manor Road, Crystal Lake, IL 60014, United States",Crystal Lake,IL,60014,https://members.rocksteadyboxing.org/member-directory/Details/sage-ymca-2829897,42.2215246,-88.2903419,2026-03-28T03:14:36.194Z
rock-steady-boxing,Rock Steady Boxing Member Directory,member-directory:sahuarita-2829896,member-directory-sahuarita-inside-undisputed-south-101-s-lacanada-45-green-valley-az-85614-united-states,Rock Steady Boxing - Sahuarita,Community Program,Rock Steady Boxing - Sahuarita is listed in the official Rock Steady Boxing directory.,"Rock Steady Boxing - Sahuarita is listed in the official Rock Steady Boxing Member Directory. Address: inside Undisputed South, 101 S LaCanada #45, Green Valley, AZ 85614, United States.","Green Valley, AZ, United States","Green Valley, AZ, United States",United States,Community Program | Parkinson's Care,,in-person,false,unclaimed,0,0,,,4808813464,Rock Steady Boxing - Sahuarita,,member-directory,Rock Steady Boxing,"inside Undisputed South, 101 S LaCanada #45, Green Valley, AZ 85614, United States",Green Valley,AZ,85614,https://members.rocksteadyboxing.org/member-directory/Details/sahuarita-2829896,31.8683299,-110.9931077,2026-03-28T03:14:36.194Z
rock-steady-boxing,Rock Steady Boxing Member Directory,member-directory:saint-paul-2829894,member-directory-saint-paul-ywca-375-selby-avenue-element-gym-rock-steady-boxing-saint-paul-mn-55102-united-states,"Rock Steady Boxing Saint Paul, MN",Community Program,"Rock Steady Boxing Saint Paul, MN is listed in the official Rock Steady Boxing directory.","Rock Steady Boxing Saint Paul, MN is listed in the official Rock Steady Boxing Member Directory. Address: YWCA 375 Selby Avenue, Element Gym Rock Steady Boxing, Saint Paul, MN 55102, United States.","Saint Paul, MN, United States","Saint Paul, MN, United States",United States,Community Program | Parkinson's Care,,in-person,false,unclaimed,0,0,,,6122936539,"Rock Steady Boxing Saint Paul, MN",,member-directory,Rock Steady Boxing,"YWCA 375 Selby Avenue, Element Gym Rock Steady Boxing, Saint Paul, MN 55102, United States",Saint Paul,MN,55102,https://members.rocksteadyboxing.org/member-directory/Details/saint-paul-2829894,44.9470955,-93.1156384,2026-03-28T03:14:36.194Z
rock-steady-boxing,Rock Steady Boxing Member Directory,member-directory:salem-2829892,member-directory-salem-2828-cherry-ave-ne-unit-c-salem-or-97301-united-states,"Rock Steady Boxing Salem, OR",Community Program,"Rock Steady Boxing Salem, OR is listed in the official Rock Steady Boxing directory.","Rock Steady Boxing Salem, OR is listed in the official Rock Steady Boxing Member Directory. Address: 2828 Cherry Ave NE, Unit C, Salem, OR 97301, United States.","Salem, OR, United States","Salem, OR, United States",United States,Community Program | Parkinson's Care,,in-person,false,unclaimed,0,0,,,9717073321,"Rock Steady Boxing Salem, OR",,member-directory,Rock Steady Boxing,"2828 Cherry Ave NE, Unit C, Salem, OR 97301, United States",Salem,OR,97301,https://members.rocksteadyboxing.org/member-directory/Details/salem-2829892,44.965825,-123.0185698,2026-03-28T03:14:36.194Z
rock-steady-boxing,Rock Steady Boxing Member Directory,member-directory:sally-s-ymca-3925941,member-directory-sally-s-ymca-1601-forney-creek-pkwy-denver-nc-28037-united-states,Rock Steady Boxing - Sally's YMCA,Community Program,Rock Steady Boxing - Sally's YMCA is listed in the official Rock Steady Boxing directory.,"Rock Steady Boxing - Sally's YMCA is listed in the official Rock Steady Boxing Member Directory. Address: 1601 Forney Creek Pkwy, Denver, NC 28037, United States.","Denver, NC, United States","Denver, NC, United States",United States,Community Program | Parkinson's Care,,in-person,false,unclaimed,0,0,,,7049043086,Rock Steady Boxing - Sally's YMCA,,member-directory,Rock Steady Boxing,"1601 Forney Creek Pkwy, Denver, NC 28037, United States",Denver,NC,28037,https://members.rocksteadyboxing.org/member-directory/Details/sally-s-ymca-3925941,35.4848025,-81.0121662,2026-03-28T03:14:36.194Z
rock-steady-boxing,Rock Steady Boxing Member Directory,member-directory:salt-lake-city-2829891,member-directory-salt-lake-city-1127-e-3300-s-salt-lake-city-ut-84106-united-states,"Rock Steady Boxing Salt Lake City, UT",Community Program,"Rock Steady Boxing Salt Lake City, UT is listed in the official Rock Steady Boxing directory.","Rock Steady Boxing Salt Lake City, UT is listed in the official Rock Steady Boxing Member Directory. Address: 1127 E 3300 S, Salt Lake City, UT 84106, United States.","Salt Lake City, UT, United States","Salt Lake City, UT, United States",United States,Community Program | Parkinson's Care,,in-person,false,unclaimed,0,0,,,8015582558,"Rock Steady Boxing Salt Lake City, UT",,member-directory,Rock Steady Boxing,"1127 E 3300 S, Salt Lake City, UT 84106, United States",Salt Lake City,UT,84106,https://members.rocksteadyboxing.org/member-directory/Details/salt-lake-city-2829891,40.700178,-111.8592083,2026-03-28T03:14:36.194Z
rock-steady-boxing,Rock Steady Boxing Member Directory,member-directory:sam-b-cook-healthplex-2829890,member-directory-sam-b-cook-healthplex-1432-southwest-boulevard-jefferson-city-mo-65109-united-states,Rock Steady Boxing - Sam B. Cook Healthplex,Community Program,Rock Steady Boxing - Sam B. Cook Healthplex is listed in the official Rock Steady Boxing directory.,"Rock Steady Boxing - Sam B. Cook Healthplex is listed in the official Rock Steady Boxing Member Directory. Address: 1432 Southwest Boulevard, Jefferson City, MO 65109, United States.","Jefferson City, MO, United States","Jefferson City, MO, United States",United States,Community Program | Parkinson's Care,,in-person,false,unclaimed,0,0,,,5736325614,Rock Steady Boxing - Sam B. Cook Healthplex,,member-directory,Rock Steady Boxing,"1432 Southwest Boulevard, Jefferson City, MO 65109, United States",Jefferson City,MO,65109,https://members.rocksteadyboxing.org/member-directory/Details/sam-b-cook-healthplex-2829890,38.5631877,-92.2012274,2026-03-28T03:14:36.194Z
rock-steady-boxing,Rock Steady Boxing Member Directory,member-directory:san-diego-2829889,member-directory-san-diego-319-east-valley-parkway-escondido-ca-92025-united-states,Rock Steady Boxing - San Diego,Community Program,Rock Steady Boxing - San Diego is listed in the official Rock Steady Boxing directory.,"Rock Steady Boxing - San Diego is listed in the official Rock Steady Boxing Member Directory. Address: 319 East Valley Parkway, Escondido, CA 92025, United States.","Escondido, CA, United States","Escondido, CA, United States",United States,Community Program | Parkinson's Care,,in-person,false,unclaimed,0,0,,,8582486828,Rock Steady Boxing - San Diego,,member-directory,Rock Steady Boxing,"319 East Valley Parkway, Escondido, CA 92025, United States",Escondido,CA,92025,https://members.rocksteadyboxing.org/member-directory/Details/san-diego-2829889,33.12392,-117.078754,2026-03-28T03:14:36.195Z
rock-steady-boxing,Rock Steady Boxing Member Directory,member-directory:san-francisco-2829887,member-directory-san-francisco-2345-harrison-st-san-francisco-ca-94110-united-states,"Rock Steady Boxing San Francisco, CA",Community Program,"Rock Steady Boxing San Francisco, CA is listed in the official Rock Steady Boxing directory.","Rock Steady Boxing San Francisco, CA is listed in the official Rock Steady Boxing Member Directory. Address: 2345 Harrison St, San Francisco, CA 94110, United States.","San Francisco, CA, United States","San Francisco, CA, United States",United States,Community Program | Parkinson's Care,,in-person,false,unclaimed,0,0,https://rocksteadyboxingsf.com/,,4152441060,"Rock Steady Boxing San Francisco, CA",,member-directory,Rock Steady Boxing,"2345 Harrison St, San Francisco, CA 94110, United States",San Francisco,CA,94110,https://members.rocksteadyboxing.org/member-directory/Details/san-francisco-2829887,37.7598192,-122.4122605,2026-03-28T03:14:36.195Z
rock-steady-boxing,Rock Steady Boxing Member Directory,member-directory:sandusky-county-2829885,member-directory-sandusky-county-1000-north-street-fremont-oh-43420-united-states,Rock Steady Boxing - Sandusky County,Community Program,Rock Steady Boxing - Sandusky County is listed in the official Rock Steady Boxing directory.,"Rock Steady Boxing - Sandusky County is listed in the official Rock Steady Boxing Member Directory. Address: 1000 North Street, Fremont, OH 43420, United States.","Fremont, OH, United States","Fremont, OH, United States",United States,Community Program | Parkinson's Care,,in-person,false,unclaimed,0,0,,,4193078533,Rock Steady Boxing - Sandusky County,,member-directory,Rock Steady Boxing,"1000 North Street, Fremont, OH 43420, United States",Fremont,OH,43420,https://members.rocksteadyboxing.org/member-directory/Details/sandusky-county-2829885,41.3618999,-83.1204989,2026-03-28T03:14:36.195Z
rock-steady-boxing,Rock Steady Boxing Member Directory,member-directory:sanjo-niigata-4093452,member-directory-sanjo-niigata-20-8-higashihonjouzi-sanjo-niigata-955-0823-japan,Rock Steady Boxing - Sanjo Niigata,Community Program,Rock Steady Boxing - Sanjo Niigata is listed in the official Rock Steady Boxing directory.,"Rock Steady Boxing - Sanjo Niigata is listed in the official Rock Steady Boxing Member Directory. Address: 20-8 Higashihonjouzi, Sanjo, Niigata 955-0823, Japan.","Sanjo, Japan","Sanjo, Japan",Japan,Community Program | Parkinson's Care,,in-person,false,unclaimed,0,0,,,0256339070,Rock Steady Boxing - Sanjo Niigata,,member-directory,Rock Steady Boxing,"20-8 Higashihonjouzi, Sanjo, Niigata 955-0823, Japan",Sanjo,,,https://members.rocksteadyboxing.org/member-directory/Details/sanjo-niigata-4093452,37.6138058,138.9503503,2026-03-28T03:14:36.195Z
rock-steady-boxing,Rock Steady Boxing Member Directory,member-directory:santa-clara-2829883,member-directory-santa-clara-2354-calle-del-mundo-santa-clara-ca-95054-united-states,"Rock Steady Boxing Santa Clara, CA",Community Program,"Rock Steady Boxing Santa Clara, CA is listed in the official Rock Steady Boxing directory.","Rock Steady Boxing Santa Clara, CA is listed in the official Rock Steady Boxing Member Directory. Address: 2354 Calle del Mundo, Santa Clara, CA 95054, United States.","Santa Clara, CA, United States","Santa Clara, CA, United States",United States,Community Program | Parkinson's Care,,in-person,false,unclaimed,0,0,,,6504008287,"Rock Steady Boxing Santa Clara, CA",,member-directory,Rock Steady Boxing,"2354 Calle del Mundo, Santa Clara, CA 95054, United States",Santa Clara,CA,95054,https://members.rocksteadyboxing.org/member-directory/Details/santa-clara-2829883,37.40893,-121.9673543,2026-03-28T03:14:36.195Z
rock-steady-boxing,Rock Steady Boxing Member Directory,member-directory:santa-cruz-2829882,member-directory-santa-cruz-208-mt-herman-road-scotts-valley-ca-95066-united-states,Rock Steady Boxing - Santa Cruz,Community Program,Rock Steady Boxing - Santa Cruz is listed in the official Rock Steady Boxing directory.,"Rock Steady Boxing - Santa Cruz is listed in the official Rock Steady Boxing Member Directory. Address: 208 Mt Herman Road, Scotts Valley, CA 95066, United States.","Scotts Valley, CA, United States","Scotts Valley, CA, United States",United States,Community Program | Parkinson's Care,,in-person,false,unclaimed,0,0,,,8314382697,Rock Steady Boxing - Santa Cruz,,member-directory,Rock Steady Boxing,"208 Mt Herman Road, Scotts Valley, CA 95066, United States",Scotts Valley,CA,95066,https://members.rocksteadyboxing.org/member-directory/Details/santa-cruz-2829882,37.044174,-122.0255413,2026-03-28T03:14:36.195Z
rock-steady-boxing,Rock Steady Boxing Member Directory,member-directory:santa-monica-4635596,member-directory-santa-monica-1828-lincoln-blvd-santa-monica-ca-90404-united-states,"Rock Steady Boxing Santa Monica, CA",Community Program,"Rock Steady Boxing Santa Monica, CA is listed in the official Rock Steady Boxing directory.","Rock Steady Boxing Santa Monica, CA is listed in the official Rock Steady Boxing Member Directory. Address: 1828 Lincoln Blvd, Santa Monica, CA 90404, United States.","Santa Monica, CA, United States","Santa Monica, CA, United States",United States,Community Program | Parkinson's Care,,in-person,false,unclaimed,0,0,,,7472341115,"Rock Steady Boxing Santa Monica, CA",,member-directory,Rock Steady Boxing,"1828 Lincoln Blvd, Santa Monica, CA 90404, United States",Santa Monica,CA,90404,https://members.rocksteadyboxing.org/member-directory/Details/santa-monica-4635596,34.0130261,-118.484225,2026-03-28T03:14:36.195Z
rock-steady-boxing,Rock Steady Boxing Member Directory,member-directory:saratoga-regional-ymca-2829877,member-directory-saratoga-regional-ymca-290-west-ave-saratoga-springs-ny-12866-united-states,Rock Steady Boxing - Saratoga Regional YMCA,Community Program,Rock Steady Boxing - Saratoga Regional YMCA is listed in the official Rock Steady Boxing directory.,"Rock Steady Boxing - Saratoga Regional YMCA is listed in the official Rock Steady Boxing Member Directory. Address: 290 West Ave, Saratoga Springs, NY 12866, United States.","Saratoga Springs, NY, United States","Saratoga Springs, NY, United States",United States,Community Program | Parkinson's Care,,in-person,false,unclaimed,0,0,,,5185839622,Rock Steady Boxing - Saratoga Regional YMCA,,member-directory,Rock Steady Boxing,"290 West Ave, Saratoga Springs, NY 12866, United States",Saratoga Springs,NY,12866,https://members.rocksteadyboxing.org/member-directory/Details/saratoga-regional-ymca-2829877,43.0669517,-73.8004608,2026-03-28T03:14:36.195Z
rock-steady-boxing,Rock Steady Boxing Member Directory,member-directory:sarnia-lambton-4714419,member-directory-sarnia-lambton-611-st-clair-street-point-edward-on-n7v-1p2-canada,Rock Steady Boxing - Sarnia Lambton,Community Program,Rock Steady Boxing - Sarnia Lambton is listed in the official Rock Steady Boxing directory.,"Rock Steady Boxing - Sarnia Lambton is listed in the official Rock Steady Boxing Member Directory. Address: 611 St. Clair Street, Point Edward, ON N7V 1P2, Canada.","Point Edward, Canada","Point Edward, Canada",Canada,Community Program | Parkinson's Care,,in-person,false,unclaimed,0,0,,,5193366867,Rock Steady Boxing - Sarnia Lambton,,member-directory,Rock Steady Boxing,"611 St. Clair Street, Point Edward, ON N7V 1P2, Canada",Point Edward,,,https://members.rocksteadyboxing.org/member-directory/Details/sarnia-lambton-4714419,42.99125009999999,-82.40691609999999,2026-03-28T03:14:36.195Z
rock-steady-boxing,Rock Steady Boxing Member Directory,member-directory:sclh-2829875,member-directory-sclh-965-orchard-creek-ln-lincoln-ca-95648-united-states,Rock Steady Boxing - SCLH,Community Program,Rock Steady Boxing - SCLH is listed in the official Rock Steady Boxing directory.,"Rock Steady Boxing - SCLH is listed in the official Rock Steady Boxing Member Directory. Address: 965 Orchard Creek Ln, Lincoln, CA 95648, United States.","Lincoln, CA, United States","Lincoln, CA, United States",United States,Community Program | Parkinson's Care,,in-person,false,unclaimed,0,0,,,9164084825,Rock Steady Boxing - SCLH,,member-directory,Rock Steady Boxing,"965 Orchard Creek Ln, Lincoln, CA 95648, United States",Lincoln,CA,95648,https://members.rocksteadyboxing.org/member-directory/Details/sclh-2829875,38.8682174,-121.2775682,2026-03-28T03:14:36.195Z
rock-steady-boxing,Rock Steady Boxing Member Directory,member-directory:scs-lima-2829874,member-directory-scs-lima-3400-w-elm-st-lima-oh-45807-united-states,Rock Steady Boxing - SCS Lima,Community Program,Rock Steady Boxing - SCS Lima is listed in the official Rock Steady Boxing directory.,"Rock Steady Boxing - SCS Lima is listed in the official Rock Steady Boxing Member Directory. Address: 3400 W Elm St, Lima, OH 45807, United States.","Lima, OH, United States","Lima, OH, United States",United States,Community Program | Parkinson's Care,,in-person,false,unclaimed,0,0,,,4199918811,Rock Steady Boxing - SCS Lima,,member-directory,Rock Steady Boxing,"3400 W Elm St, Lima, OH 45807, United States",Lima,OH,45807,https://members.rocksteadyboxing.org/member-directory/Details/scs-lima-2829874,40.7375681,-84.16931050000001,2026-03-28T03:14:36.195Z
rock-steady-boxing,Rock Steady Boxing Member Directory,member-directory:seabrook-2829873,member-directory-seabrook-3000-essex-road-tinton-falls-nj-07753-united-states,Rock Steady Boxing - Seabrook,Community Program,Rock Steady Boxing - Seabrook is listed in the official Rock Steady Boxing directory.,"Rock Steady Boxing - Seabrook is listed in the official Rock Steady Boxing Member Directory. Address: 3000 Essex Road, Tinton Falls, NJ 07753, United States.","Tinton Falls, NJ, United States","Tinton Falls, NJ, United States",United States,Community Program | Parkinson's Care,,in-person,false,unclaimed,0,0,,,7324816007,Rock Steady Boxing - Seabrook,,member-directory,Rock Steady Boxing,"3000 Essex Road, Tinton Falls, NJ 07753, United States",Tinton Falls,NJ,07753,https://members.rocksteadyboxing.org/member-directory/Details/seabrook-2829873,40.2344105,-74.0873809,2026-03-28T03:14:36.195Z
rock-steady-boxing,Rock Steady Boxing Member Directory,member-directory:sendai-4643216,member-directory-sendai-shinjo-building-7f-3-3-18-chuo-aobaku-sendai-miyagi-980-0021-japan,Rock Steady Boxing Sendai,Community Program,Rock Steady Boxing Sendai is listed in the official Rock Steady Boxing directory.,"Rock Steady Boxing Sendai is listed in the official Rock Steady Boxing Member Directory. Address: Shinjo Building 7F, 3-3-18 Chuo Aobaku, Sendai, Miyagi 980-0021, Japan.","Sendai, Japan","Sendai, Japan",Japan,Community Program | Parkinson's Care,,in-person,false,unclaimed,0,0,,,+815031888397,Rock Steady Boxing Sendai,,member-directory,Rock Steady Boxing,"Shinjo Building 7F, 3-3-18 Chuo Aobaku, Sendai, Miyagi 980-0021, Japan",Sendai,,,https://members.rocksteadyboxing.org/member-directory/Details/sendai-4643216,38.2607231,140.8786445,2026-03-28T03:14:36.195Z
rock-steady-boxing,Rock Steady Boxing Member Directory,member-directory:senior-star-at-elmore-place-2829870,member-directory-senior-star-at-elmore-place-4500-elmore-ave-davenport-ia-52807-united-states,Rock Steady Boxing - Senior Star at Elmore Place,Community Program,Rock Steady Boxing - Senior Star at Elmore Place is listed in the official Rock Steady Boxing directory.,"Rock Steady Boxing - Senior Star at Elmore Place is listed in the official Rock Steady Boxing Member Directory. Address: 4500 Elmore Ave, Davenport, IA 52807, United States.","Davenport, IA, United States","Davenport, IA, United States",United States,Community Program | Parkinson's Care,,in-person,false,unclaimed,0,0,,,5633590100,Rock Steady Boxing - Senior Star at Elmore Place,,member-directory,Rock Steady Boxing,"4500 Elmore Ave, Davenport, IA 52807, United States",Davenport,IA,52807,https://members.rocksteadyboxing.org/member-directory/Details/senior-star-at-elmore-place-2829870,41.5659682,-90.52725919999999,2026-03-28T03:14:36.195Z
rock-steady-boxing,Rock Steady Boxing Member Directory,member-directory:senior-star-at-wexford-place-2829869,member-directory-senior-star-at-wexford-place-6460-north-cosby-ave-kansas-city-mo-64151-united-states,Rock Steady Boxing - Senior Star at Wexford Place,Community Program,Rock Steady Boxing - Senior Star at Wexford Place is listed in the official Rock Steady Boxing directory.,"Rock Steady Boxing - Senior Star at Wexford Place is listed in the official Rock Steady Boxing Member Directory. Address: 6460 North Cosby Ave, Kansas City, MO 64151, United States.","Kansas City, MO, United States","Kansas City, MO, United States",United States,Community Program | Parkinson's Care,,in-person,false,unclaimed,0,0,,,8165875400,Rock Steady Boxing - Senior Star at Wexford Place,,member-directory,Rock Steady Boxing,"6460 North Cosby Ave, Kansas City, MO 64151, United States",Kansas City,MO,64151,https://members.rocksteadyboxing.org/member-directory/Details/senior-star-at-wexford-place-2829869,39.2126884,-94.64821789999999,2026-03-28T03:14:36.195Z
rock-steady-boxing,Rock Steady Boxing Member Directory,member-directory:senior-star-dublin-2829871,member-directory-senior-star-dublin-6480-post-rd-dublin-oh-43016-united-states,Rock Steady Boxing - Senior Star Dublin,Community Program,Rock Steady Boxing - Senior Star Dublin is listed in the official Rock Steady Boxing directory.,"Rock Steady Boxing - Senior Star Dublin is listed in the official Rock Steady Boxing Member Directory. Address: 6480 Post Rd, Dublin, OH 43016, United States.","Dublin, OH, United States","Dublin, OH, United States",United States,Community Program | Parkinson's Care,,in-person,false,unclaimed,0,0,,,6143891475,Rock Steady Boxing - Senior Star Dublin,,member-directory,Rock Steady Boxing,"6480 Post Rd, Dublin, OH 43016, United States",Dublin,OH,43016,https://members.rocksteadyboxing.org/member-directory/Details/senior-star-dublin-2829871,40.1076614,-83.16762179999999,2026-03-28T03:14:36.195Z
rock-steady-boxing,Rock Steady Boxing Member Directory,member-directory:sequoia-wellness-3649897,member-directory-sequoia-wellness-4909-state-route-44-rootstown-oh-44272-united-states,Rock Steady Boxing - Sequoia Wellness,Exercise Program,Rock Steady Boxing - Sequoia Wellness is listed in the official Rock Steady Boxing directory.,"Rock Steady Boxing - Sequoia Wellness is listed in the official Rock Steady Boxing Member Directory. Address: 4909 State Route 44, Rootstown, OH 44272, United States.","Rootstown, OH, United States","Rootstown, OH, United States",United States,Boxing | Exercise | Parkinson's Care,,in-person,false,unclaimed,0,0,,,3303256102,Rock Steady Boxing - Sequoia Wellness,,member-directory,Rock Steady Boxing,"4909 State Route 44, Rootstown, OH 44272, United States",Rootstown,OH,44272,https://members.rocksteadyboxing.org/member-directory/Details/sequoia-wellness-3649897,41.1235459,-81.2375641,2026-03-28T03:14:36.195Z
rock-steady-boxing,Rock Steady Boxing Member Directory,member-directory:seymour-3271648,member-directory-seymour-209-e-2nd-st-seymour-in-47274-united-states,"Rock Steady Boxing Seymour, IN",Community Program,"Rock Steady Boxing Seymour, IN is listed in the official Rock Steady Boxing directory.","Rock Steady Boxing Seymour, IN is listed in the official Rock Steady Boxing Member Directory. Address: 209 E. 2nd st, Seymour, IN 47274, United States.","Seymour, IN, United States","Seymour, IN, United States",United States,Community Program | Parkinson's Care,,in-person,false,unclaimed,0,0,,,8125309984,"Rock Steady Boxing Seymour, IN",,member-directory,Rock Steady Boxing,"209 E. 2nd st, Seymour, IN 47274, United States",Seymour,IN,47274,https://members.rocksteadyboxing.org/member-directory/Details/seymour-3271648,38.9601273,-85.8873817,2026-03-28T03:14:36.195Z
rock-steady-boxing,Rock Steady Boxing Member Directory,member-directory:shanna-and-bryan-glazer-jcc-parkinson-s-program-2829804,member-directory-shanna-and-bryan-glazer-jcc-parkinson-s-program-522-n-howard-ave-tampa-fl-33606-united-states,Rock Steady Boxing - Shanna and Bryan Glazer JCC Parkinson's Program,Community Program,Rock Steady Boxing - Shanna and Bryan Glazer JCC Parkinson's Program is listed in the official Rock Steady Boxing directory.,"Rock Steady Boxing - Shanna and Bryan Glazer JCC Parkinson's Program is listed in the official Rock Steady Boxing Member Directory. Address: 522 N. Howard Ave, Tampa, FL 33606, United States.","Tampa, FL, United States","Tampa, FL, United States",United States,Community Program | Parkinson's Care,,in-person,false,unclaimed,0,0,,,8132912253,Rock Steady Boxing - Shanna and Bryan Glazer JCC Parkinson's Program,,member-directory,Rock Steady Boxing,"522 N. Howard Ave, Tampa, FL 33606, United States",Tampa,FL,33606,https://members.rocksteadyboxing.org/member-directory/Details/shanna-and-bryan-glazer-jcc-parkinson-s-program-2829804,27.9489637,-82.4839052,2026-03-28T03:14:36.195Z
rock-steady-boxing,Rock Steady Boxing Member Directory,member-directory:shannon-ranch-quail-park-3763221,member-directory-shannon-ranch-quail-park-3440-w-flagstaff-ave-visalia-ca-93291-united-states,Rock Steady Boxing - Shannon Ranch Quail Park,Community Program,Rock Steady Boxing - Shannon Ranch Quail Park is listed in the official Rock Steady Boxing directory.,"Rock Steady Boxing - Shannon Ranch Quail Park is listed in the official Rock Steady Boxing Member Directory. Address: 3440 W. Flagstaff Ave, Visalia, CA 93291, United States.","Visalia, CA, United States","Visalia, CA, United States",United States,Community Program | Parkinson's Care,,in-person,false,unclaimed,0,0,,,5595278245,Rock Steady Boxing - Shannon Ranch Quail Park,,member-directory,Rock Steady Boxing,"3440 W. Flagstaff Ave, Visalia, CA 93291, United States",Visalia,CA,93291,https://members.rocksteadyboxing.org/member-directory/Details/shannon-ranch-quail-park-3763221,36.3598007,-119.3302967,2026-03-28T03:14:36.195Z
rock-steady-boxing,Rock Steady Boxing Member Directory,member-directory:shelby-county-2829868,member-directory-shelby-county-643-fair-avenue-suite-101-shelbyville-in-46176-united-states,Rock Steady Boxing - Shelby County,Community Program,Rock Steady Boxing - Shelby County is listed in the official Rock Steady Boxing directory.,"Rock Steady Boxing - Shelby County is listed in the official Rock Steady Boxing Member Directory. Address: 643 Fair Avenue, Suite 101, Shelbyville, IN 46176, United States.","Shelbyville, IN, United States","Shelbyville, IN, United States",United States,Community Program | Parkinson's Care,,in-person,false,unclaimed,0,0,,,3173980127,Rock Steady Boxing - Shelby County,,member-directory,Rock Steady Boxing,"643 Fair Avenue, Suite 101, Shelbyville, IN 46176, United States",Shelbyville,IN,46176,https://members.rocksteadyboxing.org/member-directory/Details/shelby-county-2829868,39.5288319,-85.7639811,2026-03-28T03:14:36.195Z
rock-steady-boxing,Rock Steady Boxing Member Directory,member-directory:shell-point-2829867,member-directory-shell-point-15000-shell-point-boulevard-fort-myers-fl-33908-united-states,Rock Steady Boxing - Shell Point,Community Program,Rock Steady Boxing - Shell Point is listed in the official Rock Steady Boxing directory.,"Rock Steady Boxing - Shell Point is listed in the official Rock Steady Boxing Member Directory. Address: 15000 Shell Point Boulevard, Fort Myers, FL 33908, United States.","Fort Myers, FL, United States","Fort Myers, FL, United States",United States,Community Program | Parkinson's Care,,in-person,false,unclaimed,0,0,,,2394542078,Rock Steady Boxing - Shell Point,,member-directory,Rock Steady Boxing,"15000 Shell Point Boulevard, Fort Myers, FL 33908, United States",Fort Myers,FL,33908,https://members.rocksteadyboxing.org/member-directory/Details/shell-point-2829867,26.5188527,-81.9974359,2026-03-28T03:14:36.195Z
rock-steady-boxing,Rock Steady Boxing Member Directory,member-directory:shenandoah-county-parks-recreation-3788326,member-directory-shenandoah-county-parks-and-recreation-1195-hisey-avenue-suite-1-woodstock-va-22664-united-states,Rock Steady Boxing - Shenandoah County Parks & Recreation,Community Program,Rock Steady Boxing - Shenandoah County Parks & Recreation is listed in the official Rock Steady Boxing directory.,"Rock Steady Boxing - Shenandoah County Parks & Recreation is listed in the official Rock Steady Boxing Member Directory. Address: 1195 Hisey Avenue, Suite 1, Woodstock, VA 22664, United States.","Woodstock, VA, United States","Woodstock, VA, United States",United States,Community Program | Parkinson's Care,,in-person,false,unclaimed,0,0,,,5404596777,Rock Steady Boxing - Shenandoah County Parks & Recreation,,member-directory,Rock Steady Boxing,"1195 Hisey Avenue, Suite 1, Woodstock, VA 22664, United States",Woodstock,VA,22664,https://members.rocksteadyboxing.org/member-directory/Details/shenandoah-county-parks-recreation-3788326,38.869318,-78.536947,2026-03-28T03:14:36.195Z
rock-steady-boxing,Rock Steady Boxing Member Directory,member-directory:shorefit-training-and-rehab-3808200,member-directory-shorefit-training-and-rehab-795-n-main-street-manahawkin-nj-08050-united-states,Rock Steady Boxing - ShoreFit Training and Rehab,Community Program,Rock Steady Boxing - ShoreFit Training and Rehab is listed in the official Rock Steady Boxing directory.,"Rock Steady Boxing - ShoreFit Training and Rehab is listed in the official Rock Steady Boxing Member Directory. Address: 795 N. Main Street, Manahawkin, NJ 08050, United States.","Manahawkin, NJ, United States","Manahawkin, NJ, United States",United States,Community Program | Parkinson's Care,,in-person,false,unclaimed,0,0,,,6096612967,Rock Steady Boxing - ShoreFit Training and Rehab,,member-directory,Rock Steady Boxing,"795 N. Main Street, Manahawkin, NJ 08050, United States",Manahawkin,NJ,08050,https://members.rocksteadyboxing.org/member-directory/Details/shorefit-training-and-rehab-3808200,39.7125247,-74.24978589999999,2026-03-28T03:14:36.195Z
rock-steady-boxing,Rock Steady Boxing Member Directory,member-directory:siena-lakes-2829865,member-directory-siena-lakes-naples,Rock Steady Boxing - Siena Lakes,Community Program,Rock Steady Boxing - Siena Lakes is listed in the official Rock Steady Boxing directory.,"Rock Steady Boxing - Siena Lakes is listed in the official Rock Steady Boxing Member Directory. Address: Naples,.",Naples,Naples,Naples,Community Program | Parkinson's Care,,in-person,false,unclaimed,0,0,,,2393256839,Rock Steady Boxing - Siena Lakes,,member-directory,Rock Steady Boxing,"Naples,",,,,https://members.rocksteadyboxing.org/member-directory/Details/siena-lakes-2829865,0,0,2026-03-28T03:14:36.195Z
rock-steady-boxing,Rock Steady Boxing Member Directory,member-directory:signature-fitness-2829864,member-directory-signature-fitness-33-n-front-st-kingston-ny-12401-united-states,Rock Steady Boxing - Signature Fitness,Exercise Program,Rock Steady Boxing - Signature Fitness is listed in the official Rock Steady Boxing directory.,"Rock Steady Boxing - Signature Fitness is listed in the official Rock Steady Boxing Member Directory. Address: 33 N Front St, Kingston, NY 12401, United States.","Kingston, NY, United States","Kingston, NY, United States",United States,Boxing | Exercise | Parkinson's Care,,in-person,false,unclaimed,0,0,,,8455325920,Rock Steady Boxing - Signature Fitness,,member-directory,Rock Steady Boxing,"33 N Front St, Kingston, NY 12401, United States",Kingston,NY,12401,https://members.rocksteadyboxing.org/member-directory/Details/signature-fitness-2829864,41.9353462,-74.0201283,2026-03-28T03:14:36.195Z
rock-steady-boxing,Rock Steady Boxing Member Directory,member-directory:silicon-valley-2917213,member-directory-silicon-valley-palo-alto-ca-94303-united-states,Rock Steady Boxing - Silicon Valley,Community Program,Rock Steady Boxing - Silicon Valley is listed in the official Rock Steady Boxing directory.,"Rock Steady Boxing - Silicon Valley is listed in the official Rock Steady Boxing Member Directory. Address: Palo Alto, CA 94303, United States.","Palo Alto, CA, United States","Palo Alto, CA, United States",United States,Community Program | Parkinson's Care,,in-person,false,unclaimed,0,0,,,4153855668,Rock Steady Boxing - Silicon Valley,,member-directory,Rock Steady Boxing,"Palo Alto, CA 94303, United States",Palo Alto,CA,94303,https://members.rocksteadyboxing.org/member-directory/Details/silicon-valley-2917213,37.4530553,-122.1178261,2026-03-28T03:14:36.195Z
rock-steady-boxing,Rock Steady Boxing Member Directory,member-directory:sioux-city-2829862,member-directory-sioux-city-313-cook-st-sioux-city-ia-51103-united-states,"Rock Steady Boxing Sioux City, IA",Community Program,"Rock Steady Boxing Sioux City, IA is listed in the official Rock Steady Boxing directory.","Rock Steady Boxing Sioux City, IA is listed in the official Rock Steady Boxing Member Directory. Address: 313 Cook St, Sioux City, IA 51103, United States.","Sioux City, IA, United States","Sioux City, IA, United States",United States,Community Program | Parkinson's Care,,in-person,false,unclaimed,0,0,,,7122551729,"Rock Steady Boxing Sioux City, IA",,member-directory,Rock Steady Boxing,"313 Cook St, Sioux City, IA 51103, United States",Sioux City,IA,51103,https://members.rocksteadyboxing.org/member-directory/Details/sioux-city-2829862,42.4997027,-96.4201173,2026-03-28T03:14:36.196Z
rock-steady-boxing,Rock Steady Boxing Member Directory,member-directory:siu-rec-center-2829861,member-directory-siu-rec-center-300-east-grand-avenue-carbondale-il-62901-united-states,Rock Steady Boxing - SIU Rec Center,Community Program,Rock Steady Boxing - SIU Rec Center is listed in the official Rock Steady Boxing directory.,"Rock Steady Boxing - SIU Rec Center is listed in the official Rock Steady Boxing Member Directory. Address: 300 East Grand Avenue, Carbondale, IL 62901, United States.","Carbondale, IL, United States","Carbondale, IL, United States",United States,Community Program | Parkinson's Care,,in-person,false,unclaimed,0,0,,,6184531275,Rock Steady Boxing - SIU Rec Center,,member-directory,Rock Steady Boxing,"300 East Grand Avenue, Carbondale, IL 62901, United States",Carbondale,IL,62901,https://members.rocksteadyboxing.org/member-directory/Details/siu-rec-center-2829861,37.71858090000001,-89.21247,2026-03-28T03:14:36.196Z
rock-steady-boxing,Rock Steady Boxing Member Directory,member-directory:sls-fitness-2829858,member-directory-sls-fitness-345-chelmsford-st-lowell-ma-01851-united-states,Rock Steady Boxing - SLS Fitness,Exercise Program,Rock Steady Boxing - SLS Fitness is listed in the official Rock Steady Boxing directory.,"Rock Steady Boxing - SLS Fitness is listed in the official Rock Steady Boxing Member Directory. Address: 345 Chelmsford St, Lowell, MA 01851, United States.","Lowell, MA, United States","Lowell, MA, United States",United States,Boxing | Exercise | Parkinson's Care,,in-person,false,unclaimed,0,0,,,9784595959,Rock Steady Boxing - SLS Fitness,,member-directory,Rock Steady Boxing,"345 Chelmsford St, Lowell, MA 01851, United States",Lowell,MA,01851,https://members.rocksteadyboxing.org/member-directory/Details/sls-fitness-2829858,42.6307128,-71.3227879,2026-03-28T03:14:36.196Z
rock-steady-boxing,Rock Steady Boxing Member Directory,member-directory:sol-fitness-2829856,member-directory-sol-fitness-2100-east-milwaukee-st-janesvilles-wi-53545-united-states,Rock Steady Boxing - SOL Fitness,Exercise Program,Rock Steady Boxing - SOL Fitness is listed in the official Rock Steady Boxing directory.,"Rock Steady Boxing - SOL Fitness is listed in the official Rock Steady Boxing Member Directory. Address: 2100 East Milwaukee St, Janesvilles, WI 53545, United States.","Janesvilles, WI, United States","Janesvilles, WI, United States",United States,Boxing | Exercise | Parkinson's Care,,in-person,false,unclaimed,0,0,,,6083027088,Rock Steady Boxing - SOL Fitness,,member-directory,Rock Steady Boxing,"2100 East Milwaukee St, Janesvilles, WI 53545, United States",Janesvilles,WI,53545,https://members.rocksteadyboxing.org/member-directory/Details/sol-fitness-2829856,42.691757,-88.9959815,2026-03-28T03:14:36.196Z
rock-steady-boxing,Rock Steady Boxing Member Directory,member-directory:sonoma-2988514,member-directory-sonoma-18999-sonoma-highway-suite-110-sonoma-ca-95476-united-states,"Rock Steady Boxing Sonoma, CA",Community Program,"Rock Steady Boxing Sonoma, CA is listed in the official Rock Steady Boxing directory.","Rock Steady Boxing Sonoma, CA is listed in the official Rock Steady Boxing Member Directory. Address: 18999 Sonoma Highway, Suite 110, Sonoma, CA 95476, United States.","Sonoma, CA, United States","Sonoma, CA, United States",United States,Community Program | Parkinson's Care,,in-person,false,unclaimed,0,0,,,7075956548,"Rock Steady Boxing Sonoma, CA",,member-directory,Rock Steady Boxing,"18999 Sonoma Highway, Suite 110, Sonoma, CA 95476, United States",Sonoma,CA,95476,https://members.rocksteadyboxing.org/member-directory/Details/sonoma-2988514,38.303028,-122.4760078,2026-03-28T03:14:36.196Z
rock-steady-boxing,Rock Steady Boxing Member Directory,member-directory:soundview-family-ymca-4580840,member-directory-soundview-family-ymca-628-east-main-street-branford-ct-06405-united-states,Rock Steady Boxing - Soundview Family YMCA,Community Program,Rock Steady Boxing - Soundview Family YMCA is listed in the official Rock Steady Boxing directory.,"Rock Steady Boxing - Soundview Family YMCA is listed in the official Rock Steady Boxing Member Directory. Address: 628 East Main Street, Branford, CT 06405, United States.","Branford, CT, United States","Branford, CT, United States",United States,Community Program | Parkinson's Care,,in-person,false,unclaimed,0,0,,,2034819622,Rock Steady Boxing - Soundview Family YMCA,,member-directory,Rock Steady Boxing,"628 East Main Street, Branford, CT 06405, United States",Branford,CT,06405,https://members.rocksteadyboxing.org/member-directory/Details/soundview-family-ymca-4580840,41.3028065,-72.7598424,2026-03-28T03:14:36.196Z
rock-steady-boxing,Rock Steady Boxing Member Directory,member-directory:south-county-ymca-2829854,member-directory-south-county-ymca-165-broad-rock-road-wakefield-ri-02879-united-states,Rock Steady Boxing - South County YMCA,Community Program,Rock Steady Boxing - South County YMCA is listed in the official Rock Steady Boxing directory.,"Rock Steady Boxing - South County YMCA is listed in the official Rock Steady Boxing Member Directory. Address: 165 Broad Rock Road, Wakefield, RI 02879, United States.","Wakefield, RI, United States","Wakefield, RI, United States",United States,Community Program | Parkinson's Care,,in-person,false,unclaimed,0,0,,,4017833900,Rock Steady Boxing - South County YMCA,,member-directory,Rock Steady Boxing,"165 Broad Rock Road, Wakefield, RI 02879, United States",Wakefield,RI,02879,https://members.rocksteadyboxing.org/member-directory/Details/south-county-ymca-2829854,41.4512829,-71.4839449,2026-03-28T03:14:36.196Z
rock-steady-boxing,Rock Steady Boxing Member Directory,member-directory:south-portland-2829853,member-directory-south-portland-185-ocean-street-south-portland-me-04106-united-states,"Rock Steady Boxing South Portland, ME",Community Program,"Rock Steady Boxing South Portland, ME is listed in the official Rock Steady Boxing directory.","Rock Steady Boxing South Portland, ME is listed in the official Rock Steady Boxing Member Directory. Address: 185 Ocean Street, South Portland, ME 04106, United States.","South Portland, ME, United States","South Portland, ME, United States",United States,Community Program | Parkinson's Care,,in-person,false,unclaimed,0,0,,,8025782982,"Rock Steady Boxing South Portland, ME",,member-directory,Rock Steady Boxing,"185 Ocean Street, South Portland, ME 04106, United States",South Portland,ME,04106,https://members.rocksteadyboxing.org/member-directory/Details/south-portland-2829853,43.63581019999999,-70.25282949999999,2026-03-28T03:14:36.196Z
rock-steady-boxing,Rock Steady Boxing Member Directory,member-directory:south-shore-2829852,member-directory-south-shore-200-weymouth-street-rockland-ma-02370-united-states,Rock Steady Boxing - South Shore,Community Program,Rock Steady Boxing - South Shore is listed in the official Rock Steady Boxing directory.,"Rock Steady Boxing - South Shore is listed in the official Rock Steady Boxing Member Directory. Address: 200 Weymouth Street, Rockland, MA 02370, United States.","Rockland, MA, United States","Rockland, MA, United States",United States,Community Program | Parkinson's Care,,in-person,false,unclaimed,0,0,,,7816163313,Rock Steady Boxing - South Shore,,member-directory,Rock Steady Boxing,"200 Weymouth Street, Rockland, MA 02370, United States",Rockland,MA,02370,https://members.rocksteadyboxing.org/member-directory/Details/south-shore-2829852,42.1597696,-70.9097736,2026-03-28T03:14:36.196Z
rock-steady-boxing,Rock Steady Boxing Member Directory,member-directory:south-sound-at-the-morgan-ymca-2829851,member-directory-south-sound-at-the-morgan-ymca-1002-s-pearl-st-tacoma-wa-98465-united-states,Rock Steady Boxing - South Sound at the Morgan YMCA,Community Program,Rock Steady Boxing - South Sound at the Morgan YMCA is listed in the official Rock Steady Boxing directory.,"Rock Steady Boxing - South Sound at the Morgan YMCA is listed in the official Rock Steady Boxing Member Directory. Address: 1002 S Pearl St., Tacoma, WA 98465, United States.","Tacoma, WA, United States","Tacoma, WA, United States",United States,Community Program | Parkinson's Care,,in-person,false,unclaimed,0,0,,,2536780927,Rock Steady Boxing - South Sound at the Morgan YMCA,,member-directory,Rock Steady Boxing,"1002 S Pearl St., Tacoma, WA 98465, United States",Tacoma,WA,98465,https://members.rocksteadyboxing.org/member-directory/Details/south-sound-at-the-morgan-ymca-2829851,47.2519569,-122.5164127,2026-03-28T03:14:36.197Z
rock-steady-boxing,Rock Steady Boxing Member Directory,member-directory:south-sound-at-the-tom-taylor-ymca-2829850,member-directory-south-sound-at-the-tom-taylor-ymca-10550-harbor-hill-dr-gig-harbor-wa-98332-united-states,Rock Steady Boxing - South Sound at the Tom Taylor YMCA,Community Program,Rock Steady Boxing - South Sound at the Tom Taylor YMCA is listed in the official Rock Steady Boxing directory.,"Rock Steady Boxing - South Sound at the Tom Taylor YMCA is listed in the official Rock Steady Boxing Member Directory. Address: 10550 Harbor Hill Dr., Gig Harbor, WA 98332, United States.","Gig Harbor, WA, United States","Gig Harbor, WA, United States",United States,Community Program | Parkinson's Care,,in-person,false,unclaimed,0,0,,,2536780927,Rock Steady Boxing - South Sound at the Tom Taylor YMCA,,member-directory,Rock Steady Boxing,"10550 Harbor Hill Dr., Gig Harbor, WA 98332, United States",Gig Harbor,WA,98332,https://members.rocksteadyboxing.org/member-directory/Details/south-sound-at-the-tom-taylor-ymca-2829850,47.3536035,-122.6008506,2026-03-28T03:14:36.197Z
rock-steady-boxing,Rock Steady Boxing Member Directory,member-directory:south-wilmington-nc-2829700,member-directory-south-wilmington-nc-1236-magnolia-village-way-leland-nc-28451-united-states,"Rock Steady Boxing - South Wilmington, NC",Community Program,"Rock Steady Boxing - South Wilmington, NC is listed in the official Rock Steady Boxing directory.","Rock Steady Boxing - South Wilmington, NC is listed in the official Rock Steady Boxing Member Directory. Address: 1236 Magnolia Village Way, Leland, NC 28451, United States.","Leland, NC, United States","Leland, NC, United States",United States,Community Program | Parkinson's Care,,in-person,false,unclaimed,0,0,,,8434244575,"Rock Steady Boxing - South Wilmington, NC",,member-directory,Rock Steady Boxing,"1236 Magnolia Village Way, Leland, NC 28451, United States",Leland,NC,28451,https://members.rocksteadyboxing.org/member-directory/Details/south-wilmington-nc-2829700,34.2131425,-78.0309096,2026-03-28T03:14:36.197Z
rock-steady-boxing,Rock Steady Boxing Member Directory,member-directory:south-ymca-2829846,member-directory-south-ymca-3964-goodman-road-east-kettering-oh-45429-united-states,Rock Steady Boxing - South YMCA,Community Program,Rock Steady Boxing - South YMCA is listed in the official Rock Steady Boxing directory.,"Rock Steady Boxing - South YMCA is listed in the official Rock Steady Boxing Member Directory. Address: 3964 Goodman Road East, Kettering, OH 45429, United States.","Kettering, OH, United States","Kettering, OH, United States",United States,Community Program | Parkinson's Care,,in-person,false,unclaimed,0,0,,,9374341964,Rock Steady Boxing - South YMCA,,member-directory,Rock Steady Boxing,"3964 Goodman Road East, Kettering, OH 45429, United States",Kettering,OH,45429,https://members.rocksteadyboxing.org/member-directory/Details/south-ymca-2829846,39.6801641,-84.15406589999999,2026-03-28T03:14:36.197Z
rock-steady-boxing,Rock Steady Boxing Member Directory,member-directory:southaven-2829845,member-directory-southaven-3964-goodman-road-east-suite-115-southaven-ms-38672-united-states,"Rock Steady Boxing Southaven, MS",Community Program,"Rock Steady Boxing Southaven, MS is listed in the official Rock Steady Boxing directory.","Rock Steady Boxing Southaven, MS is listed in the official Rock Steady Boxing Member Directory. Address: 3964 Goodman Road East, Suite 115, Southaven, MS 38672, United States.","Southaven, MS, United States","Southaven, MS, United States",United States,Community Program | Parkinson's Care,,in-person,false,unclaimed,0,0,,,6622435533,"Rock Steady Boxing Southaven, MS",,member-directory,Rock Steady Boxing,"3964 Goodman Road East, Suite 115, Southaven, MS 38672, United States",Southaven,MS,38672,https://members.rocksteadyboxing.org/member-directory/Details/southaven-2829845,34.9642755,-89.92066489999999,2026-03-28T03:14:36.197Z
rock-steady-boxing,Rock Steady Boxing Member Directory,member-directory:southeastern-indiana-ymca-3271627,member-directory-southeastern-indiana-ymca-30-state-road-129-south-batesville-in-47006-united-states,Rock Steady Boxing - Southeastern Indiana YMCA,Community Program,Rock Steady Boxing - Southeastern Indiana YMCA is listed in the official Rock Steady Boxing directory.,"Rock Steady Boxing - Southeastern Indiana YMCA is listed in the official Rock Steady Boxing Member Directory. Address: 30 State Road 129 South, Batesville, IN 47006, United States.","Batesville, IN, United States","Batesville, IN, United States",United States,Community Program | Parkinson's Care,,in-person,false,unclaimed,0,0,,,8129346006,Rock Steady Boxing - Southeastern Indiana YMCA,,member-directory,Rock Steady Boxing,"30 State Road 129 South, Batesville, IN 47006, United States",Batesville,IN,47006,https://members.rocksteadyboxing.org/member-directory/Details/southeastern-indiana-ymca-3271627,39.2881969,-85.20146650000001,2026-03-28T03:14:36.197Z
rock-steady-boxing,Rock Steady Boxing Member Directory,member-directory:southern-tier-ny-2829844,member-directory-southern-tier-ny-709-conklin-road-binghamton-ny-13903-united-states,Rock Steady Boxing - Southern Tier NY,Community Program,Rock Steady Boxing - Southern Tier NY is listed in the official Rock Steady Boxing directory.,"Rock Steady Boxing - Southern Tier NY is listed in the official Rock Steady Boxing Member Directory. Address: 709 Conklin Road, Binghamton, NY 13903, United States.","Binghamton, NY, United States","Binghamton, NY, United States",United States,Community Program | Parkinson's Care,,in-person,false,unclaimed,0,0,,,6077604487,Rock Steady Boxing - Southern Tier NY,,member-directory,Rock Steady Boxing,"709 Conklin Road, Binghamton, NY 13903, United States",Binghamton,NY,13903,https://members.rocksteadyboxing.org/member-directory/Details/southern-tier-ny-2829844,42.0995066,-75.8535953,2026-03-28T03:14:36.197Z
rock-steady-boxing,Rock Steady Boxing Member Directory,member-directory:southern-tier-ny-vestal-3242170,member-directory-southern-tier-ny-vestal-4433-vestal-pkwy-e-vestal-ny-13850-united-states,Rock Steady Boxing - Southern Tier NY - Vestal,Community Program,Rock Steady Boxing - Southern Tier NY - Vestal is listed in the official Rock Steady Boxing directory.,"Rock Steady Boxing - Southern Tier NY - Vestal is listed in the official Rock Steady Boxing Member Directory. Address: 4433 Vestal Pkwy E, Vestal, NY 13850, United States.","Vestal, NY, United States","Vestal, NY, United States",United States,Community Program | Parkinson's Care,,in-person,false,unclaimed,0,0,http://southerntiervestal.rsbaffiliate.com/,,6072370148,Rock Steady Boxing - Southern Tier NY - Vestal,,member-directory,Rock Steady Boxing,"4433 Vestal Pkwy E, Vestal, NY 13850, United States",Vestal,NY,13850,https://members.rocksteadyboxing.org/member-directory/Details/southern-tier-ny-vestal-3242170,42.0963919,-75.966009,2026-03-28T03:14:36.197Z
rock-steady-boxing,Rock Steady Boxing Member Directory,member-directory:southlake-2829843,member-directory-southlake-100-n-kimball-ave-suite-105-southlake-tx-76092-united-states,"Rock Steady Boxing Southlake, TX",Community Program,"Rock Steady Boxing Southlake, TX is listed in the official Rock Steady Boxing directory.","Rock Steady Boxing Southlake, TX is listed in the official Rock Steady Boxing Member Directory. Address: 100 N. Kimball Ave, Suite 105, Southlake, TX 76092, United States.","Southlake, TX, United States","Southlake, TX, United States",United States,Community Program | Parkinson's Care,,in-person,false,unclaimed,0,0,,,2142064252,"Rock Steady Boxing Southlake, TX",,member-directory,Rock Steady Boxing,"100 N. Kimball Ave, Suite 105, Southlake, TX 76092, United States",Southlake,TX,76092,https://members.rocksteadyboxing.org/member-directory/Details/southlake-2829843,32.9415092,-97.11667229999999,2026-03-28T03:14:36.197Z
rock-steady-boxing,Rock Steady Boxing Member Directory,member-directory:southwest-parkinson-s-fitness-2829841,member-directory-southwest-parkinson-s-fitness-145-north-main-street-cedar-city-ut-84721-united-states,Rock Steady Boxing - Southwest Parkinson's Fitness,Exercise Program,Rock Steady Boxing - Southwest Parkinson's Fitness is listed in the official Rock Steady Boxing directory.,"Rock Steady Boxing - Southwest Parkinson's Fitness is listed in the official Rock Steady Boxing Member Directory. Address: 145 North Main Street, Cedar City, UT 84721, United States.","Cedar City, UT, United States","Cedar City, UT, United States",United States,Boxing | Exercise | Parkinson's Care,,in-person,false,unclaimed,0,0,,,4354637285,Rock Steady Boxing - Southwest Parkinson's Fitness,,member-directory,Rock Steady Boxing,"145 North Main Street, Cedar City, UT 84721, United States",Cedar City,UT,84721,https://members.rocksteadyboxing.org/member-directory/Details/southwest-parkinson-s-fitness-2829841,37.67991689999999,-113.0621614,2026-03-28T03:14:36.197Z
rock-steady-boxing,Rock Steady Boxing Member Directory,member-directory:southwest-washington-2829840,member-directory-southwest-washington-7588-delaware-ln-vancouver-wa-98660-united-states,Rock Steady Boxing - Southwest Washington,Community Program,Rock Steady Boxing - Southwest Washington is listed in the official Rock Steady Boxing directory.,"Rock Steady Boxing - Southwest Washington is listed in the official Rock Steady Boxing Member Directory. Address: 7588 Delaware Ln, Vancouver, WA 98660, United States.","Vancouver, WA, United States","Vancouver, WA, United States",United States,Community Program | Parkinson's Care,,in-person,false,unclaimed,0,0,,,5034071335,Rock Steady Boxing - Southwest Washington,,member-directory,Rock Steady Boxing,"7588 Delaware Ln, Vancouver, WA 98660, United States",Vancouver,WA,98660,https://members.rocksteadyboxing.org/member-directory/Details/southwest-washington-2829840,45.6238932,-122.5918515,2026-03-28T03:14:36.197Z
rock-steady-boxing,Rock Steady Boxing Member Directory,member-directory:space-coast-2829839,member-directory-space-coast-417-5th-ave-suite-101-indialantic-fl-32903-united-states,Rock Steady Boxing - Space Coast,Community Program,Rock Steady Boxing - Space Coast is listed in the official Rock Steady Boxing directory.,"Rock Steady Boxing - Space Coast is listed in the official Rock Steady Boxing Member Directory. Address: 417 5th Ave, Suite 101, Indialantic, FL 32903, United States.","Indialantic, FL, United States","Indialantic, FL, United States",United States,Community Program | Parkinson's Care,,in-person,false,unclaimed,0,0,,,3213723090,Rock Steady Boxing - Space Coast,,member-directory,Rock Steady Boxing,"417 5th Ave, Suite 101, Indialantic, FL 32903, United States",Indialantic,FL,32903,https://members.rocksteadyboxing.org/member-directory/Details/space-coast-2829839,28.0892914,-80.5735456,2026-03-28T03:14:36.197Z
rock-steady-boxing,Rock Steady Boxing Member Directory,member-directory:spaulding-cape-cod-2829838,member-directory-spaulding-cape-cod-311-service-road-east-sandwich-ma-02537-united-states,Rock Steady Boxing - Spaulding Cape Cod,Community Program,Rock Steady Boxing - Spaulding Cape Cod is listed in the official Rock Steady Boxing directory.,"Rock Steady Boxing - Spaulding Cape Cod is listed in the official Rock Steady Boxing Member Directory. Address: 311 Service Road, East Sandwich, MA 02537, United States.","East Sandwich, MA, United States","East Sandwich, MA, United States",United States,Community Program | Parkinson's Care,,in-person,false,unclaimed,0,0,,,5088334197,Rock Steady Boxing - Spaulding Cape Cod,,member-directory,Rock Steady Boxing,"311 Service Road, East Sandwich, MA 02537, United States",East Sandwich,MA,02537,https://members.rocksteadyboxing.org/member-directory/Details/spaulding-cape-cod-2829838,41.7331058,-70.4678267,2026-03-28T03:14:36.197Z
rock-steady-boxing,Rock Steady Boxing Member Directory,member-directory:sports-center-of-morehead-2829835,member-directory-sports-center-of-morehead-701-north-35th-street-morehead-city-nc-28557-united-states,Rock Steady Boxing - Sports Center of Morehead,Community Program,Rock Steady Boxing - Sports Center of Morehead is listed in the official Rock Steady Boxing directory.,"Rock Steady Boxing - Sports Center of Morehead is listed in the official Rock Steady Boxing Member Directory. Address: 701 North 35th Street, Morehead City, NC 28557, United States.","Morehead City, NC, United States","Morehead City, NC, United States",United States,Community Program | Parkinson's Care,,in-person,false,unclaimed,0,0,,,2527267070,Rock Steady Boxing - Sports Center of Morehead,,member-directory,Rock Steady Boxing,"701 North 35th Street, Morehead City, NC 28557, United States",Morehead City,NC,28557,https://members.rocksteadyboxing.org/member-directory/Details/sports-center-of-morehead-2829835,34.7365192,-76.7564663,2026-03-28T03:14:36.197Z
rock-steady-boxing,Rock Steady Boxing Member Directory,member-directory:sports-core-2925909,member-directory-sports-core-100-willow-creek-drive-kohler-wi-53044-united-states,Rock Steady Boxing - Sports Core,Community Program,Rock Steady Boxing - Sports Core is listed in the official Rock Steady Boxing directory.,"Rock Steady Boxing - Sports Core is listed in the official Rock Steady Boxing Member Directory. Address: 100 Willow Creek Drive, Kohler, WI 53044, United States.","Kohler, WI, United States","Kohler, WI, United States",United States,Community Program | Parkinson's Care,,in-person,false,unclaimed,0,0,,,9204574444,Rock Steady Boxing - Sports Core,,member-directory,Rock Steady Boxing,"100 Willow Creek Drive, Kohler, WI 53044, United States",Kohler,WI,53044,https://members.rocksteadyboxing.org/member-directory/Details/sports-core-2925909,43.74879929999999,-87.78225979999999,2026-03-28T03:14:36.197Z
rock-steady-boxing,Rock Steady Boxing Member Directory,member-directory:st-albans-2829833,member-directory-st-albans-890-fairfax-rd-st-albans-vt-05478-united-states,"Rock Steady Boxing St. Albans, VT",Community Program,"Rock Steady Boxing St. Albans, VT is listed in the official Rock Steady Boxing directory.","Rock Steady Boxing St. Albans, VT is listed in the official Rock Steady Boxing Member Directory. Address: 890 Fairfax Rd, St. Albans, VT 05478, United States.","St. Albans, VT, United States","St. Albans, VT, United States",United States,Community Program | Parkinson's Care,,in-person,false,unclaimed,0,0,,,8025271202,"Rock Steady Boxing St. Albans, VT",,member-directory,Rock Steady Boxing,"890 Fairfax Rd, St. Albans, VT 05478, United States",St. Albans,VT,05478,https://members.rocksteadyboxing.org/member-directory/Details/st-albans-2829833,44.79403130000001,-73.0755841,2026-03-28T03:14:36.197Z
rock-steady-boxing,Rock Steady Boxing Member Directory,member-directory:st-anthony-rehab-services-carroll-2829832,member-directory-st-anthony-rehab-services-carroll-311-s-clark-street-carroll-ia-51401-united-states,Rock Steady Boxing - St. Anthony Rehab Services Carroll,Community Program,Rock Steady Boxing - St. Anthony Rehab Services Carroll is listed in the official Rock Steady Boxing directory.,"Rock Steady Boxing - St. Anthony Rehab Services Carroll is listed in the official Rock Steady Boxing Member Directory. Address: 311 S. Clark Street, Carroll, IA 51401, United States.","Carroll, IA, United States","Carroll, IA, United States",United States,Community Program | Parkinson's Care,,in-person,false,unclaimed,0,0,,,7127945241,Rock Steady Boxing - St. Anthony Rehab Services Carroll,,member-directory,Rock Steady Boxing,"311 S. Clark Street, Carroll, IA 51401, United States",Carroll,IA,51401,https://members.rocksteadyboxing.org/member-directory/Details/st-anthony-rehab-services-carroll-2829832,42.0557208,-94.8657176,2026-03-28T03:14:36.197Z
rock-steady-boxing,Rock Steady Boxing Member Directory,member-directory:st-bernards-health-and-wellness-2829831,member-directory-st-bernards-health-and-wellness-1416-east-matthews-avenue-jonesboro-ar-72401-united-states,Rock Steady Boxing - St. Bernards Health and Wellness,Exercise Program,Rock Steady Boxing - St. Bernards Health and Wellness is listed in the official Rock Steady Boxing directory.,"Rock Steady Boxing - St. Bernards Health and Wellness is listed in the official Rock Steady Boxing Member Directory. Address: 1416 East Matthews Avenue, Jonesboro, AR 72401, United States.","Jonesboro, AR, United States","Jonesboro, AR, United States",United States,Boxing | Exercise | Parkinson's Care,,in-person,false,unclaimed,0,0,,,8702077799,Rock Steady Boxing - St. Bernards Health and Wellness,,member-directory,Rock Steady Boxing,"1416 East Matthews Avenue, Jonesboro, AR 72401, United States",Jonesboro,AR,72401,https://members.rocksteadyboxing.org/member-directory/Details/st-bernards-health-and-wellness-2829831,35.8377158,-90.6896105,2026-03-28T03:14:36.197Z
rock-steady-boxing,Rock Steady Boxing Member Directory,member-directory:st-cloud-central-minnesota-2829830,member-directory-st-cloud-central-minnesota-220-7th-ave-south-st-cloud-mn-56301-united-states,"Rock Steady Boxing - St. Cloud, Central Minnesota",Community Program,"Rock Steady Boxing - St. Cloud, Central Minnesota is listed in the official Rock Steady Boxing directory.","Rock Steady Boxing - St. Cloud, Central Minnesota is listed in the official Rock Steady Boxing Member Directory. Address: 220 7th Ave South, St. Cloud, MN 56301, United States.","St. Cloud, MN, United States","St. Cloud, MN, United States",United States,Community Program | Parkinson's Care,,in-person,false,unclaimed,0,0,,,3206540202,"Rock Steady Boxing - St. Cloud, Central Minnesota",,member-directory,Rock Steady Boxing,"220 7th Ave South, St. Cloud, MN 56301, United States",St. Cloud,MN,56301,https://members.rocksteadyboxing.org/member-directory/Details/st-cloud-central-minnesota-2829830,45.557752,-94.1579422,2026-03-28T03:14:36.197Z
rock-steady-boxing,Rock Steady Boxing Member Directory,member-directory:st-george-2829828,member-directory-st-george-2746-e-850-n-suite-1-st-george-ut-84790-united-states,"Rock Steady Boxing St. George, UT",Community Program,"Rock Steady Boxing St. George, UT is listed in the official Rock Steady Boxing directory.","Rock Steady Boxing St. George, UT is listed in the official Rock Steady Boxing Member Directory. Address: 2746 E. 850 N., Suite 1, St. George, UT 84790, United States.","St. George, UT, United States","St. George, UT, United States",United States,Community Program | Parkinson's Care,,in-person,false,unclaimed,0,0,https://www.instagram.com/rocksteadyboxingst.george/,,4357909599,"Rock Steady Boxing St. George, UT",,member-directory,Rock Steady Boxing,"2746 E. 850 N., Suite 1, St. George, UT 84790, United States",St. George,UT,84790,https://members.rocksteadyboxing.org/member-directory/Details/st-george-2829828,37.1224905,-113.5278143,2026-03-28T03:14:36.197Z
rock-steady-boxing,Rock Steady Boxing Member Directory,member-directory:st-josephs-health-eureka-2829827,member-directory-st-josephs-health-eureka-2200-harrison-ave-eureka-ca-95501-united-states,Rock Steady Boxing - St. Josephs Health Eureka,Community Program,Rock Steady Boxing - St. Josephs Health Eureka is listed in the official Rock Steady Boxing directory.,"Rock Steady Boxing - St. Josephs Health Eureka is listed in the official Rock Steady Boxing Member Directory. Address: 2200 Harrison Ave., Eureka, CA 95501, United States.","Eureka, CA, United States","Eureka, CA, United States",United States,Community Program | Parkinson's Care,,in-person,false,unclaimed,0,0,,,7074458121ext566,Rock Steady Boxing - St. Josephs Health Eureka,,member-directory,Rock Steady Boxing,"2200 Harrison Ave., Eureka, CA 95501, United States",Eureka,CA,95501,https://members.rocksteadyboxing.org/member-directory/Details/st-josephs-health-eureka-2829827,40.7884181,-124.1403901,2026-03-28T03:14:36.197Z
rock-steady-boxing,Rock Steady Boxing Member Directory,member-directory:st-louis-2829826,member-directory-st-louis-1050-des-peres-road-st-louis-mo-63131-united-states,"Rock Steady Boxing St. Louis, MO",Community Program,"Rock Steady Boxing St. Louis, MO is listed in the official Rock Steady Boxing directory.","Rock Steady Boxing St. Louis, MO is listed in the official Rock Steady Boxing Member Directory. Address: 1050 Des Peres Road, St. Louis, MO 63131, United States.","St. Louis, MO, United States","St. Louis, MO, United States",United States,Community Program | Parkinson's Care,,in-person,false,unclaimed,0,0,,,3145706477,"Rock Steady Boxing St. Louis, MO",,member-directory,Rock Steady Boxing,"1050 Des Peres Road, St. Louis, MO 63131, United States",St. Louis,MO,63131,https://members.rocksteadyboxing.org/member-directory/Details/st-louis-2829826,38.59998119999999,-90.4546593,2026-03-28T03:14:36.197Z
rock-steady-boxing,Rock Steady Boxing Member Directory,member-directory:st-louis-st-charles-4557507,member-directory-st-louis-st-charles-8980-mexico-road-o-fallon-mo-63366-united-states,Rock Steady Boxing - St. Louis-St. Charles,Community Program,Rock Steady Boxing - St. Louis-St. Charles is listed in the official Rock Steady Boxing directory.,"Rock Steady Boxing - St. Louis-St. Charles is listed in the official Rock Steady Boxing Member Directory. Address: 8980 Mexico Road, O'Fallon, MO 63366, United States.","O'Fallon, MO, United States","O'Fallon, MO, United States",United States,Community Program | Parkinson's Care,,in-person,false,unclaimed,0,0,,,3145706477,Rock Steady Boxing - St. Louis-St. Charles,,member-directory,Rock Steady Boxing,"8980 Mexico Road, O'Fallon, MO 63366, United States",O'Fallon,MO,63366,https://members.rocksteadyboxing.org/member-directory/Details/st-louis-st-charles-4557507,38.7884569,-90.71769839999999,2026-03-28T03:14:36.197Z
rock-steady-boxing,Rock Steady Boxing Member Directory,member-directory:st-mary-medical-center-2829824,member-directory-st-mary-medical-center-1201-cumberland-crossing-road-valparaiso-in-46383-united-states,Rock Steady Boxing - St. Mary Medical Center,Community Program,Rock Steady Boxing - St. Mary Medical Center is listed in the official Rock Steady Boxing directory.,"Rock Steady Boxing - St. Mary Medical Center is listed in the official Rock Steady Boxing Member Directory. Address: 1201 Cumberland Crossing Road, Valparaiso, IN 46383, United States.","Valparaiso, IN, United States","Valparaiso, IN, United States",United States,Community Program | Parkinson's Care,,in-person,false,unclaimed,0,0,,,2192863890,Rock Steady Boxing - St. Mary Medical Center,,member-directory,Rock Steady Boxing,"1201 Cumberland Crossing Road, Valparaiso, IN 46383, United States",Valparaiso,IN,46383,https://members.rocksteadyboxing.org/member-directory/Details/st-mary-medical-center-2829824,41.4970667,-87.046656,2026-03-28T03:14:36.197Z
rock-steady-boxing,Rock Steady Boxing Member Directory,member-directory:st-mary-s-county-family-ymca-3280844,member-directory-st-mary-s-county-family-ymca-23630-hayden-farm-road-leonardtown-md-20650-united-states,Rock Steady Boxing - St. Mary's County Family YMCA,Community Program,Rock Steady Boxing - St. Mary's County Family YMCA is listed in the official Rock Steady Boxing directory.,"Rock Steady Boxing - St. Mary's County Family YMCA is listed in the official Rock Steady Boxing Member Directory. Address: 23630 Hayden Farm Road, Leonardtown, MD 20650, United States.","Leonardtown, MD, United States","Leonardtown, MD, United States",United States,Community Program | Parkinson's Care,,in-person,false,unclaimed,0,0,,,,Rock Steady Boxing - St. Mary's County Family YMCA,,member-directory,Rock Steady Boxing,"23630 Hayden Farm Road, Leonardtown, MD 20650, United States",Leonardtown,MD,20650,https://members.rocksteadyboxing.org/member-directory/Details/st-mary-s-county-family-ymca-3280844,38.3131683,-76.63492389999999,2026-03-28T03:14:36.197Z
rock-steady-boxing,Rock Steady Boxing Member Directory,member-directory:star-center-2829823,member-directory-star-center-1011-la-crosse-st-la-crosse-wi-54601-united-states,Rock Steady Boxing - Star Center,Community Program,Rock Steady Boxing - Star Center is listed in the official Rock Steady Boxing directory.,"Rock Steady Boxing - Star Center is listed in the official Rock Steady Boxing Member Directory. Address: 1011 La Crosse St, La Crosse, WI 54601, United States.","La Crosse, WI, United States","La Crosse, WI, United States",United States,Community Program | Parkinson's Care,,in-person,false,unclaimed,0,0,https://starcenterlacrosse.org/,,6087976295,Rock Steady Boxing - Star Center,,member-directory,Rock Steady Boxing,"1011 La Crosse St, La Crosse, WI 54601, United States",La Crosse,WI,54601,https://members.rocksteadyboxing.org/member-directory/Details/star-center-2829823,43.8174557,-91.2419931,2026-03-28T03:14:36.197Z
rock-steady-boxing,Rock Steady Boxing Member Directory,member-directory:staten-island-south-shore-2829821,member-directory-staten-island-south-shore-236-richmond-valley-road-staten-island-ny-10309-united-states,"Rock Steady Boxing - Staten Island, South Shore",Community Program,"Rock Steady Boxing - Staten Island, South Shore is listed in the official Rock Steady Boxing directory.","Rock Steady Boxing - Staten Island, South Shore is listed in the official Rock Steady Boxing Member Directory. Address: 236 Richmond Valley Road, Staten Island, NY 10309, United States.","Staten Island, NY, United States","Staten Island, NY, United States",United States,Community Program | Parkinson's Care,,in-person,false,unclaimed,0,0,,,9089227280,"Rock Steady Boxing - Staten Island, South Shore",,member-directory,Rock Steady Boxing,"236 Richmond Valley Road, Staten Island, NY 10309, United States",Staten Island,NY,10309,https://members.rocksteadyboxing.org/member-directory/Details/staten-island-south-shore-2829821,40.5204775,-74.23681289999999,2026-03-28T03:14:36.197Z
rock-steady-boxing,Rock Steady Boxing Member Directory,member-directory:staunton-augusta-ymca-2829820,member-directory-staunton-augusta-ymca-708-north-coalter-street-staunton-va-24401-united-states,Rock Steady Boxing - Staunton-Augusta YMCA,Community Program,Rock Steady Boxing - Staunton-Augusta YMCA is listed in the official Rock Steady Boxing directory.,"Rock Steady Boxing - Staunton-Augusta YMCA is listed in the official Rock Steady Boxing Member Directory. Address: 708 North Coalter Street, Staunton, VA 24401, United States.","Staunton, VA, United States","Staunton, VA, United States",United States,Community Program | Parkinson's Care,,in-person,false,unclaimed,0,0,,,5408858089,Rock Steady Boxing - Staunton-Augusta YMCA,,member-directory,Rock Steady Boxing,"708 North Coalter Street, Staunton, VA 24401, United States",Staunton,VA,24401,https://members.rocksteadyboxing.org/member-directory/Details/staunton-augusta-ymca-2829820,38.1607005,-79.06248599999999,2026-03-28T03:14:36.197Z
rock-steady-boxing,Rock Steady Boxing Member Directory,member-directory:stephens-family-ymca-2829819,member-directory-stephens-family-ymca-2501-fields-south-drive-champaign-il-61822-united-states,Rock Steady Boxing - Stephens Family YMCA,Community Program,Rock Steady Boxing - Stephens Family YMCA is listed in the official Rock Steady Boxing directory.,"Rock Steady Boxing - Stephens Family YMCA is listed in the official Rock Steady Boxing Member Directory. Address: 2501 Fields South Drive, Champaign, IL 61822, United States.","Champaign, IL, United States","Champaign, IL, United States",United States,Community Program | Parkinson's Care,,in-person,false,unclaimed,0,0,,,2172396088,Rock Steady Boxing - Stephens Family YMCA,,member-directory,Rock Steady Boxing,"2501 Fields South Drive, Champaign, IL 61822, United States",Champaign,IL,61822,https://members.rocksteadyboxing.org/member-directory/Details/stephens-family-ymca-2829819,40.0813085,-88.31071870000001,2026-03-28T03:14:36.197Z
rock-steady-boxing,Rock Steady Boxing Member Directory,member-directory:sterling-estates-senior-living-community-3271631,member-directory-sterling-estates-senior-living-community-3165-dallas-hwy-building-1000-marietta-ga-30064-united-states,Rock Steady Boxing - Sterling Estates Senior Living Community,Community Program,Rock Steady Boxing - Sterling Estates Senior Living Community is listed in the official Rock Steady Boxing directory.,"Rock Steady Boxing - Sterling Estates Senior Living Community is listed in the official Rock Steady Boxing Member Directory. Address: 3165 Dallas Hwy, Building 1000, Marietta, GA 30064, United States.","Marietta, GA, United States","Marietta, GA, United States",United States,Community Program | Parkinson's Care,,in-person,false,unclaimed,0,0,http://www.sterlingestates.com/,,7702557000,Rock Steady Boxing - Sterling Estates Senior Living Community,,member-directory,Rock Steady Boxing,"3165 Dallas Hwy, Building 1000, Marietta, GA 30064, United States",Marietta,GA,30064,https://members.rocksteadyboxing.org/member-directory/Details/sterling-estates-senior-living-community-3271631,33.9514683,-84.644131,2026-03-28T03:14:36.197Z
rock-steady-boxing,Rock Steady Boxing Member Directory,member-directory:stl-fenton-2829818,member-directory-stl-fenton-2275-cassens-court-fenton-mo-63026-united-states,Rock Steady Boxing - STL Fenton,Community Program,Rock Steady Boxing - STL Fenton is listed in the official Rock Steady Boxing directory.,"Rock Steady Boxing - STL Fenton is listed in the official Rock Steady Boxing Member Directory. Address: 2275 Cassens Court, Fenton, MO 63026, United States.","Fenton, MO, United States","Fenton, MO, United States",United States,Community Program | Parkinson's Care,,in-person,false,unclaimed,0,0,https://www.facebook.com/RSBSTL/,,3148049117,Rock Steady Boxing - STL Fenton,,member-directory,Rock Steady Boxing,"2275 Cassens Court, Fenton, MO 63026, United States",Fenton,MO,63026,https://members.rocksteadyboxing.org/member-directory/Details/stl-fenton-2829818,38.54908500000001,-90.4448567,2026-03-28T03:14:36.197Z
rock-steady-boxing,Rock Steady Boxing Member Directory,member-directory:stockholm-4645248,member-directory-stockholm-frejgatan-32a-stockholm-stockholms-lan-11326-sweden,Rock Steady Boxing Stockholm,Community Program,Rock Steady Boxing Stockholm is listed in the official Rock Steady Boxing directory.,"Rock Steady Boxing Stockholm is listed in the official Rock Steady Boxing Member Directory. Address: Frejgatan 32a, Stockholm, Stockholms lan 11326, Sweden.","Stockholm, Stockholms lan, Sweden","Stockholm, Stockholms lan, Sweden",Sweden,Community Program | Parkinson's Care,,in-person,false,unclaimed,0,0,,,+460708961321,Rock Steady Boxing Stockholm,,member-directory,Rock Steady Boxing,"Frejgatan 32a, Stockholm, Stockholms lan 11326, Sweden",Stockholm,Stockholms lan,11326,https://members.rocksteadyboxing.org/member-directory/Details/stockholm-4645248,59.3452393,18.0485179,2026-03-28T03:14:36.197Z
rock-steady-boxing,Rock Steady Boxing Member Directory,member-directory:suffield-ct-2829816,member-directory-suffield-ct-11-high-street-suite-105-suffield-ct-06078-united-states,"Rock Steady Boxing Suffield, CT",Community Program,"Rock Steady Boxing Suffield, CT is listed in the official Rock Steady Boxing directory.","Rock Steady Boxing Suffield, CT is listed in the official Rock Steady Boxing Member Directory. Address: 11 High Street, Suite 105, Suffield, CT 06078, United States.","Suffield, CT, United States","Suffield, CT, United States",United States,Community Program | Parkinson's Care,,in-person,false,unclaimed,0,0,,,8607298614,"Rock Steady Boxing Suffield, CT",,member-directory,Rock Steady Boxing,"11 High Street, Suite 105, Suffield, CT 06078, United States",Suffield,CT,06078,https://members.rocksteadyboxing.org/member-directory/Details/suffield-ct-2829816,41.981836,-72.65220029999999,2026-03-28T03:14:36.197Z
rock-steady-boxing,Rock Steady Boxing Member Directory,member-directory:superior-boxing-gym-3439671,member-directory-superior-boxing-gym-730-cardley-ave-medford-or-97504-united-states,Rock Steady Boxing - Superior Boxing Gym,Exercise Program,Rock Steady Boxing - Superior Boxing Gym is listed in the official Rock Steady Boxing directory.,"Rock Steady Boxing - Superior Boxing Gym is listed in the official Rock Steady Boxing Member Directory. Address: 730 Cardley Ave, Medford, OR 97504, United States.","Medford, OR, United States","Medford, OR, United States",United States,Boxing | Exercise | Parkinson's Care,,in-person,false,unclaimed,0,0,,,5413018935,Rock Steady Boxing - Superior Boxing Gym,,member-directory,Rock Steady Boxing,"730 Cardley Ave, Medford, OR 97504, United States",Medford,OR,97504,https://members.rocksteadyboxing.org/member-directory/Details/superior-boxing-gym-3439671,42.3366488,-122.8677238,2026-03-28T03:14:36.197Z
rock-steady-boxing,Rock Steady Boxing Member Directory,member-directory:sutter-auburn-faith-hospital-2829814,member-directory-sutter-auburn-faith-hospital-11815-education-st-auburn-ca-95602-united-states,Rock Steady Boxing - Sutter Auburn Faith Hospital,Community Program,Rock Steady Boxing - Sutter Auburn Faith Hospital is listed in the official Rock Steady Boxing directory.,"Rock Steady Boxing - Sutter Auburn Faith Hospital is listed in the official Rock Steady Boxing Member Directory. Address: 11815 Education St, Auburn, CA 95602, United States.","Auburn, CA, United States","Auburn, CA, United States",United States,Community Program | Parkinson's Care,,in-person,false,unclaimed,0,0,,,5308896088,Rock Steady Boxing - Sutter Auburn Faith Hospital,,member-directory,Rock Steady Boxing,"11815 Education St, Auburn, CA 95602, United States",Auburn,CA,95602,https://members.rocksteadyboxing.org/member-directory/Details/sutter-auburn-faith-hospital-2829814,38.9452952,-121.1006825,2026-03-28T03:14:36.197Z
rock-steady-boxing,Rock Steady Boxing Member Directory,member-directory:sweat-therapy-fitness-2829813,member-directory-sweat-therapy-fitness-1122-thomasville-road-tallahassee-fl-32303-united-states,Rock Steady Boxing - Sweat Therapy Fitness,Exercise Program,Rock Steady Boxing - Sweat Therapy Fitness is listed in the official Rock Steady Boxing directory.,"Rock Steady Boxing - Sweat Therapy Fitness is listed in the official Rock Steady Boxing Member Directory. Address: 1122 Thomasville Road, Tallahassee, FL 32303, United States.","Tallahassee, FL, United States","Tallahassee, FL, United States",United States,Boxing | Exercise | Parkinson's Care,,in-person,false,unclaimed,0,0,,,8502221781,Rock Steady Boxing - Sweat Therapy Fitness,,member-directory,Rock Steady Boxing,"1122 Thomasville Road, Tallahassee, FL 32303, United States",Tallahassee,FL,32303,https://members.rocksteadyboxing.org/member-directory/Details/sweat-therapy-fitness-2829813,30.4542812,-84.2788204,2026-03-28T03:14:36.197Z
rock-steady-boxing,Rock Steady Boxing Member Directory,member-directory:synergy-health-club-napa-2829811,member-directory-synergy-health-club-napa-3421-villa-lane-napa-ca-94558-united-states,Rock Steady Boxing - Synergy Health Club- Napa,Community Program,Rock Steady Boxing - Synergy Health Club- Napa is listed in the official Rock Steady Boxing directory.,"Rock Steady Boxing - Synergy Health Club- Napa is listed in the official Rock Steady Boxing Member Directory. Address: 3421 Villa Lane, Napa, CA 94558, United States.","Napa, CA, United States","Napa, CA, United States",United States,Community Program | Parkinson's Care,,in-person,false,unclaimed,0,0,,,7072511395,Rock Steady Boxing - Synergy Health Club- Napa,,member-directory,Rock Steady Boxing,"3421 Villa Lane, Napa, CA 94558, United States",Napa,CA,94558,https://members.rocksteadyboxing.org/member-directory/Details/synergy-health-club-napa-2829811,38.3246613,-122.2938601,2026-03-28T03:14:36.197Z
rock-steady-boxing,Rock Steady Boxing Member Directory,member-directory:takamatsu-kyodo-4097802,member-directory-takamatsu-kyodo-4703-2-kitachou-takamatsu-kagawa-760-0080-japan,Rock Steady Boxing - Takamatsu Kyodo,Community Program,Rock Steady Boxing - Takamatsu Kyodo is listed in the official Rock Steady Boxing directory.,"Rock Steady Boxing - Takamatsu Kyodo is listed in the official Rock Steady Boxing Member Directory. Address: 4703-2 Kitachou, Takamatsu, Kagawa 760-0080, Japan.","Takamatsu, Japan","Takamatsu, Japan",Japan,Community Program | Parkinson's Care,,in-person,false,unclaimed,0,0,,,,Rock Steady Boxing - Takamatsu Kyodo,,member-directory,Rock Steady Boxing,"4703-2 Kitachou, Takamatsu, Kagawa 760-0080, Japan",Takamatsu,,,https://members.rocksteadyboxing.org/member-directory/Details/takamatsu-kyodo-4097802,34.3258448,134.0746357,2026-03-28T03:14:36.197Z
rock-steady-boxing,Rock Steady Boxing Member Directory,member-directory:takedown-gym-2829808,member-directory-takedown-gym-17192-state-highway-371-brainerd-mn-56401-united-states,Rock Steady Boxing - Takedown Gym,Exercise Program,Rock Steady Boxing - Takedown Gym is listed in the official Rock Steady Boxing directory.,"Rock Steady Boxing - Takedown Gym is listed in the official Rock Steady Boxing Member Directory. Address: 17192 State Highway 371, Brainerd, MN 56401, United States.","Brainerd, MN, United States","Brainerd, MN, United States",United States,Boxing | Exercise | Parkinson's Care,,in-person,false,unclaimed,0,0,,,2184541770,Rock Steady Boxing - Takedown Gym,,member-directory,Rock Steady Boxing,"17192 State Highway 371, Brainerd, MN 56401, United States",Brainerd,MN,56401,https://members.rocksteadyboxing.org/member-directory/Details/takedown-gym-2829808,46.4012772,-94.2781105,2026-03-28T03:14:36.197Z
rock-steady-boxing,Rock Steady Boxing Member Directory,member-directory:tallgrass-creek-2829807,member-directory-tallgrass-creek-13800-metcalf-ave-overland-park-ks-66223-united-states,Rock Steady Boxing - Tallgrass Creek,Community Program,Rock Steady Boxing - Tallgrass Creek is listed in the official Rock Steady Boxing directory.,"Rock Steady Boxing - Tallgrass Creek is listed in the official Rock Steady Boxing Member Directory. Address: 13800 Metcalf Ave, Overland park, KS 66223, United States.","Overland park, KS, United States","Overland park, KS, United States",United States,Community Program | Parkinson's Care,,in-person,false,unclaimed,0,0,,,9139452041,Rock Steady Boxing - Tallgrass Creek,,member-directory,Rock Steady Boxing,"13800 Metcalf Ave, Overland park, KS 66223, United States",Overland park,KS,66223,https://members.rocksteadyboxing.org/member-directory/Details/tallgrass-creek-2829807,38.8785309,-94.6681813,2026-03-28T03:14:36.198Z
rock-steady-boxing,Rock Steady Boxing Member Directory,member-directory:taylorville-2829803,member-directory-taylorville-900-mc-adam-dr-taylorville-il-62568-united-states,"Rock Steady Boxing Taylorville, IL",Community Program,"Rock Steady Boxing Taylorville, IL is listed in the official Rock Steady Boxing directory.","Rock Steady Boxing Taylorville, IL is listed in the official Rock Steady Boxing Member Directory. Address: 900 Mc Adam Dr, Taylorville, IL 62568, United States.","Taylorville, IL, United States","Taylorville, IL, United States",United States,Community Program | Parkinson's Care,,in-person,false,unclaimed,0,0,,,2178201799,"Rock Steady Boxing Taylorville, IL",,member-directory,Rock Steady Boxing,"900 Mc Adam Dr, Taylorville, IL 62568, United States",Taylorville,IL,62568,https://members.rocksteadyboxing.org/member-directory/Details/taylorville-2829803,39.5570819,-89.2753754,2026-03-28T03:14:36.198Z
rock-steady-boxing,Rock Steady Boxing Member Directory,member-directory:temecula-2829801,member-directory-temecula-42095-zevo-drive-temecula-ca-92590-united-states,"Rock Steady Boxing Temecula, CA",Community Program,"Rock Steady Boxing Temecula, CA is listed in the official Rock Steady Boxing directory.","Rock Steady Boxing Temecula, CA is listed in the official Rock Steady Boxing Member Directory. Address: 42095 Zevo Drive, Temecula, CA 92590, United States.","Temecula, CA, United States","Temecula, CA, United States",United States,Community Program | Parkinson's Care,,in-person,false,unclaimed,0,0,,,9519729359,"Rock Steady Boxing Temecula, CA",,member-directory,Rock Steady Boxing,"42095 Zevo Drive, Temecula, CA 92590, United States",Temecula,CA,92590,https://members.rocksteadyboxing.org/member-directory/Details/temecula-2829801,33.5126739,-117.178544,2026-03-28T03:14:36.198Z
rock-steady-boxing,Rock Steady Boxing Member Directory,member-directory:terre-haute-2917228,member-directory-terre-haute-1627-poplar-street-terre-haute-in-47807-united-states,"Rock Steady Boxing Terre Haute, IN",Community Program,"Rock Steady Boxing Terre Haute, IN is listed in the official Rock Steady Boxing directory.","Rock Steady Boxing Terre Haute, IN is listed in the official Rock Steady Boxing Member Directory. Address: 1627 Poplar Street, Terre Haute, IN 47807, United States.","Terre Haute, IN, United States","Terre Haute, IN, United States",United States,Community Program | Parkinson's Care,,in-person,false,unclaimed,0,0,,,8122417395,"Rock Steady Boxing Terre Haute, IN",,member-directory,Rock Steady Boxing,"1627 Poplar Street, Terre Haute, IN 47807, United States",Terre Haute,IN,47807,https://members.rocksteadyboxing.org/member-directory/Details/terre-haute-2917228,39.462738,-87.3907986,2026-03-28T03:14:36.198Z
rock-steady-boxing,Rock Steady Boxing Member Directory,member-directory:the-bandeen-center-4596911,member-directory-the-bandeen-center-133-east-58th-street-603-new-york-city-ny-10022-united-states,Rock Steady Boxing - The Bandeen Center,Community Program,Rock Steady Boxing - The Bandeen Center is listed in the official Rock Steady Boxing directory.,"Rock Steady Boxing - The Bandeen Center is listed in the official Rock Steady Boxing Member Directory. Address: 133 East 58th Street, 603, New York City, NY 10022, United States.","New York City, NY, United States","New York City, NY, United States",United States,Community Program | Parkinson's Care,,in-person,false,unclaimed,0,0,https://parkinsonswf.org/,,+12128313476,Rock Steady Boxing - The Bandeen Center,,member-directory,Rock Steady Boxing,"133 East 58th Street, 603, New York City, NY 10022, United States",New York City,NY,10022,https://members.rocksteadyboxing.org/member-directory/Details/the-bandeen-center-4596911,40.76195999999999,-73.9689108,2026-03-28T03:14:36.198Z
rock-steady-boxing,Rock Steady Boxing Member Directory,member-directory:the-becoming-center-at-artman-3280766,member-directory-the-becoming-center-at-artman-250-n-bethlehem-pike-ambler-pa-19002-united-states,Rock Steady Boxing - The Becoming Center at Artman,Community Program,Rock Steady Boxing - The Becoming Center at Artman is listed in the official Rock Steady Boxing directory.,"Rock Steady Boxing - The Becoming Center at Artman is listed in the official Rock Steady Boxing Member Directory. Address: 250 N. Bethlehem Pike, Ambler, PA 19002, United States.","Ambler, PA, United States","Ambler, PA, United States",United States,Community Program | Parkinson's Care,,in-person,false,unclaimed,0,0,,,2156439908,Rock Steady Boxing - The Becoming Center at Artman,,member-directory,Rock Steady Boxing,"250 N. Bethlehem Pike, Ambler, PA 19002, United States",Ambler,PA,19002,https://members.rocksteadyboxing.org/member-directory/Details/the-becoming-center-at-artman-3280766,40.1668566,-75.2211961,2026-03-28T03:14:36.198Z
rock-steady-boxing,Rock Steady Boxing Member Directory,member-directory:the-bodysmith-2829799,member-directory-the-bodysmith-1136-e-st-louis-springfield-mo-65806-united-states,Rock Steady Boxing - The Bodysmith,Community Program,Rock Steady Boxing - The Bodysmith is listed in the official Rock Steady Boxing directory.,"Rock Steady Boxing - The Bodysmith is listed in the official Rock Steady Boxing Member Directory. Address: 1136 E. St. Louis, Springfield, MO 65806, United States.","Springfield, MO, United States","Springfield, MO, United States",United States,Community Program | Parkinson's Care,,in-person,false,unclaimed,0,0,,,4178650500,Rock Steady Boxing - The Bodysmith,,member-directory,Rock Steady Boxing,"1136 E. St. Louis, Springfield, MO 65806, United States",Springfield,MO,65806,https://members.rocksteadyboxing.org/member-directory/Details/the-bodysmith-2829799,37.2092827,-93.276871,2026-03-28T03:14:36.198Z
rock-steady-boxing,Rock Steady Boxing Member Directory,member-directory:the-cardinal-at-north-hills-2829798,member-directory-the-cardinal-at-north-hills-4030-cardinal-at-north-hills-street-raleigh-nc-27609-united-states,Rock Steady Boxing - The Cardinal at North Hills,Community Program,Rock Steady Boxing - The Cardinal at North Hills is listed in the official Rock Steady Boxing directory.,"Rock Steady Boxing - The Cardinal at North Hills is listed in the official Rock Steady Boxing Member Directory. Address: 4030 Cardinal at North Hills Street, Raleigh, NC 27609, United States.","Raleigh, NC, United States","Raleigh, NC, United States",United States,Community Program | Parkinson's Care,,in-person,false,unclaimed,0,0,,,9842063830,Rock Steady Boxing - The Cardinal at North Hills,,member-directory,Rock Steady Boxing,"4030 Cardinal at North Hills Street, Raleigh, NC 27609, United States",Raleigh,NC,27609,https://members.rocksteadyboxing.org/member-directory/Details/the-cardinal-at-north-hills-2829798,35.8357304,-78.6358398,2026-03-28T03:14:36.198Z
rock-steady-boxing,Rock Steady Boxing Member Directory,member-directory:the-commons-on-marice-2829796,member-directory-the-commons-on-marice-1380-marice-drive-eagan-mn-55121-united-states,Rock Steady Boxing - The Commons on Marice,Community Program,Rock Steady Boxing - The Commons on Marice is listed in the official Rock Steady Boxing directory.,"Rock Steady Boxing - The Commons on Marice is listed in the official Rock Steady Boxing Member Directory. Address: 1380 Marice Drive, Eagan, MN 55121, United States.","Eagan, MN, United States","Eagan, MN, United States",United States,Community Program | Parkinson's Care,,in-person,false,unclaimed,0,0,,,6516889999,Rock Steady Boxing - The Commons on Marice,,member-directory,Rock Steady Boxing,"1380 Marice Drive, Eagan, MN 55121, United States",Eagan,MN,55121,https://members.rocksteadyboxing.org/member-directory/Details/the-commons-on-marice-2829796,44.8364159,-93.1651773,2026-03-28T03:14:36.198Z
rock-steady-boxing,Rock Steady Boxing Member Directory,member-directory:the-crossings-wellness-rehabilitation-2829795,member-directory-the-crossings-wellness-and-rehabilitation-1203-washington-st-la-porte-in-46350-united-states,Rock Steady Boxing - The Crossings Wellness & Rehabilitation,Exercise Program,Rock Steady Boxing - The Crossings Wellness & Rehabilitation is listed in the official Rock Steady Boxing directory.,"Rock Steady Boxing - The Crossings Wellness & Rehabilitation is listed in the official Rock Steady Boxing Member Directory. Address: 1203 Washington St, La Porte, IN 46350, United States.","La Porte, IN, United States","La Porte, IN, United States",United States,Boxing | Exercise | Parkinson's Care,,in-person,false,unclaimed,0,0,,,2193261297,Rock Steady Boxing - The Crossings Wellness & Rehabilitation,,member-directory,Rock Steady Boxing,"1203 Washington St, La Porte, IN 46350, United States",La Porte,IN,46350,https://members.rocksteadyboxing.org/member-directory/Details/the-crossings-wellness-rehabilitation-2829795,41.6105408,-86.72683239999999,2026-03-28T03:14:36.198Z
rock-steady-boxing,Rock Steady Boxing Member Directory,member-directory:the-falls-4616524,member-directory-the-falls-wisconsin-athletic-club-n91w15700-falls-pkwy-menomonee-falls-wi-53051-united-states,Rock Steady Boxing - The Falls,Community Program,Rock Steady Boxing - The Falls is listed in the official Rock Steady Boxing directory.,"Rock Steady Boxing - The Falls is listed in the official Rock Steady Boxing Member Directory. Address: Wisconsin Athletic Club, N91W15700 Falls Pkwy, Menomonee Falls, WI 53051, United States.","Menomonee Falls, WI, United States","Menomonee Falls, WI, United States",United States,Community Program | Parkinson's Care,,in-person,false,unclaimed,0,0,,,2622555700,Rock Steady Boxing - The Falls,,member-directory,Rock Steady Boxing,"Wisconsin Athletic Club, N91W15700 Falls Pkwy, Menomonee Falls, WI 53051, United States",Menomonee Falls,WI,53051,https://members.rocksteadyboxing.org/member-directory/Details/the-falls-4616524,43.1825617,-88.1045421,2026-03-28T03:14:36.198Z
rock-steady-boxing,Rock Steady Boxing Member Directory,member-directory:the-fitzgerald-of-palisades-4212585,member-directory-the-fitzgerald-of-palisades-4865-macarthur-blvd-nw-washington-dc-20007-united-states,Rock Steady Boxing - The Fitzgerald of Palisades,Community Program,Rock Steady Boxing - The Fitzgerald of Palisades is listed in the official Rock Steady Boxing directory.,"Rock Steady Boxing - The Fitzgerald of Palisades is listed in the official Rock Steady Boxing Member Directory. Address: 4865 MacArthur Blvd NW, Washington, DC 20007, United States.","Washington, DC, United States","Washington, DC, United States",United States,Community Program | Parkinson's Care,,in-person,false,unclaimed,0,0,,,2029320817,Rock Steady Boxing - The Fitzgerald of Palisades,,member-directory,Rock Steady Boxing,"4865 MacArthur Blvd NW, Washington, DC 20007, United States",Washington,DC,20007,https://members.rocksteadyboxing.org/member-directory/Details/the-fitzgerald-of-palisades-4212585,38.917451,-77.09588149999999,2026-03-28T03:14:36.198Z
rock-steady-boxing,Rock Steady Boxing Member Directory,member-directory:the-gallery-at-hacienda-lakes-4487613,member-directory-the-gallery-at-hacienda-lakes-8480-rattlesnake-hammock-rd-naples-fl-34114-united-states,Rock Steady Boxing - The Gallery at Hacienda Lakes,Community Program,Rock Steady Boxing - The Gallery at Hacienda Lakes is listed in the official Rock Steady Boxing directory.,"Rock Steady Boxing - The Gallery at Hacienda Lakes is listed in the official Rock Steady Boxing Member Directory. Address: 8480 Rattlesnake Hammock Rd, Naples, FL 34114, United States.","Naples, FL, United States","Naples, FL, United States",United States,Community Program | Parkinson's Care,,in-person,false,unclaimed,0,0,,,2394272999,Rock Steady Boxing - The Gallery at Hacienda Lakes,,member-directory,Rock Steady Boxing,"8480 Rattlesnake Hammock Rd, Naples, FL 34114, United States",Naples,FL,34114,https://members.rocksteadyboxing.org/member-directory/Details/the-gallery-at-hacienda-lakes-4487613,26.110874,-81.680702,2026-03-28T03:14:36.198Z
rock-steady-boxing,Rock Steady Boxing Member Directory,member-directory:the-greater-morristown-ymca-4628751,member-directory-the-greater-morristown-ymca-79-horshill-rd-79-horshill-rd-cedar-knolls-nj-07927-united-states,Rock Steady Boxing - The Greater Morristown YMCA,Community Program,Rock Steady Boxing - The Greater Morristown YMCA is listed in the official Rock Steady Boxing directory.,"Rock Steady Boxing - The Greater Morristown YMCA is listed in the official Rock Steady Boxing Member Directory. Address: 79 Horshill Rd., 79 Horshill Rd., Cedar knolls, NJ 07927, United States.","Cedar knolls, NJ, United States","Cedar knolls, NJ, United States",United States,Community Program | Parkinson's Care,,in-person,false,unclaimed,0,0,https://morristownymca.org/,,+19732670704,Rock Steady Boxing - The Greater Morristown YMCA,,member-directory,Rock Steady Boxing,"79 Horshill Rd., 79 Horshill Rd., Cedar knolls, NJ 07927, United States",Cedar knolls,NJ,07927,https://members.rocksteadyboxing.org/member-directory/Details/the-greater-morristown-ymca-4628751,40.8123496,-74.4651104,2026-03-28T03:14:36.198Z
rock-steady-boxing,Rock Steady Boxing Member Directory,member-directory:the-inn-on-westport-2829794,member-directory-the-inn-on-westport-4000-s-westport-ave-sioux-falls-sd-57106-united-states,Rock Steady Boxing - The Inn on Westport,Community Program,Rock Steady Boxing - The Inn on Westport is listed in the official Rock Steady Boxing directory.,"Rock Steady Boxing - The Inn on Westport is listed in the official Rock Steady Boxing Member Directory. Address: 4000 S. Westport Ave., Sioux Falls, SD 57106, United States.","Sioux Falls, SD, United States","Sioux Falls, SD, United States",United States,Community Program | Parkinson's Care,,in-person,false,unclaimed,0,0,,,6053621210,Rock Steady Boxing - The Inn on Westport,,member-directory,Rock Steady Boxing,"4000 S. Westport Ave., Sioux Falls, SD 57106, United States",Sioux Falls,SD,57106,https://members.rocksteadyboxing.org/member-directory/Details/the-inn-on-westport-2829794,43.5083521,-96.76640069999999,2026-03-28T03:14:36.198Z
rock-steady-boxing,Rock Steady Boxing Member Directory,member-directory:the-ivey-4601653,member-directory-the-ivey-6030-park-south-drive-the-ivey-charlotte-nc-28210-united-states,Rock Steady Boxing - The Ivey,Community Program,Rock Steady Boxing - The Ivey is listed in the official Rock Steady Boxing directory.,"Rock Steady Boxing - The Ivey is listed in the official Rock Steady Boxing Member Directory. Address: 6030 Park South Drive, The Ivey, Charlotte, NC 28210, United States.","Charlotte, NC, United States","Charlotte, NC, United States",United States,Community Program | Parkinson's Care,,in-person,false,unclaimed,0,0,https://theivey.com/,,+17049092070,Rock Steady Boxing - The Ivey,,member-directory,Rock Steady Boxing,"6030 Park South Drive, The Ivey, Charlotte, NC 28210, United States",Charlotte,NC,28210,https://members.rocksteadyboxing.org/member-directory/Details/the-ivey-4601653,35.149732,-80.84379059999999,2026-03-28T03:14:36.198Z
rock-steady-boxing,Rock Steady Boxing Member Directory,member-directory:the-jewish-home-2829793,member-directory-the-jewish-home-685-westwood-avenue-rivervale-nj-07675-united-states,Rock Steady Boxing - The Jewish Home,Community Program,Rock Steady Boxing - The Jewish Home is listed in the official Rock Steady Boxing directory.,"Rock Steady Boxing - The Jewish Home is listed in the official Rock Steady Boxing Member Directory. Address: 685 Westwood Avenue, Rivervale, NJ 07675, United States.","Rivervale, NJ, United States","Rivervale, NJ, United States",United States,Community Program | Parkinson's Care,,in-person,false,unclaimed,0,0,,,2016662370,Rock Steady Boxing - The Jewish Home,,member-directory,Rock Steady Boxing,"685 Westwood Avenue, Rivervale, NJ 07675, United States",Rivervale,NJ,07675,https://members.rocksteadyboxing.org/member-directory/Details/the-jewish-home-2829793,40.994474,-74.0041687,2026-03-28T03:14:36.198Z
rock-steady-boxing,Rock Steady Boxing Member Directory,member-directory:the-jkc-2829792,member-directory-the-jkc-5801-west-115th-street-overland-park-ks-66211-united-states,Rock Steady Boxing - The JKC,Community Program,Rock Steady Boxing - The JKC is listed in the official Rock Steady Boxing directory.,"Rock Steady Boxing - The JKC is listed in the official Rock Steady Boxing Member Directory. Address: 5801 West 115th Street, Overland Park, KS 66211, United States.","Overland Park, KS, United States","Overland Park, KS, United States",United States,Community Program | Parkinson's Care,,in-person,false,unclaimed,0,0,,,9133278028,Rock Steady Boxing - The JKC,,member-directory,Rock Steady Boxing,"5801 West 115th Street, Overland Park, KS 66211, United States",Overland Park,KS,66211,https://members.rocksteadyboxing.org/member-directory/Details/the-jkc-2829792,38.9184219,-94.6528652,2026-03-28T03:14:36.198Z
rock-steady-boxing,Rock Steady Boxing Member Directory,member-directory:the-kenwood-by-senior-star-2829791,member-directory-the-kenwood-by-senior-star-5435-kenwood-road-cincinnati-oh-45227-united-states,Rock Steady Boxing - The Kenwood by Senior Star,Community Program,Rock Steady Boxing - The Kenwood by Senior Star is listed in the official Rock Steady Boxing directory.,"Rock Steady Boxing - The Kenwood by Senior Star is listed in the official Rock Steady Boxing Member Directory. Address: 5435 Kenwood Road, Cincinnati, OH 45227, United States.","Cincinnati, OH, United States","Cincinnati, OH, United States",United States,Community Program | Parkinson's Care,,in-person,false,unclaimed,0,0,,,5135619300,Rock Steady Boxing - The Kenwood by Senior Star,,member-directory,Rock Steady Boxing,"5435 Kenwood Road, Cincinnati, OH 45227, United States",Cincinnati,OH,45227,https://members.rocksteadyboxing.org/member-directory/Details/the-kenwood-by-senior-star-2829791,39.1672757,-84.38804329999999,2026-03-28T03:14:36.198Z
rock-steady-boxing,Rock Steady Boxing Member Directory,member-directory:the-lakes-at-stillwater-2829790,member-directory-the-lakes-at-stillwater-107-bridgewater-way-stillwater-mn-55082-united-states,Rock Steady Boxing - The Lakes at Stillwater,Community Program,Rock Steady Boxing - The Lakes at Stillwater is listed in the official Rock Steady Boxing directory.,"Rock Steady Boxing - The Lakes at Stillwater is listed in the official Rock Steady Boxing Member Directory. Address: 107 Bridgewater Way, Stillwater, MN 55082, United States.","Stillwater, MN, United States","Stillwater, MN, United States",United States,Community Program | Parkinson's Care,,in-person,false,unclaimed,0,0,,,6514398200,Rock Steady Boxing - The Lakes at Stillwater,,member-directory,Rock Steady Boxing,"107 Bridgewater Way, Stillwater, MN 55082, United States",Stillwater,MN,55082,https://members.rocksteadyboxing.org/member-directory/Details/the-lakes-at-stillwater-2829790,45.056907,-92.85152889999999,2026-03-28T03:14:36.198Z
rock-steady-boxing,Rock Steady Boxing Member Directory,member-directory:the-nelson-wellness-center-2829789,member-directory-the-nelson-wellness-center-4403-pioneer-road-se-alexandria-mn-56308-united-states,Rock Steady Boxing - The Nelson Wellness Center,Exercise Program,Rock Steady Boxing - The Nelson Wellness Center is listed in the official Rock Steady Boxing directory.,"Rock Steady Boxing - The Nelson Wellness Center is listed in the official Rock Steady Boxing Member Directory. Address: 4403 Pioneer Road SE, Alexandria, MN 56308, United States.","Alexandria, MN, United States","Alexandria, MN, United States",United States,Boxing | Exercise | Parkinson's Care,,in-person,false,unclaimed,0,0,,,3207594617,Rock Steady Boxing - The Nelson Wellness Center,,member-directory,Rock Steady Boxing,"4403 Pioneer Road SE, Alexandria, MN 56308, United States",Alexandria,MN,56308,https://members.rocksteadyboxing.org/member-directory/Details/the-nelson-wellness-center-2829789,45.8510287,-95.35722990000001,2026-03-28T03:14:36.198Z
rock-steady-boxing,Rock Steady Boxing Member Directory,member-directory:the-neuroperformance-gym-at-equilibrium-physical-therapy-2829751,member-directory-the-neuroperformance-gym-at-equilibrium-physical-therapy-1673-donlon-st-suite-201-ventura-ca-93003-united-states,Rock Steady Boxing - The NeuroPerformance Gym at EQUILIBRIUM Physical Therapy,Exercise Program,Rock Steady Boxing - The NeuroPerformance Gym at EQUILIBRIUM Physical Therapy is listed in the official Rock Steady Boxing directory.,"Rock Steady Boxing - The NeuroPerformance Gym at EQUILIBRIUM Physical Therapy is listed in the official Rock Steady Boxing Member Directory. Address: 1673 Donlon St., Suite 201, Ventura, CA 93003, United States.","Ventura, CA, United States","Ventura, CA, United States",United States,Boxing | Exercise | Parkinson's Care,,in-person,false,unclaimed,0,0,,,8053399718,Rock Steady Boxing - The NeuroPerformance Gym at EQUILIBRIUM Physical Therapy,,member-directory,Rock Steady Boxing,"1673 Donlon St., Suite 201, Ventura, CA 93003, United States",Ventura,CA,93003,https://members.rocksteadyboxing.org/member-directory/Details/the-neuroperformance-gym-at-equilibrium-physical-therapy-2829751,34.2570332,-119.2381643,2026-03-28T03:14:36.198Z
rock-steady-boxing,Rock Steady Boxing Member Directory,member-directory:the-palms-of-largo-2829788,member-directory-the-palms-of-largo-400-lake-avenue-northeast-largo-fl-33771-united-states,Rock Steady Boxing - The Palms of Largo,Community Program,Rock Steady Boxing - The Palms of Largo is listed in the official Rock Steady Boxing directory.,"Rock Steady Boxing - The Palms of Largo is listed in the official Rock Steady Boxing Member Directory. Address: 400 Lake Avenue Northeast, Largo, FL 33771, United States.","Largo, FL, United States","Largo, FL, United States",United States,Community Program | Parkinson's Care,,in-person,false,unclaimed,0,0,,,7275186008,Rock Steady Boxing - The Palms of Largo,,member-directory,Rock Steady Boxing,"400 Lake Avenue Northeast, Largo, FL 33771, United States",Largo,FL,33771,https://members.rocksteadyboxing.org/member-directory/Details/the-palms-of-largo-2829788,27.9212392,-82.76958379999999,2026-03-28T03:14:36.198Z
rock-steady-boxing,Rock Steady Boxing Member Directory,member-directory:the-recovery-project-2829786,member-directory-the-recovery-project-11878-hubbard-st-livonia-mi-48150-united-states,Rock Steady Boxing - The Recovery Project,Community Program,Rock Steady Boxing - The Recovery Project is listed in the official Rock Steady Boxing directory.,"Rock Steady Boxing - The Recovery Project is listed in the official Rock Steady Boxing Member Directory. Address: 11878 Hubbard St, Livonia, MI 48150, United States.","Livonia, MI, United States","Livonia, MI, United States",United States,Community Program | Parkinson's Care,,in-person,false,unclaimed,0,0,,,7349531745,Rock Steady Boxing - The Recovery Project,,member-directory,Rock Steady Boxing,"11878 Hubbard St, Livonia, MI 48150, United States",Livonia,MI,48150,https://members.rocksteadyboxing.org/member-directory/Details/the-recovery-project-2829786,42.3716135,-83.3613321,2026-03-28T03:14:36.198Z
rock-steady-boxing,Rock Steady Boxing Member Directory,member-directory:the-social-of-greenwood-2829785,member-directory-the-social-of-greenwood-550-polk-street-greenwood-in-46143-united-states,Rock Steady Boxing - The Social of Greenwood,Community Program,Rock Steady Boxing - The Social of Greenwood is listed in the official Rock Steady Boxing directory.,"Rock Steady Boxing - The Social of Greenwood is listed in the official Rock Steady Boxing Member Directory. Address: 550 Polk Street, Greenwood, IN 46143, United States.","Greenwood, IN, United States","Greenwood, IN, United States",United States,Community Program | Parkinson's Care,,in-person,false,unclaimed,0,0,,,3178824810,Rock Steady Boxing - The Social of Greenwood,,member-directory,Rock Steady Boxing,"550 Polk Street, Greenwood, IN 46143, United States",Greenwood,IN,46143,https://members.rocksteadyboxing.org/member-directory/Details/the-social-of-greenwood-2829785,39.6077611,-86.0980172,2026-03-28T03:14:36.198Z
rock-steady-boxing,Rock Steady Boxing Member Directory,member-directory:the-tennis-and-fitness-centre-3440166,member-directory-the-tennis-and-fitness-centre-301-lake-street-oak-park-il-60302-united-states,Rock Steady Boxing - The Tennis and Fitness Centre,Exercise Program,Rock Steady Boxing - The Tennis and Fitness Centre is listed in the official Rock Steady Boxing directory.,"Rock Steady Boxing - The Tennis and Fitness Centre is listed in the official Rock Steady Boxing Member Directory. Address: 301 Lake Street, Oak Park, IL 60302, United States.","Oak Park, IL, United States","Oak Park, IL, United States",United States,Boxing | Exercise | Parkinson's Care,,in-person,false,unclaimed,0,0,http://tenandfit.com/,,7083862175,Rock Steady Boxing - The Tennis and Fitness Centre,,member-directory,Rock Steady Boxing,"301 Lake Street, Oak Park, IL 60302, United States",Oak Park,IL,60302,https://members.rocksteadyboxing.org/member-directory/Details/the-tennis-and-fitness-centre-3440166,41.8877235,-87.7837989,2026-03-28T03:14:36.198Z
rock-steady-boxing,Rock Steady Boxing Member Directory,member-directory:the-waters-of-peru-2829783,member-directory-the-waters-of-peru-317-blair-pike-peru-in-46970-united-states,Rock Steady Boxing - The Waters of Peru,Community Program,Rock Steady Boxing - The Waters of Peru is listed in the official Rock Steady Boxing directory.,"Rock Steady Boxing - The Waters of Peru is listed in the official Rock Steady Boxing Member Directory. Address: 317 Blair Pike, Peru, IN 46970, United States.","Peru, IN, United States","Peru, IN, United States",United States,Community Program | Parkinson's Care,,in-person,false,unclaimed,0,0,,,7654734426,Rock Steady Boxing - The Waters of Peru,,member-directory,Rock Steady Boxing,"317 Blair Pike, Peru, IN 46970, United States",Peru,IN,46970,https://members.rocksteadyboxing.org/member-directory/Details/the-waters-of-peru-2829783,40.75765699999999,-86.0877112,2026-03-28T03:14:36.198Z
rock-steady-boxing,Rock Steady Boxing Member Directory,member-directory:the-woodlands-2829782,member-directory-the-woodlands-30420-fm-2978-suite-200-magnolia-tx-77354-united-states,Rock Steady Boxing - The Woodlands,Community Program,Rock Steady Boxing - The Woodlands is listed in the official Rock Steady Boxing directory.,"Rock Steady Boxing - The Woodlands is listed in the official Rock Steady Boxing Member Directory. Address: 30420 FM 2978, Suite 200, Magnolia, TX 77354, United States.","Magnolia, TX, United States","Magnolia, TX, United States",United States,Community Program | Parkinson's Care,,in-person,false,unclaimed,0,0,,,2813810427,Rock Steady Boxing - The Woodlands,,member-directory,Rock Steady Boxing,"30420 FM 2978, Suite 200, Magnolia, TX 77354, United States",Magnolia,TX,77354,https://members.rocksteadyboxing.org/member-directory/Details/the-woodlands-2829782,30.1947503,-95.5877672,2026-03-28T03:14:36.198Z
rock-steady-boxing,Rock Steady Boxing Member Directory,member-directory:the-zone-2829379,member-directory-the-zone-707-rodeo-drive-hudson-wi-54016-united-states,Rock Steady Boxing - The Zone,Community Program,Rock Steady Boxing - The Zone is listed in the official Rock Steady Boxing directory.,"Rock Steady Boxing - The Zone is listed in the official Rock Steady Boxing Member Directory. Address: 707 Rodeo Drive, Hudson, WI 54016, United States.","Hudson, WI, United States","Hudson, WI, United States",United States,Community Program | Parkinson's Care,,in-person,false,unclaimed,0,0,,,7158646981,Rock Steady Boxing - The Zone,,member-directory,Rock Steady Boxing,"707 Rodeo Drive, Hudson, WI 54016, United States",Hudson,WI,54016,https://members.rocksteadyboxing.org/member-directory/Details/the-zone-2829379,44.9658059,-92.6834748,2026-03-28T03:14:36.198Z
rock-steady-boxing,Rock Steady Boxing Member Directory,member-directory:thomas-h-boyd-memorial-hospital-4706946,member-directory-thomas-h-boyd-memorial-hospital-800-school-st-na-carrollton-il-62016-united-states,Rock Steady Boxing - Thomas H Boyd Memorial Hospital,Community Program,Rock Steady Boxing - Thomas H Boyd Memorial Hospital is listed in the official Rock Steady Boxing directory.,"Rock Steady Boxing - Thomas H Boyd Memorial Hospital is listed in the official Rock Steady Boxing Member Directory. Address: 800 SCHOOL ST, NA, CARROLLTON, IL 62016, United States.","CARROLLTON, IL, United States","CARROLLTON, IL, United States",United States,Community Program | Parkinson's Care,,in-person,false,unclaimed,0,0,https://boydhcs.org/,,+12179426560,Rock Steady Boxing - Thomas H Boyd Memorial Hospital,,member-directory,Rock Steady Boxing,"800 SCHOOL ST, NA, CARROLLTON, IL 62016, United States",CARROLLTON,IL,62016,https://members.rocksteadyboxing.org/member-directory/Details/thomas-h-boyd-memorial-hospital-4706946,39.296578,-90.41351039999999,2026-03-28T03:14:36.198Z
rock-steady-boxing,Rock Steady Boxing Member Directory,member-directory:thomasville-ymca-2913869,member-directory-thomasville-ymca-103-s-dawson-street-thomasville-ga-31792-united-states,Rock Steady Boxing - Thomasville YMCA,Community Program,Rock Steady Boxing - Thomasville YMCA is listed in the official Rock Steady Boxing directory.,"Rock Steady Boxing - Thomasville YMCA is listed in the official Rock Steady Boxing Member Directory. Address: 103 S. Dawson Street, Thomasville, GA 31792, United States.","Thomasville, GA, United States","Thomasville, GA, United States",United States,Community Program | Parkinson's Care,,in-person,false,unclaimed,0,0,,,2292263446,Rock Steady Boxing - Thomasville YMCA,,member-directory,Rock Steady Boxing,"103 S. Dawson Street, Thomasville, GA 31792, United States",Thomasville,GA,31792,https://members.rocksteadyboxing.org/member-directory/Details/thomasville-ymca-2913869,30.8391586,-83.9769891,2026-03-28T03:14:36.198Z
rock-steady-boxing,Rock Steady Boxing Member Directory,member-directory:title-boxing-club-3367579,member-directory-title-boxing-club-43249-w-seven-mile-rd-northville-mi-48167-united-states,Rock Steady Boxing - TITLE Boxing Club,Exercise Program,Rock Steady Boxing - TITLE Boxing Club is listed in the official Rock Steady Boxing directory.,"Rock Steady Boxing - TITLE Boxing Club is listed in the official Rock Steady Boxing Member Directory. Address: 43249 W Seven Mile Rd, Northville, MI 48167, United States.","Northville, MI, United States","Northville, MI, United States",United States,Boxing | Exercise | Parkinson's Care,,in-person,false,unclaimed,0,0,http://titleboxingclub.com/northville-mi,,2489242895,Rock Steady Boxing - TITLE Boxing Club,,member-directory,Rock Steady Boxing,"43249 W Seven Mile Rd, Northville, MI 48167, United States",Northville,MI,48167,https://members.rocksteadyboxing.org/member-directory/Details/title-boxing-club-3367579,42.4240314,-83.4702768,2026-03-28T03:14:36.198Z
rock-steady-boxing,Rock Steady Boxing Member Directory,member-directory:title-boxing-club-evanston-2829780,member-directory-title-boxing-club-evanston-1029-davis-street-evanston-il-60201-united-states,Rock Steady Boxing - Title Boxing Club Evanston,Exercise Program,Rock Steady Boxing - Title Boxing Club Evanston is listed in the official Rock Steady Boxing directory.,"Rock Steady Boxing - Title Boxing Club Evanston is listed in the official Rock Steady Boxing Member Directory. Address: 1029 Davis Street, Evanston, IL 60201, United States.","Evanston, IL, United States","Evanston, IL, United States",United States,Boxing | Exercise | Parkinson's Care,,in-person,false,unclaimed,0,0,,,8477330850,Rock Steady Boxing - Title Boxing Club Evanston,,member-directory,Rock Steady Boxing,"1029 Davis Street, Evanston, IL 60201, United States",Evanston,IL,60201,https://members.rocksteadyboxing.org/member-directory/Details/title-boxing-club-evanston-2829780,42.0471825,-87.68645289999999,2026-03-28T03:14:36.198Z
rock-steady-boxing,Rock Steady Boxing Member Directory,member-directory:titlea2-2829779,member-directory-titlea2-2115-w-stadium-blvd-ann-arbor-mi-48103-united-states,Rock Steady Boxing - TitleA2,Community Program,Rock Steady Boxing - TitleA2 is listed in the official Rock Steady Boxing directory.,"Rock Steady Boxing - TitleA2 is listed in the official Rock Steady Boxing Member Directory. Address: 2115 W. Stadium Blvd, Ann Arbor, MI 48103, United States.","Ann Arbor, MI, United States","Ann Arbor, MI, United States",United States,Community Program | Parkinson's Care,,in-person,false,unclaimed,0,0,,,7342131300,Rock Steady Boxing - TitleA2,,member-directory,Rock Steady Boxing,"2115 W. Stadium Blvd, Ann Arbor, MI 48103, United States",Ann Arbor,MI,48103,https://members.rocksteadyboxing.org/member-directory/Details/titlea2-2829779,42.2716223,-83.7780834,2026-03-28T03:14:36.198Z
rock-steady-boxing,Rock Steady Boxing Member Directory,member-directory:todd-lucky-punch-paris-2829778,member-directory-todd-lucky-punch-paris-100-holton-street-boston-boxing-and-fitness-brighton-ma-02135-united-states,Rock Steady Boxing - Todd Lucky Punch Paris,Community Program,Rock Steady Boxing - Todd Lucky Punch Paris is listed in the official Rock Steady Boxing directory.,"Rock Steady Boxing - Todd Lucky Punch Paris is listed in the official Rock Steady Boxing Member Directory. Address: 100 Holton Street, Boston Boxing & Fitness, Brighton, MA 02135, United States.","Brighton, MA, United States","Brighton, MA, United States",United States,Community Program | Parkinson's Care,,in-person,false,unclaimed,0,0,,,5083934763,Rock Steady Boxing - Todd Lucky Punch Paris,,member-directory,Rock Steady Boxing,"100 Holton Street, Boston Boxing & Fitness, Brighton, MA 02135, United States",Brighton,MA,02135,https://members.rocksteadyboxing.org/member-directory/Details/todd-lucky-punch-paris-2829778,42.35985609999999,-71.1381695,2026-03-28T03:14:36.198Z
rock-steady-boxing,Rock Steady Boxing Member Directory,member-directory:tokyo-4097785,member-directory-tokyo-3-2-19-unoki-ota-tokyo-1460091-japan,Rock Steady Boxing OTA,Community Program,Rock Steady Boxing OTA is listed in the official Rock Steady Boxing directory.,"Rock Steady Boxing OTA is listed in the official Rock Steady Boxing Member Directory. Address: 3-2-19 unoki, OTA, Tokyo 1460091, Japan.","OTA, Tokyo, Japan","OTA, Tokyo, Japan",Japan,Community Program | Parkinson's Care,,in-person,false,unclaimed,0,0,,,8031575858,Rock Steady Boxing OTA,,member-directory,Rock Steady Boxing,"3-2-19 unoki, OTA, Tokyo 1460091, Japan",OTA,Tokyo,1460091,https://members.rocksteadyboxing.org/member-directory/Details/tokyo-4097785,35.5795248,139.6781966,2026-03-28T03:14:36.198Z
rock-steady-boxing,Rock Steady Boxing Member Directory,member-directory:toms-river-2829776,member-directory-toms-river-1341-lakewood-road-toms-river-nj-08755-united-states,"Rock Steady Boxing Toms River, NJ",Community Program,"Rock Steady Boxing Toms River, NJ is listed in the official Rock Steady Boxing directory.","Rock Steady Boxing Toms River, NJ is listed in the official Rock Steady Boxing Member Directory. Address: 1341 Lakewood Road, Toms River, NJ 08755, United States.","Toms River, NJ, United States","Toms River, NJ, United States",United States,Community Program | Parkinson's Care,,in-person,false,unclaimed,0,0,,,2013412658,"Rock Steady Boxing Toms River, NJ",,member-directory,Rock Steady Boxing,"1341 Lakewood Road, Toms River, NJ 08755, United States",Toms River,NJ,08755,https://members.rocksteadyboxing.org/member-directory/Details/toms-river-2829776,39.9919425,-74.210079,2026-03-28T03:14:36.198Z
rock-steady-boxing,Rock Steady Boxing Member Directory,member-directory:topeka-2829775,member-directory-topeka-4100-sw-southgate-drive-topeka-ks-66609-united-states,"Rock Steady Boxing Topeka, KS",Community Program,"Rock Steady Boxing Topeka, KS is listed in the official Rock Steady Boxing directory.","Rock Steady Boxing Topeka, KS is listed in the official Rock Steady Boxing Member Directory. Address: 4100 SW Southgate Drive, Topeka, KS 66609, United States.","Topeka, KS, United States","Topeka, KS, United States",United States,Community Program | Parkinson's Care,,in-person,false,unclaimed,0,0,,,7856335405,"Rock Steady Boxing Topeka, KS",,member-directory,Rock Steady Boxing,"4100 SW Southgate Drive, Topeka, KS 66609, United States",Topeka,KS,66609,https://members.rocksteadyboxing.org/member-directory/Details/topeka-2829775,38.9947348,-95.70209829999999,2026-03-28T03:14:36.198Z
rock-steady-boxing,Rock Steady Boxing Member Directory,member-directory:total-fit-2957442,member-directory-total-fit-130-woodmere-mall-crossville-tn-38575-united-states,Rock Steady Boxing - Total Fit,Community Program,Rock Steady Boxing - Total Fit is listed in the official Rock Steady Boxing directory.,"Rock Steady Boxing - Total Fit is listed in the official Rock Steady Boxing Member Directory. Address: 130 Woodmere Mall, Crossville, TN 38575, United States.","Crossville, TN, United States","Crossville, TN, United States",United States,Community Program | Parkinson's Care,,in-person,false,unclaimed,0,0,,,9315391047,Rock Steady Boxing - Total Fit,,member-directory,Rock Steady Boxing,"130 Woodmere Mall, Crossville, TN 38575, United States",Crossville,TN,38575,https://members.rocksteadyboxing.org/member-directory/Details/total-fit-2957442,35.957301,-85.0303034,2026-03-28T03:14:36.198Z
rock-steady-boxing,Rock Steady Boxing Member Directory,member-directory:treasure-valley-family-ymca-2829772,member-directory-treasure-valley-family-ymca-805-w-franklin-street-boise-id-83702-united-states,Rock Steady Boxing - Treasure Valley Family YMCA,Community Program,Rock Steady Boxing - Treasure Valley Family YMCA is listed in the official Rock Steady Boxing directory.,"Rock Steady Boxing - Treasure Valley Family YMCA is listed in the official Rock Steady Boxing Member Directory. Address: 805 W Franklin Street, Boise, ID 83702, United States.","Boise, ID, United States","Boise, ID, United States",United States,Community Program | Parkinson's Care,,in-person,false,unclaimed,0,0,,,2083445501,Rock Steady Boxing - Treasure Valley Family YMCA,,member-directory,Rock Steady Boxing,"805 W Franklin Street, Boise, ID 83702, United States",Boise,ID,83702,https://members.rocksteadyboxing.org/member-directory/Details/treasure-valley-family-ymca-2829772,43.6201071,-116.1996039,2026-03-28T03:14:36.198Z
rock-steady-boxing,Rock Steady Boxing Member Directory,member-directory:trials-mma-fort-collins-co-2829771,member-directory-trials-mma-fort-collins-co-2649-east-mulberry-street-ste-a12-fort-collins-co-80524-united-states,"Rock Steady Boxing - Trials MMA, Fort Collins CO",Community Program,"Rock Steady Boxing - Trials MMA, Fort Collins CO is listed in the official Rock Steady Boxing directory.","Rock Steady Boxing - Trials MMA, Fort Collins CO is listed in the official Rock Steady Boxing Member Directory. Address: 2649 East Mulberry Street, Ste A12, Fort Collins, CO 80524, United States.","Fort Collins, CO, United States","Fort Collins, CO, United States",United States,Community Program | Parkinson's Care,,in-person,false,unclaimed,0,0,,,9706585765,"Rock Steady Boxing - Trials MMA, Fort Collins CO",,member-directory,Rock Steady Boxing,"2649 East Mulberry Street, Ste A12, Fort Collins, CO 80524, United States",Fort Collins,CO,80524,https://members.rocksteadyboxing.org/member-directory/Details/trials-mma-fort-collins-co-2829771,40.5804547,-105.0291612,2026-03-28T03:14:36.198Z
rock-steady-boxing,Rock Steady Boxing Member Directory,member-directory:tri-county-ymca-2829768,member-directory-tri-county-ymca-131-e-16th-street-ferdinand-in-47532-united-states,Rock Steady Boxing - Tri-County YMCA,Community Program,Rock Steady Boxing - Tri-County YMCA is listed in the official Rock Steady Boxing directory.,"Rock Steady Boxing - Tri-County YMCA is listed in the official Rock Steady Boxing Member Directory. Address: 131 E. 16th Street, Ferdinand, IN 47532, United States.","Ferdinand, IN, United States","Ferdinand, IN, United States",United States,Community Program | Parkinson's Care,,in-person,false,unclaimed,0,0,,,8123672323,Rock Steady Boxing - Tri-County YMCA,,member-directory,Rock Steady Boxing,"131 E. 16th Street, Ferdinand, IN 47532, United States",Ferdinand,IN,47532,https://members.rocksteadyboxing.org/member-directory/Details/tri-county-ymca-2829768,38.2289651,-86.86140689999999,2026-03-28T03:14:36.199Z
rock-steady-boxing,Rock Steady Boxing Member Directory,member-directory:tri-county-ymca-salience-neurorehab-4072068,member-directory-tri-county-ymca-and-salience-neurorehab-293-s-us-231-jasper-in-47546-united-states,Rock Steady Boxing - Tri-County YMCA & Salience NeuroRehab,Community Program,Rock Steady Boxing - Tri-County YMCA & Salience NeuroRehab is listed in the official Rock Steady Boxing directory.,"Rock Steady Boxing - Tri-County YMCA & Salience NeuroRehab is listed in the official Rock Steady Boxing Member Directory. Address: 293 S US 231, Jasper, IN 47546, United States.","Jasper, IN, United States","Jasper, IN, United States",United States,Community Program | Parkinson's Care,,in-person,false,unclaimed,0,0,,,8129986176,Rock Steady Boxing - Tri-County YMCA & Salience NeuroRehab,,member-directory,Rock Steady Boxing,"293 S US 231, Jasper, IN 47546, United States",Jasper,IN,47546,https://members.rocksteadyboxing.org/member-directory/Details/tri-county-ymca-salience-neurorehab-4072068,38.3892586,-86.94423839999999,2026-03-28T03:14:36.199Z
rock-steady-boxing,Rock Steady Boxing Member Directory,member-directory:tri-forged-athletics-2829767,member-directory-tri-forged-athletics-1636-e-county-rd-634-posen-mi-49776-united-states,Rock Steady Boxing - Tri-Forged Athletics,Community Program,Rock Steady Boxing - Tri-Forged Athletics is listed in the official Rock Steady Boxing directory.,"Rock Steady Boxing - Tri-Forged Athletics is listed in the official Rock Steady Boxing Member Directory. Address: 1636 E County Rd 634, Posen, MI 49776, United States.","Posen, MI, United States","Posen, MI, United States",United States,Community Program | Parkinson's Care,,in-person,false,unclaimed,0,0,,,9898842856,Rock Steady Boxing - Tri-Forged Athletics,,member-directory,Rock Steady Boxing,"1636 E County Rd 634, Posen, MI 49776, United States",Posen,MI,49776,https://members.rocksteadyboxing.org/member-directory/Details/tri-forged-athletics-2829767,45.2614792,-83.8081754,2026-03-28T03:14:36.199Z
rock-steady-boxing,Rock Steady Boxing Member Directory,member-directory:tulsa-2829764,member-directory-tulsa-5800-s-lewis-ave-suite-159-tulsa-ok-74105-united-states,"Rock Steady Boxing Tulsa, OK",Community Program,"Rock Steady Boxing Tulsa, OK is listed in the official Rock Steady Boxing directory.","Rock Steady Boxing Tulsa, OK is listed in the official Rock Steady Boxing Member Directory. Address: 5800 S Lewis Ave, Suite 159, Tulsa, OK 74105, United States.","Tulsa, OK, United States","Tulsa, OK, United States",United States,Community Program | Parkinson's Care,,in-person,false,unclaimed,0,0,,,4055689761,"Rock Steady Boxing Tulsa, OK",,member-directory,Rock Steady Boxing,"5800 S Lewis Ave, Suite 159, Tulsa, OK 74105, United States",Tulsa,OK,74105,https://members.rocksteadyboxing.org/member-directory/Details/tulsa-2829764,36.0792604,-95.95838839999999,2026-03-28T03:14:36.199Z
rock-steady-boxing,Rock Steady Boxing Member Directory,member-directory:turnstone-2829763,member-directory-turnstone-3320-n-clinton-st-fort-wayne-in-46805-united-states,Rock Steady Boxing - Turnstone,Community Program,Rock Steady Boxing - Turnstone is listed in the official Rock Steady Boxing directory.,"Rock Steady Boxing - Turnstone is listed in the official Rock Steady Boxing Member Directory. Address: 3320 N. Clinton St, Fort Wayne, IN 46805, United States.","Fort Wayne, IN, United States","Fort Wayne, IN, United States",United States,Community Program | Parkinson's Care,,in-person,false,unclaimed,0,0,,,2604832100ext.344,Rock Steady Boxing - Turnstone,,member-directory,Rock Steady Boxing,"3320 N. Clinton St, Fort Wayne, IN 46805, United States",Fort Wayne,IN,46805,https://members.rocksteadyboxing.org/member-directory/Details/turnstone-2829763,41.1061914,-85.1366772,2026-03-28T03:14:36.199Z
rock-steady-boxing,Rock Steady Boxing Member Directory,member-directory:t-ville-uppercut-2829762,member-directory-t-ville-uppercut-2210-cheney-hwy-titusville-fl-32780-united-states,Rock Steady Boxing - T'ville Uppercut,Community Program,Rock Steady Boxing - T'ville Uppercut is listed in the official Rock Steady Boxing directory.,"Rock Steady Boxing - T'ville Uppercut is listed in the official Rock Steady Boxing Member Directory. Address: 2210 Cheney Hwy, Titusville, FL 32780, United States.","Titusville, FL, United States","Titusville, FL, United States",United States,Community Program | Parkinson's Care,,in-person,false,unclaimed,0,0,https://www.facebook.com/TvilleRSB,,2564258791,Rock Steady Boxing - T'ville Uppercut,,member-directory,Rock Steady Boxing,"2210 Cheney Hwy, Titusville, FL 32780, United States",Titusville,FL,32780,https://members.rocksteadyboxing.org/member-directory/Details/t-ville-uppercut-2829762,28.5584703,-80.82821539999999,2026-03-28T03:14:36.199Z
rock-steady-boxing,Rock Steady Boxing Member Directory,member-directory:tyler-2829760,member-directory-tyler-2533-e-fifth-st-tyler-tx-75701-united-states,"Rock Steady Boxing Tyler, TX",Community Program,"Rock Steady Boxing Tyler, TX is listed in the official Rock Steady Boxing directory.","Rock Steady Boxing Tyler, TX is listed in the official Rock Steady Boxing Member Directory. Address: 2533 E Fifth St, Tyler, TX 75701, United States.","Tyler, TX, United States","Tyler, TX, United States",United States,Community Program | Parkinson's Care,,in-person,false,unclaimed,0,0,,,9035970275,"Rock Steady Boxing Tyler, TX",,member-directory,Rock Steady Boxing,"2533 E Fifth St, Tyler, TX 75701, United States",Tyler,TX,75701,https://members.rocksteadyboxing.org/member-directory/Details/tyler-2829760,32.3318732,-95.2684337,2026-03-28T03:14:36.199Z
rock-steady-boxing,Rock Steady Boxing Member Directory,member-directory:union-city-2829758,member-directory-union-city-31224-union-city-boulevard-union-city-ca-94587-united-states,"Rock Steady Boxing Union City, CA",Community Program,"Rock Steady Boxing Union City, CA is listed in the official Rock Steady Boxing directory.","Rock Steady Boxing Union City, CA is listed in the official Rock Steady Boxing Member Directory. Address: 31224 Union City Boulevard, Union City, CA 94587, United States.","Union City, CA, United States","Union City, CA, United States",United States,Community Program | Parkinson's Care,,in-person,false,unclaimed,0,0,,,5106755600,"Rock Steady Boxing Union City, CA",,member-directory,Rock Steady Boxing,"31224 Union City Boulevard, Union City, CA 94587, United States",Union City,CA,94587,https://members.rocksteadyboxing.org/member-directory/Details/union-city-2829758,37.5934456,-122.0803015,2026-03-28T03:14:36.199Z
rock-steady-boxing,Rock Steady Boxing Member Directory,member-directory:upper-valley-aquatic-center-2829756,member-directory-upper-valley-aquatic-center-100-arboretum-ln-white-river-junction-vt-05001-united-states,Rock Steady Boxing - Upper Valley Aquatic Center,Community Program,Rock Steady Boxing - Upper Valley Aquatic Center is listed in the official Rock Steady Boxing directory.,"Rock Steady Boxing - Upper Valley Aquatic Center is listed in the official Rock Steady Boxing Member Directory. Address: 100 Arboretum Ln, White River Junction, VT 05001, United States.","White River Junction, VT, United States","White River Junction, VT, United States",United States,Community Program | Parkinson's Care,,in-person,false,unclaimed,0,0,,,,Rock Steady Boxing - Upper Valley Aquatic Center,,member-directory,Rock Steady Boxing,"100 Arboretum Ln, White River Junction, VT 05001, United States",White River Junction,VT,05001,https://members.rocksteadyboxing.org/member-directory/Details/upper-valley-aquatic-center-2829756,43.6413776,-72.3429968,2026-03-28T03:14:36.199Z
rock-steady-boxing,Rock Steady Boxing Member Directory,member-directory:upright-athlete-3651269,member-directory-upright-athlete-4221-garrett-rd-ste-1-2-durham-nc-27707-united-states,Rock Steady Boxing - Upright Athlete,Community Program,Rock Steady Boxing - Upright Athlete is listed in the official Rock Steady Boxing directory.,"Rock Steady Boxing - Upright Athlete is listed in the official Rock Steady Boxing Member Directory. Address: 4221 Garrett Rd, Ste 1-2, Durham, NC 27707, United States.","Durham, NC, United States","Durham, NC, United States",United States,Community Program | Parkinson's Care,,in-person,false,unclaimed,0,0,http://uprightathlete.rsbaffiliate.com/,,9194931204,Rock Steady Boxing - Upright Athlete,,member-directory,Rock Steady Boxing,"4221 Garrett Rd, Ste 1-2, Durham, NC 27707, United States",Durham,NC,27707,https://members.rocksteadyboxing.org/member-directory/Details/upright-athlete-3651269,35.96006,-78.97516999999999,2026-03-28T03:14:36.199Z
rock-steady-boxing,Rock Steady Boxing Member Directory,member-directory:valley-health-wellness-and-fitness-center-2829755,member-directory-valley-health-wellness-and-fitness-center-401-campus-blvd-winchester-va-22601-united-states,Rock Steady Boxing - Valley Health Wellness and Fitness Center,Exercise Program,Rock Steady Boxing - Valley Health Wellness and Fitness Center is listed in the official Rock Steady Boxing directory.,"Rock Steady Boxing - Valley Health Wellness and Fitness Center is listed in the official Rock Steady Boxing Member Directory. Address: 401 Campus Blvd, Winchester, VA 22601, United States.","Winchester, VA, United States","Winchester, VA, United States",United States,Boxing | Exercise | Parkinson's Care,,in-person,false,unclaimed,0,0,,,5405363000,Rock Steady Boxing - Valley Health Wellness and Fitness Center,,member-directory,Rock Steady Boxing,"401 Campus Blvd, Winchester, VA 22601, United States",Winchester,VA,22601,https://members.rocksteadyboxing.org/member-directory/Details/valley-health-wellness-and-fitness-center-2829755,39.1995983,-78.191176,2026-03-28T03:14:36.199Z
rock-steady-boxing,Rock Steady Boxing Member Directory,member-directory:valley-of-the-sun-2829754,member-directory-valley-of-the-sun-10880-n-32nd-st-unit-1-scottsdale-az-85260-united-states,Rock Steady Boxing - Valley of the Sun,Community Program,Rock Steady Boxing - Valley of the Sun is listed in the official Rock Steady Boxing directory.,"Rock Steady Boxing - Valley of the Sun is listed in the official Rock Steady Boxing Member Directory. Address: 10880 N 32nd St, Unit #1, Scottsdale, AZ 85260, United States.","Scottsdale, AZ, United States","Scottsdale, AZ, United States",United States,Community Program | Parkinson's Care,,in-person,false,unclaimed,0,0,,,4803821779,Rock Steady Boxing - Valley of the Sun,,member-directory,Rock Steady Boxing,"10880 N 32nd St, Unit #1, Scottsdale, AZ 85260, United States",Scottsdale,AZ,85260,https://members.rocksteadyboxing.org/member-directory/Details/valley-of-the-sun-2829754,33.5854046,-112.0134003,2026-03-28T03:14:36.199Z
rock-steady-boxing,Rock Steady Boxing Member Directory,member-directory:van-wert-county-council-on-aging-3788318,member-directory-van-wert-county-council-on-aging-10357-van-wert-decatur-rd-van-wert-oh-45891-united-states,Rock Steady Boxing - Van Wert County Council on Aging,Community Program,Rock Steady Boxing - Van Wert County Council on Aging is listed in the official Rock Steady Boxing directory.,"Rock Steady Boxing - Van Wert County Council on Aging is listed in the official Rock Steady Boxing Member Directory. Address: 10357 Van Wert-Decatur Rd, Van Wert, OH 45891, United States.","Van Wert, OH, United States","Van Wert, OH, United States",United States,Community Program | Parkinson's Care,,in-person,false,unclaimed,0,0,,,4192385011,Rock Steady Boxing - Van Wert County Council on Aging,,member-directory,Rock Steady Boxing,"10357 Van Wert-Decatur Rd, Van Wert, OH 45891, United States",Van Wert,OH,45891,https://members.rocksteadyboxing.org/member-directory/Details/van-wert-county-council-on-aging-3788318,40.8585109,-84.6218695,2026-03-28T03:14:36.199Z
rock-steady-boxing,Rock Steady Boxing Member Directory,member-directory:vc-la-ventura-county-los-angeles-2829752,member-directory-vc-la-ventura-county-los-angeles-5727-las-virgenes-road-calabasas-ca-91302-united-states,Rock Steady Boxing - VC/LA- Ventura County/Los Angeles,Community Program,Rock Steady Boxing - VC/LA- Ventura County/Los Angeles is listed in the official Rock Steady Boxing directory.,"Rock Steady Boxing - VC/LA- Ventura County/Los Angeles is listed in the official Rock Steady Boxing Member Directory. Address: 5727 Las Virgenes Road, Calabasas, CA 91302, United States.","Calabasas, CA, United States","Calabasas, CA, United States",United States,Community Program | Parkinson's Care,,in-person,false,unclaimed,0,0,,,8058146333,Rock Steady Boxing - VC/LA- Ventura County/Los Angeles,,member-directory,Rock Steady Boxing,"5727 Las Virgenes Road, Calabasas, CA 91302, United States",Calabasas,CA,91302,https://members.rocksteadyboxing.org/member-directory/Details/vc-la-ventura-county-los-angeles-2829752,34.1603161,-118.7028763,2026-03-28T03:14:36.199Z
rock-steady-boxing,Rock Steady Boxing Member Directory,member-directory:vicksburg-ymca-2829749,member-directory-vicksburg-ymca-267-ymca-pl-vicksburg-ms-39180-united-states,Rock Steady Boxing - Vicksburg YMCA,Community Program,Rock Steady Boxing - Vicksburg YMCA is listed in the official Rock Steady Boxing directory.,"Rock Steady Boxing - Vicksburg YMCA is listed in the official Rock Steady Boxing Member Directory. Address: 267 YMCA Pl., Vicksburg, MS 39180, United States.","Vicksburg, MS, United States","Vicksburg, MS, United States",United States,Community Program | Parkinson's Care,,in-person,false,unclaimed,0,0,,,6016381071,Rock Steady Boxing - Vicksburg YMCA,,member-directory,Rock Steady Boxing,"267 YMCA Pl., Vicksburg, MS 39180, United States",Vicksburg,MS,39180,https://members.rocksteadyboxing.org/member-directory/Details/vicksburg-ymca-2829749,32.3526456,-90.877882,2026-03-28T03:14:36.199Z
rock-steady-boxing,Rock Steady Boxing Member Directory,member-directory:victor-2829748,member-directory-victor-61-school-street-victor-ny-14564-united-states,"Rock Steady Boxing Victor, NY",Community Program,"Rock Steady Boxing Victor, NY is listed in the official Rock Steady Boxing directory.","Rock Steady Boxing Victor, NY is listed in the official Rock Steady Boxing Member Directory. Address: 61 School Street, Victor, NY 14564, United States.","Victor, NY, United States","Victor, NY, United States",United States,Community Program | Parkinson's Care,,in-person,false,unclaimed,0,0,,,5853986050,"Rock Steady Boxing Victor, NY",,member-directory,Rock Steady Boxing,"61 School Street, Victor, NY 14564, United States",Victor,NY,14564,https://members.rocksteadyboxing.org/member-directory/Details/victor-2829748,42.9822763,-77.4131179,2026-03-28T03:14:36.199Z
rock-steady-boxing,Rock Steady Boxing Member Directory,member-directory:victoria-4714438,member-directory-victoria-202-2680-blanshard-street-victoria-bc-v8t-5e1-canada,Rock Steady Boxing Victoria,Community Program,Rock Steady Boxing Victoria is listed in the official Rock Steady Boxing directory.,"Rock Steady Boxing Victoria is listed in the official Rock Steady Boxing Member Directory. Address: #202-2680 Blanshard Street, Victoria, BC V8T-5E1, Canada.","Victoria, Canada","Victoria, Canada",Canada,Community Program | Parkinson's Care,,in-person,false,unclaimed,0,0,,,2503606800,Rock Steady Boxing Victoria,,member-directory,Rock Steady Boxing,"#202-2680 Blanshard Street, Victoria, BC V8T-5E1, Canada",Victoria,,,https://members.rocksteadyboxing.org/member-directory/Details/victoria-4714438,48.4381184,-123.3642401,2026-03-28T03:14:36.199Z
rock-steady-boxing,Rock Steady Boxing Member Directory,member-directory:village-of-key-biscayne-2829746,member-directory-village-of-key-biscayne-10-village-green-way-key-biscayne-fl-33149-united-states,Rock Steady Boxing - Village of Key Biscayne,Community Program,Rock Steady Boxing - Village of Key Biscayne is listed in the official Rock Steady Boxing directory.,"Rock Steady Boxing - Village of Key Biscayne is listed in the official Rock Steady Boxing Member Directory. Address: 10 Village Green Way, Key Biscayne, FL 33149, United States.","Key Biscayne, FL, United States","Key Biscayne, FL, United States",United States,Community Program | Parkinson's Care,,in-person,false,unclaimed,0,0,,,3053658900,Rock Steady Boxing - Village of Key Biscayne,,member-directory,Rock Steady Boxing,"10 Village Green Way, Key Biscayne, FL 33149, United States",Key Biscayne,FL,33149,https://members.rocksteadyboxing.org/member-directory/Details/village-of-key-biscayne-2829746,25.6917294,-80.1647483,2026-03-28T03:14:36.199Z
rock-steady-boxing,Rock Steady Boxing Member Directory,member-directory:virginia-beach-2829745,member-directory-virginia-beach-4402-princess-anne-road-virginia-beach-va-23462-united-states,"Rock Steady Boxing Virginia Beach, VA",Community Program,"Rock Steady Boxing Virginia Beach, VA is listed in the official Rock Steady Boxing directory.","Rock Steady Boxing Virginia Beach, VA is listed in the official Rock Steady Boxing Member Directory. Address: 4402 Princess Anne Road, Virginia Beach, VA 23462, United States.","Virginia Beach, VA, United States","Virginia Beach, VA, United States",United States,Community Program | Parkinson's Care,,in-person,false,unclaimed,0,0,,,7574746300,"Rock Steady Boxing Virginia Beach, VA",,member-directory,Rock Steady Boxing,"4402 Princess Anne Road, Virginia Beach, VA 23462, United States",Virginia Beach,VA,23462,https://members.rocksteadyboxing.org/member-directory/Details/virginia-beach-2829745,36.80062710000001,-76.1293239,2026-03-28T03:14:36.199Z
rock-steady-boxing,Rock Steady Boxing Member Directory,member-directory:wakayama-4097789,member-directory-wakayama-90-21-narukami-wakayama-wakayama-640-8303-japan,Rock Steady Boxing Wakayama,Community Program,Rock Steady Boxing Wakayama is listed in the official Rock Steady Boxing directory.,"Rock Steady Boxing Wakayama is listed in the official Rock Steady Boxing Member Directory. Address: 90-21 Narukami, Wakayama, Wakayama 640-8303, Japan.","Wakayama, Japan","Wakayama, Japan",Japan,Community Program | Parkinson's Care,,in-person,false,unclaimed,0,0,,,0734975505,Rock Steady Boxing Wakayama,,member-directory,Rock Steady Boxing,"90-21 Narukami, Wakayama, Wakayama 640-8303, Japan",Wakayama,,,https://members.rocksteadyboxing.org/member-directory/Details/wakayama-4097789,34.225953,135.2138019,2026-03-28T03:14:36.199Z
rock-steady-boxing,Rock Steady Boxing Member Directory,member-directory:ward-y-in-abingdon-2829740,member-directory-ward-y-in-abingdon-101-walter-ward-blvd-abingdon-md-21009-united-states,Rock Steady Boxing - Ward Y in Abingdon,Community Program,Rock Steady Boxing - Ward Y in Abingdon is listed in the official Rock Steady Boxing directory.,"Rock Steady Boxing - Ward Y in Abingdon is listed in the official Rock Steady Boxing Member Directory. Address: 101 Walter Ward Blvd, Abingdon, MD 21009, United States.","Abingdon, MD, United States","Abingdon, MD, United States",United States,Community Program | Parkinson's Care,,in-person,false,unclaimed,0,0,,,4106799622,Rock Steady Boxing - Ward Y in Abingdon,,member-directory,Rock Steady Boxing,"101 Walter Ward Blvd, Abingdon, MD 21009, United States",Abingdon,MD,21009,https://members.rocksteadyboxing.org/member-directory/Details/ward-y-in-abingdon-2829740,39.4649672,-76.3064662,2026-03-28T03:14:36.199Z
rock-steady-boxing,Rock Steady Boxing Member Directory,member-directory:waring-senior-center-4074214,member-directory-waring-senior-center-2001-henry-tecklenburg-dr-charleston-sc-29414-united-states,Rock Steady Boxing - Waring Senior Center,Community Program,Rock Steady Boxing - Waring Senior Center is listed in the official Rock Steady Boxing directory.,"Rock Steady Boxing - Waring Senior Center is listed in the official Rock Steady Boxing Member Directory. Address: 2001 Henry Tecklenburg Dr, Charleston, SC 29414, United States.","Charleston, SC, United States","Charleston, SC, United States",United States,Community Program | Parkinson's Care,,in-person,false,unclaimed,0,0,,,8434021990,Rock Steady Boxing - Waring Senior Center,,member-directory,Rock Steady Boxing,"2001 Henry Tecklenburg Dr, Charleston, SC 29414, United States",Charleston,SC,29414,https://members.rocksteadyboxing.org/member-directory/Details/waring-senior-center-4074214,32.8071866,-80.03830649999999,2026-03-28T03:14:36.199Z
rock-steady-boxing,Rock Steady Boxing Member Directory,member-directory:warm-hearth-village-fitness-center-2829739,member-directory-warm-hearth-village-fitness-center-2387-warm-hearth-drive-blacksburg-va-24060-united-states,Rock Steady Boxing - Warm Hearth Village Fitness Center,Exercise Program,Rock Steady Boxing - Warm Hearth Village Fitness Center is listed in the official Rock Steady Boxing directory.,"Rock Steady Boxing - Warm Hearth Village Fitness Center is listed in the official Rock Steady Boxing Member Directory. Address: 2387 Warm Hearth Drive, Blacksburg, VA 24060, United States.","Blacksburg, VA, United States","Blacksburg, VA, United States",United States,Boxing | Exercise | Parkinson's Care,,in-person,false,unclaimed,0,0,,,5404433474,Rock Steady Boxing - Warm Hearth Village Fitness Center,,member-directory,Rock Steady Boxing,"2387 Warm Hearth Drive, Blacksburg, VA 24060, United States",Blacksburg,VA,24060,https://members.rocksteadyboxing.org/member-directory/Details/warm-hearth-village-fitness-center-2829739,37.1972809,-80.4194815,2026-03-28T03:14:36.199Z
rock-steady-boxing,Rock Steady Boxing Member Directory,member-directory:warren-county-ymca-2829738,member-directory-warren-county-ymca-700-west-harlem-ave-monmouth-il-61462-united-states,Rock Steady Boxing - Warren County YMCA,Community Program,Rock Steady Boxing - Warren County YMCA is listed in the official Rock Steady Boxing directory.,"Rock Steady Boxing - Warren County YMCA is listed in the official Rock Steady Boxing Member Directory. Address: 700 West Harlem Ave, Monmouth, IL 61462, United States.","Monmouth, IL, United States","Monmouth, IL, United States",United States,Community Program | Parkinson's Care,,in-person,false,unclaimed,0,0,,,3097343183,Rock Steady Boxing - Warren County YMCA,,member-directory,Rock Steady Boxing,"700 West Harlem Ave, Monmouth, IL 61462, United States",Monmouth,IL,61462,https://members.rocksteadyboxing.org/member-directory/Details/warren-county-ymca-2829738,40.9218766,-90.6557399,2026-03-28T03:14:36.199Z
rock-steady-boxing,Rock Steady Boxing Member Directory,member-directory:warrenton-2829737,member-directory-warrenton-40-n-hill-dr-warrenton-va-20186-united-states,"Rock Steady Boxing Warrenton, VA",Community Program,"Rock Steady Boxing Warrenton, VA is listed in the official Rock Steady Boxing directory.","Rock Steady Boxing Warrenton, VA is listed in the official Rock Steady Boxing Member Directory. Address: 40 N. Hill Dr., Warrenton, VA 20186, United States.","Warrenton, VA, United States","Warrenton, VA, United States",United States,Community Program | Parkinson's Care,,in-person,false,unclaimed,0,0,,,5712848655,"Rock Steady Boxing Warrenton, VA",,member-directory,Rock Steady Boxing,"40 N. Hill Dr., Warrenton, VA 20186, United States",Warrenton,VA,20186,https://members.rocksteadyboxing.org/member-directory/Details/warrenton-2829737,38.7240111,-77.7920054,2026-03-28T03:14:36.200Z
rock-steady-boxing,Rock Steady Boxing Member Directory,member-directory:wasatch-fit-3919699,member-directory-wasatch-fit-6430-business-park-loop-road-park-city-ut-84068-united-states,Rock Steady Boxing - Wasatch Fit,Community Program,Rock Steady Boxing - Wasatch Fit is listed in the official Rock Steady Boxing directory.,"Rock Steady Boxing - Wasatch Fit is listed in the official Rock Steady Boxing Member Directory. Address: 6430 Business Park Loop Road, Park City, UT 84068, United States.","Park City, UT, United States","Park City, UT, United States",United States,Community Program | Parkinson's Care,,in-person,false,unclaimed,0,0,http://wasatch.rsbaffiliate.com/,,4356408695,Rock Steady Boxing - Wasatch Fit,,member-directory,Rock Steady Boxing,"6430 Business Park Loop Road, Park City, UT 84068, United States",Park City,UT,84068,https://members.rocksteadyboxing.org/member-directory/Details/wasatch-fit-3919699,40.6509443,-111.5021653,2026-03-28T03:14:36.200Z
rock-steady-boxing,Rock Steady Boxing Member Directory,member-directory:wasatch-front-2829735,member-directory-wasatch-front-894-n-state-st-orem-ut-84057-united-states,Rock Steady Boxing - Wasatch Front,Community Program,Rock Steady Boxing - Wasatch Front is listed in the official Rock Steady Boxing directory.,"Rock Steady Boxing - Wasatch Front is listed in the official Rock Steady Boxing Member Directory. Address: 894 N State St, Orem, UT 84057, United States.","Orem, UT, United States","Orem, UT, United States",United States,Community Program | Parkinson's Care,,in-person,false,unclaimed,0,0,,,9134886823,Rock Steady Boxing - Wasatch Front,,member-directory,Rock Steady Boxing,"894 N State St, Orem, UT 84057, United States",Orem,UT,84057,https://members.rocksteadyboxing.org/member-directory/Details/wasatch-front-2829735,40.3133811,-111.7012252,2026-03-28T03:14:36.200Z
rock-steady-boxing,Rock Steady Boxing Member Directory,member-directory:wasatch-front-3-2829733,member-directory-wasatch-front-3-12544-pasture-rd-west-jordan-ut-84084-united-states,Rock Steady Boxing - Wasatch Front 3,Community Program,Rock Steady Boxing - Wasatch Front 3 is listed in the official Rock Steady Boxing directory.,"Rock Steady Boxing - Wasatch Front 3 is listed in the official Rock Steady Boxing Member Directory. Address: 12544 Pasture Rd, West Jordan, UT 84084, United States.","West Jordan, UT, United States","West Jordan, UT, United States",United States,Community Program | Parkinson's Care,,in-person,false,unclaimed,0,0,http://wasatchfront.rsbaffiliate.com/,,9134886823,Rock Steady Boxing - Wasatch Front 3,,member-directory,Rock Steady Boxing,"12544 Pasture Rd, West Jordan, UT 84084, United States",West Jordan,UT,84084,https://members.rocksteadyboxing.org/member-directory/Details/wasatch-front-3-2829733,40.5238723,-111.9869487,2026-03-28T03:14:36.200Z
rock-steady-boxing,Rock Steady Boxing Member Directory,member-directory:wasatch-front-4-2829732,member-directory-wasatch-front-4-155-w-500-s-1a-bountiful-ut-84010-united-states,Rock Steady Boxing - Wasatch Front 4,Community Program,Rock Steady Boxing - Wasatch Front 4 is listed in the official Rock Steady Boxing directory.,"Rock Steady Boxing - Wasatch Front 4 is listed in the official Rock Steady Boxing Member Directory. Address: 155 W 500 s, #1a, Bountiful, UT 84010, United States.","Bountiful, UT, United States","Bountiful, UT, United States",United States,Community Program | Parkinson's Care,,in-person,false,unclaimed,0,0,,,9134886823,Rock Steady Boxing - Wasatch Front 4,,member-directory,Rock Steady Boxing,"155 W 500 s, #1a, Bountiful, UT 84010, United States",Bountiful,UT,84010,https://members.rocksteadyboxing.org/member-directory/Details/wasatch-front-4-2829732,40.8835542,-111.8835942,2026-03-28T03:14:36.200Z
rock-steady-boxing,Rock Steady Boxing Member Directory,member-directory:washington-county-family-ymca-3788310,member-directory-washington-county-family-ymca-1709-n-shelby-st-salem-in-47167-united-states,Rock Steady Boxing - Washington County Family YMCA,Community Program,Rock Steady Boxing - Washington County Family YMCA is listed in the official Rock Steady Boxing directory.,"Rock Steady Boxing - Washington County Family YMCA is listed in the official Rock Steady Boxing Member Directory. Address: 1709 N. Shelby St, Salem, IN 47167, United States.","Salem, IN, United States","Salem, IN, United States",United States,Community Program | Parkinson's Care,,in-person,false,unclaimed,0,0,,,8128839622,Rock Steady Boxing - Washington County Family YMCA,,member-directory,Rock Steady Boxing,"1709 N. Shelby St, Salem, IN 47167, United States",Salem,IN,47167,https://members.rocksteadyboxing.org/member-directory/Details/washington-county-family-ymca-3788310,38.62359,-86.10708,2026-03-28T03:14:36.200Z
rock-steady-boxing,Rock Steady Boxing Member Directory,member-directory:waupaca-senior-center-2829730,member-directory-waupaca-senior-center-407-school-st-waupaca-wi-54981-united-states,Rock Steady Boxing - Waupaca Senior Center,Community Program,Rock Steady Boxing - Waupaca Senior Center is listed in the official Rock Steady Boxing directory.,"Rock Steady Boxing - Waupaca Senior Center is listed in the official Rock Steady Boxing Member Directory. Address: 407 School St, Waupaca, WI 54981, United States.","Waupaca, WI, United States","Waupaca, WI, United States",United States,Community Program | Parkinson's Care,,in-person,false,unclaimed,0,0,,,7152584437,Rock Steady Boxing - Waupaca Senior Center,,member-directory,Rock Steady Boxing,"407 School St, Waupaca, WI 54981, United States",Waupaca,WI,54981,https://members.rocksteadyboxing.org/member-directory/Details/waupaca-senior-center-2829730,44.3563986,-89.080843,2026-03-28T03:14:36.200Z
rock-steady-boxing,Rock Steady Boxing Member Directory,member-directory:wautoma-2829729,member-directory-wautoma-480-south-townline-road-wautoma-wi-54982-united-states,"Rock Steady Boxing Wautoma, WI",Community Program,"Rock Steady Boxing Wautoma, WI is listed in the official Rock Steady Boxing directory.","Rock Steady Boxing Wautoma, WI is listed in the official Rock Steady Boxing Member Directory. Address: 480 South Townline Road, Wautoma, WI 54982, United States.","Wautoma, WI, United States","Wautoma, WI, United States",United States,Community Program | Parkinson's Care,,in-person,false,unclaimed,0,0,,,9202916888,"Rock Steady Boxing Wautoma, WI",,member-directory,Rock Steady Boxing,"480 South Townline Road, Wautoma, WI 54982, United States",Wautoma,WI,54982,https://members.rocksteadyboxing.org/member-directory/Details/wautoma-2829729,44.063787,-89.27877699999999,2026-03-28T03:14:36.200Z
rock-steady-boxing,Rock Steady Boxing Member Directory,member-directory:wayne-at-providence-wellness-center-2829728,member-directory-wayne-at-providence-wellness-center-1200-providence-road-wayne-ne-68787-united-states,Rock Steady Boxing - Wayne at Providence Wellness Center,Exercise Program,Rock Steady Boxing - Wayne at Providence Wellness Center is listed in the official Rock Steady Boxing directory.,"Rock Steady Boxing - Wayne at Providence Wellness Center is listed in the official Rock Steady Boxing Member Directory. Address: 1200 Providence Road, Wayne, NE 68787, United States.","Wayne, NE, United States","Wayne, NE, United States",United States,Boxing | Exercise | Parkinson's Care,,in-person,false,unclaimed,0,0,,,4023757927,Rock Steady Boxing - Wayne at Providence Wellness Center,,member-directory,Rock Steady Boxing,"1200 Providence Road, Wayne, NE 68787, United States",Wayne,NE,68787,https://members.rocksteadyboxing.org/member-directory/Details/wayne-at-providence-wellness-center-2829728,42.2388836,-97.00744809999999,2026-03-28T03:14:36.200Z
rock-steady-boxing,Rock Steady Boxing Member Directory,member-directory:wellstar-health-place-2829723,member-directory-wellstar-health-place-330-kennestone-hospital-blvd-marietta-ga-30060-united-states,Rock Steady Boxing - WellStar Health Place,Community Program,Rock Steady Boxing - WellStar Health Place is listed in the official Rock Steady Boxing directory.,"Rock Steady Boxing - WellStar Health Place is listed in the official Rock Steady Boxing Member Directory. Address: 330 Kennestone Hospital Blvd, Marietta, GA 30060, United States.","Marietta, GA, United States","Marietta, GA, United States",United States,Community Program | Parkinson's Care,,in-person,false,unclaimed,0,0,,,7707937300,Rock Steady Boxing - WellStar Health Place,,member-directory,Rock Steady Boxing,"330 Kennestone Hospital Blvd, Marietta, GA 30060, United States",Marietta,GA,30060,https://members.rocksteadyboxing.org/member-directory/Details/wellstar-health-place-2829723,33.9688805,-84.5537497,2026-03-28T03:14:36.200Z
rock-steady-boxing,Rock Steady Boxing Member Directory,member-directory:wellstar-north-fulton-3428331,member-directory-wellstar-north-fulton-3000-hospital-blvd-roswell-ga-30076-united-states,Rock Steady Boxing - Wellstar North Fulton,Community Program,Rock Steady Boxing - Wellstar North Fulton is listed in the official Rock Steady Boxing directory.,"Rock Steady Boxing - Wellstar North Fulton is listed in the official Rock Steady Boxing Member Directory. Address: 3000 Hospital Blvd, Roswell, GA 30076, United States.","Roswell, GA, United States","Roswell, GA, United States",United States,Community Program | Parkinson's Care,,in-person,false,unclaimed,0,0,,,7707937300,Rock Steady Boxing - Wellstar North Fulton,,member-directory,Rock Steady Boxing,"3000 Hospital Blvd, Roswell, GA 30076, United States",Roswell,GA,30076,https://members.rocksteadyboxing.org/member-directory/Details/wellstar-north-fulton-3428331,34.0623302,-84.3197532,2026-03-28T03:14:36.200Z
rock-steady-boxing,Rock Steady Boxing Member Directory,member-directory:wenatchee-2829722,member-directory-wenatchee-1913-skyline-dr-wenatchee-wa-98801-united-states,"Rock Steady Boxing Wenatchee, WA",Community Program,"Rock Steady Boxing Wenatchee, WA is listed in the official Rock Steady Boxing directory.","Rock Steady Boxing Wenatchee, WA is listed in the official Rock Steady Boxing Member Directory. Address: 1913 Skyline Dr, Wenatchee, WA 98801, United States.","Wenatchee, WA, United States","Wenatchee, WA, United States",United States,Community Program | Parkinson's Care,,in-person,false,unclaimed,0,0,,,5096623544,"Rock Steady Boxing Wenatchee, WA",,member-directory,Rock Steady Boxing,"1913 Skyline Dr, Wenatchee, WA 98801, United States",Wenatchee,WA,98801,https://members.rocksteadyboxing.org/member-directory/Details/wenatchee-2829722,47.4109764,-120.3521422,2026-03-28T03:14:36.200Z
rock-steady-boxing,Rock Steady Boxing Member Directory,member-directory:west-bend-2829721,member-directory-west-bend-7731-us-hwy-45-unit-3-kewaskum-wi-53040-united-states,Rock Steady Boxing - West Bend,Community Program,Rock Steady Boxing - West Bend is listed in the official Rock Steady Boxing directory.,"Rock Steady Boxing - West Bend is listed in the official Rock Steady Boxing Member Directory. Address: 7731 US Hwy 45, Unit 3, Kewaskum, WI 53040, United States.","Kewaskum, WI, United States","Kewaskum, WI, United States",United States,Community Program | Parkinson's Care,,in-person,false,unclaimed,0,0,,,2629090602,Rock Steady Boxing - West Bend,,member-directory,Rock Steady Boxing,"7731 US Hwy 45, Unit 3, Kewaskum, WI 53040, United States",Kewaskum,WI,53040,https://members.rocksteadyboxing.org/member-directory/Details/west-bend-2829721,43.4677145,-88.2079309,2026-03-28T03:14:36.200Z
rock-steady-boxing,Rock Steady Boxing Member Directory,member-directory:west-des-moines-2829720,member-directory-west-des-moines-9225-cascade-ave-west-des-moines-ia-50266-united-states,"Rock Steady Boxing West Des Moines, IA",Community Program,"Rock Steady Boxing West Des Moines, IA is listed in the official Rock Steady Boxing directory.","Rock Steady Boxing West Des Moines, IA is listed in the official Rock Steady Boxing Member Directory. Address: 9225 Cascade Ave, West Des Moines, IA 50266, United States.","West Des Moines, IA, United States","West Des Moines, IA, United States",United States,Community Program | Parkinson's Care,,in-person,false,unclaimed,0,0,,,5159782404,"Rock Steady Boxing West Des Moines, IA",,member-directory,Rock Steady Boxing,"9225 Cascade Ave, West Des Moines, IA 50266, United States",West Des Moines,IA,50266,https://members.rocksteadyboxing.org/member-directory/Details/west-des-moines-2829720,41.55585869999999,-93.8348784,2026-03-28T03:14:36.200Z
rock-steady-boxing,Rock Steady Boxing Member Directory,member-directory:west-michigan-llc-2829718,member-directory-west-michigan-llc-2241-84th-st-sw-byron-center-mi-49513-united-states,"Rock Steady Boxing - West Michigan, LLC",Community Program,"Rock Steady Boxing - West Michigan, LLC is listed in the official Rock Steady Boxing directory.","Rock Steady Boxing - West Michigan, LLC is listed in the official Rock Steady Boxing Member Directory. Address: 2241 84th St SW, Byron Center, MI 49513, United States.","Byron Center, MI, United States","Byron Center, MI, United States",United States,Community Program | Parkinson's Care,,in-person,false,unclaimed,0,0,https://www.facebook.com/Rock-Steady-Boxing-West-Michigan-350887945104292/,,6162128067,"Rock Steady Boxing - West Michigan, LLC",,member-directory,Rock Steady Boxing,"2241 84th St SW, Byron Center, MI 49513, United States",Byron Center,MI,49513,https://members.rocksteadyboxing.org/member-directory/Details/west-michigan-llc-2829718,42.812627,-85.71897299999999,2026-03-28T03:14:36.200Z
rock-steady-boxing,Rock Steady Boxing Member Directory,member-directory:west-sacramento-2829714,member-directory-west-sacramento-2568-industrial-blvd-west-sacramento-ca-95691-united-states,"Rock Steady Boxing West Sacramento, CA",Community Program,"Rock Steady Boxing West Sacramento, CA is listed in the official Rock Steady Boxing directory.","Rock Steady Boxing West Sacramento, CA is listed in the official Rock Steady Boxing Member Directory. Address: 2568 Industrial Blvd, West Sacramento, CA 95691, United States.","West Sacramento, CA, United States","West Sacramento, CA, United States",United States,Community Program | Parkinson's Care,,in-person,false,unclaimed,0,0,,,9162846646,"Rock Steady Boxing West Sacramento, CA",,member-directory,Rock Steady Boxing,"2568 Industrial Blvd, West Sacramento, CA 95691, United States",West Sacramento,CA,95691,https://members.rocksteadyboxing.org/member-directory/Details/west-sacramento-2829714,38.5663809,-121.5437351,2026-03-28T03:14:36.200Z
rock-steady-boxing,Rock Steady Boxing Member Directory,member-directory:west-shore-ymca-2829713,member-directory-west-shore-ymca-410-fallowfield-road-camp-hill-pa-17011-united-states,Rock Steady Boxing - West Shore YMCA,Community Program,Rock Steady Boxing - West Shore YMCA is listed in the official Rock Steady Boxing directory.,"Rock Steady Boxing - West Shore YMCA is listed in the official Rock Steady Boxing Member Directory. Address: 410 Fallowfield Road, Camp Hill, PA 17011, United States.","Camp Hill, PA, United States","Camp Hill, PA, United States",United States,Community Program | Parkinson's Care,,in-person,false,unclaimed,0,0,,,7177379622,Rock Steady Boxing - West Shore YMCA,,member-directory,Rock Steady Boxing,"410 Fallowfield Road, Camp Hill, PA 17011, United States",Camp Hill,PA,17011,https://members.rocksteadyboxing.org/member-directory/Details/west-shore-ymca-2829713,40.23287819999999,-76.9449513,2026-03-28T03:14:36.200Z
rock-steady-boxing,Rock Steady Boxing Member Directory,member-directory:westchester-2829712,member-directory-westchester-136-radio-circle-drive-mount-kisco-ny-10549-united-states,Rock Steady Boxing - Westchester,Community Program,Rock Steady Boxing - Westchester is listed in the official Rock Steady Boxing directory.,"Rock Steady Boxing - Westchester is listed in the official Rock Steady Boxing Member Directory. Address: 136 Radio Circle Drive, Mount Kisco, NY 10549, United States.","Mount Kisco, NY, United States","Mount Kisco, NY, United States",United States,Community Program | Parkinson's Care,,in-person,false,unclaimed,0,0,,,9142412657,Rock Steady Boxing - Westchester,,member-directory,Rock Steady Boxing,"136 Radio Circle Drive, Mount Kisco, NY 10549, United States",Mount Kisco,NY,10549,https://members.rocksteadyboxing.org/member-directory/Details/westchester-2829712,41.1919136,-73.738316,2026-03-28T03:14:36.200Z
rock-steady-boxing,Rock Steady Boxing Member Directory,member-directory:western-racquet-fitness-club-2829711,member-directory-western-racquet-and-fitness-club-2500-south-ashland-avenue-green-bay-wi-54304-united-states,Rock Steady Boxing - Western Racquet & Fitness Club,Exercise Program,Rock Steady Boxing - Western Racquet & Fitness Club is listed in the official Rock Steady Boxing directory.,"Rock Steady Boxing - Western Racquet & Fitness Club is listed in the official Rock Steady Boxing Member Directory. Categories: We have all levels classes every Monday, Wednesday, and Friday from 1:30pm - 2:45pm. Address: 2500 South Ashland Avenue, Green Bay, WI 54304, United States.","Green Bay, WI, United States","Green Bay, WI, United States",United States,We have all levels classes every Monday | Wednesday | and Friday from 1:30pm - 2:45pm | Boxing | Exercise | Parkinson's Care,,in-person,false,unclaimed,0,0,,,9204971161,Rock Steady Boxing - Western Racquet & Fitness Club,,member-directory,Rock Steady Boxing,"2500 South Ashland Avenue, Green Bay, WI 54304, United States",Green Bay,WI,54304,https://members.rocksteadyboxing.org/member-directory/Details/western-racquet-fitness-club-2829711,44.47971510000001,-88.06003179999999,2026-03-28T03:14:36.200Z
rock-steady-boxing,Rock Steady Boxing Member Directory,member-directory:westminster-at-lake-ridge-3788306,member-directory-westminster-at-lake-ridge-12191-clipper-dr-lake-ridge-va-22192-united-states,Rock Steady Boxing - Westminster at Lake Ridge,Community Program,Rock Steady Boxing - Westminster at Lake Ridge is listed in the official Rock Steady Boxing directory.,"Rock Steady Boxing - Westminster at Lake Ridge is listed in the official Rock Steady Boxing Member Directory. Address: 12191 Clipper Dr, Lake Ridge, VA 22192, United States.","Lake Ridge, VA, United States","Lake Ridge, VA, United States",United States,Community Program | Parkinson's Care,,in-person,false,unclaimed,0,0,,,7035526134,Rock Steady Boxing - Westminster at Lake Ridge,,member-directory,Rock Steady Boxing,"12191 Clipper Dr, Lake Ridge, VA 22192, United States",Lake Ridge,VA,22192,https://members.rocksteadyboxing.org/member-directory/Details/westminster-at-lake-ridge-3788306,38.6872115,-77.2764909,2026-03-28T03:14:36.200Z
rock-steady-boxing,Rock Steady Boxing Member Directory,member-directory:westminster-village-north-2829709,member-directory-westminster-village-north-11050-presbyterian-drive-indianapolis-in-46236-united-states,Rock Steady Boxing - Westminster Village North,Community Program,Rock Steady Boxing - Westminster Village North is listed in the official Rock Steady Boxing directory.,"Rock Steady Boxing - Westminster Village North is listed in the official Rock Steady Boxing Member Directory. Address: 11050 Presbyterian Drive, Indianapolis, IN 46236, United States.","Indianapolis, IN, United States","Indianapolis, IN, United States",United States,Community Program | Parkinson's Care,,in-person,false,unclaimed,0,0,,,3178236841ext.1051,Rock Steady Boxing - Westminster Village North,,member-directory,Rock Steady Boxing,"11050 Presbyterian Drive, Indianapolis, IN 46236, United States",Indianapolis,IN,46236,https://members.rocksteadyboxing.org/member-directory/Details/westminster-village-north-2829709,39.8714835,-85.97031249999999,2026-03-28T03:14:36.200Z
rock-steady-boxing,Rock Steady Boxing Member Directory,member-directory:westminster-village-west-lafayette-2829708,member-directory-westminster-village-west-lafayette-2741-n-salisbury-street-west-lafayette-in-47906-united-states,"Rock Steady Boxing - Westminster Village, West Lafayette",Community Program,"Rock Steady Boxing - Westminster Village, West Lafayette is listed in the official Rock Steady Boxing directory.","Rock Steady Boxing - Westminster Village, West Lafayette is listed in the official Rock Steady Boxing Member Directory. Address: 2741 N Salisbury Street, West Lafayette, IN 47906, United States.","West Lafayette, IN, United States","West Lafayette, IN, United States",United States,Community Program | Parkinson's Care,,in-person,false,unclaimed,0,0,,,7657717200,"Rock Steady Boxing - Westminster Village, West Lafayette",,member-directory,Rock Steady Boxing,"2741 N Salisbury Street, West Lafayette, IN 47906, United States",West Lafayette,IN,47906,https://members.rocksteadyboxing.org/member-directory/Details/westminster-village-west-lafayette-2829708,40.458158,-86.91740229999999,2026-03-28T03:14:36.200Z
rock-steady-boxing,Rock Steady Boxing Member Directory,member-directory:whatcom-family-ymca-3379268,member-directory-whatcom-family-ymca-1256-n-state-st-bellingham-wa-98225-united-states,Rock Steady Boxing - Whatcom Family YMCA,Community Program,Rock Steady Boxing - Whatcom Family YMCA is listed in the official Rock Steady Boxing directory.,"Rock Steady Boxing - Whatcom Family YMCA is listed in the official Rock Steady Boxing Member Directory. Address: 1256 N State St, Bellingham, WA 98225, United States.","Bellingham, WA, United States","Bellingham, WA, United States",United States,Community Program | Parkinson's Care,,in-person,false,unclaimed,0,0,,,3607338630,Rock Steady Boxing - Whatcom Family YMCA,,member-directory,Rock Steady Boxing,"1256 N State St, Bellingham, WA 98225, United States",Bellingham,WA,98225,https://members.rocksteadyboxing.org/member-directory/Details/whatcom-family-ymca-3379268,48.7481038,-122.4771087,2026-03-28T03:14:36.200Z
rock-steady-boxing,Rock Steady Boxing Member Directory,member-directory:whitley-county-family-ymca-4074221,member-directory-whitley-county-family-ymca-950-east-van-buren-st-columbia-city-in-46725-united-states,Rock Steady Boxing - Whitley County Family YMCA,Community Program,Rock Steady Boxing - Whitley County Family YMCA is listed in the official Rock Steady Boxing directory.,"Rock Steady Boxing - Whitley County Family YMCA is listed in the official Rock Steady Boxing Member Directory. Address: 950 East Van Buren St, Columbia City, IN 46725, United States.","Columbia City, IN, United States","Columbia City, IN, United States",United States,Community Program | Parkinson's Care,,in-person,false,unclaimed,0,0,,,2602449622,Rock Steady Boxing - Whitley County Family YMCA,,member-directory,Rock Steady Boxing,"950 East Van Buren St, Columbia City, IN 46725, United States",Columbia City,IN,46725,https://members.rocksteadyboxing.org/member-directory/Details/whitley-county-family-ymca-4074221,41.1571677,-85.4732579,2026-03-28T03:14:36.200Z
rock-steady-boxing,Rock Steady Boxing Member Directory,member-directory:wichita-3603053,member-directory-wichita-4082n-hoover-rd-200-wichita-ks-67205-united-states,"Rock Steady Boxing Wichita, KS",Community Program,"Rock Steady Boxing Wichita, KS is listed in the official Rock Steady Boxing directory.","Rock Steady Boxing Wichita, KS is listed in the official Rock Steady Boxing Member Directory. Address: 4082N Hoover Rd #200, Wichita, KS 67205, United States.","Wichita, KS, United States","Wichita, KS, United States",United States,Community Program | Parkinson's Care,,in-person,false,unclaimed,0,0,,,3166887235,"Rock Steady Boxing Wichita, KS",,member-directory,Rock Steady Boxing,"4082N Hoover Rd #200, Wichita, KS 67205, United States",Wichita,KS,67205,https://members.rocksteadyboxing.org/member-directory/Details/wichita-3603053,37.7575134,-97.40611510000001,2026-03-28T03:14:36.200Z
rock-steady-boxing,Rock Steady Boxing Member Directory,member-directory:williamsburg-2829703,member-directory-williamsburg-5388-discovery-park-blvd-suite-100-williamsburg-va-23188-united-states,"Rock Steady Boxing Williamsburg, VA",Community Program,"Rock Steady Boxing Williamsburg, VA is listed in the official Rock Steady Boxing directory.","Rock Steady Boxing Williamsburg, VA is listed in the official Rock Steady Boxing Member Directory. Address: 5388 Discovery Park Blvd, suite 100, Williamsburg, VA 23188, United States.","Williamsburg, VA, United States","Williamsburg, VA, United States",United States,Community Program | Parkinson's Care,,in-person,false,unclaimed,0,0,,,7579034230,"Rock Steady Boxing Williamsburg, VA",,member-directory,Rock Steady Boxing,"5388 Discovery Park Blvd, suite 100, Williamsburg, VA 23188, United States",Williamsburg,VA,23188,https://members.rocksteadyboxing.org/member-directory/Details/williamsburg-2829703,37.2827192,-76.7417378,2026-03-28T03:14:36.200Z
rock-steady-boxing,Rock Steady Boxing Member Directory,member-directory:windsor-run-2829698,member-directory-windsor-run-2030-windsor-run-lane-matthews-nc-28105-united-states,Rock Steady Boxing - Windsor Run,Community Program,Rock Steady Boxing - Windsor Run is listed in the official Rock Steady Boxing directory.,"Rock Steady Boxing - Windsor Run is listed in the official Rock Steady Boxing Member Directory. Address: 2030 Windsor Run lane, Matthews, NC 28105, United States.","Matthews, NC, United States","Matthews, NC, United States",United States,Community Program | Parkinson's Care,,in-person,false,unclaimed,0,0,,,7044436243,Rock Steady Boxing - Windsor Run,,member-directory,Rock Steady Boxing,"2030 Windsor Run lane, Matthews, NC 28105, United States",Matthews,NC,28105,https://members.rocksteadyboxing.org/member-directory/Details/windsor-run-2829698,35.0843019,-80.72201799999999,2026-03-28T03:14:36.200Z
rock-steady-boxing,Rock Steady Boxing Member Directory,member-directory:windsor-essex-4645286,member-directory-windsor-essex-1072-drouillard-road-windsor-on-n8y-2r-canada,Rock Steady Boxing - Windsor-Essex,Community Program,Rock Steady Boxing - Windsor-Essex is listed in the official Rock Steady Boxing directory.,"Rock Steady Boxing - Windsor-Essex is listed in the official Rock Steady Boxing Member Directory. Address: 1072 Drouillard Road, Windsor, ON N8Y 2R, Canada.","Windsor, Canada","Windsor, Canada",Canada,Community Program | Parkinson's Care,,in-person,false,unclaimed,0,0,,,5199965140,Rock Steady Boxing - Windsor-Essex,,member-directory,Rock Steady Boxing,"1072 Drouillard Road, Windsor, ON N8Y 2R, Canada",Windsor,,,https://members.rocksteadyboxing.org/member-directory/Details/windsor-essex-4645286,42.3205612,-82.9993775,2026-03-28T03:14:36.200Z
rock-steady-boxing,Rock Steady Boxing Member Directory,member-directory:windy-city-2829696,member-directory-windy-city-1106-west-bryn-mawr-avenue-chicago-il-60660-united-states,Rock Steady Boxing - Windy City,Community Program,Rock Steady Boxing - Windy City is listed in the official Rock Steady Boxing directory.,"Rock Steady Boxing - Windy City is listed in the official Rock Steady Boxing Member Directory. Address: 1106 West Bryn Mawr Avenue, Chicago, IL 60660, United States.","Chicago, IL, United States","Chicago, IL, United States",United States,Community Program | Parkinson's Care,,in-person,false,unclaimed,0,0,https://movement-revolution.com/rock-steady-boxing-3/,,3124653921,Rock Steady Boxing - Windy City,,member-directory,Rock Steady Boxing,"1106 West Bryn Mawr Avenue, Chicago, IL 60660, United States",Chicago,IL,60660,https://members.rocksteadyboxing.org/member-directory/Details/windy-city-2829696,41.9837972,-87.658344,2026-03-28T03:14:36.200Z
rock-steady-boxing,Rock Steady Boxing Member Directory,member-directory:wingate-university-2829694,member-directory-wingate-university-315-e-wilson-street-wingate-state-nc-28174-united-states,Rock Steady Boxing - Wingate University,Community Program,Rock Steady Boxing - Wingate University is listed in the official Rock Steady Boxing directory.,"Rock Steady Boxing - Wingate University is listed in the official Rock Steady Boxing Member Directory. Address: 315 E. Wilson Street, Wingate State, NC 28174, United States.","Wingate State, NC, United States","Wingate State, NC, United States",United States,Community Program | Parkinson's Care,,in-person,false,unclaimed,0,0,,,9785780164,Rock Steady Boxing - Wingate University,,member-directory,Rock Steady Boxing,"315 E. Wilson Street, Wingate State, NC 28174, United States",Wingate State,NC,28174,https://members.rocksteadyboxing.org/member-directory/Details/wingate-university-2829694,34.9860426,-80.4430404,2026-03-28T03:14:36.200Z
rock-steady-boxing,Rock Steady Boxing Member Directory,member-directory:witham-hospital-2829690,member-directory-witham-hospital-2605-n-lebanon-st-lebanon-in-46052-united-states,Rock Steady Boxing - Witham Hospital,Community Program,Rock Steady Boxing - Witham Hospital is listed in the official Rock Steady Boxing directory.,"Rock Steady Boxing - Witham Hospital is listed in the official Rock Steady Boxing Member Directory. Address: 2605 N Lebanon St, Lebanon, IN 46052, United States.","Lebanon, IN, United States","Lebanon, IN, United States",United States,Community Program | Parkinson's Care,,in-person,false,unclaimed,0,0,,,7654858125,Rock Steady Boxing - Witham Hospital,,member-directory,Rock Steady Boxing,"2605 N Lebanon St, Lebanon, IN 46052, United States",Lebanon,IN,46052,https://members.rocksteadyboxing.org/member-directory/Details/witham-hospital-2829690,40.0772006,-86.4732739,2026-03-28T03:14:36.200Z
rock-steady-boxing,Rock Steady Boxing Member Directory,member-directory:woodland-2829689,member-directory-woodland-2001-east-st-woodland-ca-95776-united-states,"Rock Steady Boxing Woodland, CA",Community Program,"Rock Steady Boxing Woodland, CA is listed in the official Rock Steady Boxing directory.","Rock Steady Boxing Woodland, CA is listed in the official Rock Steady Boxing Member Directory. Address: 2001 East St, Woodland, CA 95776, United States.","Woodland, CA, United States","Woodland, CA, United States",United States,Community Program | Parkinson's Care,,in-person,false,unclaimed,0,0,,,5306612001,"Rock Steady Boxing Woodland, CA",,member-directory,Rock Steady Boxing,"2001 East St, Woodland, CA 95776, United States",Woodland,CA,95776,https://members.rocksteadyboxing.org/member-directory/Details/woodland-2829689,38.6537856,-121.764335,2026-03-28T03:14:36.201Z
rock-steady-boxing,Rock Steady Boxing Member Directory,member-directory:woodland-hills-2829888,member-directory-woodland-hills-20951-burbank-blvd-suite-d-woodland-hills-ca-91367-united-states,"Rock Steady Boxing Woodland Hills, CA",Community Program,"Rock Steady Boxing Woodland Hills, CA is listed in the official Rock Steady Boxing directory.","Rock Steady Boxing Woodland Hills, CA is listed in the official Rock Steady Boxing Member Directory. Address: 20951 Burbank Blvd., Suite D, Woodland Hills, CA 91367, United States.","Woodland Hills, CA, United States","Woodland Hills, CA, United States",United States,Community Program | Parkinson's Care,,in-person,false,unclaimed,0,0,,,7472341115,"Rock Steady Boxing Woodland Hills, CA",,member-directory,Rock Steady Boxing,"20951 Burbank Blvd., Suite D, Woodland Hills, CA 91367, United States",Woodland Hills,CA,91367,https://members.rocksteadyboxing.org/member-directory/Details/woodland-hills-2829888,34.1738502,-118.5899279,2026-03-28T03:14:36.201Z
rock-steady-boxing,Rock Steady Boxing Member Directory,member-directory:woodson-ymca-4628763,member-directory-woodson-ymca-707-n-3rd-street-wausau-wi-54403-united-states,Rock Steady Boxing - Woodson YMCA,Community Program,Rock Steady Boxing - Woodson YMCA is listed in the official Rock Steady Boxing directory.,"Rock Steady Boxing - Woodson YMCA is listed in the official Rock Steady Boxing Member Directory. Address: 707 N 3rd Street, -, Wausau, WI 54403, United States.","Wausau, WI, United States","Wausau, WI, United States",United States,Community Program | Parkinson's Care,,in-person,false,unclaimed,0,0,http://www.woodsonymca.com/,,+17158452177,Rock Steady Boxing - Woodson YMCA,,member-directory,Rock Steady Boxing,"707 N 3rd Street, -, Wausau, WI 54403, United States",Wausau,WI,54403,https://members.rocksteadyboxing.org/member-directory/Details/woodson-ymca-4628763,44.9627304,-89.6272243,2026-03-28T03:14:36.201Z
rock-steady-boxing,Rock Steady Boxing Member Directory,member-directory:wts-japan-4097779,member-directory-wts-japan-4-1-20-103-suzurandai-kitamachi-kobe-hyogo-651-1111-japan,Rock Steady Boxing - WTS Japan,Community Program,Rock Steady Boxing - WTS Japan is listed in the official Rock Steady Boxing directory.,"Rock Steady Boxing - WTS Japan is listed in the official Rock Steady Boxing Member Directory. Address: 4-1-20-103 Suzurandai Kitamachi, Kobe, Hyogo 651-1111, Japan.","Kobe, Japan","Kobe, Japan",Japan,Community Program | Parkinson's Care,,in-person,false,unclaimed,0,0,,,08040837358,Rock Steady Boxing - WTS Japan,,member-directory,Rock Steady Boxing,"4-1-20-103 Suzurandai Kitamachi, Kobe, Hyogo 651-1111, Japan",Kobe,,,https://members.rocksteadyboxing.org/member-directory/Details/wts-japan-4097779,34.7250909,135.1477694,2026-03-28T03:14:36.201Z
rock-steady-boxing,Rock Steady Boxing Member Directory,member-directory:pop-santa-fe-2829881,member-directory-pop-santa-fe-2019-galisteo-st-suite-b2-santa-fe-nm-87505-united-states,Rock Steady Boxing - POP Santa Fe,Community Program,Rock Steady Boxing - POP Santa Fe is listed in the official Rock Steady Boxing directory.,"Rock Steady Boxing - POP Santa Fe is listed in the official Rock Steady Boxing Member Directory. Address: 2019 Galisteo St., Suite B2, Santa Fe, NM 87505, United States.","Santa Fe, NM, United States","Santa Fe, NM, United States",United States,Community Program | Parkinson's Care,,in-person,false,unclaimed,0,0,,,5059301168,Rock Steady Boxing - POP Santa Fe,,member-directory,Rock Steady Boxing,"2019 Galisteo St., Suite B2, Santa Fe, NM 87505, United States",Santa Fe,NM,87505,https://members.rocksteadyboxing.org/member-directory/Details/pop-santa-fe-2829881,35.6574705,-105.9510332,2026-03-28T03:14:36.201Z
rock-steady-boxing,Rock Steady Boxing Member Directory,member-directory:xenia-ymca-2829687,member-directory-xenia-ymca-336-south-progress-drive-xenia-oh-45385-united-states,Rock Steady Boxing - Xenia YMCA,Community Program,Rock Steady Boxing - Xenia YMCA is listed in the official Rock Steady Boxing directory.,"Rock Steady Boxing - Xenia YMCA is listed in the official Rock Steady Boxing Member Directory. Address: 336 South Progress Drive, Xenia, OH 45385, United States.","Xenia, OH, United States","Xenia, OH, United States",United States,Community Program | Parkinson's Care,,in-person,false,unclaimed,0,0,,,9373769622,Rock Steady Boxing - Xenia YMCA,,member-directory,Rock Steady Boxing,"336 South Progress Drive, Xenia, OH 45385, United States",Xenia,OH,45385,https://members.rocksteadyboxing.org/member-directory/Details/xenia-ymca-2829687,39.6821622,-83.967823,2026-03-28T03:14:36.201Z
rock-steady-boxing,Rock Steady Boxing Member Directory,member-directory:ymca-at-the-heights-2829685,member-directory-ymca-at-the-heights-7251-shull-road-huber-heights-oh-45424-united-states,Rock Steady Boxing - YMCA at The Heights,Community Program,Rock Steady Boxing - YMCA at The Heights is listed in the official Rock Steady Boxing directory.,"Rock Steady Boxing - YMCA at The Heights is listed in the official Rock Steady Boxing Member Directory. Address: 7251 Shull Road, Huber Heights, OH 45424, United States.","Huber Heights, OH, United States","Huber Heights, OH, United States",United States,Community Program | Parkinson's Care,,in-person,false,unclaimed,0,0,,,9372369622,Rock Steady Boxing - YMCA at The Heights,,member-directory,Rock Steady Boxing,"7251 Shull Road, Huber Heights, OH 45424, United States",Huber Heights,OH,45424,https://members.rocksteadyboxing.org/member-directory/Details/ymca-at-the-heights-2829685,39.8765853,-84.10079689999999,2026-03-28T03:14:36.201Z
rock-steady-boxing,Rock Steady Boxing Member Directory,member-directory:ymca-of-calhoun-county-2829684,member-directory-ymca-of-calhoun-county-29th-west-14th-street-anniston-al-36201-united-states,Rock Steady Boxing - YMCA of Calhoun County,Community Program,Rock Steady Boxing - YMCA of Calhoun County is listed in the official Rock Steady Boxing directory.,"Rock Steady Boxing - YMCA of Calhoun County is listed in the official Rock Steady Boxing Member Directory. Address: 29th West 14th Street, Anniston, AL 36201, United States.","Anniston, AL, United States","Anniston, AL, United States",United States,Community Program | Parkinson's Care,,in-person,false,unclaimed,0,0,,,2562389622,Rock Steady Boxing - YMCA of Calhoun County,,member-directory,Rock Steady Boxing,"29th West 14th Street, Anniston, AL 36201, United States",Anniston,AL,36201,https://members.rocksteadyboxing.org/member-directory/Details/ymca-of-calhoun-county-2829684,33.6629988,-85.8531172,2026-03-28T03:14:36.201Z
rock-steady-boxing,Rock Steady Boxing Member Directory,member-directory:ymca-of-central-virginia-2829683,member-directory-ymca-of-central-virginia-801-wyndhurst-dr-lynchburg-va-24502-united-states,Rock Steady Boxing - YMCA of Central Virginia,Community Program,Rock Steady Boxing - YMCA of Central Virginia is listed in the official Rock Steady Boxing directory.,"Rock Steady Boxing - YMCA of Central Virginia is listed in the official Rock Steady Boxing Member Directory. Address: 801 Wyndhurst Dr, Lynchburg, VA 24502, United States.","Lynchburg, VA, United States","Lynchburg, VA, United States",United States,Community Program | Parkinson's Care,,in-person,false,unclaimed,0,0,,,4347717621,Rock Steady Boxing - YMCA of Central Virginia,,member-directory,Rock Steady Boxing,"801 Wyndhurst Dr, Lynchburg, VA 24502, United States",Lynchburg,VA,24502,https://members.rocksteadyboxing.org/member-directory/Details/ymca-of-central-virginia-2829683,37.3616546,-79.2420408,2026-03-28T03:14:36.201Z
rock-steady-boxing,Rock Steady Boxing Member Directory,member-directory:ymca-of-collier-county-2829682,member-directory-ymca-of-collier-county-101-sand-hill-st-marco-island-fl-34145-united-states,Rock Steady Boxing - YMCA of Collier County,Community Program,Rock Steady Boxing - YMCA of Collier County is listed in the official Rock Steady Boxing directory.,"Rock Steady Boxing - YMCA of Collier County is listed in the official Rock Steady Boxing Member Directory. Address: 101 Sand Hill St, Marco Island, FL 34145, United States.","Marco Island, FL, United States","Marco Island, FL, United States",United States,Community Program | Parkinson's Care,,in-person,false,unclaimed,0,0,,,2393949622ext.132,Rock Steady Boxing - YMCA of Collier County,,member-directory,Rock Steady Boxing,"101 Sand Hill St, Marco Island, FL 34145, United States",Marco Island,FL,34145,https://members.rocksteadyboxing.org/member-directory/Details/ymca-of-collier-county-2829682,25.935501,-81.708243,2026-03-28T03:14:36.201Z
rock-steady-boxing,Rock Steady Boxing Member Directory,member-directory:ymca-of-frederick-county-2829681,member-directory-ymca-of-frederick-county-1000-n-market-street-frederick-md-21701-united-states,Rock Steady Boxing - YMCA of Frederick County,Community Program,Rock Steady Boxing - YMCA of Frederick County is listed in the official Rock Steady Boxing directory.,"Rock Steady Boxing - YMCA of Frederick County is listed in the official Rock Steady Boxing Member Directory. Address: 1000 N. Market Street, Frederick, MD 21701, United States.","Frederick, MD, United States","Frederick, MD, United States",United States,Community Program | Parkinson's Care,,in-person,false,unclaimed,0,0,,,3016635131Ext.1244,Rock Steady Boxing - YMCA of Frederick County,,member-directory,Rock Steady Boxing,"1000 N. Market Street, Frederick, MD 21701, United States",Frederick,MD,21701,https://members.rocksteadyboxing.org/member-directory/Details/ymca-of-frederick-county-2829681,39.426422,-77.4060487,2026-03-28T03:14:36.201Z
rock-steady-boxing,Rock Steady Boxing Member Directory,member-directory:ymca-of-harrison-county-3271628,member-directory-ymca-of-harrison-county-198-jenkins-ct-ne-corydon-in-47112-united-states,Rock Steady Boxing - YMCA of Harrison County,Community Program,Rock Steady Boxing - YMCA of Harrison County is listed in the official Rock Steady Boxing directory.,"Rock Steady Boxing - YMCA of Harrison County is listed in the official Rock Steady Boxing Member Directory. Address: 198 Jenkins Ct NE, Corydon, IN 47112, United States.","Corydon, IN, United States","Corydon, IN, United States",United States,Community Program | Parkinson's Care,,in-person,false,unclaimed,0,0,,,8127340770,Rock Steady Boxing - YMCA of Harrison County,,member-directory,Rock Steady Boxing,"198 Jenkins Ct NE, Corydon, IN 47112, United States",Corydon,IN,47112,https://members.rocksteadyboxing.org/member-directory/Details/ymca-of-harrison-county-3271628,38.2236506,-86.12481140000001,2026-03-28T03:14:36.201Z
rock-steady-boxing,Rock Steady Boxing Member Directory,member-directory:ymca-of-muncie-3564840,member-directory-ymca-of-muncie-3500-n-chadam-ln-muncie-in-47304-united-states,Rock Steady Boxing - YMCA of Muncie,Community Program,Rock Steady Boxing - YMCA of Muncie is listed in the official Rock Steady Boxing directory.,"Rock Steady Boxing - YMCA of Muncie is listed in the official Rock Steady Boxing Member Directory. Address: 3500 N Chadam Ln, Muncie, IN 47304, United States.","Muncie, IN, United States","Muncie, IN, United States",United States,Community Program | Parkinson's Care,,in-person,false,unclaimed,0,0,,,7652860818,Rock Steady Boxing - YMCA of Muncie,,member-directory,Rock Steady Boxing,"3500 N Chadam Ln, Muncie, IN 47304, United States",Muncie,IN,47304,https://members.rocksteadyboxing.org/member-directory/Details/ymca-of-muncie-3564840,40.2222819,-85.4309734,2026-03-28T03:14:36.201Z
rock-steady-boxing,Rock Steady Boxing Member Directory,member-directory:ymca-of-northwest-louisiana-2829680,member-directory-ymca-of-northwest-louisiana-3455-knight-st-shreveport-la-71105-united-states,Rock Steady Boxing - YMCA of Northwest Louisiana,Community Program,Rock Steady Boxing - YMCA of Northwest Louisiana is listed in the official Rock Steady Boxing directory.,"Rock Steady Boxing - YMCA of Northwest Louisiana is listed in the official Rock Steady Boxing Member Directory. Address: 3455 Knight St, Shreveport, LA 71105, United States.","Shreveport, LA, United States","Shreveport, LA, United States",United States,Community Program | Parkinson's Care,,in-person,false,unclaimed,0,0,http://www.ymcawla.org/,,3186749635,Rock Steady Boxing - YMCA of Northwest Louisiana,,member-directory,Rock Steady Boxing,"3455 Knight St, Shreveport, LA 71105, United States",Shreveport,LA,71105,https://members.rocksteadyboxing.org/member-directory/Details/ymca-of-northwest-louisiana-2829680,32.4774411,-93.6938628,2026-03-28T03:14:36.201Z
rock-steady-boxing,Rock Steady Boxing Member Directory,member-directory:ymca-of-ottawa-illinois-2829679,member-directory-ymca-of-ottawa-illinois-411-canal-street-ottawa-il-61350-united-states,Rock Steady Boxing - YMCA of Ottawa Illinois,Community Program,Rock Steady Boxing - YMCA of Ottawa Illinois is listed in the official Rock Steady Boxing directory.,"Rock Steady Boxing - YMCA of Ottawa Illinois is listed in the official Rock Steady Boxing Member Directory. Address: 411 Canal Street, Ottawa, IL 61350, United States.","Ottawa, IL, United States","Ottawa, IL, United States",United States,Community Program | Parkinson's Care,,in-person,false,unclaimed,0,0,,,8154332395,Rock Steady Boxing - YMCA of Ottawa Illinois,,member-directory,Rock Steady Boxing,"411 Canal Street, Ottawa, IL 61350, United States",Ottawa,IL,61350,https://members.rocksteadyboxing.org/member-directory/Details/ymca-of-ottawa-illinois-2829679,41.3441381,-88.8460456,2026-03-28T03:14:36.201Z
rock-steady-boxing,Rock Steady Boxing Member Directory,member-directory:ymca-of-sequim-2829677,member-directory-ymca-of-sequim-610-n-5th-ave-sequim-wa-98382-united-states,Rock Steady Boxing - YMCA of Sequim,Community Program,Rock Steady Boxing - YMCA of Sequim is listed in the official Rock Steady Boxing directory.,"Rock Steady Boxing - YMCA of Sequim is listed in the official Rock Steady Boxing Member Directory. Address: 610 N. 5th Ave, Sequim, WA 98382, United States.","Sequim, WA, United States","Sequim, WA, United States",United States,Community Program | Parkinson's Care,,in-person,false,unclaimed,0,0,,,3604779381Ext.390,Rock Steady Boxing - YMCA of Sequim,,member-directory,Rock Steady Boxing,"610 N. 5th Ave, Sequim, WA 98382, United States",Sequim,WA,98382,https://members.rocksteadyboxing.org/member-directory/Details/ymca-of-sequim-2829677,48.0854948,-123.1122151,2026-03-28T03:14:36.201Z
rock-steady-boxing,Rock Steady Boxing Member Directory,member-directory:ymca-of-southwest-florida-2925903,member-directory-ymca-of-southwest-florida-701-center-road-venice-fl-34285-united-states,Rock Steady Boxing - YMCA of Southwest Florida,Community Program,Rock Steady Boxing - YMCA of Southwest Florida is listed in the official Rock Steady Boxing directory.,"Rock Steady Boxing - YMCA of Southwest Florida is listed in the official Rock Steady Boxing Member Directory. Address: 701 Center Road, Venice, FL 34285, United States.","Venice, FL, United States","Venice, FL, United States",United States,Community Program | Parkinson's Care,,in-person,false,unclaimed,0,0,,,9414929622,Rock Steady Boxing - YMCA of Southwest Florida,,member-directory,Rock Steady Boxing,"701 Center Road, Venice, FL 34285, United States",Venice,FL,34285,https://members.rocksteadyboxing.org/member-directory/Details/ymca-of-southwest-florida-2925903,27.0810845,-82.3990402,2026-03-28T03:14:36.201Z
rock-steady-boxing,Rock Steady Boxing Member Directory,member-directory:ymca-of-southwest-florida-punta-gorda-2829859,member-directory-ymca-of-southwest-florida-punta-gorda-2905-tamiami-trail-punta-gorda-fl-33905-united-states,Rock Steady Boxing - YMCA of Southwest Florida (Punta Gorda),Community Program,Rock Steady Boxing - YMCA of Southwest Florida (Punta Gorda) is listed in the official Rock Steady Boxing directory.,"Rock Steady Boxing - YMCA of Southwest Florida (Punta Gorda) is listed in the official Rock Steady Boxing Member Directory. Address: 2905 Tamiami Trail, Punta Gorda, FL 33905, United States.","Punta Gorda, FL, United States","Punta Gorda, FL, United States",United States,Community Program | Parkinson's Care,,in-person,false,unclaimed,0,0,,,9415050999,Rock Steady Boxing - YMCA of Southwest Florida (Punta Gorda),,member-directory,Rock Steady Boxing,"2905 Tamiami Trail, Punta Gorda, FL 33905, United States",Punta Gorda,FL,33905,https://members.rocksteadyboxing.org/member-directory/Details/ymca-of-southwest-florida-punta-gorda-2829859,26.9118825,-82.0441616,2026-03-28T03:14:36.201Z
rock-steady-boxing,Rock Steady Boxing Member Directory,member-directory:ymca-of-steuben-county-2829676,member-directory-ymca-of-steuben-county-500-e-harcourt-rd-angola-in-46703-united-states,Rock Steady Boxing - YMCA of Steuben County,Community Program,Rock Steady Boxing - YMCA of Steuben County is listed in the official Rock Steady Boxing directory.,"Rock Steady Boxing - YMCA of Steuben County is listed in the official Rock Steady Boxing Member Directory. Address: 500 E. Harcourt Rd., Angola, IN 46703, United States.","Angola, IN, United States","Angola, IN, United States",United States,Community Program | Parkinson's Care,,in-person,false,unclaimed,0,0,,,2606683607,Rock Steady Boxing - YMCA of Steuben County,,member-directory,Rock Steady Boxing,"500 E. Harcourt Rd., Angola, IN 46703, United States",Angola,IN,46703,https://members.rocksteadyboxing.org/member-directory/Details/ymca-of-steuben-county-2829676,41.655133,-84.99361739999999,2026-03-28T03:14:36.201Z
rock-steady-boxing,Rock Steady Boxing Member Directory,member-directory:ymca-of-the-blue-water-area-3652627,member-directory-ymca-of-the-blue-water-area-1525-3rd-st-port-huron-mi-48060-5482-united-states,Rock Steady Boxing - YMCA of the Blue Water Area,Community Program,Rock Steady Boxing - YMCA of the Blue Water Area is listed in the official Rock Steady Boxing directory.,"Rock Steady Boxing - YMCA of the Blue Water Area is listed in the official Rock Steady Boxing Member Directory. Address: 1525 3rd St, Port Huron, MI 48060-5482, United States.","Port Huron, MI, United States","Port Huron, MI, United States",United States,Community Program | Parkinson's Care,,in-person,false,unclaimed,0,0,,,8109876400ext117,Rock Steady Boxing - YMCA of the Blue Water Area,,member-directory,Rock Steady Boxing,"1525 3rd St, Port Huron, MI 48060-5482, United States",Port Huron,MI,48060-5482,https://members.rocksteadyboxing.org/member-directory/Details/ymca-of-the-blue-water-area-3652627,42.9680322,-82.42264879999999,2026-03-28T03:14:36.201Z
rock-steady-boxing,Rock Steady Boxing Member Directory,member-directory:ymca-of-the-coosa-valley-2829675,member-directory-ymca-of-the-coosa-valley-100-walnut-st-gadsden-al-35901-united-states,Rock Steady Boxing - YMCA of the Coosa Valley,Community Program,Rock Steady Boxing - YMCA of the Coosa Valley is listed in the official Rock Steady Boxing directory.,"Rock Steady Boxing - YMCA of the Coosa Valley is listed in the official Rock Steady Boxing Member Directory. Address: 100 Walnut St, Gadsden, AL 35901, United States.","Gadsden, AL, United States","Gadsden, AL, United States",United States,Community Program | Parkinson's Care,,in-person,false,unclaimed,0,0,,,2563124947,Rock Steady Boxing - YMCA of the Coosa Valley,,member-directory,Rock Steady Boxing,"100 Walnut St, Gadsden, AL 35901, United States",Gadsden,AL,35901,https://members.rocksteadyboxing.org/member-directory/Details/ymca-of-the-coosa-valley-2829675,34.0088661,-86.00187179999999,2026-03-28T03:14:36.201Z
rock-steady-boxing,Rock Steady Boxing Member Directory,member-directory:ymca-of-the-roses-2829674,member-directory-ymca-of-the-roses-100-constitution-ave-shrewsbury-pa-17361-united-states,Rock Steady Boxing - YMCA of the Roses,Community Program,Rock Steady Boxing - YMCA of the Roses is listed in the official Rock Steady Boxing directory.,"Rock Steady Boxing - YMCA of the Roses is listed in the official Rock Steady Boxing Member Directory. Address: 100 Constitution Ave., Shrewsbury, PA 17361, United States.","Shrewsbury, PA, United States","Shrewsbury, PA, United States",United States,Community Program | Parkinson's Care,,in-person,false,unclaimed,0,0,,,7172350446,Rock Steady Boxing - YMCA of the Roses,,member-directory,Rock Steady Boxing,"100 Constitution Ave., Shrewsbury, PA 17361, United States",Shrewsbury,PA,17361,https://members.rocksteadyboxing.org/member-directory/Details/ymca-of-the-roses-2829674,39.7525968,-76.6807038,2026-03-28T03:14:36.201Z
rock-steady-boxing,Rock Steady Boxing Member Directory,member-directory:ymca-of-the-shoals-2829673,member-directory-ymca-of-the-shoals-2121-helton-drive-florence-al-35630-united-states,Rock Steady Boxing - YMCA of The Shoals,Community Program,Rock Steady Boxing - YMCA of The Shoals is listed in the official Rock Steady Boxing directory.,"Rock Steady Boxing - YMCA of The Shoals is listed in the official Rock Steady Boxing Member Directory. Address: 2121 Helton Drive, Florence, AL 35630, United States.","Florence, AL, United States","Florence, AL, United States",United States,Community Program | Parkinson's Care,,in-person,false,unclaimed,0,0,,,2562469622,Rock Steady Boxing - YMCA of The Shoals,,member-directory,Rock Steady Boxing,"2121 Helton Drive, Florence, AL 35630, United States",Florence,AL,35630,https://members.rocksteadyboxing.org/member-directory/Details/ymca-of-the-shoals-2829673,34.8323207,-87.6685158,2026-03-28T03:14:36.201Z
rock-steady-boxing,Rock Steady Boxing Member Directory,member-directory:ymca-of-washington-2829672,member-directory-ymca-of-washington-520-w-5th-street-washington-ia-52353-united-states,Rock Steady Boxing - YMCA of Washington,Community Program,Rock Steady Boxing - YMCA of Washington is listed in the official Rock Steady Boxing directory.,"Rock Steady Boxing - YMCA of Washington is listed in the official Rock Steady Boxing Member Directory. Address: 520 W 5th Street, Washington, IA 52353, United States.","Washington, IA, United States","Washington, IA, United States",United States,Community Program | Parkinson's Care,,in-person,false,unclaimed,0,0,,,3196532141,Rock Steady Boxing - YMCA of Washington,,member-directory,Rock Steady Boxing,"520 W 5th Street, Washington, IA 52353, United States",Washington,IA,52353,https://members.rocksteadyboxing.org/member-directory/Details/ymca-of-washington-2829672,41.30374690000001,-91.69756,2026-03-28T03:14:36.201Z
rock-steady-boxing,Rock Steady Boxing Member Directory,member-directory:ymca-of-western-north-carolina-2829671,member-directory-ymca-of-western-north-carolina-31-westridge-market-pl-candler-nc-28715-united-states,Rock Steady Boxing - YMCA of Western North Carolina,Community Program,Rock Steady Boxing - YMCA of Western North Carolina is listed in the official Rock Steady Boxing directory.,"Rock Steady Boxing - YMCA of Western North Carolina is listed in the official Rock Steady Boxing Member Directory. Address: 31 Westridge Market Pl, Candler, NC 28715, United States.","Candler, NC, United States","Candler, NC, United States",United States,Community Program | Parkinson's Care,,in-person,false,unclaimed,0,0,,,8285752946,Rock Steady Boxing - YMCA of Western North Carolina,,member-directory,Rock Steady Boxing,"31 Westridge Market Pl, Candler, NC 28715, United States",Candler,NC,28715,https://members.rocksteadyboxing.org/member-directory/Details/ymca-of-western-north-carolina-2829671,35.54785469999999,-82.6575431,2026-03-28T03:14:36.201Z
rock-steady-boxing,Rock Steady Boxing Member Directory,member-directory:yoakum-2829669,member-directory-yoakum-202-dunn-street-yoakum-tx-77995-united-states,"Rock Steady Boxing Yoakum, TX",Community Program,"Rock Steady Boxing Yoakum, TX is listed in the official Rock Steady Boxing directory.","Rock Steady Boxing Yoakum, TX is listed in the official Rock Steady Boxing Member Directory. Address: 202 Dunn Street, Yoakum, TX 77995, United States.","Yoakum, TX, United States","Yoakum, TX, United States",United States,Community Program | Parkinson's Care,,in-person,false,unclaimed,0,0,,,3612938057,"Rock Steady Boxing Yoakum, TX",,member-directory,Rock Steady Boxing,"202 Dunn Street, Yoakum, TX 77995, United States",Yoakum,TX,77995,https://members.rocksteadyboxing.org/member-directory/Details/yoakum-2829669,29.2887519,-97.14683339999999,2026-03-28T03:14:36.201Z
rock-steady-boxing,Rock Steady Boxing Member Directory,member-directory:yorktown-ymca-4452797,member-directory-yorktown-ymca-615-n-walnut-st-muncie-in-47305-united-states,Rock Steady Boxing - Yorktown YMCA,Community Program,Rock Steady Boxing - Yorktown YMCA is listed in the official Rock Steady Boxing directory.,"Rock Steady Boxing - Yorktown YMCA is listed in the official Rock Steady Boxing Member Directory. Address: 615 N Walnut St, Muncie, IN 47305, United States.","Muncie, IN, United States","Muncie, IN, United States",United States,Community Program | Parkinson's Care,,in-person,false,unclaimed,0,0,,,7653812004,Rock Steady Boxing - Yorktown YMCA,,member-directory,Rock Steady Boxing,"615 N Walnut St, Muncie, IN 47305, United States",Muncie,IN,47305,https://members.rocksteadyboxing.org/member-directory/Details/yorktown-ymca-4452797,40.199014,-85.38692619999999,2026-03-28T03:14:36.201Z
rock-steady-boxing,Rock Steady Boxing Member Directory,member-directory:ywca-corpus-christi-tx-4628784,member-directory-ywca-corpus-christi-tx-4601-corona-drive-corpus-christi-tx-78411-united-states,"Rock Steady Boxing - YWCA Corpus Christi, TX",Community Program,"Rock Steady Boxing - YWCA Corpus Christi, TX is listed in the official Rock Steady Boxing directory.","Rock Steady Boxing - YWCA Corpus Christi, TX is listed in the official Rock Steady Boxing Member Directory. Address: 4601 Corona Drive, Corpus Christi, TX 78411, United States.","Corpus Christi, TX, United States","Corpus Christi, TX, United States",United States,Community Program | Parkinson's Care,,in-person,false,unclaimed,0,0,,,,"Rock Steady Boxing - YWCA Corpus Christi, TX",,member-directory,Rock Steady Boxing,"4601 Corona Drive, Corpus Christi, TX 78411, United States",Corpus Christi,TX,78411,https://members.rocksteadyboxing.org/member-directory/Details/ywca-corpus-christi-tx-4628784,27.7133052,-97.3893207,2026-03-28T03:14:36.202Z
rock-steady-boxing,Rock Steady Boxing Member Directory,member-directory:zap-walla-walla-2829665,member-directory-zap-walla-walla-49a-wallula-avenue-walla-walla-wa-99362-united-states,Rock Steady Boxing - ZAP Walla Walla,Community Program,Rock Steady Boxing - ZAP Walla Walla is listed in the official Rock Steady Boxing directory.,"Rock Steady Boxing - ZAP Walla Walla is listed in the official Rock Steady Boxing Member Directory. Address: 49A Wallula Avenue, Walla Walla, WA 99362, United States.","Walla Walla, WA, United States","Walla Walla, WA, United States",United States,Community Program | Parkinson's Care,,in-person,false,unclaimed,0,0,,,5096294978,Rock Steady Boxing - ZAP Walla Walla,,member-directory,Rock Steady Boxing,"49A Wallula Avenue, Walla Walla, WA 99362, United States",Walla Walla,WA,99362,https://members.rocksteadyboxing.org/member-directory/Details/zap-walla-walla-2829665,46.0563491,-118.3793065,2026-03-28T03:14:36.202Z
rock-steady-boxing,Rock Steady Boxing International Directory,international-directory:a-r-kaufman-family-ymca-2829658,international-directory-a-r-kaufman-family-ymca-333-carwood-avenue-kitchener-on-n2g-3c5-canada,Rock Steady Boxing - A.R. Kaufman Family YMCA,Community Program,Rock Steady Boxing - A.R. Kaufman Family YMCA is listed in the official Rock Steady Boxing directory.,"Rock Steady Boxing - A.R. Kaufman Family YMCA is listed in the official Rock Steady Boxing International Directory. Address: 333 Carwood Avenue, Kitchener, ON N2G 3C5, Canada.","Kitchener, Canada","Kitchener, Canada",Canada,Community Program | Parkinson's Care,,in-person,false,unclaimed,0,0,,,5197435201ext.2106,Rock Steady Boxing - A.R. Kaufman Family YMCA,,international-directory,Rock Steady Boxing,"333 Carwood Avenue, Kitchener, ON N2G 3C5, Canada",Kitchener,,,https://members.rocksteadyboxing.org/internationaldirectory/Details/a-r-kaufman-family-ymca-2829658,43.4328039,-80.47035509999999,2026-03-28T03:14:36.202Z
rock-steady-boxing,Rock Steady Boxing International Directory,international-directory:alesund-2829649,international-directory-alesund-brusdalsvegen-212-alesund-more-og-romsdal-6011-norway,Rock Steady Boxing Alesund,Community Program,Rock Steady Boxing Alesund is listed in the official Rock Steady Boxing directory.,"Rock Steady Boxing Alesund is listed in the official Rock Steady Boxing International Directory. Address: Brusdalsvegen 212, Alesund, More og Romsdal 6011, Norway.","Alesund, More og Romsdal, Norway","Alesund, More og Romsdal, Norway",Norway,Community Program | Parkinson's Care,,in-person,false,unclaimed,0,0,,,98082472,Rock Steady Boxing Alesund,,international-directory,Rock Steady Boxing,"Brusdalsvegen 212, Alesund, More og Romsdal 6011, Norway",Alesund,More og Romsdal,6011,https://members.rocksteadyboxing.org/internationaldirectory/Details/alesund-2829649,62.4706339,6.3840442,2026-03-28T03:14:36.202Z
rock-steady-boxing,Rock Steady Boxing International Directory,international-directory:be-ready-to-box-4508162,international-directory-be-ready-to-box-heimensteinstrasse-10-8472-seuzach-zurich-8472-switzerland,Rock Steady Boxing - Be Ready to Box,Community Program,Rock Steady Boxing - Be Ready to Box is listed in the official Rock Steady Boxing directory.,"Rock Steady Boxing - Be Ready to Box is listed in the official Rock Steady Boxing International Directory. Address: Heimensteinstrasse 10 8472, Seuzach, Zurich 8472, Switzerland.","Seuzach, Zurich, Switzerland","Seuzach, Zurich, Switzerland",Switzerland,Community Program | Parkinson's Care,,in-person,false,unclaimed,0,0,,,+41793387977,Rock Steady Boxing - Be Ready to Box,,international-directory,Rock Steady Boxing,"Heimensteinstrasse 10 8472, Seuzach, Zurich 8472, Switzerland",Seuzach,Zurich,8472,https://members.rocksteadyboxing.org/internationaldirectory/Details/be-ready-to-box-4508162,47.5396532,8.7299395,2026-03-28T03:14:36.202Z
rock-steady-boxing,Rock Steady Boxing International Directory,international-directory:brantford-2829592,international-directory-brantford-23-tamara-pl-brantford-on-n3p-1m8-canada,Rock Steady Boxing Brantford,Community Program,Rock Steady Boxing Brantford is listed in the official Rock Steady Boxing directory.,"Rock Steady Boxing Brantford is listed in the official Rock Steady Boxing International Directory. Address: 23 Tamara Pl, Brantford, ON N3P 1M8, Canada.","Brantford, Canada","Brantford, Canada",Canada,Community Program | Parkinson's Care,,in-person,false,unclaimed,0,0,,,5197577889,Rock Steady Boxing Brantford,,international-directory,Rock Steady Boxing,"23 Tamara Pl, Brantford, ON N3P 1M8, Canada",Brantford,,,https://members.rocksteadyboxing.org/internationaldirectory/Details/brantford-2829592,43.1780982,-80.2388928,2026-03-28T03:14:36.202Z
rock-steady-boxing,Rock Steady Boxing International Directory,international-directory:cabbagetown-2829583,international-directory-cabbagetown-2-lancaster-ave-toronto-on-m4x-1c1-canada,Rock Steady Boxing - Cabbagetown,Community Program,Rock Steady Boxing - Cabbagetown is listed in the official Rock Steady Boxing directory.,"Rock Steady Boxing - Cabbagetown is listed in the official Rock Steady Boxing International Directory. Address: 2 Lancaster Ave, Toronto, ON M4X 1C1, Canada.","Toronto, Canada","Toronto, Canada",Canada,Community Program | Parkinson's Care,,in-person,false,unclaimed,0,0,,,4165740243,Rock Steady Boxing - Cabbagetown,,international-directory,Rock Steady Boxing,"2 Lancaster Ave, Toronto, ON M4X 1C1, Canada",Toronto,,,https://members.rocksteadyboxing.org/internationaldirectory/Details/cabbagetown-2829583,43.6665337,-79.3695432,2026-03-28T03:14:36.202Z
rock-steady-boxing,Rock Steady Boxing International Directory,international-directory:cologne-2829543,international-directory-cologne-am-romerhof-42a-cologne-nordrhein-westfalen-50858-germany,Rock Steady Boxing Cologne,Community Program,Rock Steady Boxing Cologne is listed in the official Rock Steady Boxing directory.,"Rock Steady Boxing Cologne is listed in the official Rock Steady Boxing International Directory. Address: Am Romerhof 42a, Cologne, Nordrhein-Westfalen 50858, Germany.","Cologne, Nordrhein-Westfalen, Germany","Cologne, Nordrhein-Westfalen, Germany",Germany,Community Program | Parkinson's Care,,in-person,false,unclaimed,0,0,,,+491795231591,Rock Steady Boxing Cologne,,international-directory,Rock Steady Boxing,"Am Romerhof 42a, Cologne, Nordrhein-Westfalen 50858, Germany",Cologne,Nordrhein-Westfalen,50858,https://members.rocksteadyboxing.org/internationaldirectory/Details/cologne-2829543,50.933042,6.8677256,2026-03-28T03:14:36.202Z
rock-steady-boxing,Rock Steady Boxing International Directory,international-directory:como-lake-italy-2829534,international-directory-como-lake-italy-via-corogna-7-albavilla-lombardia-22031-italy,Rock Steady Boxing - Como Lake - Italy,Community Program,Rock Steady Boxing - Como Lake - Italy is listed in the official Rock Steady Boxing directory.,"Rock Steady Boxing - Como Lake - Italy is listed in the official Rock Steady Boxing International Directory. Address: Via Corogna 7, Albavilla, Lombardia 22031, Italy.","Albavilla, Lombardia, Italy","Albavilla, Lombardia, Italy",Italy,Community Program | Parkinson's Care,,in-person,false,unclaimed,0,0,,,393664833326,Rock Steady Boxing - Como Lake - Italy,,international-directory,Rock Steady Boxing,"Via Corogna 7, Albavilla, Lombardia 22031, Italy",Albavilla,Lombardia,22031,https://members.rocksteadyboxing.org/internationaldirectory/Details/como-lake-italy-2829534,45.7916937,9.1935672,2026-03-28T03:14:36.202Z
rock-steady-boxing,Rock Steady Boxing International Directory,international-directory:dublin-2829502,international-directory-dublin-angels-boxing-club-st-benildus-college-kilmacud-rd-upper-kilmacud-west-stillorgan-leinster-d24-x8af-ireland,Rock Steady Boxing - Dublin,Community Program,Rock Steady Boxing - Dublin is listed in the official Rock Steady Boxing directory.,"Rock Steady Boxing - Dublin is listed in the official Rock Steady Boxing International Directory. Address: Angels Boxing Club, St, Benildus College Kilmacud Rd Upper Kilmacud West, Stillorgan, Leinster D24 X8AF, Ireland.","Stillorgan, Ireland","Stillorgan, Ireland",Ireland,Community Program | Parkinson's Care,,in-person,false,unclaimed,0,0,,,0872964946,Rock Steady Boxing - Dublin,,international-directory,Rock Steady Boxing,"Angels Boxing Club, St, Benildus College Kilmacud Rd Upper Kilmacud West, Stillorgan, Leinster D24 X8AF, Ireland",Stillorgan,,,https://members.rocksteadyboxing.org/internationaldirectory/Details/dublin-2829502,53.2846594,-6.220915199999999,2026-03-28T03:14:36.202Z
rock-steady-boxing,Rock Steady Boxing International Directory,international-directory:ede-holland-2829488,international-directory-ede-holland-19-spinderweg-ede-gelderland-6713-hr-netherlands,Rock Steady Boxing - Ede Holland,Community Program,Rock Steady Boxing - Ede Holland is listed in the official Rock Steady Boxing directory.,"Rock Steady Boxing - Ede Holland is listed in the official Rock Steady Boxing International Directory. Address: 19 Spinderweg, Ede, Gelderland 6713 HR, Netherlands.","Ede, Netherlands","Ede, Netherlands",Netherlands,Community Program | Parkinson's Care,,in-person,false,unclaimed,0,0,,,31613280489,Rock Steady Boxing - Ede Holland,,international-directory,Rock Steady Boxing,"19 Spinderweg, Ede, Gelderland 6713 HR, Netherlands",Ede,,,https://members.rocksteadyboxing.org/internationaldirectory/Details/ede-holland-2829488,52.0349665,5.6508522,2026-03-28T03:14:36.202Z
rock-steady-boxing,Rock Steady Boxing International Directory,international-directory:hamilton-2829415,international-directory-hamilton-150-chatham-street-hamilton-on-l8p-2b6-canada,Rock Steady Boxing Hamilton,Community Program,Rock Steady Boxing Hamilton is listed in the official Rock Steady Boxing directory.,"Rock Steady Boxing Hamilton is listed in the official Rock Steady Boxing International Directory. Address: 150 Chatham Street, Hamilton, ON L8P 2B6, Canada.","Hamilton, Canada","Hamilton, Canada",Canada,Community Program | Parkinson's Care,,in-person,false,unclaimed,0,0,,,2894408910,Rock Steady Boxing Hamilton,,international-directory,Rock Steady Boxing,"150 Chatham Street, Hamilton, ON L8P 2B6, Canada",Hamilton,,,https://members.rocksteadyboxing.org/internationaldirectory/Details/hamilton-2829415,43.256764,-79.895038,2026-03-28T03:14:36.202Z
rock-steady-boxing,Rock Steady Boxing International Directory,international-directory:higashi-osaka-4046294,international-directory-higashi-osaka-2-7-2-wakae-higashi-machi-higashi-osaka-osaka-578-0935-japan,Rock Steady Boxing Higashi Osaka,Community Program,Rock Steady Boxing Higashi Osaka is listed in the official Rock Steady Boxing directory.,"Rock Steady Boxing Higashi Osaka is listed in the official Rock Steady Boxing International Directory. Address: 2-7-2 Wakae Higashi Machi, Higashi Osaka, Osaka 578-0935, Japan.","Higashi Osaka, Japan","Higashi Osaka, Japan",Japan,Community Program | Parkinson's Care,,in-person,false,unclaimed,0,0,,,8108061804794,Rock Steady Boxing Higashi Osaka,,international-directory,Rock Steady Boxing,"2-7-2 Wakae Higashi Machi, Higashi Osaka, Osaka 578-0935, Japan",Higashi Osaka,,,https://members.rocksteadyboxing.org/internationaldirectory/Details/higashi-osaka-4046294,34.6556116,135.6116333,2026-03-28T03:14:36.202Z
rock-steady-boxing,Rock Steady Boxing International Directory,international-directory:ignite-taiwan-3271636,international-directory-ignite-taiwan-no-888-sec-1-youguan-rd-luzhu-dist-taoyuan-city-taoyuan-338011-taiwan-republic-of-china,Rock Steady Boxing - Ignite Taiwan,Community Program,Rock Steady Boxing - Ignite Taiwan is listed in the official Rock Steady Boxing directory.,"Rock Steady Boxing - Ignite Taiwan is listed in the official Rock Steady Boxing International Directory. Address: No. 888, Sec. 1, Youguan Rd., Luzhu Dist., Taoyuan City, Taoyuan 338011, Taiwan, Republic of China.","Taoyuan 338011, Taiwan, Republic of China","Taoyuan 338011, Taiwan, Republic of China",Republic of China,Community Program | Parkinson's Care,,in-person,false,unclaimed,0,0,,,033242779,Rock Steady Boxing - Ignite Taiwan,,international-directory,Rock Steady Boxing,"No. 888, Sec. 1, Youguan Rd., Luzhu Dist., Taoyuan City, Taoyuan 338011, Taiwan, Republic of China",Taoyuan 338011,Taiwan,,https://members.rocksteadyboxing.org/internationaldirectory/Details/ignite-taiwan-3271636,25.0643395,121.2889333,2026-03-28T03:14:36.202Z
rock-steady-boxing,Rock Steady Boxing International Directory,international-directory:jimmy-s-athletics-3564841,international-directory-jimmy-s-athletics-590-bloor-st-w-toronto-on-m6g-1k4-canada,Rock Steady Boxing - Jimmy's Athletics,Community Program,Rock Steady Boxing - Jimmy's Athletics is listed in the official Rock Steady Boxing directory.,"Rock Steady Boxing - Jimmy's Athletics is listed in the official Rock Steady Boxing International Directory. Address: 590 Bloor St W, Toronto, ON m6g 1k4, Canada.","Toronto, Canada","Toronto, Canada",Canada,Community Program | Parkinson's Care,,in-person,false,unclaimed,0,0,,,6472980861,Rock Steady Boxing - Jimmy's Athletics,,international-directory,Rock Steady Boxing,"590 Bloor St W, Toronto, ON m6g 1k4, Canada",Toronto,,,https://members.rocksteadyboxing.org/internationaldirectory/Details/jimmy-s-athletics-3564841,43.66492,-79.4128236,2026-03-28T03:14:36.202Z
rock-steady-boxing,Rock Steady Boxing International Directory,international-directory:london-ontario-2829314,international-directory-london-ontario-92-basil-cres-ilderton-on-n0m-2a0-canada,Rock Steady Boxing - London Ontario,Community Program,Rock Steady Boxing - London Ontario is listed in the official Rock Steady Boxing directory.,"Rock Steady Boxing - London Ontario is listed in the official Rock Steady Boxing International Directory. Address: 92 Basil Cres, Ilderton, ON N0M 2A0, Canada.","Ilderton, Canada","Ilderton, Canada",Canada,Community Program | Parkinson's Care,,in-person,false,unclaimed,0,0,,,5483882020,Rock Steady Boxing - London Ontario,,international-directory,Rock Steady Boxing,"92 Basil Cres, Ilderton, ON N0M 2A0, Canada",Ilderton,,,https://members.rocksteadyboxing.org/internationaldirectory/Details/london-ontario-2829314,43.0833717,-81.37255499999999,2026-03-28T03:14:36.202Z
rock-steady-boxing,Rock Steady Boxing International Directory,international-directory:nick-maroulis-4208819,international-directory-nick-maroulis-lwo7jyzl,Rock Steady Boxing - Nick Maroulis,Community Program,Rock Steady Boxing - Nick Maroulis is listed in the official Rock Steady Boxing directory.,Rock Steady Boxing - Nick Maroulis is listed in the official Rock Steady Boxing International Directory.,Nick Maroulis,Nick Maroulis,,Community Program | Parkinson's Care,,in-person,false,unclaimed,0,0,,,,Rock Steady Boxing - Nick Maroulis,,international-directory,Rock Steady Boxing,Nick Maroulis,,,,https://members.rocksteadyboxing.org/internationaldirectory/Details/nick-maroulis-4208819,0,0,2026-03-28T03:14:36.202Z
rock-steady-boxing,Rock Steady Boxing International Directory,international-directory:molde-2829248,international-directory-molde-gotfred-lies-plass-1-molde-more-og-romsdal-6415-norway,Rock Steady Boxing Molde,Community Program,Rock Steady Boxing Molde is listed in the official Rock Steady Boxing directory.,"Rock Steady Boxing Molde is listed in the official Rock Steady Boxing International Directory. Address: Gotfred Lies Plass 1, Molde, More og Romsdal 6415, Norway.","Molde, More og Romsdal, Norway","Molde, More og Romsdal, Norway",Norway,Community Program | Parkinson's Care,,in-person,false,unclaimed,0,0,,,4792015595,Rock Steady Boxing Molde,,international-directory,Rock Steady Boxing,"Gotfred Lies Plass 1, Molde, More og Romsdal 6415, Norway",Molde,More og Romsdal,6415,https://members.rocksteadyboxing.org/internationaldirectory/Details/molde-2829248,62.73798660000001,7.1647902,2026-03-28T03:14:36.202Z
rock-steady-boxing,Rock Steady Boxing International Directory,international-directory:nagano-2829237,international-directory-nagano-205-surpass-kuritachuou-nagano-nagano-3180-0921-japan,Rock Steady Boxing Nagano,Community Program,Rock Steady Boxing Nagano is listed in the official Rock Steady Boxing directory.,"Rock Steady Boxing Nagano is listed in the official Rock Steady Boxing International Directory. Address: #205 Surpass Kuritachuou, Nagano, Nagano 3180-0921, Japan.","Nagano, Japan","Nagano, Japan",Japan,Community Program | Parkinson's Care,,in-person,false,unclaimed,0,0,,,09026424127,Rock Steady Boxing Nagano,,international-directory,Rock Steady Boxing,"#205 Surpass Kuritachuou, Nagano, Nagano 3180-0921, Japan",Nagano,Nagano,3180-0921,https://members.rocksteadyboxing.org/internationaldirectory/Details/nagano-2829237,36.6132421,138.1767946,2026-03-28T03:14:36.202Z
rock-steady-boxing,Rock Steady Boxing International Directory,international-directory:osaka-sakai-3163213,international-directory-osaka-sakai-3-1-4-miikedai-sakai-osaka-590-0134-japan,Rock Steady Boxing - Osaka Sakai,Community Program,Rock Steady Boxing - Osaka Sakai is listed in the official Rock Steady Boxing directory.,"Rock Steady Boxing - Osaka Sakai is listed in the official Rock Steady Boxing International Directory. Address: 3-1-4 Miikedai, Sakai, Osaka 590-0134, Japan.","Sakai, Japan","Sakai, Japan",Japan,Community Program | Parkinson's Care,,in-person,false,unclaimed,0,0,,,,Rock Steady Boxing - Osaka Sakai,,international-directory,Rock Steady Boxing,"3-1-4 Miikedai, Sakai, Osaka 590-0134, Japan",Sakai,,,https://members.rocksteadyboxing.org/internationaldirectory/Details/osaka-sakai-3163213,34.4636427,135.503186,2026-03-28T03:14:36.202Z
rock-steady-boxing,Rock Steady Boxing International Directory,international-directory:oslo-2829181,international-directory-oslo-jordalgt-12-oslo-oslo-0657-norway,Rock Steady Boxing Oslo,Community Program,Rock Steady Boxing Oslo is listed in the official Rock Steady Boxing directory.,"Rock Steady Boxing Oslo is listed in the official Rock Steady Boxing International Directory. Address: Jordalgt 12, Oslo, Oslo 0657, Norway.","Oslo, Norway","Oslo, Norway",Norway,Community Program | Parkinson's Care,,in-person,false,unclaimed,0,0,,,4745033530,Rock Steady Boxing Oslo,,international-directory,Rock Steady Boxing,"Jordalgt 12, Oslo, Oslo 0657, Norway",Oslo,Oslo,0657,https://members.rocksteadyboxing.org/internationaldirectory/Details/oslo-2829181,59.9109394,10.783817,2026-03-28T03:14:36.202Z
rock-steady-boxing,Rock Steady Boxing International Directory,international-directory:puerto-rico-4628933,international-directory-puerto-rico-combat-360-cabanillas-industrial-park-guaynabo-00936-336-puerto-rico,Rock Steady Boxing Guaynabo,Community Program,Rock Steady Boxing Guaynabo is listed in the official Rock Steady Boxing directory.,"Rock Steady Boxing Guaynabo is listed in the official Rock Steady Boxing International Directory. Address: Combat 360, Cabanillas Industrial Park, Guaynabo, 00936-336, Puerto Rico.","Guaynabo, Puerto Rico","Guaynabo, Puerto Rico",Puerto Rico,Community Program | Parkinson's Care,,in-person,false,unclaimed,0,0,,,7874093063,Rock Steady Boxing Guaynabo,,international-directory,Rock Steady Boxing,"Combat 360, Cabanillas Industrial Park, Guaynabo, 00936-336, Puerto Rico",Guaynabo,,,https://members.rocksteadyboxing.org/internationaldirectory/Details/puerto-rico-4628933,18.3642749,-66.11406699999999,2026-03-28T03:14:36.202Z
rock-steady-boxing,Rock Steady Boxing International Directory,international-directory:parkinson-wellness-projects-2829747,international-directory-parkinson-wellness-projects-202-2680-blanshard-street-victoria-bc-v8t-5e1-canada,Rock Steady Boxing - Parkinson Wellness Projects,Exercise Program,Rock Steady Boxing - Parkinson Wellness Projects is listed in the official Rock Steady Boxing directory.,"Rock Steady Boxing - Parkinson Wellness Projects is listed in the official Rock Steady Boxing International Directory. Address: #202-2680 Blanshard Street, Victoria, BC V8T-5E1, Canada.","Victoria, Canada","Victoria, Canada",Canada,Boxing | Exercise | Parkinson's Care,,in-person,false,unclaimed,0,0,,,2503606800,Rock Steady Boxing - Parkinson Wellness Projects,,international-directory,Rock Steady Boxing,"#202-2680 Blanshard Street, Victoria, BC V8T-5E1, Canada",Victoria,,,https://members.rocksteadyboxing.org/internationaldirectory/Details/parkinson-wellness-projects-2829747,48.4381184,-123.3642401,2026-03-28T03:14:36.202Z
rock-steady-boxing,Rock Steady Boxing International Directory,international-directory:saitama-2829893,international-directory-saitama-3-7-24-yanagisaki-kawaguchi-saitama-333-0861-japan,Rock Steady Boxing - Saitama,Community Program,Rock Steady Boxing - Saitama is listed in the official Rock Steady Boxing directory.,"Rock Steady Boxing - Saitama is listed in the official Rock Steady Boxing International Directory. Address: 3-7-24 Yanagisaki, Kawaguchi, Saitama 333-0861, Japan.","Kawaguchi, Japan","Kawaguchi, Japan",Japan,Community Program | Parkinson's Care,,in-person,false,unclaimed,0,0,,,0482601215,Rock Steady Boxing - Saitama,,international-directory,Rock Steady Boxing,"3-7-24 Yanagisaki, Kawaguchi, Saitama 333-0861, Japan",Kawaguchi,,,https://members.rocksteadyboxing.org/internationaldirectory/Details/saitama-2829893,35.8529438,139.6977033,2026-03-28T03:14:36.202Z
rock-steady-boxing,Rock Steady Boxing International Directory,international-directory:sanjo-niigata-2829884,international-directory-sanjo-niigata-20-8-higashihonjouzi-sanjo-niigata-955-0823-japan,Rock Steady Boxing - Sanjo Niigata,Community Program,Rock Steady Boxing - Sanjo Niigata is listed in the official Rock Steady Boxing directory.,"Rock Steady Boxing - Sanjo Niigata is listed in the official Rock Steady Boxing International Directory. Address: 20-8 Higashihonjouzi, Sanjo, Niigata 955-0823, Japan.","Sanjo, Japan","Sanjo, Japan",Japan,Community Program | Parkinson's Care,,in-person,false,unclaimed,0,0,,,0256339070,Rock Steady Boxing - Sanjo Niigata,,international-directory,Rock Steady Boxing,"20-8 Higashihonjouzi, Sanjo, Niigata 955-0823, Japan",Sanjo,,,https://members.rocksteadyboxing.org/internationaldirectory/Details/sanjo-niigata-2829884,37.6138058,138.9503503,2026-03-28T03:14:36.202Z
rock-steady-boxing,Rock Steady Boxing International Directory,international-directory:sarnia-lambton-2829876,international-directory-sarnia-lambton-611-st-clair-street-point-edward-on-n7v-1p2-canada,Rock Steady Boxing - Sarnia Lambton,Community Program,Rock Steady Boxing - Sarnia Lambton is listed in the official Rock Steady Boxing directory.,"Rock Steady Boxing - Sarnia Lambton is listed in the official Rock Steady Boxing International Directory. Address: 611 St. Clair Street, Point Edward, ON N7V 1P2, Canada.","Point Edward, Canada","Point Edward, Canada",Canada,Community Program | Parkinson's Care,,in-person,false,unclaimed,0,0,,,5193366867,Rock Steady Boxing - Sarnia Lambton,,international-directory,Rock Steady Boxing,"611 St. Clair Street, Point Edward, ON N7V 1P2, Canada",Point Edward,,,https://members.rocksteadyboxing.org/internationaldirectory/Details/sarnia-lambton-2829876,42.99125009999999,-82.40691609999999,2026-03-28T03:14:36.202Z
rock-steady-boxing,Rock Steady Boxing International Directory,international-directory:sendai-2829872,international-directory-sendai-shinjo-building-7f-3-3-18-chuo-aobaku-sendai-miyagi-980-0021-japan,Rock Steady Boxing Sendai,Community Program,Rock Steady Boxing Sendai is listed in the official Rock Steady Boxing directory.,"Rock Steady Boxing Sendai is listed in the official Rock Steady Boxing International Directory. Address: Shinjo Building 7F, 3-3-18 Chuo Aobaku, Sendai, Miyagi 980-0021, Japan.","Sendai, Japan","Sendai, Japan",Japan,Community Program | Parkinson's Care,,in-person,false,unclaimed,0,0,,,+815031888397,Rock Steady Boxing Sendai,,international-directory,Rock Steady Boxing,"Shinjo Building 7F, 3-3-18 Chuo Aobaku, Sendai, Miyagi 980-0021, Japan",Sendai,,,https://members.rocksteadyboxing.org/internationaldirectory/Details/sendai-2829872,38.2607231,140.8786445,2026-03-28T03:14:36.202Z
rock-steady-boxing,Rock Steady Boxing International Directory,international-directory:sherbrooke-2829866,international-directory-sherbrooke-4300-boulevard-bourque-sherbrooke-qc-j1n-2a6-canada,Rock Steady Boxing Sherbrooke,Community Program,Rock Steady Boxing Sherbrooke is listed in the official Rock Steady Boxing directory.,"Rock Steady Boxing Sherbrooke is listed in the official Rock Steady Boxing International Directory. Address: 4300 Boulevard Bourque, Sherbrooke, QC J1N 2A6, Canada.","Sherbrooke, Canada","Sherbrooke, Canada",Canada,Community Program | Parkinson's Care,,in-person,false,unclaimed,0,0,,,01819821800073871,Rock Steady Boxing Sherbrooke,,international-directory,Rock Steady Boxing,"4300 Boulevard Bourque, Sherbrooke, QC J1N 2A6, Canada",Sherbrooke,,,https://members.rocksteadyboxing.org/internationaldirectory/Details/sherbrooke-2829866,45.3813115,-71.9688923,2026-03-28T03:14:36.202Z
rock-steady-boxing,Rock Steady Boxing International Directory,international-directory:stockholm-2829817,international-directory-stockholm-frejgatan-32a-stockholm-stockholms-lan-11326-sweden,Rock Steady Boxing Stockholm,Community Program,Rock Steady Boxing Stockholm is listed in the official Rock Steady Boxing directory.,"Rock Steady Boxing Stockholm is listed in the official Rock Steady Boxing International Directory. Address: Frejgatan 32a, Stockholm, Stockholms lan 11326, Sweden.","Stockholm, Stockholms lan, Sweden","Stockholm, Stockholms lan, Sweden",Sweden,Community Program | Parkinson's Care,,in-person,false,unclaimed,0,0,,,+460708961321,Rock Steady Boxing Stockholm,,international-directory,Rock Steady Boxing,"Frejgatan 32a, Stockholm, Stockholms lan 11326, Sweden",Stockholm,Stockholms lan,11326,https://members.rocksteadyboxing.org/internationaldirectory/Details/stockholm-2829817,59.3452393,18.0485179,2026-03-28T03:14:36.202Z
rock-steady-boxing,Rock Steady Boxing International Directory,international-directory:takamatsu-kyodo-2829809,international-directory-takamatsu-kyodo-4703-2-kitachou-takamatsu-kagawa-760-0080-japan,Rock Steady Boxing - Takamatsu Kyodo,Community Program,Rock Steady Boxing - Takamatsu Kyodo is listed in the official Rock Steady Boxing directory.,"Rock Steady Boxing - Takamatsu Kyodo is listed in the official Rock Steady Boxing International Directory. Address: 4703-2 Kitachou, Takamatsu, Kagawa 760-0080, Japan.","Takamatsu, Japan","Takamatsu, Japan",Japan,Community Program | Parkinson's Care,,in-person,false,unclaimed,0,0,,,,Rock Steady Boxing - Takamatsu Kyodo,,international-directory,Rock Steady Boxing,"4703-2 Kitachou, Takamatsu, Kagawa 760-0080, Japan",Takamatsu,,,https://members.rocksteadyboxing.org/internationaldirectory/Details/takamatsu-kyodo-2829809,34.3258448,134.0746357,2026-03-28T03:14:36.202Z
rock-steady-boxing,Rock Steady Boxing International Directory,international-directory:tel-aviv-mercaz-2829802,international-directory-tel-aviv-mercaz-267-ahuza-street-raanana-tel-aviv-43557-40-israel,Rock Steady Boxing - Tel Aviv-Mercaz,Community Program,Rock Steady Boxing - Tel Aviv-Mercaz is listed in the official Rock Steady Boxing directory.,"Rock Steady Boxing - Tel Aviv-Mercaz is listed in the official Rock Steady Boxing International Directory. Address: 267 Ahuza Street, Raanana, Tel-Aviv 43557 40, Israel.","Raanana, Israel","Raanana, Israel",Israel,Community Program | Parkinson's Care,,in-person,false,unclaimed,0,0,,,+9720526422294,Rock Steady Boxing - Tel Aviv-Mercaz,,international-directory,Rock Steady Boxing,"267 Ahuza Street, Raanana, Tel-Aviv 43557 40, Israel",Raanana,,,https://members.rocksteadyboxing.org/internationaldirectory/Details/tel-aviv-mercaz-2829802,32.184781,34.871326,2026-03-28T03:14:36.202Z
rock-steady-boxing,Rock Steady Boxing International Directory,international-directory:the-white-collar-boxing-club-4628746,international-directory-the-white-collar-boxing-club-av-paseo-de-las-palmas-530-lomas-virreyes-lomas-de-chapultepec-miguel-hidalgo-mexico-city-11000-united-states,Rock Steady Boxing - The White Collar Boxing Club,Exercise Program,Rock Steady Boxing - The White Collar Boxing Club is listed in the official Rock Steady Boxing directory.,"Rock Steady Boxing - The White Collar Boxing Club is listed in the official Rock Steady Boxing International Directory. Address: Av. Paseo de las Palmas 530, Lomas - Virreyes, Lomas de Chapultepec, Miguel Hidalgo, Mexico City, 11000, United States.","Mexico City, United States","Mexico City, United States",United States,Boxing | Exercise | Parkinson's Care,,in-person,false,unclaimed,0,0,,,+525534228178,Rock Steady Boxing - The White Collar Boxing Club,,international-directory,Rock Steady Boxing,"Av. Paseo de las Palmas 530, Lomas - Virreyes, Lomas de Chapultepec, Miguel Hidalgo, Mexico City, 11000, United States",Mexico City,,,https://members.rocksteadyboxing.org/internationaldirectory/Details/the-white-collar-boxing-club-4628746,19.4294355,-99.21279500000001,2026-03-28T03:14:36.202Z
rock-steady-boxing,Rock Steady Boxing International Directory,international-directory:tokyo-2829777,international-directory-tokyo-3-2-19-unoki-ota-tokyo-1460091-japan,Rock Steady Boxing OTA,Community Program,Rock Steady Boxing OTA is listed in the official Rock Steady Boxing directory.,"Rock Steady Boxing OTA is listed in the official Rock Steady Boxing International Directory. Address: 3-2-19 unoki, OTA, Tokyo 1460091, Japan.","OTA, Tokyo, Japan","OTA, Tokyo, Japan",Japan,Community Program | Parkinson's Care,,in-person,false,unclaimed,0,0,,,8031575858,Rock Steady Boxing OTA,,international-directory,Rock Steady Boxing,"3-2-19 unoki, OTA, Tokyo 1460091, Japan",OTA,Tokyo,1460091,https://members.rocksteadyboxing.org/internationaldirectory/Details/tokyo-2829777,35.5795248,139.6781966,2026-03-28T03:14:36.202Z
rock-steady-boxing,Rock Steady Boxing International Directory,international-directory:toronto-2829774,international-directory-toronto-38c-apex-rd-unit-c-north-york-on-m6a-2v2-canada,Rock Steady Boxing - Toronto,Community Program,Rock Steady Boxing - Toronto is listed in the official Rock Steady Boxing directory.,"Rock Steady Boxing - Toronto is listed in the official Rock Steady Boxing International Directory. Address: 38C Apex Rd, Unit C, North York, ON M6A 2V2, Canada.","North York, Canada","North York, Canada",Canada,Community Program | Parkinson's Care,,in-person,false,unclaimed,0,0,,,4167801300,Rock Steady Boxing - Toronto,,international-directory,Rock Steady Boxing,"38C Apex Rd, Unit C, North York, ON M6A 2V2, Canada",North York,,,https://members.rocksteadyboxing.org/internationaldirectory/Details/toronto-2829774,43.7160938,-79.459722,2026-03-28T03:14:36.202Z
rock-steady-boxing,Rock Steady Boxing International Directory,international-directory:vancouver-2829753,international-directory-vancouver-1807-west-1st-ave-vancouver-bc-v6j-1g5-canada,Rock Steady Boxing Vancouver,Community Program,Rock Steady Boxing Vancouver is listed in the official Rock Steady Boxing directory.,"Rock Steady Boxing Vancouver is listed in the official Rock Steady Boxing International Directory. Address: 1807 West 1st Ave., Vancouver, BC V6J 1G5, Canada.","Vancouver, Canada","Vancouver, Canada",Canada,Community Program | Parkinson's Care,,in-person,false,unclaimed,0,0,,,7789182475,Rock Steady Boxing Vancouver,,international-directory,Rock Steady Boxing,"1807 West 1st Ave., Vancouver, BC V6J 1G5, Canada",Vancouver,,,https://members.rocksteadyboxing.org/internationaldirectory/Details/vancouver-2829753,49.2709476,-123.1467519,2026-03-28T03:14:36.202Z
rock-steady-boxing,Rock Steady Boxing International Directory,international-directory:vestfold-2829750,international-directory-vestfold-mariesvei-3-sandefjord-vestfold-3244-norway,Rock Steady Boxing Sandefjord,Community Program,Rock Steady Boxing Sandefjord is listed in the official Rock Steady Boxing directory.,"Rock Steady Boxing Sandefjord is listed in the official Rock Steady Boxing International Directory. Address: Mariesvei 3, Sandefjord, Vestfold 3244, Norway.","Sandefjord, Vestfold, Norway","Sandefjord, Vestfold, Norway",Norway,Community Program | Parkinson's Care,,in-person,false,unclaimed,0,0,,,,Rock Steady Boxing Sandefjord,,international-directory,Rock Steady Boxing,"Mariesvei 3, Sandefjord, Vestfold 3244, Norway",Sandefjord,Vestfold,3244,https://members.rocksteadyboxing.org/internationaldirectory/Details/vestfold-2829750,59.1307074,10.1750826,2026-03-28T03:14:36.202Z
rock-steady-boxing,Rock Steady Boxing International Directory,international-directory:vital-boxing-4508154,international-directory-vital-boxing-schweizerhausstrasse-4-lucerne-6006-switzerland,Rock Steady Boxing - Vital Boxing,Exercise Program,Rock Steady Boxing - Vital Boxing is listed in the official Rock Steady Boxing directory.,"Rock Steady Boxing - Vital Boxing is listed in the official Rock Steady Boxing International Directory. Address: Schweizerhausstrasse 4, Lucerne, 6006, Switzerland.","Lucerne, Switzerland","Lucerne, Switzerland",Switzerland,Boxing | Exercise | Parkinson's Care,,in-person,false,unclaimed,0,0,,,,Rock Steady Boxing - Vital Boxing,,international-directory,Rock Steady Boxing,"Schweizerhausstrasse 4, Lucerne, 6006, Switzerland",Lucerne,,,https://members.rocksteadyboxing.org/internationaldirectory/Details/vital-boxing-4508154,47.0568086,8.3173096,2026-03-28T03:14:36.202Z
rock-steady-boxing,Rock Steady Boxing International Directory,international-directory:wakayama-2829741,international-directory-wakayama-90-21-narukami-wakayama-wakayama-640-8303-japan,Rock Steady Boxing Wakayama,Community Program,Rock Steady Boxing Wakayama is listed in the official Rock Steady Boxing directory.,"Rock Steady Boxing Wakayama is listed in the official Rock Steady Boxing International Directory. Address: 90-21 Narukami, Wakayama, Wakayama 640-8303, Japan.","Wakayama, Japan","Wakayama, Japan",Japan,Community Program | Parkinson's Care,,in-person,false,unclaimed,0,0,,,0734975505,Rock Steady Boxing Wakayama,,international-directory,Rock Steady Boxing,"90-21 Narukami, Wakayama, Wakayama 640-8303, Japan",Wakayama,,,https://members.rocksteadyboxing.org/internationaldirectory/Details/wakayama-2829741,34.225953,135.2138019,2026-03-28T03:14:36.202Z
rock-steady-boxing,Rock Steady Boxing International Directory,international-directory:warsaw-2829736,international-directory-warsaw-wroc-awska-25-street-warsaw-mazowieckie-00-968-poland,Rock Steady Boxing Warsaw,Community Program,Rock Steady Boxing Warsaw is listed in the official Rock Steady Boxing directory.,"Rock Steady Boxing Warsaw is listed in the official Rock Steady Boxing International Directory. Address: Wrocławska 25 street, Warsaw, Mazowieckie 00-968, Poland.","Warsaw, Poland","Warsaw, Poland",Poland,Community Program | Parkinson's Care,,in-person,false,unclaimed,0,0,,,+48607673737,Rock Steady Boxing Warsaw,,international-directory,Rock Steady Boxing,"Wrocławska 25 street, Warsaw, Mazowieckie 00-968, Poland",Warsaw,,,https://members.rocksteadyboxing.org/internationaldirectory/Details/warsaw-2829736,52.257438,20.9185726,2026-03-28T03:14:36.202Z
rock-steady-boxing,Rock Steady Boxing International Directory,international-directory:white-oaks-resort-2829706,international-directory-white-oaks-resort-253-taylor-road-niagara-on-the-lake-on-l0s-1j0-canada,Rock Steady Boxing - White Oaks Resort,Community Program,Rock Steady Boxing - White Oaks Resort is listed in the official Rock Steady Boxing directory.,"Rock Steady Boxing - White Oaks Resort is listed in the official Rock Steady Boxing International Directory. Address: 253 Taylor Road, Niagara-on-the-Lake, ON L0S 1J0, Canada.","Niagara-on-the-Lake, Canada","Niagara-on-the-Lake, Canada",Canada,Community Program | Parkinson's Care,,in-person,false,unclaimed,0,0,,,9053217006,Rock Steady Boxing - White Oaks Resort,,international-directory,Rock Steady Boxing,"253 Taylor Road, Niagara-on-the-Lake, ON L0S 1J0, Canada",Niagara-on-the-Lake,,,https://members.rocksteadyboxing.org/internationaldirectory/Details/white-oaks-resort-2829706,43.1567704,-79.16768160000001,2026-03-28T03:14:36.202Z
rock-steady-boxing,Rock Steady Boxing International Directory,international-directory:widnes-2829704,international-directory-widnes-7-teal-industrial-park-widnes-cheshire-west-and-chester-wa8-0za-united-kingdom-of-great-britain-and-northern-ireland,Rock Steady Boxing Widnes,Community Program,Rock Steady Boxing Widnes is listed in the official Rock Steady Boxing directory.,"Rock Steady Boxing Widnes is listed in the official Rock Steady Boxing International Directory. Address: 7 Teal Industrial Park, Widnes, Cheshire West and Chester WA8 0ZA, United Kingdom of Great Britain and Northern Ireland.","Widnes, United Kingdom of Great Britain and Northern Ireland","Widnes, United Kingdom of Great Britain and Northern Ireland",United Kingdom of Great Britain and Northern Ireland,Community Program | Parkinson's Care,,in-person,false,unclaimed,0,0,,,+4407831199979,Rock Steady Boxing Widnes,,international-directory,Rock Steady Boxing,"7 Teal Industrial Park, Widnes, Cheshire West and Chester WA8 0ZA, United Kingdom of Great Britain and Northern Ireland",Widnes,,,https://members.rocksteadyboxing.org/internationaldirectory/Details/widnes-2829704,53.36481690000001,-2.7164712,2026-03-28T03:14:36.202Z
rock-steady-boxing,Rock Steady Boxing International Directory,international-directory:windsor-essex-3804580,international-directory-windsor-essex-1072-drouillard-road-windsor-on-n8y-2r-canada,Rock Steady Boxing - Windsor-Essex,Community Program,Rock Steady Boxing - Windsor-Essex is listed in the official Rock Steady Boxing directory.,"Rock Steady Boxing - Windsor-Essex is listed in the official Rock Steady Boxing International Directory. Address: 1072 Drouillard Road, Windsor, ON N8Y 2R, Canada.","Windsor, Canada","Windsor, Canada",Canada,Community Program | Parkinson's Care,,in-person,false,unclaimed,0,0,,,5199965140,Rock Steady Boxing - Windsor-Essex,,international-directory,Rock Steady Boxing,"1072 Drouillard Road, Windsor, ON N8Y 2R, Canada",Windsor,,,https://members.rocksteadyboxing.org/internationaldirectory/Details/windsor-essex-3804580,42.3205612,-82.9993775,2026-03-28T03:14:36.202Z
rock-steady-boxing,Rock Steady Boxing International Directory,international-directory:wts-japan-2829688,international-directory-wts-japan-4-1-20-103-suzurandai-kitamachi-kobe-hyogo-651-1111-japan,Rock Steady Boxing - WTS Japan,Community Program,Rock Steady Boxing - WTS Japan is listed in the official Rock Steady Boxing directory.,"Rock Steady Boxing - WTS Japan is listed in the official Rock Steady Boxing International Directory. Address: 4-1-20-103 Suzurandai Kitamachi, Kobe, Hyogo 651-1111, Japan.","Kobe, Japan","Kobe, Japan",Japan,Community Program | Parkinson's Care,,in-person,false,unclaimed,0,0,,,08040837358,Rock Steady Boxing - WTS Japan,,international-directory,Rock Steady Boxing,"4-1-20-103 Suzurandai Kitamachi, Kobe, Hyogo 651-1111, Japan",Kobe,,,https://members.rocksteadyboxing.org/internationaldirectory/Details/wts-japan-2829688,34.7250909,135.1477694,2026-03-28T03:14:36.203Z
rock-steady-boxing,Rock Steady Boxing International Directory,international-directory:ymca-of-owen-sound-grey-bruce-2829678,international-directory-ymca-of-owen-sound-grey-bruce-700-10th-st-e-owen-sound-on-n4k-0c6-canada,Rock Steady Boxing - YMCA of Owen Sound Grey Bruce,Community Program,Rock Steady Boxing - YMCA of Owen Sound Grey Bruce is listed in the official Rock Steady Boxing directory.,"Rock Steady Boxing - YMCA of Owen Sound Grey Bruce is listed in the official Rock Steady Boxing International Directory. Address: 700 10th St. E, Owen Sound, ON N4K 0C6, Canada.","Owen Sound, Canada","Owen Sound, Canada",Canada,Community Program | Parkinson's Care,,in-person,false,unclaimed,0,0,,,5193760484,Rock Steady Boxing - YMCA of Owen Sound Grey Bruce,,international-directory,Rock Steady Boxing,"700 10th St. E, Owen Sound, ON N4K 0C6, Canada",Owen Sound,,,https://members.rocksteadyboxing.org/internationaldirectory/Details/ymca-of-owen-sound-grey-bruce-2829678,44.5700297,-80.9321788,2026-03-28T03:14:36.203Z
rock-steady-boxing,Rock Steady Boxing International Directory,international-directory:york-region-2829667,international-directory-york-region-11-14-connie-crescent-vaughan-on-l4k-2w8-canada,Rock Steady Boxing - York Region,Community Program,Rock Steady Boxing - York Region is listed in the official Rock Steady Boxing directory.,"Rock Steady Boxing - York Region is listed in the official Rock Steady Boxing International Directory. Address: 11-14 Connie Crescent, Vaughan, ON L4K 2W8, Canada.","Vaughan, Canada","Vaughan, Canada",Canada,Community Program | Parkinson's Care,,in-person,false,unclaimed,0,0,,,4168164337,Rock Steady Boxing - York Region,,international-directory,Rock Steady Boxing,"11-14 Connie Crescent, Vaughan, ON L4K 2W8, Canada",Vaughan,,,https://members.rocksteadyboxing.org/internationaldirectory/Details/york-region-2829667,43.8211417,-79.48958209999999,2026-03-28T03:14:36.203Z
rock-steady-boxing,Rock Steady Boxing Clinician Directory,clinician-directory:advanced-physical-therapy-solutions-3252621,clinician-directory-advanced-physical-therapy-solutions-501-executive-place-fayetteville-nc-28305-united-states,Advanced Physical Therapy Solutions,Physical Therapy,Advanced Physical Therapy Solutions is listed in the official Rock Steady Boxing directory.,"Advanced Physical Therapy Solutions is listed in the official Rock Steady Boxing Clinician Directory. Address: 501 Executive Place, Fayetteville, NC 28305, United States.","Fayetteville, NC, United States","Fayetteville, NC, United States",United States,Physical Therapy | Parkinson's Care,,in-person,false,unclaimed,0,0,,,9104235550,Advanced Physical Therapy Solutions,Rock Steady Boxing clinician directory,clinician-directory,Rock Steady Boxing,"501 Executive Place, Fayetteville, NC 28305, United States",Fayetteville,NC,28305,https://members.rocksteadyboxing.org/rsbcliniciandirectory/Details/advanced-physical-therapy-solutions-3252621,35.0497122,-78.9252052,2026-03-28T03:14:36.203Z
rock-steady-boxing,Rock Steady Boxing Clinician Directory,clinician-directory:monisola-akiwowo-3958281,clinician-directory-monisola-akiwowo-2001-westhemer-rd-houston-tx-77098-united-states,"Rock Steady Boxing Houston, TX",Rehab Professional,"Rock Steady Boxing Houston, TX is listed in the official Rock Steady Boxing directory.","Rock Steady Boxing Houston, TX is listed in the official Rock Steady Boxing Clinician Directory. Address: 2001 Westhemer Rd, Houston, TX 77098, United States.","Houston, TX, United States","Houston, TX, United States",United States,Rehab Professional | Parkinson's Care,,in-person,false,unclaimed,0,0,,,7734848410,"Rock Steady Boxing Houston, TX",Rock Steady Boxing clinician directory,clinician-directory,Rock Steady Boxing,"2001 Westhemer Rd, Houston, TX 77098, United States",Houston,TX,77098,https://members.rocksteadyboxing.org/rsbcliniciandirectory/Details/monisola-akiwowo-3958281,29.7425676,-95.4085879,2026-03-28T03:14:36.203Z
rock-steady-boxing,Rock Steady Boxing Clinician Directory,clinician-directory:angel-baricelli-3958048,clinician-directory-angel-baricelli-el-portal-fl-33138-united-states,"Rock Steady Boxing El Portal, FL",Rehab Professional,"Rock Steady Boxing El Portal, FL is listed in the official Rock Steady Boxing directory.","Rock Steady Boxing El Portal, FL is listed in the official Rock Steady Boxing Clinician Directory. Address: El Portal, FL 33138, United States.","El Portal, FL, United States","El Portal, FL, United States",United States,Rehab Professional | Parkinson's Care,,in-person,false,unclaimed,0,0,,,7818661943,"Rock Steady Boxing El Portal, FL",Rock Steady Boxing clinician directory,clinician-directory,Rock Steady Boxing,"El Portal, FL 33138, United States",El Portal,FL,33138,https://members.rocksteadyboxing.org/rsbcliniciandirectory/Details/angel-baricelli-3958048,25.8553739,-80.1931029,2026-03-28T03:14:36.204Z
rock-steady-boxing,Rock Steady Boxing Clinician Directory,clinician-directory:deron-bellcase-4605252,clinician-directory-deron-bellcase-shift-therapy-and-wellness-314-e-1st-ave-suite-701-rome-ga-30161-united-states,"Rock Steady Boxing Rome, GA",Rehab Professional,"Rock Steady Boxing Rome, GA is listed in the official Rock Steady Boxing directory.","Rock Steady Boxing Rome, GA is listed in the official Rock Steady Boxing Clinician Directory. Address: SHIFT Therapy and Wellness, 314 E 1st Ave Suite 701, Rome, GA 30161, United States.","Rome, GA, United States","Rome, GA, United States",United States,Rehab Professional | Parkinson's Care,,in-person,false,unclaimed,0,0,,,7065130455,"Rock Steady Boxing Rome, GA",Rock Steady Boxing clinician directory,clinician-directory,Rock Steady Boxing,"SHIFT Therapy and Wellness, 314 E 1st Ave Suite 701, Rome, GA 30161, United States",Rome,GA,30161,https://members.rocksteadyboxing.org/rsbcliniciandirectory/Details/deron-bellcase-4605252,34.2483181,-85.1727954,2026-03-28T03:14:36.204Z
rock-steady-boxing,Rock Steady Boxing Clinician Directory,clinician-directory:lindsay-benezra-3958234,clinician-directory-lindsay-benezra-naples-fl-34109-united-states,"Rock Steady Boxing Naples, FL",Rehab Professional,"Rock Steady Boxing Naples, FL is listed in the official Rock Steady Boxing directory.","Rock Steady Boxing Naples, FL is listed in the official Rock Steady Boxing Clinician Directory. Address: Naples, FL 34109, United States.","Naples, FL, United States","Naples, FL, United States",United States,Rehab Professional | Parkinson's Care,,in-person,false,unclaimed,0,0,,,9543195672,"Rock Steady Boxing Naples, FL",Rock Steady Boxing clinician directory,clinician-directory,Rock Steady Boxing,"Naples, FL 34109, United States",Naples,FL,34109,https://members.rocksteadyboxing.org/rsbcliniciandirectory/Details/lindsay-benezra-3958234,26.2422984,-81.7677645,2026-03-28T03:14:36.204Z
rock-steady-boxing,Rock Steady Boxing Clinician Directory,clinician-directory:hildy-brown-3958220,clinician-directory-hildy-brown-stony-rook-medicine-physical-therapy-and-fitness-46520-north-rd-southhold-ny-11971-united-states,"Rock Steady Boxing Southhold, NY",Rehab Professional,"Rock Steady Boxing Southhold, NY is listed in the official Rock Steady Boxing directory.","Rock Steady Boxing Southhold, NY is listed in the official Rock Steady Boxing Clinician Directory. Address: Stony rook Medicine Physical Therapy and Fitness, 46520 North Rd, Southhold, NY 11971, United States.","Southhold, NY, United States","Southhold, NY, United States",United States,Rehab Professional | Parkinson's Care,,in-person,false,unclaimed,0,0,,,6317569389,"Rock Steady Boxing Southhold, NY",Rock Steady Boxing clinician directory,clinician-directory,Rock Steady Boxing,"Stony rook Medicine Physical Therapy and Fitness, 46520 North Rd, Southhold, NY 11971, United States",Southhold,NY,11971,https://members.rocksteadyboxing.org/rsbcliniciandirectory/Details/hildy-brown-3958220,41.0883819,-72.4145164,2026-03-28T03:14:36.204Z
rock-steady-boxing,Rock Steady Boxing Clinician Directory,clinician-directory:natalie-butz-3958286,clinician-directory-natalie-butz-603-medical-parkway-enterprise-or-97828-united-states,"Rock Steady Boxing Enterprise, OR",Rehab Professional,"Rock Steady Boxing Enterprise, OR is listed in the official Rock Steady Boxing directory.","Rock Steady Boxing Enterprise, OR is listed in the official Rock Steady Boxing Clinician Directory. Address: 603 Medical Parkway, Enterprise, OR 97828, United States.","Enterprise, OR, United States","Enterprise, OR, United States",United States,Rehab Professional | Parkinson's Care,,in-person,false,unclaimed,0,0,,,2088302017,"Rock Steady Boxing Enterprise, OR",Rock Steady Boxing clinician directory,clinician-directory,Rock Steady Boxing,"603 Medical Parkway, Enterprise, OR 97828, United States",Enterprise,OR,97828,https://members.rocksteadyboxing.org/rsbcliniciandirectory/Details/natalie-butz-3958286,45.4324074,-117.2859415,2026-03-28T03:14:36.204Z
rock-steady-boxing,Rock Steady Boxing Clinician Directory,clinician-directory:maria-carrera-4214967,clinician-directory-maria-carrera-5725-mark-dabling-blvd-suite-100-colorado-springs-co-80919-united-states,"Rock Steady Boxing Colorado Springs, CO",Rehab Professional,"Rock Steady Boxing Colorado Springs, CO is listed in the official Rock Steady Boxing directory.","Rock Steady Boxing Colorado Springs, CO is listed in the official Rock Steady Boxing Clinician Directory. Address: 5725 Mark Dabling Blvd, Suite 100, Colorado Springs, CO 80919, United States.","Colorado Springs, CO, United States","Colorado Springs, CO, United States",United States,Rehab Professional | Parkinson's Care,,in-person,false,unclaimed,0,0,,,7193891118,"Rock Steady Boxing Colorado Springs, CO",Rock Steady Boxing clinician directory,clinician-directory,Rock Steady Boxing,"5725 Mark Dabling Blvd, Suite 100, Colorado Springs, CO 80919, United States",Colorado Springs,CO,80919,https://members.rocksteadyboxing.org/rsbcliniciandirectory/Details/maria-carrera-4214967,38.9139807,-104.8209551,2026-03-28T03:14:36.204Z
rock-steady-boxing,Rock Steady Boxing Clinician Directory,clinician-directory:kate-colagreco-3958228,clinician-directory-kate-colagreco-thornton-co-80229-united-states,"Rock Steady Boxing Thornton, CO",Rehab Professional,"Rock Steady Boxing Thornton, CO is listed in the official Rock Steady Boxing directory.","Rock Steady Boxing Thornton, CO is listed in the official Rock Steady Boxing Clinician Directory. Address: Thornton, CO 80229, United States.","Thornton, CO, United States","Thornton, CO, United States",United States,Rehab Professional | Parkinson's Care,,in-person,false,unclaimed,0,0,,,,"Rock Steady Boxing Thornton, CO",Rock Steady Boxing clinician directory,clinician-directory,Rock Steady Boxing,"Thornton, CO 80229, United States",Thornton,CO,80229,https://members.rocksteadyboxing.org/rsbcliniciandirectory/Details/kate-colagreco-3958228,39.8580556,-104.9564084,2026-03-28T03:14:36.204Z
rock-steady-boxing,Rock Steady Boxing Clinician Directory,clinician-directory:john-crismali-3443209,clinician-directory-john-crismali-surfside-beach-sc-29575-united-states,"Rock Steady Boxing Surfside Beach, SC",Rehab Professional,"Rock Steady Boxing Surfside Beach, SC is listed in the official Rock Steady Boxing directory.","Rock Steady Boxing Surfside Beach, SC is listed in the official Rock Steady Boxing Clinician Directory. Address: Surfside Beach, SC 29575, United States.","Surfside Beach, SC, United States","Surfside Beach, SC, United States",United States,Rehab Professional | Parkinson's Care,,in-person,false,unclaimed,0,0,,,,"Rock Steady Boxing Surfside Beach, SC",Rock Steady Boxing clinician directory,clinician-directory,Rock Steady Boxing,"Surfside Beach, SC 29575, United States",Surfside Beach,SC,29575,https://members.rocksteadyboxing.org/rsbcliniciandirectory/Details/john-crismali-3443209,33.6060031,-78.97308869999999,2026-03-28T03:14:36.204Z
rock-steady-boxing,Rock Steady Boxing Clinician Directory,clinician-directory:daniel-sobczak-3129339,clinician-directory-daniel-sobczak-550-wellington-road-london-on-n6c0a7-canada,Rock Steady Boxing London,Rehab Professional,Rock Steady Boxing London is listed in the official Rock Steady Boxing directory.,"Rock Steady Boxing London is listed in the official Rock Steady Boxing Clinician Directory. Address: 550 Wellington Road, London, ON N6C0A7, Canada.","London, Canada","London, Canada",Canada,Rehab Professional | Parkinson's Care,,in-person,false,unclaimed,0,0,,,,Rock Steady Boxing London,Rock Steady Boxing clinician directory,clinician-directory,Rock Steady Boxing,"550 Wellington Road, London, ON N6C0A7, Canada",London,,,https://members.rocksteadyboxing.org/rsbcliniciandirectory/Details/daniel-sobczak-3129339,42.9553087,-81.2290891,2026-03-28T03:14:36.204Z
rock-steady-boxing,Rock Steady Boxing Clinician Directory,clinician-directory:tara-eaton-3958293,clinician-directory-tara-eaton-palm-beach-gardens-fl-33418-united-states,"Rock Steady Boxing Palm Beach Gardens, FL",Rehab Professional,"Rock Steady Boxing Palm Beach Gardens, FL is listed in the official Rock Steady Boxing directory.","Rock Steady Boxing Palm Beach Gardens, FL is listed in the official Rock Steady Boxing Clinician Directory. Address: Palm Beach Gardens, FL 33418, United States.","Palm Beach Gardens, FL, United States","Palm Beach Gardens, FL, United States",United States,Rehab Professional | Parkinson's Care,,in-person,false,unclaimed,0,0,,,3522620863,"Rock Steady Boxing Palm Beach Gardens, FL",Rock Steady Boxing clinician directory,clinician-directory,Rock Steady Boxing,"Palm Beach Gardens, FL 33418, United States",Palm Beach Gardens,FL,33418,https://members.rocksteadyboxing.org/rsbcliniciandirectory/Details/tara-eaton-3958293,26.8645934,-80.15402259999999,2026-03-28T03:14:36.204Z
rock-steady-boxing,Rock Steady Boxing Clinician Directory,clinician-directory:deb-fitzcharles-3958057,clinician-directory-deb-fitzcharles-huntington-in-46270-united-states,"Rock Steady Boxing Huntington, IN",Rehab Professional,"Rock Steady Boxing Huntington, IN is listed in the official Rock Steady Boxing directory.","Rock Steady Boxing Huntington, IN is listed in the official Rock Steady Boxing Clinician Directory. Address: Huntington, IN 46270, United States.","Huntington, IN, United States","Huntington, IN, United States",United States,Rehab Professional | Parkinson's Care,,in-person,false,unclaimed,0,0,,,2604509987,"Rock Steady Boxing Huntington, IN",Rock Steady Boxing clinician directory,clinician-directory,Rock Steady Boxing,"Huntington, IN 46270, United States",Huntington,IN,46270,https://members.rocksteadyboxing.org/rsbcliniciandirectory/Details/deb-fitzcharles-3958057,40.8831011,-85.49747599999999,2026-03-28T03:14:36.204Z
rock-steady-boxing,Rock Steady Boxing Clinician Directory,clinician-directory:foundation-manual-physical-therapy-performance-pllc-3279483,clinician-directory-foundation-manual-physical-therapy-and-performance-pllc-foundation-manual-physcial-therapy-and-performance-307-w-14-mile-rd-clawson-mi-48017-united-states,Foundation Manual Physical Therapy & Performance PLLC,Physical Therapy,Foundation Manual Physical Therapy & Performance PLLC is listed in the official Rock Steady Boxing directory.,"Foundation Manual Physical Therapy & Performance PLLC is listed in the official Rock Steady Boxing Clinician Directory. Address: Foundation Manual Physcial Therapy and Performance, 307 W 14 Mile Rd, Clawson, MI 48017, United States.","Clawson, MI, United States","Clawson, MI, United States",United States,Physical Therapy | Parkinson's Care,,in-person,false,unclaimed,0,0,,,,Foundation Manual Physical Therapy & Performance PLLC,Rock Steady Boxing clinician directory,clinician-directory,Rock Steady Boxing,"Foundation Manual Physcial Therapy and Performance, 307 W 14 Mile Rd, Clawson, MI 48017, United States",Clawson,MI,48017,https://members.rocksteadyboxing.org/rsbcliniciandirectory/Details/foundation-manual-physical-therapy-performance-pllc-3279483,42.5331593,-83.1518414,2026-03-28T03:14:36.204Z
rock-steady-boxing,Rock Steady Boxing Clinician Directory,clinician-directory:farrah-fox-3958307,clinician-directory-farrah-fox-fort-smith-ar-72908-united-states,"Rock Steady Boxing Fort Smith, AR",Rehab Professional,"Rock Steady Boxing Fort Smith, AR is listed in the official Rock Steady Boxing directory.","Rock Steady Boxing Fort Smith, AR is listed in the official Rock Steady Boxing Clinician Directory. Address: Fort Smith, AR 72908, United States.","Fort Smith, AR, United States","Fort Smith, AR, United States",United States,Rehab Professional | Parkinson's Care,,in-person,false,unclaimed,0,0,,,,"Rock Steady Boxing Fort Smith, AR",Rock Steady Boxing clinician directory,clinician-directory,Rock Steady Boxing,"Fort Smith, AR 72908, United States",Fort Smith,AR,72908,https://members.rocksteadyboxing.org/rsbcliniciandirectory/Details/farrah-fox-3958307,35.2994544,-94.4079213,2026-03-28T03:14:36.204Z
rock-steady-boxing,Rock Steady Boxing Clinician Directory,clinician-directory:freedom-physical-therapy-and-fitness-3581015,clinician-directory-freedom-physical-therapy-and-fitness-1575-pine-ridge-rd-ste-4-naples-fl-34109-united-states,Freedom Physical Therapy and Fitness,Physical Therapy,Freedom Physical Therapy and Fitness is listed in the official Rock Steady Boxing directory.,"Freedom Physical Therapy and Fitness is listed in the official Rock Steady Boxing Clinician Directory. Address: 1575 Pine Ridge Rd STE 4, Naples, FL 34109, United States.","Naples, FL, United States","Naples, FL, United States",United States,Physical Therapy | Parkinson's Care,,in-person,false,unclaimed,0,0,,,2394381194,Freedom Physical Therapy and Fitness,Rock Steady Boxing clinician directory,clinician-directory,Rock Steady Boxing,"1575 Pine Ridge Rd STE 4, Naples, FL 34109, United States",Naples,FL,34109,https://members.rocksteadyboxing.org/rsbcliniciandirectory/Details/freedom-physical-therapy-and-fitness-3581015,26.2132594,-81.7871498,2026-03-28T03:14:36.204Z
rock-steady-boxing,Rock Steady Boxing Clinician Directory,clinician-directory:amy-gabriel-kollmann-3958040,clinician-directory-amy-gabriel-kollmann-havertown-pa-19083-united-states,"Rock Steady Boxing Havertown, PA",Rehab Professional,"Rock Steady Boxing Havertown, PA is listed in the official Rock Steady Boxing directory.","Rock Steady Boxing Havertown, PA is listed in the official Rock Steady Boxing Clinician Directory. Address: Havertown, PA 19083, United States.","Havertown, PA, United States","Havertown, PA, United States",United States,Rehab Professional | Parkinson's Care,,in-person,false,unclaimed,0,0,,,4848416154,"Rock Steady Boxing Havertown, PA",Rock Steady Boxing clinician directory,clinician-directory,Rock Steady Boxing,"Havertown, PA 19083, United States",Havertown,PA,19083,https://members.rocksteadyboxing.org/rsbcliniciandirectory/Details/amy-gabriel-kollmann-3958040,39.9763656,-75.3149796,2026-03-28T03:14:36.204Z
rock-steady-boxing,Rock Steady Boxing Clinician Directory,clinician-directory:lauren-hill-3667824,clinician-directory-lauren-hill-100-bible-crossing-rd-decherd-tn-37324-united-states,"Rock Steady Boxing Decherd, TN",Rehab Professional,"Rock Steady Boxing Decherd, TN is listed in the official Rock Steady Boxing directory.","Rock Steady Boxing Decherd, TN is listed in the official Rock Steady Boxing Clinician Directory. Address: 100 Bible Crossing Rd, Decherd, TN 37324, United States.","Decherd, TN, United States","Decherd, TN, United States",United States,Rehab Professional | Parkinson's Care,,in-person,false,unclaimed,0,0,,,,"Rock Steady Boxing Decherd, TN",Rock Steady Boxing clinician directory,clinician-directory,Rock Steady Boxing,"100 Bible Crossing Rd, Decherd, TN 37324, United States",Decherd,TN,37324,https://members.rocksteadyboxing.org/rsbcliniciandirectory/Details/lauren-hill-3667824,35.21285719999999,-86.0989542,2026-03-28T03:14:36.204Z
rock-steady-boxing,Rock Steady Boxing Clinician Directory,clinician-directory:jamie-israel-4394680,clinician-directory-jamie-israel-1804-washington-boulevard-suite-e-belpre-oh-45714-united-states,"Rock Steady Boxing Belpre, OH",Rehab Professional,"Rock Steady Boxing Belpre, OH is listed in the official Rock Steady Boxing directory.","Rock Steady Boxing Belpre, OH is listed in the official Rock Steady Boxing Clinician Directory. Address: 1804 Washington Boulevard, Suite E, Belpre, OH 45714, United States.","Belpre, OH, United States","Belpre, OH, United States",United States,Rehab Professional | Parkinson's Care,,in-person,false,unclaimed,0,0,,,7404233084,"Rock Steady Boxing Belpre, OH",Rock Steady Boxing clinician directory,clinician-directory,Rock Steady Boxing,"1804 Washington Boulevard, Suite E, Belpre, OH 45714, United States",Belpre,OH,45714,https://members.rocksteadyboxing.org/rsbcliniciandirectory/Details/jamie-israel-4394680,39.2769869,-81.5979533,2026-03-28T03:14:36.204Z
rock-steady-boxing,Rock Steady Boxing Clinician Directory,clinician-directory:kathy-jack-4496923,clinician-directory-kathy-jack-ochsner-lafayette-general-ortho-hospital-2810-ambassador-caffery-pkwy-lafayette-la-70506-united-states,"Rock Steady Boxing Lafayette, LA",Rehab Professional,"Rock Steady Boxing Lafayette, LA is listed in the official Rock Steady Boxing directory.","Rock Steady Boxing Lafayette, LA is listed in the official Rock Steady Boxing Clinician Directory. Address: Ochsner Lafayette General Ortho Hospital, 2810 Ambassador Caffery Pkwy, Lafayette, LA 70506, United States.","Lafayette, LA, United States","Lafayette, LA, United States",United States,Rehab Professional | Parkinson's Care,,in-person,false,unclaimed,0,0,,,3372580281,"Rock Steady Boxing Lafayette, LA",Rock Steady Boxing clinician directory,clinician-directory,Rock Steady Boxing,"Ochsner Lafayette General Ortho Hospital, 2810 Ambassador Caffery Pkwy, Lafayette, LA 70506, United States",Lafayette,LA,70506,https://members.rocksteadyboxing.org/rsbcliniciandirectory/Details/kathy-jack-4496923,30.1979657,-92.0772429,2026-03-28T03:14:36.204Z
rock-steady-boxing,Rock Steady Boxing Clinician Directory,clinician-directory:chad-johnson-4401435,clinician-directory-chad-johnson-302-w-1st-st-duluth-mn-55802-united-states,"Rock Steady Boxing Duluth, MN",Rehab Professional,"Rock Steady Boxing Duluth, MN is listed in the official Rock Steady Boxing directory.","Rock Steady Boxing Duluth, MN is listed in the official Rock Steady Boxing Clinician Directory. Address: 302 W 1st St, Duluth, MN 55802, United States.","Duluth, MN, United States","Duluth, MN, United States",United States,Rehab Professional | Parkinson's Care,,in-person,false,unclaimed,0,0,,,2182496040,"Rock Steady Boxing Duluth, MN",Rock Steady Boxing clinician directory,clinician-directory,Rock Steady Boxing,"302 W 1st St, Duluth, MN 55802, United States",Duluth,MN,55802,https://members.rocksteadyboxing.org/rsbcliniciandirectory/Details/chad-johnson-4401435,46.7843038,-92.1030712,2026-03-28T03:14:36.204Z
rock-steady-boxing,Rock Steady Boxing Clinician Directory,clinician-directory:erin-katzmark-3686361,clinician-directory-erin-katzmark-m-health-fairview-rehabilitation-150-cobblestone-ln-burnsville-mn-55337-united-states,"Rock Steady Boxing Burnsville, MN",Rehab Professional,"Rock Steady Boxing Burnsville, MN is listed in the official Rock Steady Boxing directory.","Rock Steady Boxing Burnsville, MN is listed in the official Rock Steady Boxing Clinician Directory. Address: M Health Fairview Rehabilitation, 150 Cobblestone Ln, Burnsville, MN 55337, United States.","Burnsville, MN, United States","Burnsville, MN, United States",United States,Rehab Professional | Parkinson's Care,,in-person,false,unclaimed,0,0,,,,"Rock Steady Boxing Burnsville, MN",Rock Steady Boxing clinician directory,clinician-directory,Rock Steady Boxing,"M Health Fairview Rehabilitation, 150 Cobblestone Ln, Burnsville, MN 55337, United States",Burnsville,MN,55337,https://members.rocksteadyboxing.org/rsbcliniciandirectory/Details/erin-katzmark-3686361,44.7472919,-93.2738825,2026-03-28T03:14:36.204Z
rock-steady-boxing,Rock Steady Boxing Clinician Directory,clinician-directory:kelly-hoyt-3129375,clinician-directory-kelly-hoyt-150-cobblestone-lane-burnsville-mn-55337-united-states,"Rock Steady Boxing Burnsville, MN",Rehab Professional,"Rock Steady Boxing Burnsville, MN is listed in the official Rock Steady Boxing directory.","Rock Steady Boxing Burnsville, MN is listed in the official Rock Steady Boxing Clinician Directory. Address: 150 Cobblestone lane, Burnsville, MN 55337, United States.","Burnsville, MN, United States","Burnsville, MN, United States",United States,Rehab Professional | Parkinson's Care,,in-person,false,unclaimed,0,0,,,,"Rock Steady Boxing Burnsville, MN",Rock Steady Boxing clinician directory,clinician-directory,Rock Steady Boxing,"150 Cobblestone lane, Burnsville, MN 55337, United States",Burnsville,MN,55337,https://members.rocksteadyboxing.org/rsbcliniciandirectory/Details/kelly-hoyt-3129375,44.748417,-93.2812371,2026-03-28T03:14:36.204Z
rock-steady-boxing,Rock Steady Boxing Clinician Directory,clinician-directory:benilda-kipp-3129305,clinician-directory-benilda-kipp-7336-newbury-court-fishers-in-46038-united-states,"Rock Steady Boxing Fishers, IN",Rehab Professional,"Rock Steady Boxing Fishers, IN is listed in the official Rock Steady Boxing directory.","Rock Steady Boxing Fishers, IN is listed in the official Rock Steady Boxing Clinician Directory. Address: 7336 Newbury Court, Fishers, IN 46038, United States.","Fishers, IN, United States","Fishers, IN, United States",United States,Rehab Professional | Parkinson's Care,,in-person,false,unclaimed,0,0,,,,"Rock Steady Boxing Fishers, IN",Rock Steady Boxing clinician directory,clinician-directory,Rock Steady Boxing,"7336 Newbury Court, Fishers, IN 46038, United States",Fishers,IN,46038,https://members.rocksteadyboxing.org/rsbcliniciandirectory/Details/benilda-kipp-3129305,39.9465076,-86.0388656,2026-03-28T03:14:36.204Z
rock-steady-boxing,Rock Steady Boxing Clinician Directory,clinician-directory:john-kowalski-3956650,clinician-directory-john-kowalski-2222-lincoln-ave-york-ne-68467-united-states,"Rock Steady Boxing York, NE",Rehab Professional,"Rock Steady Boxing York, NE is listed in the official Rock Steady Boxing directory.","Rock Steady Boxing York, NE is listed in the official Rock Steady Boxing Clinician Directory. Address: 2222 Lincoln Ave, York, NE 68467, United States.","York, NE, United States","York, NE, United States",United States,Rehab Professional | Parkinson's Care,,in-person,false,unclaimed,0,0,,,14023620436,"Rock Steady Boxing York, NE",Rock Steady Boxing clinician directory,clinician-directory,Rock Steady Boxing,"2222 Lincoln Ave, York, NE 68467, United States",York,NE,68467,https://members.rocksteadyboxing.org/rsbcliniciandirectory/Details/john-kowalski-3956650,40.8826222,-97.592278,2026-03-28T03:14:36.204Z
rock-steady-boxing,Rock Steady Boxing Clinician Directory,clinician-directory:amanda-kramer-3446627,clinician-directory-amanda-kramer-2303-college-ave-huntington-in-46750-united-states,"Rock Steady Boxing Huntington, IN",Rehab Professional,"Rock Steady Boxing Huntington, IN is listed in the official Rock Steady Boxing directory.","Rock Steady Boxing Huntington, IN is listed in the official Rock Steady Boxing Clinician Directory. Address: 2303 College Ave, Huntington, IN 46750, United States.","Huntington, IN, United States","Huntington, IN, United States",United States,Rehab Professional | Parkinson's Care,,in-person,false,unclaimed,0,0,,,2607604607,"Rock Steady Boxing Huntington, IN",Rock Steady Boxing clinician directory,clinician-directory,Rock Steady Boxing,"2303 College Ave, Huntington, IN 46750, United States",Huntington,IN,46750,https://members.rocksteadyboxing.org/rsbcliniciandirectory/Details/amanda-kramer-3446627,40.8990026,-85.499843,2026-03-28T03:14:36.204Z
rock-steady-boxing,Rock Steady Boxing Clinician Directory,clinician-directory:liz-hoff-3129379,clinician-directory-liz-hoff-300-minnesota-ave-willmar-mn-56201-united-states,"Rock Steady Boxing Willmar, MN",Rehab Professional,"Rock Steady Boxing Willmar, MN is listed in the official Rock Steady Boxing directory.","Rock Steady Boxing Willmar, MN is listed in the official Rock Steady Boxing Clinician Directory. Address: 300 Minnesota Ave, Willmar, MN 56201, United States.","Willmar, MN, United States","Willmar, MN, United States",United States,Rehab Professional | Parkinson's Care,,in-person,false,unclaimed,0,0,,,,"Rock Steady Boxing Willmar, MN",Rock Steady Boxing clinician directory,clinician-directory,Rock Steady Boxing,"300 Minnesota Ave, Willmar, MN 56201, United States",Willmar,MN,56201,https://members.rocksteadyboxing.org/rsbcliniciandirectory/Details/liz-hoff-3129379,45.118799,-95.046549,2026-03-28T03:14:36.204Z
rock-steady-boxing,Rock Steady Boxing Clinician Directory,clinician-directory:melissa-mallory-4143424,clinician-directory-melissa-mallory-brooks-rehabilitation-3901-university-blvd-s-jacksonville-fl-32216-united-states,"Rock Steady Boxing Jacksonville, FL",Rehab Professional,"Rock Steady Boxing Jacksonville, FL is listed in the official Rock Steady Boxing directory.","Rock Steady Boxing Jacksonville, FL is listed in the official Rock Steady Boxing Clinician Directory. Address: Brooks Rehabilitation, 3901 University Blvd S, Jacksonville, FL 32216, United States.","Jacksonville, FL, United States","Jacksonville, FL, United States",United States,Rehab Professional | Parkinson's Care,,in-person,false,unclaimed,0,0,,,,"Rock Steady Boxing Jacksonville, FL",Rock Steady Boxing clinician directory,clinician-directory,Rock Steady Boxing,"Brooks Rehabilitation, 3901 University Blvd S, Jacksonville, FL 32216, United States",Jacksonville,FL,32216,https://members.rocksteadyboxing.org/rsbcliniciandirectory/Details/melissa-mallory-4143424,30.2845978,-81.60055580000001,2026-03-28T03:14:36.204Z
rock-steady-boxing,Rock Steady Boxing Clinician Directory,clinician-directory:maria-olivo-3958037,clinician-directory-maria-olivo-505-n-main-street-aztec-nm-87410-united-states,"Rock Steady Boxing Aztec, NM",Rehab Professional,"Rock Steady Boxing Aztec, NM is listed in the official Rock Steady Boxing directory.","Rock Steady Boxing Aztec, NM is listed in the official Rock Steady Boxing Clinician Directory. Address: 505 N. Main Street, Aztec, NM 87410, United States.","Aztec, NM, United States","Aztec, NM, United States",United States,Rehab Professional | Parkinson's Care,,in-person,false,unclaimed,0,0,,,,"Rock Steady Boxing Aztec, NM",Rock Steady Boxing clinician directory,clinician-directory,Rock Steady Boxing,"505 N. Main Street, Aztec, NM 87410, United States",Aztec,NM,87410,https://members.rocksteadyboxing.org/rsbcliniciandirectory/Details/maria-olivo-3958037,36.8270292,-107.9941574,2026-03-28T03:14:36.204Z
rock-steady-boxing,Rock Steady Boxing Clinician Directory,clinician-directory:adamm-martinez-4397463,clinician-directory-adamm-martinez-chesterton-physical-therapy-425-sand-creek-drive-suite-c-chesterton-in-46304-united-states,"Rock Steady Boxing Chesterton, IN",Rehab Professional,"Rock Steady Boxing Chesterton, IN is listed in the official Rock Steady Boxing directory.","Rock Steady Boxing Chesterton, IN is listed in the official Rock Steady Boxing Clinician Directory. Address: Chesterton Physical Therapy, 425 Sand Creek Drive, Suite C, Chesterton, IN 46304, United States.","Chesterton, IN, United States","Chesterton, IN, United States",United States,Rehab Professional | Parkinson's Care,,in-person,false,unclaimed,0,0,,,2199269779,"Rock Steady Boxing Chesterton, IN",Rock Steady Boxing clinician directory,clinician-directory,Rock Steady Boxing,"Chesterton Physical Therapy, 425 Sand Creek Drive, Suite C, Chesterton, IN 46304, United States",Chesterton,IN,46304,https://members.rocksteadyboxing.org/rsbcliniciandirectory/Details/adamm-martinez-4397463,41.6154714,-87.03422549999999,2026-03-28T03:14:36.204Z
rock-steady-boxing,Rock Steady Boxing Clinician Directory,clinician-directory:heather-mccarthy-4605227,clinician-directory-heather-mccarthy-pinnacle-performance-therapy-1845-8th-street-s-wisconsin-rapids-wi-54494-united-states,"Rock Steady Boxing Wisconsin Rapids, WI",Rehab Professional,"Rock Steady Boxing Wisconsin Rapids, WI is listed in the official Rock Steady Boxing directory.","Rock Steady Boxing Wisconsin Rapids, WI is listed in the official Rock Steady Boxing Clinician Directory. Address: Pinnacle Performance Therapy, 1845 8th Street S, Wisconsin Rapids, WI 54494, United States.","Wisconsin Rapids, WI, United States","Wisconsin Rapids, WI, United States",United States,Rehab Professional | Parkinson's Care,,in-person,false,unclaimed,0,0,,,7154221050,"Rock Steady Boxing Wisconsin Rapids, WI",Rock Steady Boxing clinician directory,clinician-directory,Rock Steady Boxing,"Pinnacle Performance Therapy, 1845 8th Street S, Wisconsin Rapids, WI 54494, United States",Wisconsin Rapids,WI,54494,https://members.rocksteadyboxing.org/rsbcliniciandirectory/Details/heather-mccarthy-4605227,44.3777903,-89.8165313,2026-03-28T03:14:36.204Z
rock-steady-boxing,Rock Steady Boxing Clinician Directory,clinician-directory:jillian-mills-4074234,clinician-directory-jillian-mills-1600-brecknock-rd-greenport-ny-11944-united-states,"Rock Steady Boxing Greenport, NY",Rehab Professional,"Rock Steady Boxing Greenport, NY is listed in the official Rock Steady Boxing directory.","Rock Steady Boxing Greenport, NY is listed in the official Rock Steady Boxing Clinician Directory. Address: 1600 Brecknock Rd, Greenport, NY 11944, United States.","Greenport, NY, United States","Greenport, NY, United States",United States,Rehab Professional | Parkinson's Care,,in-person,false,unclaimed,0,0,,,6315938287,"Rock Steady Boxing Greenport, NY",Rock Steady Boxing clinician directory,clinician-directory,Rock Steady Boxing,"1600 Brecknock Rd, Greenport, NY 11944, United States",Greenport,NY,11944,https://members.rocksteadyboxing.org/rsbcliniciandirectory/Details/jillian-mills-4074234,41.12184329999999,-72.3635779,2026-03-28T03:14:36.204Z
rock-steady-boxing,Rock Steady Boxing Clinician Directory,clinician-directory:tony-nguyen-3958300,clinician-directory-tony-nguyen-palm-beach-gardens-fl-33412-united-states,"Rock Steady Boxing Palm Beach Gardens, FL",Rehab Professional,"Rock Steady Boxing Palm Beach Gardens, FL is listed in the official Rock Steady Boxing directory.","Rock Steady Boxing Palm Beach Gardens, FL is listed in the official Rock Steady Boxing Clinician Directory. Address: Palm Beach Gardens, FL 33412, United States.","Palm Beach Gardens, FL, United States","Palm Beach Gardens, FL, United States",United States,Rehab Professional | Parkinson's Care,,in-person,false,unclaimed,0,0,,,5854789977,"Rock Steady Boxing Palm Beach Gardens, FL",Rock Steady Boxing clinician directory,clinician-directory,Rock Steady Boxing,"Palm Beach Gardens, FL 33412, United States",Palm Beach Gardens,FL,33412,https://members.rocksteadyboxing.org/rsbcliniciandirectory/Details/tony-nguyen-3958300,26.8008354,-80.2432839,2026-03-28T03:14:36.204Z
rock-steady-boxing,Rock Steady Boxing Clinician Directory,clinician-directory:shelly-noll-4403902,clinician-directory-shelly-noll-memorial-health-system-outpatient-therapy-services-158-gross-street-marietta-oh-45750-united-states,"Rock Steady Boxing Marietta, OH",Rehab Professional,"Rock Steady Boxing Marietta, OH is listed in the official Rock Steady Boxing directory.","Rock Steady Boxing Marietta, OH is listed in the official Rock Steady Boxing Clinician Directory. Address: Memorial Health System Outpatient Therapy Services, 158 Gross Street, Marietta, OH 45750, United States.","Marietta, OH, United States","Marietta, OH, United States",United States,Rehab Professional | Parkinson's Care,,in-person,false,unclaimed,0,0,,,7403741422,"Rock Steady Boxing Marietta, OH",Rock Steady Boxing clinician directory,clinician-directory,Rock Steady Boxing,"Memorial Health System Outpatient Therapy Services, 158 Gross Street, Marietta, OH 45750, United States",Marietta,OH,45750,https://members.rocksteadyboxing.org/rsbcliniciandirectory/Details/shelly-noll-4403902,39.4234881,-81.4477737,2026-03-28T03:14:36.204Z
rock-steady-boxing,Rock Steady Boxing Clinician Directory,clinician-directory:debra-paxson-3795593,clinician-directory-debra-paxson-life-care-center-of-lagrange-0770-n-075e-lagrange-in-46761-united-states,"Rock Steady Boxing LaGrange, IN",Rehab Professional,"Rock Steady Boxing LaGrange, IN is listed in the official Rock Steady Boxing directory.","Rock Steady Boxing LaGrange, IN is listed in the official Rock Steady Boxing Clinician Directory. Address: Life Care Center of LaGrange, 0770 N 075E, LaGrange, IN 46761, United States.","LaGrange, IN, United States","LaGrange, IN, United States",United States,Rehab Professional | Parkinson's Care,,in-person,false,unclaimed,0,0,,,2603503368,"Rock Steady Boxing LaGrange, IN",Rock Steady Boxing clinician directory,clinician-directory,Rock Steady Boxing,"Life Care Center of LaGrange, 0770 N 075E, LaGrange, IN 46761, United States",LaGrange,IN,46761,https://members.rocksteadyboxing.org/rsbcliniciandirectory/Details/debra-paxson-3795593,41.653,-85.4126935,2026-03-28T03:14:36.204Z
rock-steady-boxing,Rock Steady Boxing Clinician Directory,clinician-directory:alejandra-rivero-4612068,clinician-directory-alejandra-rivero-sunrise-fl-33351-united-states,"Rock Steady Boxing Sunrise, FL",Rehab Professional,"Rock Steady Boxing Sunrise, FL is listed in the official Rock Steady Boxing directory.","Rock Steady Boxing Sunrise, FL is listed in the official Rock Steady Boxing Clinician Directory. Address: Sunrise, FL 33351, United States.","Sunrise, FL, United States","Sunrise, FL, United States",United States,Rehab Professional | Parkinson's Care,,in-person,false,unclaimed,0,0,,,9543031485,"Rock Steady Boxing Sunrise, FL",Rock Steady Boxing clinician directory,clinician-directory,Rock Steady Boxing,"Sunrise, FL 33351, United States",Sunrise,FL,33351,https://members.rocksteadyboxing.org/rsbcliniciandirectory/Details/alejandra-rivero-4612068,26.17785,-80.2711588,2026-03-28T03:14:36.204Z
rock-steady-boxing,Rock Steady Boxing Clinician Directory,clinician-directory:stuart-saunders-4631652,clinician-directory-stuart-saunders-gonzaba-medical-group-physical-medicine-center-902-bandera-rd-san-antonio-tx-78228-united-states,"Rock Steady Boxing San Antonio, TX",Rehab Professional,"Rock Steady Boxing San Antonio, TX is listed in the official Rock Steady Boxing directory.","Rock Steady Boxing San Antonio, TX is listed in the official Rock Steady Boxing Clinician Directory. Address: Gonzaba Medical Group Physical Medicine Center, 902 Bandera Rd, San Antonio, TX 78228, United States.","San Antonio, TX, United States","San Antonio, TX, United States",United States,Rehab Professional | Parkinson's Care,,in-person,false,unclaimed,0,0,,,2109213800,"Rock Steady Boxing San Antonio, TX",Rock Steady Boxing clinician directory,clinician-directory,Rock Steady Boxing,"Gonzaba Medical Group Physical Medicine Center, 902 Bandera Rd, San Antonio, TX 78228, United States",San Antonio,TX,78228,https://members.rocksteadyboxing.org/rsbcliniciandirectory/Details/stuart-saunders-4631652,29.4573459,-98.5540547,2026-03-28T03:14:36.204Z
rock-steady-boxing,Rock Steady Boxing Clinician Directory,clinician-directory:nicole-scheiman-3441078,clinician-directory-nicole-scheiman-2300-maccorkle-ave-se-charleston-wv-25304-united-states,"Rock Steady Boxing Charleston, WV",Rehab Professional,"Rock Steady Boxing Charleston, WV is listed in the official Rock Steady Boxing directory.","Rock Steady Boxing Charleston, WV is listed in the official Rock Steady Boxing Clinician Directory. Address: 2300 MacCorkle Ave., SE, Charleston, WV 25304, United States.","Charleston, WV, United States","Charleston, WV, United States",United States,Rehab Professional | Parkinson's Care,,in-person,false,unclaimed,0,0,,,3867855993,"Rock Steady Boxing Charleston, WV",Rock Steady Boxing clinician directory,clinician-directory,Rock Steady Boxing,"2300 MacCorkle Ave., SE, Charleston, WV 25304, United States",Charleston,WV,25304,https://members.rocksteadyboxing.org/rsbcliniciandirectory/Details/nicole-scheiman-3441078,38.3320971,-81.6142153,2026-03-28T03:14:36.204Z
rock-steady-boxing,Rock Steady Boxing Clinician Directory,clinician-directory:cynthia-schmitz-3958052,clinician-directory-cynthia-schmitz-hilton-head-island-sc-29926-united-states,"Rock Steady Boxing Hilton Head Island, SC",Rehab Professional,"Rock Steady Boxing Hilton Head Island, SC is listed in the official Rock Steady Boxing directory.","Rock Steady Boxing Hilton Head Island, SC is listed in the official Rock Steady Boxing Clinician Directory. Address: Hilton Head Island, SC 29926, United States.","Hilton Head Island, SC, United States","Hilton Head Island, SC, United States",United States,Rehab Professional | Parkinson's Care,,in-person,false,unclaimed,0,0,,,,"Rock Steady Boxing Hilton Head Island, SC",Rock Steady Boxing clinician directory,clinician-directory,Rock Steady Boxing,"Hilton Head Island, SC 29926, United States",Hilton Head Island,SC,29926,https://members.rocksteadyboxing.org/rsbcliniciandirectory/Details/cynthia-schmitz-3958052,32.23063640000001,-80.7325287,2026-03-28T03:14:36.204Z
rock-steady-boxing,Rock Steady Boxing Clinician Directory,clinician-directory:lisa-shulman-4414863,clinician-directory-lisa-shulman-lake-forest-ca-92610-united-states,"Rock Steady Boxing Lake Forest, CA",Rehab Professional,"Rock Steady Boxing Lake Forest, CA is listed in the official Rock Steady Boxing directory.","Rock Steady Boxing Lake Forest, CA is listed in the official Rock Steady Boxing Clinician Directory. Address: Lake Forest, CA 92610, United States.","Lake Forest, CA, United States","Lake Forest, CA, United States",United States,Rehab Professional | Parkinson's Care,,in-person,false,unclaimed,0,0,,,3104906261,"Rock Steady Boxing Lake Forest, CA",Rock Steady Boxing clinician directory,clinician-directory,Rock Steady Boxing,"Lake Forest, CA 92610, United States",Lake Forest,CA,92610,https://members.rocksteadyboxing.org/rsbcliniciandirectory/Details/lisa-shulman-4414863,33.6917217,-117.6610854,2026-03-28T03:14:36.204Z
rock-steady-boxing,Rock Steady Boxing Clinician Directory,clinician-directory:speakeasy-thereapies-fitness-llc-3160596,clinician-directory-speakeasy-thereapies-and-fitness-llc-12213-big-bend-road-martinsville-in-46151-united-states,SPEAKeasy Thereapies & Fitness LLC,Rehab Professional,SPEAKeasy Thereapies & Fitness LLC is listed in the official Rock Steady Boxing directory.,"SPEAKeasy Thereapies & Fitness LLC is listed in the official Rock Steady Boxing Clinician Directory. Address: 12213 Big Bend Road, Martinsville, IN 46151, United States.","Martinsville, IN, United States","Martinsville, IN, United States",United States,Rehab Professional | Parkinson's Care,,in-person,false,unclaimed,0,0,,,,SPEAKeasy Thereapies & Fitness LLC,Rock Steady Boxing clinician directory,clinician-directory,Rock Steady Boxing,"12213 Big Bend Road, Martinsville, IN 46151, United States",Martinsville,IN,46151,https://members.rocksteadyboxing.org/rsbcliniciandirectory/Details/speakeasy-thereapies-fitness-llc-3160596,39.523597,-86.2599166,2026-03-28T03:14:36.204Z
rock-steady-boxing,Rock Steady Boxing Clinician Directory,clinician-directory:karen-todaro-3958035,clinician-directory-karen-todaro-tullahoma-tn-37388-united-states,"Rock Steady Boxing Tullahoma, TN",Rehab Professional,"Rock Steady Boxing Tullahoma, TN is listed in the official Rock Steady Boxing directory.","Rock Steady Boxing Tullahoma, TN is listed in the official Rock Steady Boxing Clinician Directory. Address: Tullahoma, TN 37388, United States.","Tullahoma, TN, United States","Tullahoma, TN, United States",United States,Rehab Professional | Parkinson's Care,,in-person,false,unclaimed,0,0,,,,"Rock Steady Boxing Tullahoma, TN",Rock Steady Boxing clinician directory,clinician-directory,Rock Steady Boxing,"Tullahoma, TN 37388, United States",Tullahoma,TN,37388,https://members.rocksteadyboxing.org/rsbcliniciandirectory/Details/karen-todaro-3958035,35.3620235,-86.20943419999999,2026-03-28T03:14:36.204Z
rock-steady-boxing,Rock Steady Boxing Clinician Directory,clinician-directory:theresa-trent-3794835,clinician-directory-theresa-trent-dayton-oh-45458-united-states,"Rock Steady Boxing Dayton, OH",Rehab Professional,"Rock Steady Boxing Dayton, OH is listed in the official Rock Steady Boxing directory.","Rock Steady Boxing Dayton, OH is listed in the official Rock Steady Boxing Clinician Directory. Address: Dayton, OH 45458, United States.","Dayton, OH, United States","Dayton, OH, United States",United States,Rehab Professional | Parkinson's Care,,in-person,false,unclaimed,0,0,,,9373290893,"Rock Steady Boxing Dayton, OH",Rock Steady Boxing clinician directory,clinician-directory,Rock Steady Boxing,"Dayton, OH 45458, United States",Dayton,OH,45458,https://members.rocksteadyboxing.org/rsbcliniciandirectory/Details/theresa-trent-3794835,39.5978465,-84.15406589999999,2026-03-28T03:14:36.205Z
rock-steady-boxing,Rock Steady Boxing Clinician Directory,clinician-directory:phillip-tyre-4143425,clinician-directory-phillip-tyre-24077-country-living-rd-suite-8-millsboro-de-19966-united-states,"Rock Steady Boxing Millsboro, DE",Rehab Professional,"Rock Steady Boxing Millsboro, DE is listed in the official Rock Steady Boxing directory.","Rock Steady Boxing Millsboro, DE is listed in the official Rock Steady Boxing Clinician Directory. Address: 24077 Country Living Rd, Suite 8, Millsboro, DE 19966, United States.","Millsboro, DE, United States","Millsboro, DE, United States",United States,Rehab Professional | Parkinson's Care,,in-person,false,unclaimed,0,0,,,3026485060,"Rock Steady Boxing Millsboro, DE",Rock Steady Boxing clinician directory,clinician-directory,Rock Steady Boxing,"24077 Country Living Rd, Suite 8, Millsboro, DE 19966, United States",Millsboro,DE,19966,https://members.rocksteadyboxing.org/rsbcliniciandirectory/Details/phillip-tyre-4143425,38.5990425,-75.3320054,2026-03-28T03:14:36.205Z
rock-steady-boxing,Rock Steady Boxing Clinician Directory,clinician-directory:angel-vance-3599333,clinician-directory-angel-vance-promedica-total-rehab-407-s-telegraph-monroe-mi-48161-united-states,"Rock Steady Boxing Monroe, MI",Rehab Professional,"Rock Steady Boxing Monroe, MI is listed in the official Rock Steady Boxing directory.","Rock Steady Boxing Monroe, MI is listed in the official Rock Steady Boxing Clinician Directory. Address: Promedica Total Rehab, 407 S Telegraph, Monroe, MI 48161, United States.","Monroe, MI, United States","Monroe, MI, United States",United States,Rehab Professional | Parkinson's Care,,in-person,false,unclaimed,0,0,,,7342401950,"Rock Steady Boxing Monroe, MI",Rock Steady Boxing clinician directory,clinician-directory,Rock Steady Boxing,"Promedica Total Rehab, 407 S Telegraph, Monroe, MI 48161, United States",Monroe,MI,48161,https://members.rocksteadyboxing.org/rsbcliniciandirectory/Details/angel-vance-3599333,41.92048640000001,-83.4149475,2026-03-28T03:14:36.205Z
rock-steady-boxing,Rock Steady Boxing Clinician Directory,clinician-directory:aylwin-vasquez-paparo-3924204,clinician-directory-aylwin-vasquez-paparo-toms-river-nj-08753-united-states,"Rock Steady Boxing Toms River, NJ",Rehab Professional,"Rock Steady Boxing Toms River, NJ is listed in the official Rock Steady Boxing directory.","Rock Steady Boxing Toms River, NJ is listed in the official Rock Steady Boxing Clinician Directory. Address: Toms River, NJ 08753, United States.","Toms River, NJ, United States","Toms River, NJ, United States",United States,Rehab Professional | Parkinson's Care,,in-person,false,unclaimed,0,0,,,7322325795,"Rock Steady Boxing Toms River, NJ",Rock Steady Boxing clinician directory,clinician-directory,Rock Steady Boxing,"Toms River, NJ 08753, United States",Toms River,NJ,08753,https://members.rocksteadyboxing.org/rsbcliniciandirectory/Details/aylwin-vasquez-paparo-3924204,39.9721576,-74.16545889999999,2026-03-28T03:14:36.205Z
rock-steady-boxing,Rock Steady Boxing Clinician Directory,clinician-directory:sarah-wayner-bristol-3958288,clinician-directory-sarah-wayner-bristol-south-haven-mi-49090-united-states,"Rock Steady Boxing South Haven, MI",Rehab Professional,"Rock Steady Boxing South Haven, MI is listed in the official Rock Steady Boxing directory.","Rock Steady Boxing South Haven, MI is listed in the official Rock Steady Boxing Clinician Directory. Address: South Haven, MI 49090, United States.","South Haven, MI, United States","South Haven, MI, United States",United States,Rehab Professional | Parkinson's Care,,in-person,false,unclaimed,0,0,,,2697674836,"Rock Steady Boxing South Haven, MI",Rock Steady Boxing clinician directory,clinician-directory,Rock Steady Boxing,"South Haven, MI 49090, United States",South Haven,MI,49090,https://members.rocksteadyboxing.org/rsbcliniciandirectory/Details/sarah-wayner-bristol-3958288,42.4030865,-86.2736407,2026-03-28T03:14:36.205Z
rock-steady-boxing,Rock Steady Boxing Clinician Directory,clinician-directory:emily-whitesides-3958212,clinician-directory-emily-whitesides-enterprise-or-97828-united-states,"Rock Steady Boxing Enterprise, OR",Rehab Professional,"Rock Steady Boxing Enterprise, OR is listed in the official Rock Steady Boxing directory.","Rock Steady Boxing Enterprise, OR is listed in the official Rock Steady Boxing Clinician Directory. Address: Enterprise, OR 97828, United States.","Enterprise, OR, United States","Enterprise, OR, United States",United States,Rehab Professional | Parkinson's Care,,in-person,false,unclaimed,0,0,,,2088673349,"Rock Steady Boxing Enterprise, OR",Rock Steady Boxing clinician directory,clinician-directory,Rock Steady Boxing,"Enterprise, OR 97828, United States",Enterprise,OR,97828,https://members.rocksteadyboxing.org/rsbcliniciandirectory/Details/emily-whitesides-3958212,45.4262617,-117.2787815,2026-03-28T03:14:36.205Z
rock-steady-boxing,Rock Steady Boxing Clinician Directory,clinician-directory:erica-williams-4394662,clinician-directory-erica-williams-baptist-therapy-center-arkadelphia-312-professional-park-dr-suite-a-arkadelphia-ar-71923-united-states,"Rock Steady Boxing Arkadelphia, AR",Rehab Professional,"Rock Steady Boxing Arkadelphia, AR is listed in the official Rock Steady Boxing directory.","Rock Steady Boxing Arkadelphia, AR is listed in the official Rock Steady Boxing Clinician Directory. Address: Baptist Therapy Center-Arkadelphia, 312 Professional Park Dr, Suite A, Arkadelphia, AR 71923, United States.","Arkadelphia, AR, United States","Arkadelphia, AR, United States",United States,Rehab Professional | Parkinson's Care,,in-person,false,unclaimed,0,0,,,8702451385,"Rock Steady Boxing Arkadelphia, AR",Rock Steady Boxing clinician directory,clinician-directory,Rock Steady Boxing,"Baptist Therapy Center-Arkadelphia, 312 Professional Park Dr, Suite A, Arkadelphia, AR 71923, United States",Arkadelphia,AR,71923,https://members.rocksteadyboxing.org/rsbcliniciandirectory/Details/erica-williams-4394662,34.1211433,-93.0888952,2026-03-28T03:14:36.205Z
rock-steady-boxing,Rock Steady Boxing Clinician Directory,clinician-directory:michelle-wilson-3958275,clinician-directory-michelle-wilson-severna-park-ma-21146-united-states,"Rock Steady Boxing Severna Park, MA",Rehab Professional,"Rock Steady Boxing Severna Park, MA is listed in the official Rock Steady Boxing directory.","Rock Steady Boxing Severna Park, MA is listed in the official Rock Steady Boxing Clinician Directory. Address: Severna Park, MA 21146, United States.","Severna Park, MA, United States","Severna Park, MA, United States",United States,Rehab Professional | Parkinson's Care,,in-person,false,unclaimed,0,0,,,,"Rock Steady Boxing Severna Park, MA",Rock Steady Boxing clinician directory,clinician-directory,Rock Steady Boxing,"Severna Park, MA 21146, United States",Severna Park,MA,21146,https://members.rocksteadyboxing.org/rsbcliniciandirectory/Details/michelle-wilson-3958275,39.08171189999999,-76.55460310000001,2026-03-28T03:14:36.205Z