sourceSystem,sourceDirectory,sourceId,slug,name,typeLabel,excerpt,description,location,locationLabel,country,specialties,languages,formats,verified,listingStatus,reviewCount,rating,website,email,phone,organizationName,rawRole,rawOrganization,sourceLocation,city,stateProvince,postcode,sourceUrl,scrapedAt
apda-community,APDA Community,www.apdaparkinson.org/community/alabama/,alabama-information-and-referral-center-at-university-of-alabama-at-birmingham-state-resource-page,Information and Referral Center at University of Alabama at Birmingham,Referral Center,Imported from APDA Alabama community resources.,"Welcome to the APDA Alabama Resource Page Stay Active with APDA Care Partner Resources Support Groups APDA Resources in Alabama The APDA works tirelessly every day to support and empower those in our community who are impacted by Parkinson disease (PD). We promote hope and optimism through innovative services, programs, education, and support while also funding vital research. We are here to help you and your loved ones every step of the way. The University of Alabama at Birmingham School of Medicine is one of eight Udall Centers for Advanced Parkinson Disease Research and hosts the Information and Referral Center for the state of Alabama and surrounding regions. Information and Referral Center at University of Alabama at Birmingham The Parkinson Disease Information and Referral Center, located at University of Alabama at Birmingham Department of Neurology was established by the American Parkinson Disease Association in 1978. This center serves as a resource for those with Parkinson’s disease and their loved ones as well as healthcare providers. Patients, caregivers, healthcare providers and the greater community can receive support regardless of their affiliation with the University of Alabama at Birmingham School of Medicine.","Alabama, United States","Alabama, United States",United States,Welcome to the APDA Alabama Resource Page | Stay Active with APDA | APDA Resources in Alabama | Information and Referral Center at University of Alabama at Birmingham | Services provided by the Alabama APDA Information and Referral Center include: | APDA Center for Advanced Research | Meet Your Alabama APDA Team | Location | Mailing Address | Help our community,,in-person,true,official_directory_import,0,0,https://www.apdaparkinson.org/community/alabama-irc/,apdaal@uabmc.edu,,APDA Alabama,state-resource-page,American Parkinson Disease Association,"Alabama, United States",,Alabama,,https://www.apdaparkinson.org/community/alabama/,2026-03-28T05:36:55.012Z
apda-community,APDA Community,www.apdaparkinson.org/community/arizona/,arizona-find-resources-and-support-groups-support-groups,Find Resources & Support Groups,Referral Center,Dance for PD Wednesdays @ 9am MT Virtual Events Resources for Care Partners,"Welcome to the APDA Arizona Resource Page Dance for PD Wednesdays @ 9am MT Virtual Events Resources for Care Partners APDA Resources in Arizona The APDA works tirelessly every day to support and empower those in our community who are impacted by Parkinson’s disease (PD). We promote hope and optimism through innovative services, programs, education, and support, while also funding vital research. We are here to help you and your loved ones every step of the way. Contact APDA Arizona Laura Esquer, MSArizona Program DirectorPhone: 928-200-1192 P.O. Box 5447 Yuma, AZ 85366Email: lesquer@apdaparkinson.orgMayra GomezArizona Manager, Programs and Community EngagementPhone: 928-750-6281Email: mgomez@apdaparkinson.org Find Resources & Support Groups We provide local resources and support to the Parkinson’s community. Find a support group, join an art or movement class, get physical or occupational therapy, or take part in clinical trials. Discover all the resources that may be available to you brought to you by your local team at APDA.","Arizona, United States","Arizona, United States",United States,"Welcome to the APDA Arizona Resource Page | APDA Resources in Arizona | Contact APDA Arizona | Find Resources & Support Groups | Free Online Movement Classes: | Parkinson’s POP-UP Event: | Move Well, Live Well | Parkinson’s Today and Tomorrow | Connecting Through Art | Care Partners Group",,hybrid,true,official_directory_import,0,0,https://www.apdaparkinson.org/community/arizona/,lesquer@apdaparkinson.org,800-223-2732,APDA Arizona,support-groups,American Parkinson Disease Association,"Arizona, United States",,Arizona,,https://www.apdaparkinson.org/community/arizona/,2026-03-28T05:36:55.013Z
apda-community,APDA Community,www.apdaparkinson.org/community/california/,california-information-and-referral-center-at-pacific-movement-disorders-center-state-resource-page,Information & Referral Center at Pacific Movement Disorders Center,Referral Center,Imported from APDA California community resources.,"Welcome to the APDA California Resource Page Stay Connected with Virtual Events Download the Symptom Tracker App APDA Resources in California The APDA works tirelessly every day to support and empower those in our community who are impacted by Parkinson’s disease (PD). We promote hope and optimism through innovative services, programs, education, and support, while also funding vital research. We are here to help you and your loved ones every step of the way.","California, United States","California, United States",United States,Welcome to the APDA California Resource Page | Stay Connected with Virtual Events | Download the Symptom Tracker App | APDA Resources in California | Services we provide: | APDA Care Partner Connection | Information & Referral Center at Pacific Movement Disorders Center | Chapter Menu | Contact | Information & Referral Center at Stanford University,,virtual,true,official_directory_import,0,0,https://www.apdaparkinson.org/community/california/,sheila.moore2@providence.org,310-582-7641,APDA California,state-resource-page,American Parkinson Disease Association,"California, United States",,California,,https://www.apdaparkinson.org/community/california/,2026-03-28T05:36:55.013Z
apda-community,APDA Community,www.apdaparkinson.org/community/connecticut/,connecticut-find-resources-and-support-groups-support-groups,Find Resources & Support Groups,Referral Center,Click Here to Register & Donate Register Today! APDA Connecticut Resources & Support,"Welcome to the APDA Connecticut Chapter Click Here to Register & Donate Register Today! APDA Connecticut Resources & Support About the APDA Connecticut Chapter The APDA Connecticut Chapter works tirelessly every day to support and empower those in our community who are impacted by Parkinson’s disease (PD). We promote hope and optimism through innovative services, programs, education, and support, while also funding vital research. We are here to help you and your loved ones every step of the way. Services we provide: Resources, Support Groups Exercise classes and More Upcoming Programs and Events Parkinson’s Educational programs Newly Diagnosed Resources APDA CT Community Grant Program Clinical Trials happening locally APDA Signature Program- Care Partner Support APDA Signature Program- PRESS APDA Signature program- PRESS ON APDA Signature program- Connecting through Art Chapter Menu About APDA ConnecticutContact UsConnecticut Chapter Staff and Board of Directors Contact Us Connecticut Chapter Staff and Board of Directors Give to APDA Connecticut ChapterDonateBecome a SponsorBecome a Volunteer!Donate Monthly Donate Become a Sponsor Become a Volunteer! Donate Monthly Resources & SupportSupport GroupsExercise Classes in ConnecticutAt-Home ActivitiesDANCE FOR PD®Clinical Studies in ConnecticutAdd me to the APDA Connecticut Chapter Mailing ListPRESS ONCare Partner Support Programs & ResourcesCommunity Grant Program Support Groups Exercise Classes in Connecticut At-Home Activities DANCE FOR PD® Clinical Studies in Connecticut Add me to the APDA Connecticut Chapter Mailing List PRESS ON Care Partner Support Programs & Resources Community Grant Program Upcoming Events & ProgramsConnecticut Past Programs and Events Connecticut Past Programs and Events Parkinson’s Education Programs","Connecticut, United States","Connecticut, United States",United States,Welcome to the APDA Connecticut Chapter | About the APDA Connecticut Chapter | Services we provide: | Chapter Menu | Find Resources & Support Groups | Volunteers Needed | Stay Connected | Contact Information | APDA Connecticut Chapter Mailing Address | Help Our Community,,in-person,true,official_directory_import,0,0,https://www.apdaparkinson.org/community/connecticut/,kcassesse@apdaparkinson.org,860-874-0465,APDA Connecticut,support-groups,American Parkinson Disease Association,"Connecticut, United States",,Connecticut,,https://www.apdaparkinson.org/community/connecticut/,2026-03-28T05:36:55.014Z
apda-community,APDA Community,www.apdaparkinson.org/community/florida/,florida-apda-information-and-referral-center-university-of-miami-events,"APDA Information & Referral Center, University of Miami",Referral Center,Register Newly Diagnosed? Explore Resources & Support Support Groups,"Welcome to the APDA Florida Chapter Register Newly Diagnosed? Explore Resources & Support Support Groups About the APDA Florida Chapter The APDA Florida Chapter works tirelessly every day to support and empower those in our community who are impacted by Parkinson’s disease (PD). We promote hope and optimism through innovative services, programs, education, and support, while also funding vital research. We are here to help you and your loved ones every step of the way. Services we provide: Educational programs and resources Support groups Exercise and wellness information Information and referrals and much more Don’t miss out on our Upcoming Events! STAY CONNECTED","Florida, United States","Florida, United States",United States,"Welcome to the APDA Florida Chapter | About the APDA Florida Chapter | Don’t miss out on our Upcoming Events! | STAY CONNECTED | Join our email list to stay up to date on news, events, and resources near you. | Chapter Menu | Volunteer TODAY! | Attend a Virtual Program or Event | APDA Florida Contact Information | APDA Information & Referral Center, University of Miami",,virtual,true,official_directory_import,0,0,https://www.apdaparkinson.org/community/florida/,tlarsen@apdaparkinson.org,,APDA Florida,events,American Parkinson Disease Association,"Florida, United States",,Florida,,https://www.apdaparkinson.org/community/florida/,2026-03-28T05:36:55.014Z
apda-community,APDA Community,www.apdaparkinson.org/community/georgia/,georgia-apda-information-and-referral-center-at-morehouse-school-of-medicine-grady-hospital-support-groups,APDA Information & Referral Center at Morehouse School of Medicine/Grady Hospital,Referral Center,Walk With Us! Navigating Parkinson’s Newly Diagnosed,"Welcome to the APDA Georgia Chapter Walk With Us! Navigating Parkinson’s Newly Diagnosed About the APDA Georgia Chapter The APDA Georgia Chapter works tirelessly every day to support and empower those in our community who are impacted by Parkinson’s disease (PD). We promote hope and optimism through innovative services, programs, education, and support, while also funding vital research. We are here to help you and your loved ones every step of the way. Services we provide: Educational programs and resources Support groups Exercise and wellness classes Information and referrals and much more Find Resources & Support Groups We provide local resources and support to the Parkinson’s community. Find a support group, join an art or movement class, get physical or occupational therapy, or take part in clinical trials. Discover all the resources that may be available to you brought to you by your local team at APDA.","Georgia, United States","Georgia, United States",United States,"Welcome to the APDA Georgia Chapter | About the APDA Georgia Chapter | Services we provide: | Find Resources & Support Groups | STAY CONNECTED | Join our email list to stay up to date on news, events, and resources near you. | Chapter Menu | APDA Georgia Contact Information | APDA Information & Referral Center at Morehouse School of Medicine/Grady Hospital | Help Our Community",,in-person,true,official_directory_import,0,0,https://www.apdaparkinson.org/community/georgia/,ajohnston@apdaparkinson.org,,APDA Georgia,support-groups,American Parkinson Disease Association,"Georgia, United States",,Georgia,,https://www.apdaparkinson.org/community/georgia/,2026-03-28T05:36:55.014Z
apda-community,APDA Community,www.apdaparkinson.org/community/illinois/,illinois-information-and-referral-center-referral-center-page,Information & Referral Center,Referral Center,Imported from APDA Illinois community resources.,"Welcome to the APDA Illinois Chapter Join us for Connecting Through Art! ChicagolandOptimism Walk Saturday, June 20th – Sign Up Today!","Illinois, United States","Illinois, United States",United States,"Welcome to the APDA Illinois Chapter | Join us for Connecting Through Art! | ChicagolandOptimism Walk | Saturday, June 20th – Sign Up Today! | APDA Strictly Social Monthly Meet UpSign Up Today! | About the APDA Illinois Chapter | Services we provide: | Contact Information | Information & Referral Center | Help Our Community",,in-person,true,official_directory_import,0,0,https://www.apdaparkinson.org/community/illinois/,nicole.reidy@uchospitals.edu,(773) 834-1688,APDA Illinois,referral-center-page,American Parkinson Disease Association,"Illinois, United States",,Illinois,,https://www.apdaparkinson.org/community/illinois/,2026-03-28T05:36:55.014Z
apda-community,APDA Community,www.apdaparkinson.org/community/iowa/,iowa-starting-soon-press-8-week-programs-for-newly-diagnosedget-more-info-resource-page,Starting Soon!PRESS 8-Week Programs for Newly DiagnosedGet More Info!,Referral Center,Imported from APDA Iowa community resources.,"Welcome to the APDA Iowa Chapter Living Well with PDWaterloo, IAJoin us April 9th! Wednesday May 20thSign Up Today! Starting Soon!PRESS 8-Week Programs for Newly DiagnosedGet More Info!","Iowa, United States","Iowa, United States",United States,"Welcome to the APDA Iowa Chapter | Living Well with PDWaterloo, IAJoin us April 9th! | Wednesday May 20thSign Up Today! | Starting Soon!PRESS 8-Week Programs for Newly DiagnosedGet More Info! | About the APDA Iowa Chapter | Our 2025 Impact Report highlights the meaningful progress made through education, and support over the past year. See how your involvement helped make a difference for people living with Parkinson’s disease. Click here to view the 2025 Impact Report | Services we provide: | Iowa Chapter | Help our community | Chapter Menu",,in-person,true,official_directory_import,0,0,https://www.apdaparkinson.org/community/iowa/,,,APDA Iowa,resource-page,American Parkinson Disease Association,"Iowa, United States",,Iowa,,https://www.apdaparkinson.org/community/iowa/,2026-03-28T05:36:55.014Z
apda-community,APDA Community,www.apdaparkinson.org/community/maryland/,maryland-upcoming-apda-virtual-events-support-groups,Upcoming APDA Virtual Events,Referral Center,Imported from APDA Maryland community resources.,"Welcome to the APDA Maryland Resource Page Upcoming APDA Virtual Events Resources for Care Partners APDA Resources in Maryland The APDA works tirelessly every day to support and empower those in our community who are impacted by Parkinson’s disease (PD). We promote hope and optimism through innovative services, programs, education, and support, while also funding vital research. We are here to help you and your loved ones every step of the way.","Maryland, United States","Maryland, United States",United States,Welcome to the APDA Maryland Resource Page | Upcoming APDA Virtual Events | Resources for Care Partners | APDA Resources in Maryland | Services we provide: | Find Resources & Support Groups | Help Our Community | Contact Information | Information and Referral | Parkinson's Care,,hybrid,true,official_directory_import,0,0,https://www.apdaparkinson.org/community/maryland/,apda@apdaparkinson.org,1-800-223-2732,APDA Maryland,support-groups,American Parkinson Disease Association,"Maryland, United States",,Maryland,,https://www.apdaparkinson.org/community/maryland/,2026-03-28T05:36:55.014Z
apda-community,APDA Community,www.apdaparkinson.org/community/massachusetts/,massachusetts-apda-information-and-referral-center-at-boston-university-medical-campus-bumc-support-groups,APDA Information & Referral Center at Boston University Medical Campus (BUMC),Referral Center,Register now for the 40th Annual Massachusetts Optimism Walk for Parkinson’s!,"Welcome to the APDA Massachusetts Chapter Register now for the 40th Annual Massachusetts Optimism Walk for Parkinson’s! Click Here to Find a Support Group Click Here to Make a Donation About the APDA Massachusetts Chapter The APDA Massachusetts Chapter works tirelessly every day to support and empower those in our community who are impacted by Parkinson’s disease (PD). We promote hope and optimism through innovative services, programs, education, and support, while also funding vital research. We are here to help you and your loved ones every step of the way.","Massachusetts, United States","Massachusetts, United States",United States,Welcome to the APDA Massachusetts Chapter | Click Here to Find a Support Group | Click Here to Make a Donation | About the APDA Massachusetts Chapter | Services we provide: | Building Community | Find Resources & Support Groups | APDA Massachusetts Contact Information | APDA Information & Referral Center at Boston University Medical Campus (BUMC) | APDA Massachusetts ChapterMailing Address,,in-person,true,official_directory_import,0,0,https://www.apdaparkinson.org/community/massachusetts/,apdama@apdaparkinson.org,,APDA Massachusetts,support-groups,American Parkinson Disease Association,"Massachusetts, United States",,Massachusetts,,https://www.apdaparkinson.org/community/massachusetts/,2026-03-28T05:36:55.014Z
apda-community,APDA Community,www.apdaparkinson.org/community/minnesota/,minnesota-find-resources-and-support-groups-support-groups,Find Resources & Support Groups,Referral Center,Imported from APDA Minnesota community resources.,"Welcome to the APDA Minnesota Chapter Register Today! Newly Diagnosed Resources Find a Group Here About the APDA Minnesota Chapter The APDA Minnesota Chapter works tirelessly every day to support and empower those in our community who are impacted by Parkinson’s disease (PD). We promote hope and optimism through innovative services, programs, education, and support, while also funding vital research. We are here to help you and your loved ones every step of the way. Services we provide: Educational programs and resources Support groups Community grants Exercise and wellness classes Information and referrals and much more","Minnesota, United States","Minnesota, United States",United States,"Welcome to the APDA Minnesota Chapter | Register Today! | About the APDA Minnesota Chapter | Services we provide: | Contact Information | Find Resources & Support Groups | Missed any of the APDA Minnesota Past programs? | Help Our Community | STAY CONNECTED | Join our email list to stay up to date on news, events, and resources near you.",,virtual,true,official_directory_import,0,0,https://www.apdaparkinson.org/community/minnesota/,atolefree@apdaparkinson.org,,APDA Minnesota,support-groups,American Parkinson Disease Association,"Minnesota, United States",,Minnesota,,https://www.apdaparkinson.org/community/minnesota/,2026-03-28T05:36:55.015Z
apda-community,APDA Community,www.apdaparkinson.org/community/missouri/,missouri-2026-apda-missouri-golf-classicview-event-details-resource-page,2026 APDA Missouri Golf ClassicView Event Details,Referral Center,Imported from APDA Missouri community resources.,"American Parkinson Disease Association Missouri Chapter APDA Midwest Parkinson’s ConferenceMonday, April 27thGet Details & Learn More Today! 2026 APDA Missouri Golf ClassicView Event Details Newly Diagnosed Resources","Missouri, United States","Missouri, United States",United States,"American Parkinson Disease Association Missouri Chapter | APDA Midwest Parkinson’s ConferenceMonday, April 27thGet Details & Learn More Today! | 2026 APDA Missouri Golf ClassicView Event Details | Newly Diagnosed Resources | About the American Parkinson's Disease Association Missouri Chapter | Our 2025 Impact Report highlights the meaningful progress made through education, and support over the past year. See how your involvement helped make a difference for people living with Parkinson’s disease. Click here to view the 2025 Impact Report | Services we provide: | Contact Information | APDA Center for Advanced Research atWashington University School of Medicine | Washington University School of Medicine",,in-person,true,official_directory_import,0,0,https://www.apdaparkinson.org/community/missouri/,apdamo@apdaparkinson.org,636-778-3377,APDA Missouri,resource-page,American Parkinson Disease Association,"Missouri, United States",,Missouri,,https://www.apdaparkinson.org/community/missouri/,2026-03-28T05:36:55.015Z
apda-community,APDA Community,www.apdaparkinson.org/community/new-jersey/,new-jersey-apda-information-and-referral-center-state-resource-page,APDA Information & Referral Center,Referral Center,Imported from APDA New Jersey community resources.,Welcome to the APDA New Jersey Resource Page Educational Webinars Exercise Classes on YouTube At-Home Activities,"New Jersey, United States","New Jersey, United States",United States,"Welcome to the APDA New Jersey Resource Page | Educational Webinars | Exercise Classes on YouTube | At-Home Activities | APDA Resources in New Jersey | Services we provide: | APDA Information & Referral Center | APDA Center for Advanced Parkinson Disease Research | at Rutgers-Robert Wood Johnson Medical School | Dr. Maral Mouradian, Medical Director",,in-person,true,official_directory_import,0,0,https://www.apdaparkinson.org/community/new-jersey/,apda@rwjms.rutgers.edu,,APDA New Jersey,state-resource-page,American Parkinson Disease Association,"New Jersey, United States",,New Jersey,,https://www.apdaparkinson.org/community/new-jersey/,2026-03-28T05:36:55.015Z
apda-community,APDA Community,www.apdaparkinson.org/community/new-york/,new-york-information-and-referral-centers-state-resource-page,Information & Referral Centers,Referral Center,"Long Island Optimism Walk! Saturday, October 31 APDA Symptom Tracker AppDownload it today! Resource Library","Welcome to the APDA New York Resource Page Long Island Optimism Walk! Saturday, October 31 APDA Symptom Tracker AppDownload it today! Resource Library APDA Resources in New York About APDA New York The APDA New York Information & Referral Centers work tirelessly every day to support and empower those in our community who are impacted by Parkinson’s disease (PD). We promote hope and optimism through innovative services, programs, education, and support, while also funding vital research. We are here to help you and your loved ones every step of the way. PRESS PRESS™ is a FREE eight-weekeducation and support program forthose diagnosed with Parkinson’sdisease (PD) in the last five yearsand their care partners. PD-focused session topics include:– What’s Next After Diagnosis– Medication Management– Importance of Exercise– Dealing with Physical Symptoms– Impact on Daily Coping and Relationships– Tips for Daily Living– Caring for Others, Caring for Yourself– Building Your Healthcare Team","New York, United States","New York, United States",United States,Welcome to the APDA New York Resource Page | APDA Resources in New York | About APDA New York | PRESS | Virtual PRESS | In-Person PRESS | Living Well with Parkinson’s: | Encuentro Comunitario paraPersonas con Parkinson y sus Familias | Help Our Community | Chapter Menu,,hybrid,true,official_directory_import,0,0,https://www.apdaparkinson.org/community/new-york/,vvicente@apdaparkinson.org,800-223-2732,APDA New York,state-resource-page,American Parkinson Disease Association,"New York, United States",,New York,,https://www.apdaparkinson.org/community/new-york/,2026-03-28T05:36:55.015Z
apda-community,APDA Community,www.apdaparkinson.org/community/oklahoma/,oklahoma-find-resources-and-support-groups-support-groups,Find Resources & Support Groups,Referral Center,Register Today May 28 @ 2pm ET Virtual Events Resource Library,"Welcome to the APDA Oklahoma Resource Page Register Today May 28 @ 2pm ET Virtual Events Resource Library APDA Resources in Oklahoma APDA works tirelessly every day to support and empower those in our community who are impacted by Parkinson’s disease (PD). We promote hope and optimism through innovative services, programs, education, and support, while also funding vital research. We are here to help you and your loved ones every step of the way. Services we provide: Educational programs and resources Support groups Exercise and wellness classes Information and referrals and much more Chapter Menu About APDA Oklahoma Ways to GiveDonate Donate Resources & SupportSupport GroupsAt-Home Activities Support Groups At-Home Activities Optimism Walk","Oklahoma, United States","Oklahoma, United States",United States,Welcome to the APDA Oklahoma Resource Page | APDA Resources in Oklahoma | Services we provide: | Chapter Menu | Find Resources & Support Groups | Help Our Community | Information and Referral | Parkinson's Care,,virtual,true,official_directory_import,0,0,https://www.apdaparkinson.org/community/oklahoma/,,,APDA Oklahoma,support-groups,American Parkinson Disease Association,"Oklahoma, United States",,Oklahoma,,https://www.apdaparkinson.org/community/oklahoma/,2026-03-28T05:36:55.015Z
apda-community,APDA Community,www.apdaparkinson.org/community/pennsylvania/,pennsylvania-find-resources-and-support-groups-support-groups,Find Resources & Support Groups,Referral Center,"Register Today Monday, April 7th – Hearsey, PA Virtual Events Resource Library","Welcome to the APDA Pennsylvania Resource Page Register Today Monday, April 7th – Hearsey, PA Virtual Events Resource Library APDA Resources in Pennsylvania Find Resources & Support Groups We provide local resources and support to the Parkinson’s community. Find a support group, join an art or movement class, get physical or occupational therapy, or take part in clinical trials. Discover all the resources that may be available to you brought to you by your local team at APDA. Center for Advanced Research The Pennsylvania American Parkinson Disease Association Information and Referral Center is located in Hershey, PA and funds the APDA Center for Advanced Parkinson Disease Research at University of Pittsburgh Medical Center.","Pennsylvania, United States","Pennsylvania, United States",United States,Welcome to the APDA Pennsylvania Resource Page | APDA Resources in Pennsylvania | Find Resources & Support Groups | Center for Advanced Research | University of Pittsburgh Medical Center | APDA funding supports: | Help Our Community | Chapter Menu | Contact | Services we provide:,,virtual,true,official_directory_import,0,0,https://www.apdaparkinson.org/community/pennsylvania/,apda@apdaparkinson.org,800-223-2732,APDA Pennsylvania,support-groups,American Parkinson Disease Association,"Pennsylvania, United States",,Pennsylvania,,https://www.apdaparkinson.org/community/pennsylvania/,2026-03-28T05:36:55.015Z
apda-community,APDA Community,www.apdaparkinson.org/community/rhode-island/,rhode-island-information-and-referral-center-referral-center-page,Information & Referral Center,Referral Center,"Register, Sponsor, or Donate Make an Impact with APDA Rhode Island Local Rhode Island Programs and Resources","Welcome to the Rhode Island APDA Chapter Register, Sponsor, or Donate Make an Impact with APDA Rhode Island Local Rhode Island Programs and Resources About the APDA Rhode Island Chapter The APDA Rhode Island Chapter works tirelessly every day to support and empower those in our community who are impacted by Parkinson’s disease (PD). We promote hope and optimism through innovative services, programs, education, and support, while also funding vital research. We are here to help you and your loved ones every step of the way. Services we provide: Local support groups Exercise and wellness classes Local programs and community events Educational materials and resources Support for newly diagnosed individuals Virtual events Information and referrals and much more The APDA Rhode Island Chapter also provides funding to support health and wellness initiatives across the state. Visit our Resources & Support page to learn more. Information & Referral Center If you need assistance finding a support group, exercise or wellness class, or to get physical or occupational therapy recommendations, or need other local resource referrals of this type, please contact our Information and Referral Center:","Rhode Island, United States","Rhode Island, United States",United States,Welcome to the Rhode Island APDA Chapter | About the APDA Rhode Island Chapter | Services we provide: | Information & Referral Center | Butler Hospital | Help Our Community | Chapter Menu | Information and Referral | Parkinson's Care,,virtual,true,official_directory_import,0,0,https://www.apdaparkinson.org/community/rhode-island/,laoliveira@butler.org,,APDA Rhode Island,referral-center-page,American Parkinson Disease Association,"Rhode Island, United States",,Rhode Island,,https://www.apdaparkinson.org/community/rhode-island/,2026-03-28T05:36:55.015Z
apda-community,APDA Community,www.apdaparkinson.org/community/texas/,texas-we-have-the-resources-support-and-information-you-need-no-matter-where-you-live-resource-page,"We have the resources, support, and information you need – no matter where you live.",Exercise Program,Imported from APDA Texas community resources.,"We have the resources, support, and information you need – no matter where you live. Although we do not have an APDA location in your state, we can help and support you in so many ways. So if you or a loved one has Parkinson’s disease (PD), rest assured that the American Parkinson Disease Association is here to help. We have helpful information that explains the disease itself, the symptoms, treatments, and more. We’ll even send a full packet of educational information to your home. Our Resource Library is a great place to get started. You can also sign-up to receive emails from APDA so you get the latest news, information, and invitations to great programs delivered right to your inbox. We can help you build (and be a part of) your PD community. We have webinars with PD experts, virtual fitness and movement classes, online education conferences, and much more. So many ways to learn and connect – no matter where you live. Just check our Virtual Events Calendar to see the upcoming programs. You can call our helpline at 800-223-2732, or drop us a line by emailing apda@apdaparkinson.org and we’ll do everything we can to make sure you get the support you need. (Assistance is available in English, Spanish, and Mandarin.) We encourage you to follow APDA on social media – it’s a great way to get the latest news and also connect with others who are passionate about PD. You can find us on Facebook, Instagram, LinkedIn, YouTube, and X. Always remember – APDA is here for you. More Parkinson’s Resources from APDA Virtual Events Calendar Explore free programs to join from wherever you are!","Texas, United States","Texas, United States",United States,"We have the resources, support, and information you need – no matter where you live. | Although we do not have an APDA location in your state, we can help and support you in so many ways. So if you or a loved one has Parkinson’s disease (PD), rest assured that the American Parkinson Disease Association is here to help. | More Parkinson’s Resources from APDA | Virtual Events Calendar | Smart Patients | APDA Symptom Tracker | Have a question about PD? | Exercise | Wellness | Parkinson's Care",English | Spanish,virtual,true,official_directory_import,0,0,https://www.apdaparkinson.org/national-resources-support/,apda@apdaparkinson.org,800-223-2732,APDA Texas,resource-page,American Parkinson Disease Association,"Texas, United States",,Texas,,https://www.apdaparkinson.org/community/texas/,2026-03-28T05:36:55.016Z
apda-community,APDA Community,www.apdaparkinson.org/community/vermont/,vermont-apda-vermont-state-resource-page,APDA Vermont,Referral Center,Imported from APDA Vermont community resources.,"Welcome to the APDA Vermont Resource Page Vermont Patient Aid Scholarships At-Home Activities APDA Resources in Vermont APDA works tirelessly every day to support and empower those in our community who are impacted by Parkinson’s disease (PD). We promote hope and optimism through innovative services, programs, education, and support, while also funding vital research. We are here to help you and your loved ones every step of the way.","Vermont, United States","Vermont, United States",United States,Welcome to the APDA Vermont Resource Page | Vermont Patient Aid Scholarships | At-Home Activities | APDA Resources in Vermont | Services we provide: | Help Our Community | Chapter Menu | Information and Referral | Parkinson's Care,,in-person,true,official_directory_import,0,0,https://www.apdaparkinson.org/community/vermont/,,,APDA Vermont,state-resource-page,American Parkinson Disease Association,"Vermont, United States",,Vermont,,https://www.apdaparkinson.org/community/vermont/,2026-03-28T05:36:55.016Z
apda-community,APDA Community,www.apdaparkinson.org/community/virginia/,virginia-support-groups-support-groups,Support Groups,Referral Center,Newly Diagnosed Resources and Support,"Welcome to the APDA Virginia Chapter Newly Diagnosed Resources and Support Support Groups About Us: The APDA Virginia Chapter works tirelessly to support and empower those in our community impacted by Parkinson’s disease (PD). We promote hope and optimism through innovative services, programs, education, and support, while also funding vital research. We are here to help you and your loved ones every step of your journey. Services we provide: Professional Parkinson’s Certifications/Trainings Educational Program / Webinar Recordings Support Groups Exercise and Wellness Classes Individual Educational Information and Referrals and much more!","Virginia, United States","Virginia, United States",United States,Welcome to the APDA Virginia Chapter | Support Groups | About Us: | Services we provide: | Building Community | Virginia Programs: | Good Start – Newly Diagnosed Rundown | PRESS – A Program for the Newly Diagnosed | Connecting Through Art | Help Our Community,,virtual,true,official_directory_import,0,0,https://www.apdaparkinson.org/community/virginia/,apdavirginia@apdaparkinson.org,757-495-3062,APDA Virginia,support-groups,American Parkinson Disease Association,"Virginia, United States",,Virginia,,https://www.apdaparkinson.org/community/virginia/,2026-03-28T05:36:55.016Z
apda-community,APDA Community,www.apdaparkinson.org/community/wisconsin/,wisconsin-support-groups-support-groups,Support Groups,Referral Center,Imported from APDA Wisconsin community resources.,Welcome to the APDA Wisconsin Chapter Coming Soon! Support Groups Exercise & Wellness,"Wisconsin, United States","Wisconsin, United States",United States,Welcome to the APDA Wisconsin Chapter | Coming Soon! | Support Groups | Exercise & Wellness | About the APDA Wisconsin Chapter | Services we provide: | Contact Us | APDA Wisconsin Chapter | Help our community | STAY CONNECTED,,in-person,true,official_directory_import,0,0,https://www.apdaparkinson.org/community/wisconsin/,apdawi@apdaparkinson.org,,APDA Wisconsin,support-groups,American Parkinson Disease Association,"Wisconsin, United States",,Wisconsin,,https://www.apdaparkinson.org/community/wisconsin/,2026-03-28T05:36:55.016Z
apda-community,APDA Community,www.apdaparkinson.org/community/alabama-irc/resources-and-support/,alabama-alabama-resources-and-support-support-groups,Alabama Resources and Support,Referral Center,Imported from APDA Alabama community resources.,"Alabama Resources and Support HELPLINES For questions and information specific to Alabama Parkinson’s Resources, please call 1.205.934.9100 or email apdaal@uabmc.edu. Your call or email will be returned within 24-48 business hours. For general information about Parkinson’s, you can also contact the national APDA helpline at 1.800.223.2732 or by emailing apda@apdaparkinson.org. Assistance is available in English and Spanish. APDA ONLINE RESOURCES The APDA hosts a national APDA Resource Library. The APDA offers webinars with PD experts, online education conferences and more. Check out the Virtual Events Calendar to see upcoming free programs to join from wherever you are. Programs are available in English and Spanish and include educational programs as well as online health and wellness classes. SUPPORT GROUP PROGRAMMING APDA supports all Alabama Parkinson’s Support Groups and has programming topics and expert presenters available to present at Support Group meetings. To request a member of APDA to come and speak at your support group or to be included in future Parkinson’s support group facilitator calls, please contact APDA Program Coordinators, Laura Lieb or Brooklyn White at apdaal@uabmc.edu.","Alabama, United States","Alabama, United States",United States,Alabama Resources and Support | HELPLINES | APDA ONLINE RESOURCES | SUPPORT GROUP PROGRAMMING | RESOURCE AND REFERRAL NETWORK | MOVEMENT DISORDER SPECIALISTS | SMART PATIENTS | THERAPEUTIC NETWORK AND REFERRALS | SUPPORT GROUPS | ONLINE COMMUNITIES,English | Spanish,hybrid,true,official_directory_import,0,0,https://www.apdaparkinson.org/community/alabama-irc/resources-and-support/,apdaal@uabmc.edu,,APDA Alabama,support-groups,American Parkinson Disease Association,"Alabama, United States",,Alabama,,https://www.apdaparkinson.org/community/alabama-irc/resources-and-support/,2026-03-28T05:36:55.016Z
apda-community,APDA Community,www.apdaparkinson.org/community/alabama-irc/upcoming-programs/,alabama-apda-press-program-resource-page,APDA PRESS Program,Support Group,"Members of the Alabama APDA team are available to provide educational content and support throughout Alabama for people with Parkinson’s and their families. We host APDA signature programs, including Good Start, PRESS and Connecting through Art.","Educational Programs Members of the Alabama APDA team are available to provide educational content and support throughout Alabama for people with Parkinson’s and their families. We host APDA signature programs, including Good Start, PRESS and Connecting through Art. APDA Good Start Program APDA Good Start Program Hosted by Parkinson’s disease specialists throughout the state of Alabama, The Good Start Program is designed for new and recently diagnosed Parkinson’s patients to learn more about their Parkinson’s diagnosis, treatment, management, and available community resources. There is no cost to attendees for this program, which is open to individuals diagnosed with Parkinson’s and a care partner or family member. Each program is tailored to the host community. Topics include: What is Parkinson’s Disease? (Diagnosis, Symptoms, and Treatment Strategies) Medication Management The Role of Rehabilitation and Exercise Building Your Care Teams (Physical, Occupational, Speech, Nutrition, Nursing / Social Services) Local Community Resources Multiple programs are hosted — both in person classes and virtually over zoom. Until a program is available in your area, we encourage you to view APDA’s Parkinson’s Disease: The Essentials presentation, which is a concise, yet very informative overview of Parkinson’s disease (PD) that explains the basics of PD, symptoms, treatments, and more. It is particularly well suited for people who have been newly diagnosed, or if you know or care for someone with PD and want to learn more. Go to: https://www.apdaparkinson.org/videos/138935/ APDA Good Start Program – 2026 Dates Virtual Sessions – ZOOMVirtual Good Start Classes are hosted in two-parts, over zoom. To register, contact program coordinator, Brooklyn White at bawhite@uabmc.edu. Spring Session: Monday, March 23rd and Tuesday, March 24th – 6:30 – 8pmFall Session: Monday, October 19th and Tuesday, October 20th – 6:30 – 8pm Live Classes: We will be hosting three live classes in Alabama in 2026. Anniston Area: Friday, May 15th, 1-5pm (Regional Medical Center – Tyler Center)Greater Birmingham / Shelby County Area: Friday, September 18th, 1-5pm (Pelham Public Library)Madison Area: Friday, November 13th, 1-5pm (Madison Senior Center) Register for this event by clicking below: Download Flyer to Promote To be put on a wait list for an upcoming Good Start programs until registration opens, please email Brooklyn White at bawhite@uabmc.edu. APDA PRESS Program The PRESS® Program (Parkinson’s Roadmap for Education and Support Services) is designed for those diagnosed with Parkinson’s and their care partners. The goal is to help you feel empowered, in control and optimistic. Each session will include a quick guest presentation from a relevant expert followed by a time to ask questions and share amongst the group in a virtual support group format. Weekly topics include: What’s Next After Diagnosis Medication Management of Parkinson’s The Importance of Exercise Dealing with Physical Symptoms of PD Impact of Parkinson’s on Daily Living – Coping and Relationships Tips for Daily Living Caring for Others, Caring for Yourself Building Your Healthcare Team Each group is limited to 16 individuals diagnosed with Parkinson’s and one care partner. If you are interested in being put on a wait list for an upcoming program, please email APDA Program Coordinator, Brooklyn White at apdaal@uabmc.edu.","Alabama, United States","Alabama, United States",United States,Educational Programs | APDA Good Start Program | APDA Good Start Program – 2026 Dates | APDA PRESS Program | APDA PRESS ON Program | APDA Care Partner Connection Program | APDA Connecting Through Art | APDA Virtual Programs | Support Group | Parkinson's Care,,hybrid,true,official_directory_import,0,0,https://www.apdaparkinson.org/community/alabama-irc/upcoming-programs/,bawhite@uabmc.edu,,APDA Alabama,resource-page,American Parkinson Disease Association,"Alabama, United States",,Alabama,,https://www.apdaparkinson.org/community/alabama-irc/upcoming-programs/,2026-03-28T05:36:55.017Z
apda-community,APDA Community,www.apdaparkinson.org/community/arizona/resources-support-az/,arizona-arizona-support-groups-support-groups,Arizona Support Groups,Support Group,"Whether you are coping with Parkinson’s Disease, have just recently been diagnosed with PD and/or are caring for someone with PD, support, answers, and resources are available through our approved Parkinson’s Disease Support Groups.","Arizona Support Groups Whether you are coping with Parkinson’s Disease, have just recently been diagnosed with PD and/or are caring for someone with PD, support, answers, and resources are available through our approved Parkinson’s Disease Support Groups. APDA Financial Hardship Fund The APDA Arizona Chapter has a limited amount of funds available to assist people with Parkinson’s disease (PWP) who are experiencing financial hardship. This fund is intended to help improve PWP’s quality of life. To be considered for an award, the applicant must have a diagnosis of PD/Parkinsonism; be experiencing financial difficulties; understand that this award is not intended as an ongoing support fund; complete a post-experience survey; reside in the community, not in a rehabilitation center, long-term care, or skilled nursing facility; and understand that the payment may take at least 30 days to process after the application is approved. (A detailed list of the eligibility guidelines is on the application.) Awards are made on a first-come basis and are subject to the approval of an application and the availability of funds. The fund is subject to change or discontinuation with limited notice. If you have any questions or need assistance exploring additional community resources, contact the APDA Arizona Chapter at 928-200-1192 or apdaaz@apdaparkinson.org for more information.","Arizona, United States","Arizona, United States",United States,Arizona Support Groups | APDA Financial Hardship Fund | Support Group | Parkinson's Care,,in-person,true,official_directory_import,0,0,https://www.apdaparkinson.org/community/arizona/resources-support-az/,apdaaz@apdaparkinson.org,928-200-1192,APDA Arizona,support-groups,American Parkinson Disease Association,"Arizona, United States",,Arizona,,https://www.apdaparkinson.org/community/arizona/resources-support-az/,2026-03-28T05:36:55.017Z
apda-community,APDA Community,www.apdaparkinson.org/community/arizona/resources-support-az/arizona-support-groups/,arizona-fountain-hill-caregivers-support-group-85234,Fountain Hill Caregivers Support Group,Support Group,"Whether you are coping with Parkinson’s disease, have just recently been diagnosed with PD and/or are caring for someone with PD, support, answers, and resources are available through our approved Parkinson’s Disease Support Groups. Information may be subject to change. Alpha-listing by City below:","Overview Whether you are coping with Parkinson’s disease, have just recently been diagnosed with PD and/or are caring for someone with PD, support, answers, and resources are available through our approved Parkinson’s Disease Support Groups. Information may be subject to change. Alpha-listing by City below: FLAGSTAFF Flagstaff Area PD Group Flagstaff Area PD GroupMeets Second Tuesday: 11:30am – 1pmContact: Robert GarciaPeaks Senior Living Community, Flagstaff, AZ Phone: 928-526-3115 FOUNTAIN HILLS Fountain Hill Caregivers Support Group Meets the third Sunday: 11:00-12:30pmContact: Jim JudgeFountain Hills Communtiy Center -Caregivers 13001 N LaMontana Dr, Fountain Hills, AZ 85268Phone: 480-209-8755Email: papagregtif@cox.net SUSPENDED UNTIL NOVEMBER 2021 DUE TO COVID-19.","Gilbert, AZ, United States","Gilbert, AZ, United States",United States,FLAGSTAFF | FOUNTAIN HILLS | Fountain Hill Caregivers Support Group | GILBERT | ORO VALLEY | PRESCOTT | SIERRA VISTA | TUCSON – EAST Tucson | TUCSON – NORTH CENTRAL Tucson | Support Group,,virtual,true,official_directory_import,0,0,https://www.apdaparkinson.org/community/arizona/resources-support-az/arizona-support-groups/,papagregtif@cox.net,480-209-8755,APDA Arizona,support-groups,American Parkinson Disease Association,"Gilbert, AZ, United States",Gilbert,AZ,85234,https://www.apdaparkinson.org/community/arizona/resources-support-az/arizona-support-groups/,2026-03-28T05:36:55.017Z
apda-community,APDA Community,www.apdaparkinson.org/community/california/upcomign-events/,california-upcoming-events-apda-california-events,Upcoming Events | APDA California,Education Event,At this time there are no new upcoming local events but please visit APDA Virtual Events Calander for events that are available from anywhere.,Overview At this time there are no new upcoming local events but please visit APDA Virtual Events Calander for events that are available from anywhere.,"California, United States","California, United States",United States,Education | Community Event | Parkinson's Care,,virtual,true,official_directory_import,0,0,https://www.apdaparkinson.org/community/california/upcomign-events/,,,APDA California,events,American Parkinson Disease Association,"California, United States",,California,,https://www.apdaparkinson.org/community/california/upcomign-events/,2026-03-28T05:36:55.018Z
apda-community,APDA Community,www.apdaparkinson.org/community/connecticut/resources-support-ct/,connecticut-apda-connecticut-resources-and-support-support-groups,APDA Connecticut Resources & Support,Support Group,"If you are interested in learning more about support groups, have questions about resources available, or are interested in learning about APDA and the support it offers those in the PD Community. For Connecticut residents seeking information on Parkinson’s resources, support groups, and other information related to Parkinson’s Disease, please contact CT Program Director Holly Seymour at (860) 996-4276 or email hseymour@apadparkinson.org","APDA Connecticut Resources & Support If you are interested in learning more about support groups, have questions about resources available, or are interested in learning about APDA and the support it offers those in the PD Community. For Connecticut residents seeking information on Parkinson’s resources, support groups, and other information related to Parkinson’s Disease, please contact CT Program Director Holly Seymour at (860) 996-4276 or email hseymour@apadparkinson.org Exercise Groups Classes in Boxing, general exercise, dance for PD, and LSVT-related exercise. View Classes Support Groups A complete list of Connecticut chapter support groups. PRESS Program for those diagnosed within the past five years","Connecticut, United States","Connecticut, United States",United States,APDA Connecticut Resources & Support | Exercise Groups | Support Groups | PRESS Program for those diagnosed within the past five years | Information about Research and Clinical Trials | Community Grant Program | Financial Hardship Fund | Support Group | Parkinson's Care,,in-person,true,official_directory_import,0,0,https://www.apdaparkinson.org/community/connecticut/resources-support-ct/,hseymour@apdaparkinson.org,,APDA Connecticut,support-groups,American Parkinson Disease Association,"Connecticut, United States",,Connecticut,,https://www.apdaparkinson.org/community/connecticut/resources-support-ct/,2026-03-28T05:36:55.018Z
apda-community,APDA Community,www.apdaparkinson.org/community/connecticut/events-ct/,connecticut-branford-road-race-events,BRANFORD ROAD RACE!,Exercise Program,"See the Main Page under Services we Provide for our Signature Programs Registration Pages. Thank you to everyone who attended our inaugural Magic of Hope Dance Competition & Gala, together we raised over $65,000- we can’t wait to see you again in 2026 for an even more magical night celebrating the hope of the Parkinson’s community. Save the Date- Westport Optimism Walk Saturday September 19th, 2026 at Sherwood Island State Park","Overview See the Main Page under Services we Provide for our Signature Programs Registration Pages. Thank you to everyone who attended our inaugural Magic of Hope Dance Competition & Gala, together we raised over $65,000- we can’t wait to see you again in 2026 for an even more magical night celebrating the hope of the Parkinson’s community. Save the Date- Westport Optimism Walk Saturday September 19th, 2026 at Sherwood Island State Park BRANFORD ROAD RACE! Congratulation to all of the runners and walkers for the Branford Road Race. A Special Thank you to Ray Figlewski, and the donors of the race for their very generous donations to APDA Connecticut Chapter! Thank you, Kevin, Holly & Marlane Past Programs & Events Including links to view conference, symposium and webinar recordings on You Tube.","Connecticut, United States","Connecticut, United States",United States,BRANFORD ROAD RACE! | Past Programs & Events | Exercise | Wellness | Parkinson's Care,,in-person,true,official_directory_import,0,0,https://www.apdaparkinson.org/community/connecticut/events-ct/,hseymour@apdaparkinson.org,,APDA Connecticut,events,American Parkinson Disease Association,"Connecticut, United States",,Connecticut,,https://www.apdaparkinson.org/community/connecticut/events-ct/,2026-03-28T05:36:55.018Z
apda-community,APDA Community,www.apdaparkinson.org/community/connecticut/parkinsons-education-programs/,connecticut-parkinson-s-education-programs-apda-connecticut-resource-page,Parkinson's Education Programs | APDA Connecticut,Education Event,Each program will be led by an expert community professional to provide education and local resources for those impacted by Parkinson’s disease.,Overview Each program will be led by an expert community professional to provide education and local resources for those impacted by Parkinson’s disease.,"Connecticut, United States","Connecticut, United States",United States,Education | Community Event | Parkinson's Care,,in-person,true,official_directory_import,0,0,https://www.apdaparkinson.org/community/connecticut/parkinsons-education-programs/,,,APDA Connecticut,resource-page,American Parkinson Disease Association,"Connecticut, United States",,Connecticut,,https://www.apdaparkinson.org/community/connecticut/parkinsons-education-programs/,2026-03-28T05:36:55.018Z
apda-community,APDA Community,www.apdaparkinson.org/community/connecticut/resources-support-ct/care-partner-support-programs-resources/,connecticut-apda-is-here-to-help-with-resources-and-support-programs-designed-specifically-for-you-support-groups,APDA is here to help with resources and support programs designed specifically for you.,Support Group,Imported from APDA Connecticut community resources.,"When someone you love is diagnosed with Parkinson’s disease (PD), it is natural to feel a range of emotions from confusion to anger to fear. Taking care of yourself is as important as caring for your loved one with PD. APDA is here to help with resources and support programs designed specifically for you. Care Partner Support Series APDA Care Partner Connection Program is a multi-week Care Partner support series. Modeled after the APDA PRESS program for newly diagnosed, this series offers the opportunity to connect with other care partners for emotional support and sharing. The group also provides education about planning for the future and practical resources. This group was designed for care partners who are looking for a space to share their feelings and learn more about PD caregiving considerations. Classes will consist of interactive sessions; discussions and brainstorming to help you take the tools and resources you learn about and put them into action in your life. Classes will be held virtually on Zoom. PROGRAM OUTLINE: Session 1: Caregiving – Practical Questions Session 2: Preparing for the Future, Part 1 Session 3: Preparing for the Future, Part 2 Session 4: PD is a Family Disease – What Worries You? Session 5: Understanding PD from a Care Partner Point of View Session 6: Coping with a Changing Condition – The Experience of Being a Care Partner Session 7: Coping with a Changing Condition – Changing Roles Session 8: Strengths & Supports","Connecticut, United States","Connecticut, United States",United States,"When someone you love is diagnosed with Parkinson’s disease (PD), it is natural to feel a range of emotions from confusion to anger to fear. Taking care of yourself is as important as caring for your loved one with PD. | APDA is here to help with resources and support programs designed specifically for you. | Care Partner Support Series | PROGRAM OUTLINE: | FURTHER INFORMATION & PROGRAM REQUIREMENTS: | INTERESTED? | Additional Resources | APDA Literature | Care Partner Support Groups | National Caregiver Resources",,virtual,true,official_directory_import,0,0,https://www.apdaparkinson.org/community/connecticut/resources-support-ct/care-partner-support-programs-resources/,kfreeman@apdaparkinson.org,,APDA Connecticut,support-groups,American Parkinson Disease Association,"Connecticut, United States",,Connecticut,,https://www.apdaparkinson.org/community/connecticut/resources-support-ct/care-partner-support-programs-resources/,2026-03-28T05:36:55.019Z
apda-community,APDA Community,www.apdaparkinson.org/community/connecticut/resources-support-ct/press-on/,connecticut-next-session-resource-page,Next Session,Exercise Program,"Have you been living with Parkinson’s disease for five or more years and now find yourself: Struggling more with the motor and non-motor symptoms of PD? Taking more time or needing help with dressing, grooming, meal preparation, shopping, paperwork, driving, and other tasks? Experiencing changes in mood or thinking? More concerned about the future? Unable to do some things that you used to enjoy? If so, you might be a good fit for APDA’s newest series – PRESS ON This special 8-week program for people who are in the middle stages of Parkinson’s disease. PRESS ON offers the opportunity for connecting with others with Parkinson’s disease for emotional support and sharing. The group also provides education about the progression of Parkinson’s disease and planning for the future. Individuals who might be a good fit for the group are people who have been living with Parkinson’s for 5+ years and are experiencing noticeable symptoms of PD that make daily life harder. Care partners are encouraged to attend the PRESS ON sessions, although the individual with PD should be able to attend alone if necessary. Topics Covered: The Road Here Healthcare in Parkinson’s Disease Safety, Environment, Exercise Mood, Cognition, Behavior Impact of Parkinson’s on Daily Coping and Relationships Planning for the What ifs Caring for Others, Caring for Yourself Maintaining Hope in the Path Forward FURTHER INFORMATION & PROGRAM REQUIREMENTS: Must be able to commit to attending all eight weeks – these are not drop-in sessions. Care partners or family members are welcomed and encouraged to attend. Program is free of charge. Pre-registration required. Program is limited to 12 participants","Overview Have you been living with Parkinson’s disease for five or more years and now find yourself: Struggling more with the motor and non-motor symptoms of PD? Taking more time or needing help with dressing, grooming, meal preparation, shopping, paperwork, driving, and other tasks? Experiencing changes in mood or thinking? More concerned about the future? Unable to do some things that you used to enjoy? If so, you might be a good fit for APDA’s newest series – PRESS ON This special 8-week program for people who are in the middle stages of Parkinson’s disease. PRESS ON offers the opportunity for connecting with others with Parkinson’s disease for emotional support and sharing. The group also provides education about the progression of Parkinson’s disease and planning for the future. Individuals who might be a good fit for the group are people who have been living with Parkinson’s for 5+ years and are experiencing noticeable symptoms of PD that make daily life harder. Care partners are encouraged to attend the PRESS ON sessions, although the individual with PD should be able to attend alone if necessary. Topics Covered: The Road Here Healthcare in Parkinson’s Disease Safety, Environment, Exercise Mood, Cognition, Behavior Impact of Parkinson’s on Daily Coping and Relationships Planning for the What ifs Caring for Others, Caring for Yourself Maintaining Hope in the Path Forward FURTHER INFORMATION & PROGRAM REQUIREMENTS: Must be able to commit to attending all eight weeks – these are not drop-in sessions. Care partners or family members are welcomed and encouraged to attend. Program is free of charge. Pre-registration required. Program is limited to 12 participants Next Session In-Person Program – April 21, 2026, through June 9, 2026, meeting every Tuesday from 10:30 a.m. to 12:00 p.m. for eight sessions at UCONN Health Neurology, 5 Munson road. Farmington, CT Registration Link coming soon! If you are interested in being a part of this session, please fill out this form and tell us about yourself.","Connecticut, United States","Connecticut, United States",United States,Next Session | Exercise | Wellness | Parkinson's Care,,in-person,true,official_directory_import,0,0,https://www.apdaparkinson.org/community/connecticut/resources-support-ct/press-on/,,,APDA Connecticut,resource-page,American Parkinson Disease Association,"Connecticut, United States",,Connecticut,,https://www.apdaparkinson.org/community/connecticut/resources-support-ct/press-on/,2026-03-28T05:36:55.019Z
apda-community,APDA Community,www.apdaparkinson.org/community/connecticut/resources-support-ct/support-groups/,connecticut-apda-connecticut-chapter-support-groups-06385,APDA Connecticut Chapter Support Groups,Support Group,"The APDA Connecticut Chapter is committed to the ongoing development and assistance for support groups in Connecticut. If you are interested in: – Learning more about a specific group – Would like to update us about your group – Or would like to organize a new support group in your area Please contact our Programs Director, Holly Seymour at 860-996-4276- or email hseymour@apdaparkinson.org","APDA Connecticut Chapter Support Groups The APDA Connecticut Chapter is committed to the ongoing development and assistance for support groups in Connecticut. If you are interested in: – Learning more about a specific group – Would like to update us about your group – Or would like to organize a new support group in your area Please contact our Programs Director, Holly Seymour at 860-996-4276- or email hseymour@apdaparkinson.org Please contact the facilitator to register or if you have questions. Spanish language PD Support Virtual Group: Days: 1st Wednesday of each month and the 3rd Saturday of each month Time: 12:00 p.m. Eastern Time (ET) 11:00 a.m. Central Time (CT) 9:00 a.m. Pacific Time (PT) Young Onset/Young at heart Virtual Support Group Meeting When: Last Thursday of the month via Zoom. 6:00 – 7:00 p.m. (Not meeting in July)Where: Zoom, see link button below to join. Contact: Facilitated by Holly Seymour hseymour@apdaparkinson.org 860-996-4276 Virtual Peer Led Support Group When: Second Thursday of the Month at 4pm, but subject to change to accommodate guest speaker scheduleWhere: Zoom- email to get linkContact: Robert Trobe Email- Robert.Trobe@alliant.com","Waterford, CT, United States","Waterford, CT, United States",United States,APDA Connecticut Chapter Support Groups | Please contact the facilitator to register or if you have questions. | Young Onset/Young at heart Virtual Support Group Meeting | Virtual Peer Led Support Group | Avon | Bloomfield | Canaan | Danbury- | Darien | Ellington-Moving Forward with Parkinson’s,English | Spanish,virtual,true,official_directory_import,0,0,https://www.apdaparkinson.org/community/connecticut/resources-support-ct/support-groups/,hseymour@apdaparkinson.org,860-996-4276-,APDA Connecticut,support-groups,American Parkinson Disease Association,"Waterford, CT, United States",Waterford,CT,06385,https://www.apdaparkinson.org/community/connecticut/resources-support-ct/support-groups/,2026-03-28T05:36:55.019Z
apda-community,APDA Community,www.apdaparkinson.org/community/connecticut/resources-support-ct/exercise-groups/,connecticut-lsvt-related-exercise-06405,LSVT Related Exercise,Exercise Program,"If you have an addition or edit needed to a class seen on the below list, please email apdact@apdaparkinson.org","Overview If you have an addition or edit needed to a class seen on the below list, please email apdact@apdaparkinson.org Classes By Town: Brookfield Class: BIG Movement ClassDate and Time: Fridays at 10:30AM.Location: Valley Presbyterian Church, 211 West Whisconier Rd., BrookfieldContact: For more information, please call Kim Downs, OT at 203-994-6981 East Hartford Class: Beat PD TodayLocation: Main location-102 Pitkin Street, East HartfordContact: 860-918-9594 Ext. 3 Farmington Class: Beat PD TodayDescription: Functional Interval exercises and Boxing to meet all levels of ability.Please call for the class schedule.Contact: Farmington Senior Center, 321 New Britain Ave., Unionville 860-675-2491 Fairfield Class: Motivation Fitness with Coach DavidDescription: Motivation Fitness utilizing JetterBox Training and Fitness Fusion which is an originally designed training method by David Jetter. It combines a unique, effective and fun filled method of training that targets hand eye coordination, nerve stimulation, increased strength, reaction time, intricate combinations for better cognitive processing, stronger core, improves balance and agility, develops mental fortitude on top of multiple other things. Location: 1499 Post Road, Fairfield, CT 06824 Contact: Coach David 203-559-9450 motivationalfitnessct@gmail.com Class: Up ENDing Parkinson’s Rock Climbing Program at Rock Climb FairfieldDescription: Up ENDing Parkinson’s is a non-profit organization that gives people with Parkinson’s disease hope by improving their quality of life through rock climbing. Date & Time- First Thursday of the month at 10:00-11:30 a.m. Location: Rock Climb Fairfield 85 Mill Plain rd. Fairfield, CT Contact: https://rock-climb-fairfield-ct.gymdesk.com/signup Greenwich Class: YogaDate & Time: Click onto the link for the schedule.Location: YMCA of Greenwich, 50 East Putnam Ave., GreenwichContact: info@parkinsonsbodyandmind.com Class: Tai ChiDate & Time: Click onto link for the schedule.Location: YMCA of Greenwich, 50 East Putnam Ave., GreenwichContact: info@parkinsonsbodyandmind.com Among the exercise classes that are currently available to members of our PD community are: boxing and conditioning for PD through Rock Steady Boxing, Tai Chi, Weight Circuit, Yoga, and Neuromuscular Integrative Action (NIA) Dance. Classes vary by location. We anticipate adding aqua aerobics, ballroom dancing, cycling and more. Classes vary by location, please click on the link to your local YMCA for class schedule: YMCA of Greenwich: https://www.greenwichymca.org/programs-services/parkinsons-body-mind-program/ Westport/Weston YMCA: https://westporty.org/programs-services/health-wellness/parkinsons/ Fairfield YMCA: https://cccymca.org/locations/fairfield/schedules/ Guilford Class: Beat PD Today at Body in Balance Physical Therapy & WellnessDate & Time: Call for class schedule.Location: Balance Physical Therapy & Wellness – 2470 Boston Post Road, Unit 5A, Guilford, CTContact: Kathy 475-900-6734 Class: Parkinson’s Exercise ClassLocation: Yale Health at Home – 753 Boston Post Rd., GuilfordContact: Please call 203-458-4200 for class schedule Marlborough Class: Beat PD Today at Marlborough Senior CenterDate & Time: Call for class schedule.Location: Marlborough Senior Center, 17 School Road, Marlborough.Contact: 860-918-9594 to register and for more information New Haven Class: Beat PD Today at Elephant in Room Boxing & Fitness AcademyDate & Time: Call for schedule.Location: 540 Ella Grasso Boulevard, New HavenContact: EIR at 203-675-2837 for info on pricing for classes and to register. New London Class: Championship Rounds Adaptive Boxing ProgramDate & Time: Every Tuesday, Thursday & Saturday from 9AM-10AMLocation: Whaling City Athletic Club, 436 Broad St., New LondonContact: Kent Ward at 860-235-0212 A new Young Onset Class starting soon! Tuesday & Thursday nights – TBA Northford Class: Exercise for Parkinson’s TrainingDate & Time: Monday-Friday from 6AM-12PM, 3PM-8PM-Saturdays from 6AM-1PMLocation: Common Sense Fitness, 254 C Clintonville Rd., NorthfordContact: Stephen Stern, CPT, 203-530-1811 or stepstern@comcast.net – www.comsenfit.comIndividualized personal training/functional fitness for everyone with PD. Rocky Hill Class: Parkinson’s Exercise class at Rocky Hill Senior CenterDate & Time: Mondays, 2:00 – 3:00 pmLocation: Rocky Hill senior center – 761 Old Main St. Rocky HillContact: Info and Register call 860-258-2788. Fee applies Fee- Rocky Hill Senior center members- $21.00, Nonmembers pay $28 South Windsor Class: Parkinson’s FitDate & Time: Tuesdays and Thursdays at 11:00 AMLocation: Synergy Fit Gym, 869 Sullivan Ave, South Windsor CT 06074Contact: nancy.larussa76@gmail.com / 860-543-1502 Class: Parkinson’s Exercise with DonnaDate & Time: Tuesdays at 11:30Location: South Windsor Senior Center, 150 Nevers Rd. South Windsor, CT 06074Contact: Registration- 860-648-6361 Press #2 then press #1 (Fee applies) Torrington Class: PWR Moves-mostly seated exercises.Date & Time: Starting in April-Mondays & Fridays from 11:15AM-12:15PMClass: PWR Moves & BIG principles-floor & seated exercises.Date & Time: Tuesdays & Thursdays from 11:15-12:15PM and 12:30-1:30PMLocation: Sullivan Senior Center, 88 East Albert St., TorringtonContact: Please call Sue at 860-489-1677 before attending the classes. Trumbull Class: Rock Steady BockingDate & Time: Mondays and Wednesdays 1:30-2:45 – Thursdays 12:15 – 1:30 PMLocation: Lakewood-Trumbull YMCA. 20 Trefoil Drive, Trumbull, CTContact: Joanne Orenstein, Wellness Director. email- jorenstein@cccymca.org Wallingford Class: Parkinson Fitness ClassDate & Time: Tuesdays & Thursdays from 1PM-2PMLocation: Wallingford Senior Center, 238 Washington St., Wallingford, CT Westbrook Class: Parkinson’s Exercise – Delay the DiseaseDate & Time: Tuesdays & Thursdays 1:00PM-2:00PMLocation: The Valley Shore YMCA, 201 Spencer Plain Rd., WestbrookContact: For more information, please Ellen Nichele at 860-399-9622 ext. 121 or enichele@vsyma.org Westport Class: Parkinson’s Fitness ClassDate & Time: Wednesdays, 10:15 – 11:00 AM.Location: Westport Center for Senior Activities, 21 Imperial Ave., WestportContact: For more information, please call 203-341-5099 Class: Core Strengthening Class Date & Time: Tuesdays at 1:30 pm.Location: Westport Center for Senior Activities, 21 Imperial Ave., WestportContact: For more information, please call 203-341-5099 Class: Boxing for PDDate & Time: Thursdays at 2:00 pm.Location: Westport Center for Senior Activities, 21 Imperial Ave., WestportContact: For more information, please call 203-341-5099 Class: Parkinson’s Boxing & Conditioning ClassDate & Time: Mondays & Thursdays from 12:30-1:30Location: Westport Weston Family YMCA – 14 Allen Raymond Lane, Westport, CT, Exit 20 off of the Merritt ParkwayContact: For more information, Call (203) 226-8981 Class: Voice Activation ClassDate & Time: Mondays 11:45-12:30Location: Westport Weston Family YMCA – 14 Allen Raymond Lane, Westport, CT, Exit 20 off of the Merritt ParkwayContact: For more information, Call (203) 226-8981 Class: Parkinson’s Dance Jam Date & Time: Thursdays 11:50-12:30Location: Westport Weston Family YMCA – 14 Allen Raymond Lane, Westport, CT, Exit 20 off of the Merritt ParkwayContact: For more information, Call (203) 226-8981 Class: Parkinson’s Indoor CyclingDate & Time: Wednesdays 12:30- 1:15Location: Westport Weston Family YMCA – 14 Allen Raymond Lane, Westport, CT, Exit 20 off of the Merritt ParkwayContact: For more information, Call (203) 226-8981 West Hartford Class: Parkie PongDate & Time: Wednesdays 1:00 – 3:00 PMLocation: Elmwood Community Center, Second floor. 1106 New Britain Ave, West Hartford, CT 06110Contact: For more information, Call 860-561-8180 Class: Rock Steady Boxing for Parkinson’sDate & Time: 8-Week sessions begin the week of January 5 and March 2Mon & Wed 11:00-11:45am; Fri, 11:15am-12:00pmLocation: Mandell JCC of Greater Hartford 335 Bloomfield Ave, West Hartford, CT 06117 ·Contact: Contact Sharon O’Brien/RSB coach at Rocksteadyjcc@gmail.com or 860-231-6333 (assessment required, JCC members and Nonmembers welcome, Fee applies) Wilton Class: Parkinson’s Exercise ClassDate & Time: Mondays at 11:30 AMLocation: Riverbrook Regional YMCA, 404 Danbury Rd., Wilton, CTContact: Rhoda Kasparek, Director of Healthy Living 203-762-8384 ext. 282","Branford, CT, United States","Branford, CT, United States",United States,Classes By Town: | South Windsor | Trumbull | LSVT Related Exercise | New Britain | Rock Steady Boxing | General Boxing Exercise | Wolcott | DANCE FOR PD CLASSES | Parkinson’s Friendly Exercises,,hybrid,true,official_directory_import,0,0,https://www.apdaparkinson.org/community/connecticut/resources-support-ct/exercise-groups/,apdact@apdaparkinson.org,(203) 226-8981,APDA Connecticut,resource-page,American Parkinson Disease Association,"Branford, CT, United States",Branford,CT,06405,https://www.apdaparkinson.org/community/connecticut/resources-support-ct/exercise-groups/,2026-03-28T05:36:55.020Z
apda-community,APDA Community,www.apdaparkinson.org/community/connecticut/resources-support-ct/activities/,connecticut-want-to-create-a-great-and-safe-home-exercise-space-watch-this-short-video-or-view-our-setting-up-for-success-safe-exercise-at-home-guide-here-resource-page,Want to create a great and safe home exercise space? Watch this short video or view our Setting Up for Success: Safe Exercise at Home Guide HERE,Exercise Program,Imported from APDA Connecticut community resources.,"At-Home Activities Tips For Safe At-Home Exercise If you have not been exercising regularly, please consult your healthcare provider before doing anything new.• Choose a space where you’ll have enough room to move around• If using a chair or other furniture for assistance, make sure it’s sturdy and isn’t going to slide around• If exercising by yourself, make sure you have access to a phone just in case• Make a plan: schedule fitness into your day and week• Consult your physician if you have any health concerns or are just getting started Our number one tip for at-home exercise is to TAKE A WALK if it is a safe option. There simply is no replacement for the outdoors, the fresh air, the movement, and it is free! Want to create a great and safe home exercise space? Watch this short video or view our Setting Up for Success: Safe Exercise at Home Guide HERE Note: We know many live exercise sessions are offered through Zoom. Click Here, if you would like to know a little more about how to use Zoom. APDA FREE Online Educational Programs","Connecticut, United States","Connecticut, United States",United States,At-Home Activities | Tips For Safe At-Home Exercise | Want to create a great and safe home exercise space? Watch this short video or view our Setting Up for Success: Safe Exercise at Home Guide HERE | APDA FREE Online Educational Programs | Visit our Virtual Events Calendar for a complete list of virtual programs. | Dr. Gilbert Hosts… | Take Control Series | APDA’s FREE Virtual Classes | Visit our Virtual Calendar for the most up to date registration information regarding the below. | Additional APDA Resources,,virtual,true,official_directory_import,0,0,https://www.apdaparkinson.org/community/connecticut/resources-support-ct/activities/,daigre.chris@gmail.com,888-606-1688,APDA Connecticut,resource-page,American Parkinson Disease Association,"Connecticut, United States",,Connecticut,,https://www.apdaparkinson.org/community/connecticut/resources-support-ct/activities/,2026-03-28T05:36:55.020Z
apda-community,APDA Community,www.apdaparkinson.org/community/connecticut/resources-support-ct/dance-for-pd/,connecticut-parkinson-s-exercise-classes-apda-connecticut-resource-page,Parkinson's Exercise Classes | APDA Connecticut,Exercise Program,"APDA Connecticut Chapter is proud to support Neighborhood Music School (NMS) the Connecticut affiliate of Dance for PD®, the award-winning, internationally-acclaimed program of The Mark Morris Dance Group. Dance for PD® offers dance classes for people with Parkinson’s disease and related neurological disorders through its network of partners and affiliates in more than 300 communities in 25 countries. In Dance for PD® classes, people are empowered to explore movement and music in ways that are refreshing, enjoyable, stimulating, and creative. Dance for PD® focuses on developing artistry and grace while addressing concerns specific to people with Parkinson’s and other neurological disorders, such as balance, flexibility, coordination, gait, social isolation, and depression. Participants enjoy artistic and creative expression and the enjoyment of social interactions with others experiencing similar challenges. No dance experience is necessary and walkers, canes, and wheelchairs are welcome. (While many may experience health benefits or the alleviation of symptoms, it should be noted that this program is not intended to be a therapeutic offering.) Classes are held weekly and are open to people with any type of movement disorder, their companions, and visitors. Classes are free of charge and available for drop-in anytime. Due to COVID-19, all Dance for PD® classes is currently offered online via Zoom. The weekly schedule: Mondays: 10:00 a.m. – 11:15 a.m.For more info call 203-624-5189 ext. 57 or talbert@nmsnewhaven.org Fridays: 10:00 a.m. – 11:15 a.m.For more info call 203-624-5189 or talbert@nmsnewhaven.org On Mondays and/or Fridays at 10 am ET, please click the link below to join the class: Zoom class link: https://us02web.zoom.us/j/83028041993?pwd=a2pySGVIYlMxMm9ZcGo2MmgzQ3BJZz09Meeting ID: 830 2804 1993Passcode: dforpd Wednesdays, 10:30-11:45amInstructor: Rachel Balaban, Dance for PD® Certified Teacher Contact: rbalaban@nmsnewhaven.org 401.261.7062 Class link: * This program is supported by a community grant provided by the APDA Connecticut Chapter.","Overview APDA Connecticut Chapter is proud to support Neighborhood Music School (NMS) the Connecticut affiliate of Dance for PD®, the award-winning, internationally-acclaimed program of The Mark Morris Dance Group. Dance for PD® offers dance classes for people with Parkinson’s disease and related neurological disorders through its network of partners and affiliates in more than 300 communities in 25 countries. In Dance for PD® classes, people are empowered to explore movement and music in ways that are refreshing, enjoyable, stimulating, and creative. Dance for PD® focuses on developing artistry and grace while addressing concerns specific to people with Parkinson’s and other neurological disorders, such as balance, flexibility, coordination, gait, social isolation, and depression. Participants enjoy artistic and creative expression and the enjoyment of social interactions with others experiencing similar challenges. No dance experience is necessary and walkers, canes, and wheelchairs are welcome. (While many may experience health benefits or the alleviation of symptoms, it should be noted that this program is not intended to be a therapeutic offering.) Classes are held weekly and are open to people with any type of movement disorder, their companions, and visitors. Classes are free of charge and available for drop-in anytime. Due to COVID-19, all Dance for PD® classes is currently offered online via Zoom. The weekly schedule: Mondays: 10:00 a.m. – 11:15 a.m.For more info call 203-624-5189 ext. 57 or talbert@nmsnewhaven.org Fridays: 10:00 a.m. – 11:15 a.m.For more info call 203-624-5189 or talbert@nmsnewhaven.org On Mondays and/or Fridays at 10 am ET, please click the link below to join the class: Zoom class link: https://us02web.zoom.us/j/83028041993?pwd=a2pySGVIYlMxMm9ZcGo2MmgzQ3BJZz09Meeting ID: 830 2804 1993Passcode: dforpd Wednesdays, 10:30-11:45amInstructor: Rachel Balaban, Dance for PD® Certified Teacher Contact: rbalaban@nmsnewhaven.org 401.261.7062 Class link: * This program is supported by a community grant provided by the APDA Connecticut Chapter.","Connecticut, United States","Connecticut, United States",United States,Exercise | Wellness | Parkinson's Care,,virtual,true,official_directory_import,0,0,https://www.apdaparkinson.org/community/connecticut/resources-support-ct/dance-for-pd/,talbert@nmsnewhaven.org,,APDA Connecticut,resource-page,American Parkinson Disease Association,"Connecticut, United States",,Connecticut,,https://www.apdaparkinson.org/community/connecticut/resources-support-ct/dance-for-pd/,2026-03-28T05:36:55.021Z
apda-community,APDA Community,www.apdaparkinson.org/community/connecticut/events-ct/connecticut-past-programs-and-events/,connecticut-apda-connecticut-educational-webinar-series-resource-page,APDA Connecticut Educational Webinar Series,Exercise Program,"Missed any of the APDA Connecticut Educational Webinars???No worries, you can view them online! 2025 Programs- APDA CT 2025 Educational Conference – Intro & Clemens Scherzer MD APDA CT 2025 Educational Conference – Exercise Session APDA CT 2025 Educational Conference – Panel and closing remarks 2024 Programs- Mental Health & PD – Cognition, Depression, Anxiety and More Cognitive & Psychiatric Symptoms of PD – Presented by Dr. Ana Vives Rodriguez Parkinson’s Disease and Sleep – Presented by Brian Koo, MD 2023 Programs- A Guide to Mediation and Mindfullness – Presnted by Sharon Gutterman, PhD 2023 Fall Education Conference Webinar August 2023- Parkinson’s Disease and Gut Health- Presented by Monica Marcello, RD Webinar July 2023 – Deep Brain Stimulation Is It Right For Me? -Presented by Duarte Machado, MD Webinar June 2023- Driving and Fitness and Parkinson’s Disease with Joan Sevigny Cramer, OT Webinar May 2023- PD and the Importance of having a SLP on your team with Julie Summers CCC-SLP April 2023 APDA Connecticut Symposim 2022 Programs- September 2022 – Preventing Parkinson’s Disease: The Long and Winding Road that Leads to Your Door with Dr. Jesse M. Cedarbaum November 2022 – Autonomic Dysfunction in Parkinson’s Disease with Dr. Veronica Santini 2021 Programs- January 2021 – Updates in Parkinson’s Disease with Dr. Leon Meytin February 2021 – Understanding the Role of Inflammation in Parkinson’s Disease with Dr. Duarte Machado March 2021 – Understanding Non-Motor Symptoms in Parkinson’s Disease with Dr. Michelle Lavallee Dagostine August 2021 – Heredofamilial Parkinson’s Disease and Targeted Therapies with Dr. Joy Antonelle De Marcaida October 2021 – Neuropsychiatric Symptoms in Parkinson’s Disease with Dr. Marisa Moro De Casillas December 2021 – Psychosocial Strategies Over the Holidays with Jennifer Lambert, LCSW","APDA Connecticut Educational Webinar Series Missed any of the APDA Connecticut Educational Webinars???No worries, you can view them online! 2025 Programs- APDA CT 2025 Educational Conference – Intro & Clemens Scherzer MD APDA CT 2025 Educational Conference – Exercise Session APDA CT 2025 Educational Conference – Panel and closing remarks 2024 Programs- Mental Health & PD – Cognition, Depression, Anxiety and More Cognitive & Psychiatric Symptoms of PD – Presented by Dr. Ana Vives Rodriguez Parkinson’s Disease and Sleep – Presented by Brian Koo, MD 2023 Programs- A Guide to Mediation and Mindfullness – Presnted by Sharon Gutterman, PhD 2023 Fall Education Conference Webinar August 2023- Parkinson’s Disease and Gut Health- Presented by Monica Marcello, RD Webinar July 2023 – Deep Brain Stimulation Is It Right For Me? -Presented by Duarte Machado, MD Webinar June 2023- Driving and Fitness and Parkinson’s Disease with Joan Sevigny Cramer, OT Webinar May 2023- PD and the Importance of having a SLP on your team with Julie Summers CCC-SLP April 2023 APDA Connecticut Symposim 2022 Programs- September 2022 – Preventing Parkinson’s Disease: The Long and Winding Road that Leads to Your Door with Dr. Jesse M. Cedarbaum November 2022 – Autonomic Dysfunction in Parkinson’s Disease with Dr. Veronica Santini 2021 Programs- January 2021 – Updates in Parkinson’s Disease with Dr. Leon Meytin February 2021 – Understanding the Role of Inflammation in Parkinson’s Disease with Dr. Duarte Machado March 2021 – Understanding Non-Motor Symptoms in Parkinson’s Disease with Dr. Michelle Lavallee Dagostine August 2021 – Heredofamilial Parkinson’s Disease and Targeted Therapies with Dr. Joy Antonelle De Marcaida October 2021 – Neuropsychiatric Symptoms in Parkinson’s Disease with Dr. Marisa Moro De Casillas December 2021 – Psychosocial Strategies Over the Holidays with Jennifer Lambert, LCSW APDA Westport Optimism Walk!We didn’t let a little rain dampen our Spirits!A Special “Thank you!” to our Fundraisers, Teams, Board Members, and our Sponsors! We exceeded our goal of $40,000! Raising over $45,000!","Connecticut, United States","Connecticut, United States",United States,"APDA Connecticut Educational Webinar Series | APDA Westport Optimism Walk!We didn’t let a little rain dampen our Spirits!A Special “Thank you!” to our Fundraisers, Teams, Board Members, and our Sponsors! We exceeded our goal of $40,000! Raising over $45,000! | Exercise | Wellness | Parkinson's Care",,virtual,true,official_directory_import,0,0,https://www.apdaparkinson.org/community/connecticut/events-ct/connecticut-past-programs-and-events/,,,APDA Connecticut,resource-page,American Parkinson Disease Association,"Connecticut, United States",,Connecticut,,https://www.apdaparkinson.org/community/connecticut/events-ct/connecticut-past-programs-and-events/,2026-03-28T05:36:55.021Z
apda-community,APDA Community,www.apdaparkinson.org/community/florida/upcoming-florida-chapter-events/,florida-connectando-a-traves-del-arte-resource-page,Connectando a Traves Del Arte,Education Event,"9 de junio Un programa bilingüe (español-inglés) de artes creativas LIBRE DE COSTO diseñado para personas con la enfermedad de Parkinson (EP), sus cuidadores, y la comunidad en general.","Connectando a Traves Del Arte 9 de junio Un programa bilingüe (español-inglés) de artes creativas LIBRE DE COSTO diseñado para personas con la enfermedad de Parkinson (EP), sus cuidadores, y la comunidad en general. PD Journal Club – Virtual Wednesday, April 15 Are you a person with Parkinson’s or a Care Partner interested in learning more about PD clinical trials and published research studies? Then Parkinson’s Journal Club is for you! Join Dr. Dalvi of Palm Beach Neuroscience Institute as he dives into a quarterly event to navigate clinical trial results and published research studies. Connect with the Care Team: An APDA Parkinson’s Educational Program Palm Beach County – April 21 Orlando Area – August Connect with the Care Team is a casual presentation with Q&A provided by the APDA Florida Chapter. Parkinson’s Care Team providers bring expertise across a range of topics to consider during your or a loved one’s PD journey. CWCT is intended for People with Parkinson’s, their care partners, families, and friends looking to support people impacted by Parkinson’s. APDA Optimists 2026 Disney Wine & Dine Half Marathon Weekend October 23 – 25 APDA is an official charity partner for the 2026 Disney Wine and Dine Half Marathon Weekend. By signing up to run as an APDA Optimist, you will help support our mission to help everyone affected by Parkinson’s disease live life to the fullest.","Florida, United States","Florida, United States",United States,Connectando a Traves Del Arte | PD Journal Club – Virtual | Connect with the Care Team: An APDA Parkinson’s Educational Program | APDA Optimists 2026 Disney Wine & Dine Half Marathon Weekend | APDA Optimists 2027 Walt Disney World Marathon Weekend | Education | Community Event | Parkinson's Care,English | Spanish,virtual,true,official_directory_import,0,0,https://www.apdaparkinson.org/community/florida/upcoming-florida-chapter-events/,,,APDA Florida,resource-page,American Parkinson Disease Association,"Florida, United States",,Florida,,https://www.apdaparkinson.org/community/florida/upcoming-florida-chapter-events/,2026-03-28T05:36:55.021Z
apda-community,APDA Community,www.apdaparkinson.org/community/florida/resources-support-fl/sofl-support-groups/,florida-the-following-groups-are-not-apda-affiliated-please-reach-out-to-each-community-group-and-contact-for-full-program-information-33409,The following groups are not APDA-affiliated. Please reach out to each community group and contact for full program information.,Support Group,"Support groups are at no cost to you and are open to people with Parkinson’s disease (PWP), including their spouses, family members and care partners. Each group is run differently. It is suggested you reach out to the contact before attending a group. We are working tirelessly to develop Support Groups in every area of the state, if you do not see one available in your county call (954) 952-0429 for more information on available resources. 4th Thursday of the month at 2PM EST APDA Florida looks forward to connecting with our unique community of Parkinson’s Care Partners. In the PD world we call them Care Partners and not Care Givers as the patient must buy in to treatment and managing symptoms, medication, and movement alongside their support system. Taking care of yourself is as important as caring for your loved one with PD. It is crucial to find support for yourself as a Care Partner so that you care for yourself while caring for your loved one.","Overview Support groups are at no cost to you and are open to people with Parkinson’s disease (PWP), including their spouses, family members and care partners. Each group is run differently. It is suggested you reach out to the contact before attending a group. We are working tirelessly to develop Support Groups in every area of the state, if you do not see one available in your county call (954) 952-0429 for more information on available resources. 4th Thursday of the month at 2PM EST APDA Florida looks forward to connecting with our unique community of Parkinson’s Care Partners. In the PD world we call them Care Partners and not Care Givers as the patient must buy in to treatment and managing symptoms, medication, and movement alongside their support system. Taking care of yourself is as important as caring for your loved one with PD. It is crucial to find support for yourself as a Care Partner so that you care for yourself while caring for your loved one. The following groups are not APDA-affiliated. Please reach out to each community group and contact for full program information. Brevard What: Central Brevard Parkinson’s Support GroupCentral Brevard Public Library- 308 Forrest Ave, Cocoa, FL– 2nd Monday of each Month 2pm- 4pm -2nd Saturday of each Month 10:00am-11:30am: Care Partner OnlyContact: Cathy Moran 321-338-7855 iampoidogmom@gmail.com What: Parkinson’s Support GroupWhere: 2176 Sarno Rd, Ste 102, Melbourne, FL– Every Wednesday 9:15am – 10:15am – Every 4th Thursday of the Month 10:00am-11:00amContact: Janice Moia 321-693-9246 advancefitness@rsbaffiliate.com Viera East and Palm Bay Parkinson’s Support Group-Center for Family Caregivers- 3661 S Babcock St, Melbourne, FL -One Senior Place- 8085 Spyglass Hill Rd, Melbourne, FL Call for full details: Barbara Fradkin 321-751-6771 Broward What: PWP and Care Partners Support GroupWhere: Cavalry Chapel: 2101 W Cypress Creek Road, Fort Lauderdale, FL 33309When: 1st and 3rd Thursday of every month @ 11amContact: Debbie Schmidt 954-684-4694 What: PWP and Care Partners Support GroupWhere: ENCOMPASS Rehab- 4399 Nob Hill Rd, Sunrise, FL 33351When: 1st Tuesday of every month from 3pm-4pmContact: Lauren Leiva 954-803-8035 What: PWP and CaregiversWhere: Raw Kickboxing and Fitness- 1322 N. University Drive, Coral Springs, FL 33071When: Usually the 3rd or 4th Saturday of each month from 12:45 pm until 1:45 pm. Please call for a definite date. Contact: Allie Barker- 954-575-6000","West Palm Beach, FL, United States","West Palm Beach, FL, United States",United States,The following groups are not APDA-affiliated. Please reach out to each community group and contact for full program information. | Brevard | Broward | Clay | Escambia | Flagler | Hillsborough | Indian River | Lake | Martin,,hybrid,true,official_directory_import,0,0,https://www.apdaparkinson.org/community/florida/resources-support-fl/sofl-support-groups/,parkinsonlifecorporation@gmail.com,,APDA Florida,support-groups,American Parkinson Disease Association,"West Palm Beach, FL, United States",West Palm Beach,FL,33409,https://www.apdaparkinson.org/community/florida/resources-support-fl/sofl-support-groups/,2026-03-28T05:36:55.021Z
apda-community,APDA Community,www.apdaparkinson.org/community/florida/resources-support-fl/,florida-local-resources-and-support-support-groups,Local Resources and Support,Support Group,Imported from APDA Florida community resources.,"Local Resources and Support Care Partner Support Groups A list of care partner support groups and contact information. Support Groups Support groups are at no cost to you and are open to people with Parkinson’s disease, including their spouses, family members and care partners. Parkinson’s Roadmap for Education and Support Services™ (PRESS™) This 8 week program is designed to help people with PD and their family members better understand Parkinson’s and to provide them with emotional and social support.","Florida, United States","Florida, United States",United States,Local Resources and Support | Care Partner Support Groups | Support Groups | Parkinson’s Roadmap for Education and Support Services™ (PRESS™) | Health & Wellness Activities | E-Newsletter | Dance for PD® | SMART PATIENTS | Support Group | Parkinson's Care,,in-person,true,official_directory_import,0,0,https://www.apdaparkinson.org/community/florida/resources-support-fl/,apdaparkinson.org,,APDA Florida,support-groups,American Parkinson Disease Association,"Florida, United States",,Florida,,https://www.apdaparkinson.org/community/florida/resources-support-fl/,2026-03-28T05:36:55.021Z
apda-community,APDA Community,www.apdaparkinson.org/community/florida/resources-support-fl/newly-diagnosed-programs/,florida-newly-diagnosed-you-are-not-alone-resource-page,Newly Diagnosed? You are not alone!,Support Group,"If you’re new to Parkinson’s disease and are looking for resources, you are in the right place. APDA is a great place to get started with reliable and concise information. We offer a variety of resources and programs for individuals newly diagnosed with PD and family members and friends who want to learn more.","Newly Diagnosed? You are not alone! If you’re new to Parkinson’s disease and are looking for resources, you are in the right place. APDA is a great place to get started with reliable and concise information. We offer a variety of resources and programs for individuals newly diagnosed with PD and family members and friends who want to learn more. PD Essentials An Introduction to Parkinson’s Disease A 60-minute session for those who want to learn more. This program will give you an overview of Parkinson’s disease and provide information about community resources and support. Perfect for anyone new to Parkinson’s disease, including family members and friends of those newly diagnosed. PD Essentials is free to attend, but registration is required. To learn about upcoming PD ESSENTIALS presentations, contact Desirae Mearns, dmearns@apdaparkinson.org PRESS Program The PRESS Program (Parkinson’s Roadmap for Education and Support Services) was designed for those diagnosed with PD within the last 5 years. This eight-week program, conducted in a support group format, will help you feel empowered, in control, and optimistic. The PRESS (Parkinson’s Roadmap for Education and Support Services) program was designed to provide emotional support and a safe place to share coping strategies to live your best life with PD. “The course was invaluable in educating us, and alleviating a lot of fear about the disease and future. Leanne was an exceptional leader. She was consistently professional, yet warm, supportive, and encouraging of everyone to actively participate. It was very beneficial to hear from Randy, who has been living with PD for some time and his sharing his journey, successes, etc. I’m so thankful for this course and the opportunity to participate. Thanks for all you do!“ Topics Covered: What’s Next After Diagnosis Medication Management of Parkinson’s The Importance of Exercise Dealing with Physical Symptoms of PD Impact of Parkinson’s on Daily Coping and Relationships Tips for Daily Living Caring for Others, Caring for Yourself Building Your Healthcare Team","Florida, United States","Florida, United States",United States,Newly Diagnosed? You are not alone! | PD Essentials | An Introduction to Parkinson’s Disease | PRESS Program | FURTHER INFORMATION & PROGRAM REQUIREMENTS: | Support Group | Parkinson's Care,,in-person,true,official_directory_import,0,0,https://www.apdaparkinson.org/community/florida/resources-support-fl/newly-diagnosed-programs/,,,APDA Florida,resource-page,American Parkinson Disease Association,"Florida, United States",,Florida,,https://www.apdaparkinson.org/community/florida/resources-support-fl/newly-diagnosed-programs/,2026-03-28T05:36:55.022Z
apda-community,APDA Community,www.apdaparkinson.org/community/florida/resources-support-fl/carepartner-support-groups/,florida-support-groups-for-parkinson-s-caregivers-apda-south-florida-support-groups,Support Groups for Parkinson's Caregivers | APDA South Florida,Support Group,Join us in a conversation about how to help a loved one live and manage Parkinson’s Disease symptoms. The program is designed to help family members and care partners of people with Parkinson’s Disease. This group is made possible with the partnership with the University of Miami Miller School of Medicine and American Parkinson Disease Association (APDA). 2025 Dates: 1/13 2/10 3/10 4/7 5/12 6/9 9/8 10/13 11/10 4:00PM-5:00PM (Eastern Time) For questions and help registering please reach out to: VVicente@apdaparkinson.org 561-214-2856 Acompáñenos en una conversación sobre cómo ayudar a un ser querido a vivir y a manejar los síntomas de la enfermedad de Parkinson para tener la mejor calidad de vida posible. El programa está diseñado para ayudar a los familiares y cuidadores de personas con la enfermedad de Parkinson. Este grupo es una colaboración entre la Universidad de Miami Miller School of Medicine y la Asociación Americana de Enfermedad de Parkinson (APDA). 2025 Fechas: 1/14 2/11 3/11 4/8 5/13 6/10 9/9 10/14 11/11 4:00PM-5:00PM (hora del este) Para Preguntas: VVicente@apdaparkinson.org 561-214-2856,Overview Join us in a conversation about how to help a loved one live and manage Parkinson’s Disease symptoms. The program is designed to help family members and care partners of people with Parkinson’s Disease. This group is made possible with the partnership with the University of Miami Miller School of Medicine and American Parkinson Disease Association (APDA). 2025 Dates: 1/13 2/10 3/10 4/7 5/12 6/9 9/8 10/13 11/10 4:00PM-5:00PM (Eastern Time) For questions and help registering please reach out to: VVicente@apdaparkinson.org 561-214-2856 Acompáñenos en una conversación sobre cómo ayudar a un ser querido a vivir y a manejar los síntomas de la enfermedad de Parkinson para tener la mejor calidad de vida posible. El programa está diseñado para ayudar a los familiares y cuidadores de personas con la enfermedad de Parkinson. Este grupo es una colaboración entre la Universidad de Miami Miller School of Medicine y la Asociación Americana de Enfermedad de Parkinson (APDA). 2025 Fechas: 1/14 2/11 3/11 4/8 5/13 6/10 9/9 10/14 11/11 4:00PM-5:00PM (hora del este) Para Preguntas: VVicente@apdaparkinson.org 561-214-2856,"Florida, United States","Florida, United States",United States,Support Group | Parkinson's Care,,in-person,true,official_directory_import,0,0,https://www.apdaparkinson.org/community/florida/resources-support-fl/carepartner-support-groups/,,,APDA Florida,support-groups,American Parkinson Disease Association,"Florida, United States",,Florida,,https://www.apdaparkinson.org/community/florida/resources-support-fl/carepartner-support-groups/,2026-03-28T05:36:55.022Z
apda-community,APDA Community,www.apdaparkinson.org/community/florida/resources-support-fl/health-wellness-activities/,florida-community-partners-across-florida-offer-a-variety-of-health-and-wellness-activities-including-fitness-self-care-nutritional-and-mindfulness-to-assist-the-parkinson-s-community-with-developing-their-personal-wellness-goals-please-visit-the-community-partner-contact-information-for-specific-programs-and-fee-details-32935,"Community Partners across Florida offer a variety of health and wellness activities including fitness, self-care, nutritional, and mindfulness to assist the Parkinson’s community with developing their personal wellness goals. Please visit the community partner contact information for specific programs and fee details.",Referral Center,Imported from APDA Florida community resources.,"Community Partners across Florida offer a variety of health and wellness activities including fitness, self-care, nutritional, and mindfulness to assist the Parkinson’s community with developing their personal wellness goals. Please visit the community partner contact information for specific programs and fee details. Alachua Dance for Life: University of Florida McGuire Theater and Dance Pavilion- McCarty Drive, Gainesville FL 32603 Please contact Whitney at 352-733-0880 or wwilson@arts.ufl.edu Rock Steady Boxing: Oak Hammock, Gainesville: 5100 SW 25th Blvd, Gainesville, FL 32608 Please call for class schedule and information 352-548-1170 Bay Dancing for Parkinson’s: Dance Life Dance Studio- 415 Harrison Ave, Panama City, FL 32401 Please call for class schedules: 850-215-4453 Brevard Rock Steady Boxing: Advance Fitness, Melbourne: 2176 Sarno Road, Ste 102, Melbourne, FL 32935 Serving Melbourne, Palm Bay, Viera, and Beachside. Please contact Advance Fitness for class details and fees 321-693-9246 Rock Steady Boxing: Fyzical Balance & Therapy Center, Indialantic: 150 5th Ave, Ste C, Indialantic, FL 32903 Please call for class details and fees: 321-372-3090 Rock Steady Boxing: RockBox Fitness, Rockledge: 3809 Murrell Road, Rockledge, FL 32955 Please call for class details and fees 321-720-4167 Rock Steady Boxing: T’ville Uppercut, Titusville: 835 Sycamore St, Building C, Titusville, FL 32780 Classes are held on Mondays, Wednesdays, and Fridays from 8:30am-9:30am. For more information call Gibson Gym at 256-425-8791 DANCE S.T.E.P.S (Skills To Ease Parkinson’s Symptoms) 2nd Tuesday and 4th Thursday of each month, FREE to attend, Call Janet Steiner for full details and class times- 321-848-4784 PWR (Parkinson’s Wellness and Recovery) Moves provided by Knight Physical Therapy: 6431 Lake Andrew Drive, Suite 103, Melbourne, FL 32940, call for class information and eligibility- contact Nicole 321-473-6773 PWR (Parkinson’s Wellness and Recovery) Moves: 2210 Cheney Hwy, Titusville, FL 32780, call for class information and eligibility- contact Amanda 321-268-6181 ext 8590","Melbourne, FL, United States","Melbourne, FL, United States",United States,"Community Partners across Florida offer a variety of health and wellness activities including fitness, self-care, nutritional, and mindfulness to assist the Parkinson’s community with developing their personal wellness goals. Please visit the community partner contact information for specific programs and fee details. | Alachua | Bay | Brevard | Broward | Charlotte | Citrus | Collier | Duval | Flagler",,hybrid,true,official_directory_import,0,0,https://www.apdaparkinson.org/community/florida/resources-support-fl/health-wellness-activities/,,,APDA Florida,resource-page,American Parkinson Disease Association,"Melbourne, FL, United States",Melbourne,FL,32935,https://www.apdaparkinson.org/community/florida/resources-support-fl/health-wellness-activities/,2026-03-28T05:36:55.022Z
apda-community,APDA Community,www.apdaparkinson.org/community/florida/resources-support-fl/pwrmoves/,florida-pwr-moves-programs-by-county-resource-page,PWR!Moves® programs by county,Exercise Program,"PWR!Moves help you mitigate symptoms and rebuild functionality, no matter how you incorporate them into your life. They’re beneficial in stand-alone group exercise classes, integrated into your daily activities and routines (such as activities of daily living, recreation, sports, and hobbies), in physical and exercise therapy settings.","PWR!Moves® programs by county PWR!Moves help you mitigate symptoms and rebuild functionality, no matter how you incorporate them into your life. They’re beneficial in stand-alone group exercise classes, integrated into your daily activities and routines (such as activities of daily living, recreation, sports, and hobbies), in physical and exercise therapy settings. St Lucie Where: Port St. Lucie Community Center- 2195 SE Airoso Blvd, Port St Lucie, FL When: Tuesdays and Thursdays 2pm – 2:50pmContact: Port St Lucie Parks and Recreation: 772-807-4466 Fee: $50 a month or $10 per class – FREE Assessment","Florida, United States","Florida, United States",United States,PWR!Moves® programs by county | St Lucie | Exercise | Wellness | Parkinson's Care,,in-person,true,official_directory_import,0,0,https://www.apdaparkinson.org/community/florida/resources-support-fl/pwrmoves/,,,APDA Florida,resource-page,American Parkinson Disease Association,"Florida, United States",,Florida,,https://www.apdaparkinson.org/community/florida/resources-support-fl/pwrmoves/,2026-03-28T05:36:55.022Z
apda-community,APDA Community,www.apdaparkinson.org/community/florida/resources-support-fl/senior-companion-program/,florida-senior-companion-program-33305,Senior Companion Program,Education Event,"The South Florida Institute on Aging Senior Companion Program provide no cost services to frail elderly, adults with disabilities and terminal illnesses who need extra assistance to live independently in their own homes and Respite for Caregivers. Participating in the program helps the client to maintain independence, reduce isolation, improve positive mental health, quality of life and their dignity. The Senior Companion Program is part of Senior Corps, a network of National and Community Service Programs that each year supports the engagement of nearly 500,000 Americans age 55 and older in service to meet critical needs in education, the environment, public safety, homeland security, and other areas. If you live in the Broward County you might be eligible for this program.For more information on this program please contact the So. Florida Institute on Aging (SoFIA) at: 2038 N. Dixie Highway, Suite 201, Fort Lauderdale, FL 33305 954-484-7117 or info@thesofia.org","Senior Companion Program The South Florida Institute on Aging Senior Companion Program provide no cost services to frail elderly, adults with disabilities and terminal illnesses who need extra assistance to live independently in their own homes and Respite for Caregivers. Participating in the program helps the client to maintain independence, reduce isolation, improve positive mental health, quality of life and their dignity. The Senior Companion Program is part of Senior Corps, a network of National and Community Service Programs that each year supports the engagement of nearly 500,000 Americans age 55 and older in service to meet critical needs in education, the environment, public safety, homeland security, and other areas. If you live in the Broward County you might be eligible for this program.For more information on this program please contact the So. Florida Institute on Aging (SoFIA) at: 2038 N. Dixie Highway, Suite 201, Fort Lauderdale, FL 33305 954-484-7117 or info@thesofia.org","Fort Lauderdale, FL, United States","Fort Lauderdale, FL, United States",United States,Senior Companion Program | Education | Community Event | Parkinson's Care,,in-person,true,official_directory_import,0,0,https://www.apdaparkinson.org/community/florida/resources-support-fl/senior-companion-program/,,,APDA Florida,resource-page,American Parkinson Disease Association,"Fort Lauderdale, FL, United States",Fort Lauderdale,FL,33305,https://www.apdaparkinson.org/community/florida/resources-support-fl/senior-companion-program/,2026-03-28T05:36:55.023Z
apda-community,APDA Community,www.apdaparkinson.org/community/georgia/resources-support-ga/newly-diagnosed-programs/,georgia-newly-diagnosed-you-are-not-alone-resource-page,Newly Diagnosed? You are not alone!,Support Group,"If you’re new to Parkinson’s disease and are looking for resources, you are in the right place. APDA is a great place to get started with reliable and concise information. We offer a variety of resources and programs for individuals newly diagnosed with PD and family members and friends who want to learn more.","Newly Diagnosed? You are not alone! If you’re new to Parkinson’s disease and are looking for resources, you are in the right place. APDA is a great place to get started with reliable and concise information. We offer a variety of resources and programs for individuals newly diagnosed with PD and family members and friends who want to learn more. New Diagnosis Packet APDA Georgia has put together a packet of information to help people who have recently received a Parkinson’s diagnosis. These materials will get you connected to local resources and help answer questions in order to gain a better understanding of PD. To request a packet in the mail. Please call us at 404-325-2020. PD Essentials PRESS Program The PRESS Program (Parkinson’s Roadmap for Education and Support Services) was designed for those diagnosed with PD within the last 5 years. This 8 week program conducted in a support group format will help you feel empowered, in control, and optimistic. The PRESS (Parkinson’s Roadmap for Education and Support Services) program was designed to provide emotional support and a safe place to share coping strategies to live your best life with PD. “The course was invaluable in educating us, and alleviating a lot of fear about the disease and future. Leanne was an exceptional leader. She was consistently professional, yet warm, supportive, and encouraging of everyone to actively participate. It was very beneficial to hear from Randy, who has been living with PD for some time and his sharing his journey, successes, etc. I’m so thankful for this course and the opportunity to participate. Thanks for all you do!“ Topics Covered: What’s Next After Diagnosis Medication Management of Parkinson’s The Importance of Exercise Dealing with Physical Symptoms of PD Impact of Parkinson’s on Daily Coping and Relationships Tips for Daily Living Caring for Others, Caring for Yourself Building Your Healthcare Team","Georgia, United States","Georgia, United States",United States,Newly Diagnosed? You are not alone! | New Diagnosis Packet | PD Essentials | PRESS Program | PROGRAM REQUIREMENTS & UPCOMING DATES: | Support Group | Parkinson's Care,,in-person,true,official_directory_import,0,0,https://www.apdaparkinson.org/community/georgia/resources-support-ga/newly-diagnosed-programs/,,,APDA Georgia,resource-page,American Parkinson Disease Association,"Georgia, United States",,Georgia,,https://www.apdaparkinson.org/community/georgia/resources-support-ga/newly-diagnosed-programs/,2026-03-28T05:36:55.023Z
apda-community,APDA Community,www.apdaparkinson.org/community/georgia/upcoming-georgia-chapter-events/,georgia-press-on-parkinson-s-roadmap-for-education-and-support-services-resource-page,PRESS ON™ (Parkinson’s Roadmap for Education and Support Services™),Education Event,"Thursdays, March 26 – May 14 This special 8-week program is for people who are in the middle stages of Parkinson’s disease. PRESS ON offers the opportunity to connect with others with Parkinson’s disease for emotional support and sharing. The group also provides education about the progression of Parkinson’s disease and planning for the future.","PRESS ON™ (Parkinson’s Roadmap for Education and Support Services™) Thursdays, March 26 – May 14 This special 8-week program is for people who are in the middle stages of Parkinson’s disease. PRESS ON offers the opportunity to connect with others with Parkinson’s disease for emotional support and sharing. The group also provides education about the progression of Parkinson’s disease and planning for the future. 2026 Atlanta Optimism Walk for Parkinson’s Saturday, March 28 Walkers will come together nationwide in 2026 to step towards supporting all people affected by Parkinson’s disease. Your fundraising dollars at the Atlanta, Georgia Optimism Walk for Parkinson’s will go directly toward supporting local community programs and services, expanding access to help more people with Parkinson’s disease live life to the fullest. Thriving with PD: The Advances of New Therapeutic Medications & Technology Friday, April 17 Featuring keynote speaker, Marie-Helene Saint-Hilaire, MD, and guest speakers Sherline Sauveur, NP, Evan Johnson, MD, and Dr. Richa Tripathi. Navigating Life with Parkinson’s Disease Saturday, April 18 Join APDA Georgia for a practical, empowering educational program designed to help you feel more confident in day-to-day living with Parkinson’s. You’ll hear from expert speakers on speech and swallowing strategies, strength, balance, and freezing-of-gait hacks, and non-motor symptoms and medications—plus enjoy lunch served on-site.","Georgia, United States","Georgia, United States",United States,PRESS ON™ (Parkinson’s Roadmap for Education and Support Services™) | 2026 Atlanta Optimism Walk for Parkinson’s | Thriving with PD: The Advances of New Therapeutic Medications & Technology | Navigating Life with Parkinson’s Disease | 2026 APDA Driving Parkinson’s Away Golf Tournament | APDA Care Partner Connection | Education | Community Event | Parkinson's Care,,in-person,true,official_directory_import,0,0,https://www.apdaparkinson.org/community/georgia/upcoming-georgia-chapter-events/,apdaga@apdaparkinson.org,,APDA Georgia,resource-page,American Parkinson Disease Association,"Georgia, United States",,Georgia,,https://www.apdaparkinson.org/community/georgia/upcoming-georgia-chapter-events/,2026-03-28T05:36:55.023Z
apda-community,APDA Community,www.apdaparkinson.org/community/georgia/resources/resources-support-ga/support-groups-2/,georgia-find-a-parkinson-s-support-group-in-georgia-near-you-31522,Find a Parkinson’s Support Group in Georgia Near You,Referral Center,"One of the most important goals of the APDA Georgia Chapter is to bring vital support groups to areas near you. Being a part of a support group is an important step in maintaining an active and positive lifestyle. If you are in an area that does not have a support group, contact us and we will help you get the support you need. We invite you to join us for a virtual meeting via ZOOM! Click the meeting below to join at the scheduled date and time or browse the list for an in-person meeting. ***For more details on any of these support groups, please contact Barbara Mooney:Email: apdaga@apdaparkinson.org Phone: 404-325-2020 Additional support is available through the American Parkinson Disease Association “Smart Patients” Community. REGISTER VIRTUAL: Just for teens: A Parkinson’s Disease Support GroupFirst Thursday of Every Month, 7 – 8 PM ET, 6 – 7 PM CT, 4 – 5 PM PTA virtual program, (via Zoom)Registration is required: Email Anushka Shiell, MS, at ashiell@apdaparkinson.org APDA Young Onset Support Group, 2nd Tuesday, 7:00 PM, Contact: Jeff Muse, 706-340-4951, jefflmuse@yahoo.com APDA Care Partner Support Group, click for ZOOM link, 4th Wednesday, 2:00 p.m. Contact Barbara Mooney: 404-325-2020 APDA People With PD and Their Families Support Group, 4th Thursday, 2:00 p.m.For information contact: Paul Tom at 404-384-4685Families Living with PD Support Group, ZOOM Support Group2nd Sunday, 4:00 p.m. Contact Barbara Mooney – 404-325-2020 Virtual Support in Spanish – The monthly meetings will be held via Zoom. The meetings will be held on the following days: First Wednesday of each month Third Saturday of each month Time: 12:00 p.m. (Eastern Time – ET) 11:00 a.m. (Central Time – CT) 9:00 a.m. (Pacific Time – PT)Pre-registration is required so that we can send you the link days before the meeting, either by email or text message. To register or for more information, please contact Vanessa Vicente:561-214-2856 or vvicente@apdaparkinson.org IN-PERSON GROUPS: Alpharetta, GA – 2nd Thursday, 2:00 p.m., Alpharetta Adult Activity Center – 13450 Cogburn Rd., (inside North Park), Alpharetta. Contact: Dawna 770-343-6235, ask for support group information. Alpharetta, GA – 4th Thursday, 1:15 p.m. The Mansions at Alpharetta, 3700 Brookside Parkway, Alpharetta, GA 30022, Contact: Jill Albert, 470-538-9800 Athens, GA – 2nd Friday, 1:00 p.m., Contact Gayle for questions: gpnoblet@bellsouth.net Atlanta, APDA Information and Referral Center – 1st Tuesday, 11:00 a.m. – 1:00 p.m. Grady Memorial Hospital, 80 Jesse Hill Jr. Dr. SE 8th floor Conference Room (D) Hallway. Contact: Barbara Gadson 470-791-4332 Atlanta, GA – 1st Wednesday of each month, 1:00 p.m. Huntcliff Summit Senior Living, 8592 Roswell, RD., Atlanta, GA 30350 Contact: APDA Georgia Chapter with questions, 404-325-2020 Atlanta, GA – 3rd Tuesday, 1:00 p.m. – 3:00 p.m. The Episcopal Church of the Epiphany, 2089 Ponce de Leon Ave., NE, Atlanta, GA 30307 Contact: APDA Georgia Chapter with questions, 404-325-2020 Atlanta, GA – 2nd Wednesday, 12:00 p.m., Buckhead-Movers and Shakers, Ptree Rd Methodist Church, 3180 Ptree Rd., Contact: Rosemary 404-630-1462 Atlanta, GA – 2nd Thursday, 6:00 p.m., Peachtree Hills Place, 2245 Virginia Place NE, Atlanta, GA 30305Contact: Neeta: 678.272.4351 Atlanta, GA – 4th Saturday, 11:00 a.m., St. Peter Missionary Baptist Church, 1558 Venetian Dr. SW, Atlanta, 30311 Contact: Barbara Gadson, 470-791-4332 Augusta, GA – 4th Tuesday, 6:00 p.m. Clubhouse at Brandon Wilde, 4275 Owens Rd, in Evans, GA. The meetings are also available on Zoom., Contact: James: Austell, GA – 4th Tuesday, 11:00 a.m., Presbyterian Village Senior Center, 2000 East-West Connector, Austell, GA 30106, Contact: Andrea Beitler, PTA, 770-819-7003 Austell, GA – 3rd Saturday, 11:00 a.m., Presbyterian Village Senior Living, 2000 East-West Connector, Austell, Contact: Andrea Beitler, PTA, 770-819-7003 Blairsville, GA, 2nd Tuesday, 2:00 p.m., in person, North Georgia Technical College, RM 414, 121 Meeks Avenue, Blairsville, GA 30512, Contact Cathy: 706-439-6467 Blue Ridge, GA – 4th Thursday, 3:00 PM, First Baptist Church Blue Ridge – Activities bldg adjacent to church, 907 East Main Street, Blue Ridge, Georgia 30513 Contact Kimerly: 904-347-1765 Columbus, GA – 2nd Tuesday, at 5:30 p.m., Columbus Speech & Hearing (Adult Side), 2424 Dbl Churches Rd., Columbus, GA Contact: emilyandbillpound@gmail.com Covington, GA – 3rd Thursday of the month, 3:00 p.m., APDA Support Group at the Benton House of Covington, Contact Kacey: 678-205-9971 Cumming, GA – 3rd Thursday of the month, 2:00 p.m., APDA Support Group at theOaks at Gracemont, 4940 Jot Em Down Road Rd., Cumming, GA 30041 Contact: LaDonna Hagan, 706-300-4002 Dacula, GA, The last Tuesday of the month, 3:00 p.m., APDA Support Group at 2089 Teron Trace suite 135, Dacula, Ga 30019 Contact: Janet 404-909-2948. Dacula, GA, 2nd Thursday of the month, 5:00 p.m., APDA Support Group at Dacula UMC, 2655 Fence Rd, Dacula, GA 30019 Contact: Janet 404-909-2948 Griffin, GA – 3rd Wednesday, 1:30 p.m. Contact Jackie: 678-603-0703 Lawrenceville, GA – 2nd Saturday, 11:00 a.m. to 12:00 p.m.New Jerusalem Baptist Church, 420 E. Crogan St., Lawrenceville, GA, 30046Contact: Barbara Gadson, APDA Information & Referral Coordinator: 470-791-4332 Macon, GA – 3rd Thursday, 2:00 p.m. Room 1, Atrium Health Navicent Wellness Center, 3797 Northside Drive, Macon, GA 31210. Open to everyone: PwP, care partners & family of PwP, email: mid.ga.pdsg@gmail.com. Marietta, 1st Monday, 2:00 p.m. Contact Dawn: 770-722-7641 Care Partner Support Group, meets at 2881 Canton Rd, Marietta, GA 30066. Marietta, 2nd Monday, 6:00 p.m. PD Life Support Group – Kennestone Outpatient Neuro Rehab 100 Lacy St., Bldg 220 Marietta, GA 30060 Contact: Celina Parkman, parkinsonsupport@wellstar.org McDonough, GA – 1st Thursday, 10:00 a.m., Heritage Senior Center, 1050 Florence McGarity Blvd, McDonough, GA 30252 Contact: Barbara Gadson, 470-791-4332 or bgadson@msm.edu Newnan, GA, 2nd Tuesday, 2:30 p.m., Contact Barbara Mooney: 404-325-2020, 33 Greenville St., Newnan, GA Peachtree City, GA – 1st Wednesday, Care Partners Support Group, 1:00 p.m.Contact Pam: 770-487-4444, Rome, GA – 3rd Thursday, 6:00 p.m., contact Rich: 706-291-8561, rtcarman47@gmail.com, or Kate: 404-405-9628, knagy01@gmail.com, Brookdale Senior Living, 180 Woodrow Wilson Way, NW, Rome, GA 30165 Sandy Springs – 4th Thursday, 1pm CFMC Gym, 6667 Vernon Woods Drive Suite A16, Sandy Springs 30328 Savannah, GA – 3rd Monday, 5:30 pm, Marsh Auditorium, Candler Hospital5353 Reynolds Street, Savannah, GA 31405Please contact Katy Harne for more information at 912.663.6803 or harneka@sjchs.org. Snellville, GA – 2nd Thursday, 10:30 a.m., Contact Bill: 770-978-1433 In person, Sheridan Eastside, 1900 Tree Lane, Snellville, GA 30078Statesboro, GA – 3rd Wednesday, 5:00 pm, Action Pact Center, 235 Granade StreetStatesboro, GA 30458 Please contact Katy Harne for more information at912.663.6803 or harneka@sjchs.org. St. Simon’s Island, GA – 1st Thursday, 1:00 pm meet and greet, 1:30 pm til 2:30pm, meeting with guest speaker. St. Simons United Methodist Church, Thorpe Bldg., 624 Ocean Blvd., St. Simons Island, GA 31522. Contact: glynncountyparkinsons@gmail.com Website: www.GCParkinsons.org For more details on any of these support groups, please contact Barbara Mooney:Email: apdaga@apdaparkinson.org Phone: 404-325-2020","Find a Parkinson’s Support Group in Georgia Near You One of the most important goals of the APDA Georgia Chapter is to bring vital support groups to areas near you. Being a part of a support group is an important step in maintaining an active and positive lifestyle. If you are in an area that does not have a support group, contact us and we will help you get the support you need. We invite you to join us for a virtual meeting via ZOOM! Click the meeting below to join at the scheduled date and time or browse the list for an in-person meeting. ***For more details on any of these support groups, please contact Barbara Mooney:Email: apdaga@apdaparkinson.org Phone: 404-325-2020 Additional support is available through the American Parkinson Disease Association “Smart Patients” Community. REGISTER VIRTUAL: Just for teens: A Parkinson’s Disease Support GroupFirst Thursday of Every Month, 7 – 8 PM ET, 6 – 7 PM CT, 4 – 5 PM PTA virtual program, (via Zoom)Registration is required: Email Anushka Shiell, MS, at ashiell@apdaparkinson.org APDA Young Onset Support Group, 2nd Tuesday, 7:00 PM, Contact: Jeff Muse, 706-340-4951, jefflmuse@yahoo.com APDA Care Partner Support Group, click for ZOOM link, 4th Wednesday, 2:00 p.m. Contact Barbara Mooney: 404-325-2020 APDA People With PD and Their Families Support Group, 4th Thursday, 2:00 p.m.For information contact: Paul Tom at 404-384-4685Families Living with PD Support Group, ZOOM Support Group2nd Sunday, 4:00 p.m. Contact Barbara Mooney – 404-325-2020 Virtual Support in Spanish – The monthly meetings will be held via Zoom. The meetings will be held on the following days: First Wednesday of each month Third Saturday of each month Time: 12:00 p.m. (Eastern Time – ET) 11:00 a.m. (Central Time – CT) 9:00 a.m. (Pacific Time – PT)Pre-registration is required so that we can send you the link days before the meeting, either by email or text message. To register or for more information, please contact Vanessa Vicente:561-214-2856 or vvicente@apdaparkinson.org IN-PERSON GROUPS: Alpharetta, GA – 2nd Thursday, 2:00 p.m., Alpharetta Adult Activity Center – 13450 Cogburn Rd., (inside North Park), Alpharetta. Contact: Dawna 770-343-6235, ask for support group information. Alpharetta, GA – 4th Thursday, 1:15 p.m. The Mansions at Alpharetta, 3700 Brookside Parkway, Alpharetta, GA 30022, Contact: Jill Albert, 470-538-9800 Athens, GA – 2nd Friday, 1:00 p.m., Contact Gayle for questions: gpnoblet@bellsouth.net Atlanta, APDA Information and Referral Center – 1st Tuesday, 11:00 a.m. – 1:00 p.m. Grady Memorial Hospital, 80 Jesse Hill Jr. Dr. SE 8th floor Conference Room (D) Hallway. Contact: Barbara Gadson 470-791-4332 Atlanta, GA – 1st Wednesday of each month, 1:00 p.m. Huntcliff Summit Senior Living, 8592 Roswell, RD., Atlanta, GA 30350 Contact: APDA Georgia Chapter with questions, 404-325-2020 Atlanta, GA – 3rd Tuesday, 1:00 p.m. – 3:00 p.m. The Episcopal Church of the Epiphany, 2089 Ponce de Leon Ave., NE, Atlanta, GA 30307 Contact: APDA Georgia Chapter with questions, 404-325-2020 Atlanta, GA – 2nd Wednesday, 12:00 p.m., Buckhead-Movers and Shakers, Ptree Rd Methodist Church, 3180 Ptree Rd., Contact: Rosemary 404-630-1462 Atlanta, GA – 2nd Thursday, 6:00 p.m., Peachtree Hills Place, 2245 Virginia Place NE, Atlanta, GA 30305Contact: Neeta: 678.272.4351 Atlanta, GA – 4th Saturday, 11:00 a.m., St. Peter Missionary Baptist Church, 1558 Venetian Dr. SW, Atlanta, 30311 Contact: Barbara Gadson, 470-791-4332 Augusta, GA – 4th Tuesday, 6:00 p.m. Clubhouse at Brandon Wilde, 4275 Owens Rd, in Evans, GA. The meetings are also available on Zoom., Contact: James: Austell, GA – 4th Tuesday, 11:00 a.m., Presbyterian Village Senior Center, 2000 East-West Connector, Austell, GA 30106, Contact: Andrea Beitler, PTA, 770-819-7003 Austell, GA – 3rd Saturday, 11:00 a.m., Presbyterian Village Senior Living, 2000 East-West Connector, Austell, Contact: Andrea Beitler, PTA, 770-819-7003 Blairsville, GA, 2nd Tuesday, 2:00 p.m., in person, North Georgia Technical College, RM 414, 121 Meeks Avenue, Blairsville, GA 30512, Contact Cathy: 706-439-6467 Blue Ridge, GA – 4th Thursday, 3:00 PM, First Baptist Church Blue Ridge – Activities bldg adjacent to church, 907 East Main Street, Blue Ridge, Georgia 30513 Contact Kimerly: 904-347-1765 Columbus, GA – 2nd Tuesday, at 5:30 p.m., Columbus Speech & Hearing (Adult Side), 2424 Dbl Churches Rd., Columbus, GA Contact: emilyandbillpound@gmail.com Covington, GA – 3rd Thursday of the month, 3:00 p.m., APDA Support Group at the Benton House of Covington, Contact Kacey: 678-205-9971 Cumming, GA – 3rd Thursday of the month, 2:00 p.m., APDA Support Group at theOaks at Gracemont, 4940 Jot Em Down Road Rd., Cumming, GA 30041 Contact: LaDonna Hagan, 706-300-4002 Dacula, GA, The last Tuesday of the month, 3:00 p.m., APDA Support Group at 2089 Teron Trace suite 135, Dacula, Ga 30019 Contact: Janet 404-909-2948. Dacula, GA, 2nd Thursday of the month, 5:00 p.m., APDA Support Group at Dacula UMC, 2655 Fence Rd, Dacula, GA 30019 Contact: Janet 404-909-2948 Griffin, GA – 3rd Wednesday, 1:30 p.m. Contact Jackie: 678-603-0703 Lawrenceville, GA – 2nd Saturday, 11:00 a.m. to 12:00 p.m.New Jerusalem Baptist Church, 420 E. Crogan St., Lawrenceville, GA, 30046Contact: Barbara Gadson, APDA Information & Referral Coordinator: 470-791-4332 Macon, GA – 3rd Thursday, 2:00 p.m. Room 1, Atrium Health Navicent Wellness Center, 3797 Northside Drive, Macon, GA 31210. Open to everyone: PwP, care partners & family of PwP, email: mid.ga.pdsg@gmail.com. Marietta, 1st Monday, 2:00 p.m. Contact Dawn: 770-722-7641 Care Partner Support Group, meets at 2881 Canton Rd, Marietta, GA 30066. Marietta, 2nd Monday, 6:00 p.m. PD Life Support Group – Kennestone Outpatient Neuro Rehab 100 Lacy St., Bldg 220 Marietta, GA 30060 Contact: Celina Parkman, parkinsonsupport@wellstar.org McDonough, GA – 1st Thursday, 10:00 a.m., Heritage Senior Center, 1050 Florence McGarity Blvd, McDonough, GA 30252 Contact: Barbara Gadson, 470-791-4332 or bgadson@msm.edu Newnan, GA, 2nd Tuesday, 2:30 p.m., Contact Barbara Mooney: 404-325-2020, 33 Greenville St., Newnan, GA Peachtree City, GA – 1st Wednesday, Care Partners Support Group, 1:00 p.m.Contact Pam: 770-487-4444, Rome, GA – 3rd Thursday, 6:00 p.m., contact Rich: 706-291-8561, rtcarman47@gmail.com, or Kate: 404-405-9628, knagy01@gmail.com, Brookdale Senior Living, 180 Woodrow Wilson Way, NW, Rome, GA 30165 Sandy Springs – 4th Thursday, 1pm CFMC Gym, 6667 Vernon Woods Drive Suite A16, Sandy Springs 30328 Savannah, GA – 3rd Monday, 5:30 pm, Marsh Auditorium, Candler Hospital5353 Reynolds Street, Savannah, GA 31405Please contact Katy Harne for more information at 912.663.6803 or harneka@sjchs.org. Snellville, GA – 2nd Thursday, 10:30 a.m., Contact Bill: 770-978-1433 In person, Sheridan Eastside, 1900 Tree Lane, Snellville, GA 30078Statesboro, GA – 3rd Wednesday, 5:00 pm, Action Pact Center, 235 Granade StreetStatesboro, GA 30458 Please contact Katy Harne for more information at912.663.6803 or harneka@sjchs.org. St. Simon’s Island, GA – 1st Thursday, 1:00 pm meet and greet, 1:30 pm til 2:30pm, meeting with guest speaker. St. Simons United Methodist Church, Thorpe Bldg., 624 Ocean Blvd., St. Simons Island, GA 31522. Contact: glynncountyparkinsons@gmail.com Website: www.GCParkinsons.org For more details on any of these support groups, please contact Barbara Mooney:Email: apdaga@apdaparkinson.org Phone: 404-325-2020","Simons Island, GA, United States","Simons Island, GA, United States",United States,Find a Parkinson’s Support Group in Georgia Near You | Information and Referral | Parkinson's Care,English | Spanish,hybrid,true,official_directory_import,0,0,https://www.apdaparkinson.org/community/georgia/resources-support-ga/support-groups-2/,emilyandbillpound@gmail.com,,APDA Georgia,support-groups,American Parkinson Disease Association,"Simons Island, GA, United States",Simons Island,GA,31522,https://www.apdaparkinson.org/community/georgia/resources/resources-support-ga/support-groups-2/,2026-03-28T05:36:55.024Z
apda-community,APDA Community,www.apdaparkinson.org/community/georgia/resources/,georgia-resources-support-groups,Resources,Referral Center,Local Resources,"Resources Local Resources APDA GEORGIA CHAPTER SUPPORT GROUPSFind a Movement Disorder Specialist in your area APDA Information & Referral Coordinator, Barbara Gadson, CHW, BGadson@msm.eduMorehouse School of Medicine, 470-791-4332 Georgia Cares is a private-public partnership, administered by the Georgia Department of Human Services (DHS) Division of Aging Services (DAS). Georgia Cares is a volunteer-based program that provides free, unbiased and factual information and assistance to Medicare beneficiaries and SMP (formerly Senior Medicare Patrol). Georgia Cares local office: 1-866-55AGING (1-866-552-4464) Clinical Trials Participate in a Clinical Trial | American Parkinson Disease Assoc. (apdaparkinson.org) National Resources APDA National Helpline 800-223-2732 Help with Medicare Prescription Drug Plan Costs The Social Security Administration (SSA) launched a new strategy to inform relatives and caregivers of low-income Medicare beneficiaries about the “extra help” available to assist them with the cost of the Prescription Drug Program. Extra Help with Medicare prescription drug costs! Depending on your income and resources, you may be able to get help paying for your premiums, annual deductible, and the cost of medications covered by your plan, with an average value of $5,100 per year. socialsecurity.gov/extrahelp Medicare Prescription Drug Extra Help Online Application Find your Social Security Office Here: Local Social Security Office: 1-800-772-1213/TTY: 1-800-325-0778 from 7 am -7pm","Georgia, United States","Georgia, United States",United States,Resources | APDA GEORGIA CHAPTER SUPPORT GROUPSFind a Movement Disorder Specialist in your area | Information and Referral | Parkinson's Care,,virtual,true,official_directory_import,0,0,https://www.apdaparkinson.org/community/georgia/resources-support-ga/resources/,bgadson@msm.edu,,APDA Georgia,support-groups,American Parkinson Disease Association,"Georgia, United States",,Georgia,,https://www.apdaparkinson.org/community/georgia/resources/,2026-03-28T05:36:55.024Z
apda-community,APDA Community,www.apdaparkinson.org/community/georgia/resources-support-ga/,georgia-apda-information-and-referral-center-at-morehouse-school-of-medicine-support-groups,APDA Information & Referral Center at Morehouse School of Medicine,Referral Center,Imported from APDA Georgia community resources.,"Local Parkinson’s Resources & Classes in Georgia APDA Information & Referral Center at Morehouse School of Medicine The Information & Referral (I&R) Center at Morehouse School of Medicine serves as a resource to the local community for referrals and education on Parkinson’s disease. As a part of the country’s largest grass roots organization providing the support, education, and research that will help everyone impacted by Parkinson’s disease live life to the fullest. Local Support Groups APDA Georgia has dozens of support groups around the state. Find a Parkinson’s support group near you. SMART PATIENTS A Parkinson’s Disease Community In partnership with the American Parkinson Disease Association","Georgia, United States","Georgia, United States",United States,Local Parkinson’s Resources & Classes in Georgia | APDA Information & Referral Center at Morehouse School of Medicine | Local Support Groups | SMART PATIENTS | Educational Programs | Exercise Classes | Resources – A Comprehensive Listing | Learn More | Information and Referral | Parkinson's Care,,in-person,true,official_directory_import,0,0,https://www.apdaparkinson.org/community/georgia/resources-support-ga/,apdaga@apdaparkinson.org,404-325-2020,APDA Georgia,support-groups,American Parkinson Disease Association,"Georgia, United States",,Georgia,,https://www.apdaparkinson.org/community/georgia/resources-support-ga/,2026-03-28T05:36:55.024Z
apda-community,APDA Community,www.apdaparkinson.org/community/georgia/resources-support-ga/exercise-classes/,georgia-community-exercise-programs-for-persons-living-with-parkinson-s-disease-resource-page,Community Exercise Programs for persons living with Parkinson’s Disease,Exercise Program,"Starting or continuing a schedule of regular exercise can make a big difference in your mobility, both in the short and long term. People with PD also report the physical (and mental) benefits of swimming, cycling, dancing, and even non-contact boxing. In fact, several research studies have shown that regular exercise routines of walking, strength training, or Tai Chi can help to maintain, or even improve, mobility, balance, and coordination in people with PD. Learn more about managing symptoms through exercise","Community Exercise Programs for persons living with Parkinson’s Disease Starting or continuing a schedule of regular exercise can make a big difference in your mobility, both in the short and long term. People with PD also report the physical (and mental) benefits of swimming, cycling, dancing, and even non-contact boxing. In fact, several research studies have shown that regular exercise routines of walking, strength training, or Tai Chi can help to maintain, or even improve, mobility, balance, and coordination in people with PD. Learn more about managing symptoms through exercise","Georgia, United States","Georgia, United States",United States,Community Exercise Programs for persons living with Parkinson’s Disease | Exercise | Wellness | Parkinson's Care,,in-person,true,official_directory_import,0,0,https://www.apdaparkinson.org/community/georgia/resources-support-ga/exercise-classes/,,,APDA Georgia,resource-page,American Parkinson Disease Association,"Georgia, United States",,Georgia,,https://www.apdaparkinson.org/community/georgia/resources-support-ga/exercise-classes/,2026-03-28T05:36:55.024Z
apda-community,APDA Community,www.apdaparkinson.org/community/georgia/resources-support-ga/education-meetings/,georgia-apda-georgia-education-resource-page,APDA Georgia Education,Education Event,American Parkinson Disease Association Georgia Chapter presents educational meetings. Check the APDA Virtual Calendar for much more! In Case You Missed it,"APDA Georgia Education American Parkinson Disease Association Georgia Chapter presents educational meetings. Check the APDA Virtual Calendar for much more! In Case You Missed it Educational Webinar Archives – click title to view: An Interview with Dr. Michael Okun The Parkinson’s Plan: An New Path to Prevention and TreatmentView archived webinar HERE Passcode: +mysO+2r Tools for an Active Life – Saturday, January 11, 2025 “Working with PD – Challenges and Resources” – View archived webinar HERE “Living Solo with Parkinson’s Disease” – View archived webinar HERE “Having the Hard Conversations” – View archived","Georgia, United States","Georgia, United States",United States,APDA Georgia Education | Educational Webinar Archives – click title to view: | Education | Community Event | Parkinson's Care,,virtual,true,official_directory_import,0,0,https://www.apdaparkinson.org/community/georgia/resources-support-ga/education-meetings/,,,APDA Georgia,resource-page,American Parkinson Disease Association,"Georgia, United States",,Georgia,,https://www.apdaparkinson.org/community/georgia/resources-support-ga/education-meetings/,2026-03-28T05:36:55.024Z
apda-community,APDA Community,www.apdaparkinson.org/community/georgia/resources-support-ga/resources/,georgia-resources-support-groups,Resources,Referral Center,Local Resources,"Resources Local Resources APDA GEORGIA CHAPTER SUPPORT GROUPSFind a Movement Disorder Specialist in your area APDA Information & Referral Coordinator, Barbara Gadson, CHW, BGadson@msm.eduMorehouse School of Medicine, 470-791-4332 Georgia Cares is a private-public partnership, administered by the Georgia Department of Human Services (DHS) Division of Aging Services (DAS). Georgia Cares is a volunteer-based program that provides free, unbiased and factual information and assistance to Medicare beneficiaries and SMP (formerly Senior Medicare Patrol). Georgia Cares local office: 1-866-55AGING (1-866-552-4464) Clinical Trials Participate in a Clinical Trial | American Parkinson Disease Assoc. (apdaparkinson.org) National Resources APDA National Helpline 800-223-2732 Help with Medicare Prescription Drug Plan Costs The Social Security Administration (SSA) launched a new strategy to inform relatives and caregivers of low-income Medicare beneficiaries about the “extra help” available to assist them with the cost of the Prescription Drug Program. Extra Help with Medicare prescription drug costs! Depending on your income and resources, you may be able to get help paying for your premiums, annual deductible, and the cost of medications covered by your plan, with an average value of $5,100 per year. socialsecurity.gov/extrahelp Medicare Prescription Drug Extra Help Online Application Find your Social Security Office Here: Local Social Security Office: 1-800-772-1213/TTY: 1-800-325-0778 from 7 am -7pm","Georgia, United States","Georgia, United States",United States,Resources | APDA GEORGIA CHAPTER SUPPORT GROUPSFind a Movement Disorder Specialist in your area | Information and Referral | Parkinson's Care,,virtual,true,official_directory_import,0,0,https://www.apdaparkinson.org/community/georgia/resources-support-ga/resources/,bgadson@msm.edu,,APDA Georgia,support-groups,American Parkinson Disease Association,"Georgia, United States",,Georgia,,https://www.apdaparkinson.org/community/georgia/resources-support-ga/resources/,2026-03-28T05:36:55.024Z
apda-community,APDA Community,www.apdaparkinson.org/community/georgia/resources-support-ga/support-groups-2/,georgia-find-a-parkinson-s-support-group-in-georgia-near-you-31522,Find a Parkinson’s Support Group in Georgia Near You,Referral Center,"One of the most important goals of the APDA Georgia Chapter is to bring vital support groups to areas near you. Being a part of a support group is an important step in maintaining an active and positive lifestyle. If you are in an area that does not have a support group, contact us and we will help you get the support you need. We invite you to join us for a virtual meeting via ZOOM! Click the meeting below to join at the scheduled date and time or browse the list for an in-person meeting. ***For more details on any of these support groups, please contact Barbara Mooney:Email: apdaga@apdaparkinson.org Phone: 404-325-2020 Additional support is available through the American Parkinson Disease Association “Smart Patients” Community. REGISTER VIRTUAL: Just for teens: A Parkinson’s Disease Support GroupFirst Thursday of Every Month, 7 – 8 PM ET, 6 – 7 PM CT, 4 – 5 PM PTA virtual program, (via Zoom)Registration is required: Email Anushka Shiell, MS, at ashiell@apdaparkinson.org APDA Young Onset Support Group, 2nd Tuesday, 7:00 PM, Contact: Jeff Muse, 706-340-4951, jefflmuse@yahoo.com APDA Care Partner Support Group, click for ZOOM link, 4th Wednesday, 2:00 p.m. Contact Barbara Mooney: 404-325-2020 APDA People With PD and Their Families Support Group, 4th Thursday, 2:00 p.m.For information contact: Paul Tom at 404-384-4685Families Living with PD Support Group, ZOOM Support Group2nd Sunday, 4:00 p.m. Contact Barbara Mooney – 404-325-2020 Virtual Support in Spanish – The monthly meetings will be held via Zoom. The meetings will be held on the following days: First Wednesday of each month Third Saturday of each month Time: 12:00 p.m. (Eastern Time – ET) 11:00 a.m. (Central Time – CT) 9:00 a.m. (Pacific Time – PT)Pre-registration is required so that we can send you the link days before the meeting, either by email or text message. To register or for more information, please contact Vanessa Vicente:561-214-2856 or vvicente@apdaparkinson.org IN-PERSON GROUPS: Alpharetta, GA – 2nd Thursday, 2:00 p.m., Alpharetta Adult Activity Center – 13450 Cogburn Rd., (inside North Park), Alpharetta. Contact: Dawna 770-343-6235, ask for support group information. Alpharetta, GA – 4th Thursday, 1:15 p.m. The Mansions at Alpharetta, 3700 Brookside Parkway, Alpharetta, GA 30022, Contact: Jill Albert, 470-538-9800 Athens, GA – 2nd Friday, 1:00 p.m., Contact Gayle for questions: gpnoblet@bellsouth.net Atlanta, APDA Information and Referral Center – 1st Tuesday, 11:00 a.m. – 1:00 p.m. Grady Memorial Hospital, 80 Jesse Hill Jr. Dr. SE 8th floor Conference Room (D) Hallway. Contact: Barbara Gadson 470-791-4332 Atlanta, GA – 1st Wednesday of each month, 1:00 p.m. Huntcliff Summit Senior Living, 8592 Roswell, RD., Atlanta, GA 30350 Contact: APDA Georgia Chapter with questions, 404-325-2020 Atlanta, GA – 3rd Tuesday, 1:00 p.m. – 3:00 p.m. The Episcopal Church of the Epiphany, 2089 Ponce de Leon Ave., NE, Atlanta, GA 30307 Contact: APDA Georgia Chapter with questions, 404-325-2020 Atlanta, GA – 2nd Wednesday, 12:00 p.m., Buckhead-Movers and Shakers, Ptree Rd Methodist Church, 3180 Ptree Rd., Contact: Rosemary 404-630-1462 Atlanta, GA – 2nd Thursday, 6:00 p.m., Peachtree Hills Place, 2245 Virginia Place NE, Atlanta, GA 30305Contact: Neeta: 678.272.4351 Atlanta, GA – 4th Saturday, 11:00 a.m., St. Peter Missionary Baptist Church, 1558 Venetian Dr. SW, Atlanta, 30311 Contact: Barbara Gadson, 470-791-4332 Augusta, GA – 4th Tuesday, 6:00 p.m. Clubhouse at Brandon Wilde, 4275 Owens Rd, in Evans, GA. The meetings are also available on Zoom., Contact: James: Austell, GA – 4th Tuesday, 11:00 a.m., Presbyterian Village Senior Center, 2000 East-West Connector, Austell, GA 30106, Contact: Andrea Beitler, PTA, 770-819-7003 Austell, GA – 3rd Saturday, 11:00 a.m., Presbyterian Village Senior Living, 2000 East-West Connector, Austell, Contact: Andrea Beitler, PTA, 770-819-7003 Blairsville, GA, 2nd Tuesday, 2:00 p.m., in person, North Georgia Technical College, RM 414, 121 Meeks Avenue, Blairsville, GA 30512, Contact Cathy: 706-439-6467 Blue Ridge, GA – 4th Thursday, 3:00 PM, First Baptist Church Blue Ridge – Activities bldg adjacent to church, 907 East Main Street, Blue Ridge, Georgia 30513 Contact Kimerly: 904-347-1765 Columbus, GA – 2nd Tuesday, at 5:30 p.m., Columbus Speech & Hearing (Adult Side), 2424 Dbl Churches Rd., Columbus, GA Contact: emilyandbillpound@gmail.com Covington, GA – 3rd Thursday of the month, 3:00 p.m., APDA Support Group at the Benton House of Covington, Contact Kacey: 678-205-9971 Cumming, GA – 3rd Thursday of the month, 2:00 p.m., APDA Support Group at theOaks at Gracemont, 4940 Jot Em Down Road Rd., Cumming, GA 30041 Contact: LaDonna Hagan, 706-300-4002 Dacula, GA, The last Tuesday of the month, 3:00 p.m., APDA Support Group at 2089 Teron Trace suite 135, Dacula, Ga 30019 Contact: Janet 404-909-2948. Dacula, GA, 2nd Thursday of the month, 5:00 p.m., APDA Support Group at Dacula UMC, 2655 Fence Rd, Dacula, GA 30019 Contact: Janet 404-909-2948 Griffin, GA – 3rd Wednesday, 1:30 p.m. Contact Jackie: 678-603-0703 Lawrenceville, GA – 2nd Saturday, 11:00 a.m. to 12:00 p.m.New Jerusalem Baptist Church, 420 E. Crogan St., Lawrenceville, GA, 30046Contact: Barbara Gadson, APDA Information & Referral Coordinator: 470-791-4332 Macon, GA – 3rd Thursday, 2:00 p.m. Room 1, Atrium Health Navicent Wellness Center, 3797 Northside Drive, Macon, GA 31210. Open to everyone: PwP, care partners & family of PwP, email: mid.ga.pdsg@gmail.com. Marietta, 1st Monday, 2:00 p.m. Contact Dawn: 770-722-7641 Care Partner Support Group, meets at 2881 Canton Rd, Marietta, GA 30066. Marietta, 2nd Monday, 6:00 p.m. PD Life Support Group – Kennestone Outpatient Neuro Rehab 100 Lacy St., Bldg 220 Marietta, GA 30060 Contact: Celina Parkman, parkinsonsupport@wellstar.org McDonough, GA – 1st Thursday, 10:00 a.m., Heritage Senior Center, 1050 Florence McGarity Blvd, McDonough, GA 30252 Contact: Barbara Gadson, 470-791-4332 or bgadson@msm.edu Newnan, GA, 2nd Tuesday, 2:30 p.m., Contact Barbara Mooney: 404-325-2020, 33 Greenville St., Newnan, GA Peachtree City, GA – 1st Wednesday, Care Partners Support Group, 1:00 p.m.Contact Pam: 770-487-4444, Rome, GA – 3rd Thursday, 6:00 p.m., contact Rich: 706-291-8561, rtcarman47@gmail.com, or Kate: 404-405-9628, knagy01@gmail.com, Brookdale Senior Living, 180 Woodrow Wilson Way, NW, Rome, GA 30165 Sandy Springs – 4th Thursday, 1pm CFMC Gym, 6667 Vernon Woods Drive Suite A16, Sandy Springs 30328 Savannah, GA – 3rd Monday, 5:30 pm, Marsh Auditorium, Candler Hospital5353 Reynolds Street, Savannah, GA 31405Please contact Katy Harne for more information at 912.663.6803 or harneka@sjchs.org. Snellville, GA – 2nd Thursday, 10:30 a.m., Contact Bill: 770-978-1433 In person, Sheridan Eastside, 1900 Tree Lane, Snellville, GA 30078Statesboro, GA – 3rd Wednesday, 5:00 pm, Action Pact Center, 235 Granade StreetStatesboro, GA 30458 Please contact Katy Harne for more information at912.663.6803 or harneka@sjchs.org. St. Simon’s Island, GA – 1st Thursday, 1:00 pm meet and greet, 1:30 pm til 2:30pm, meeting with guest speaker. St. Simons United Methodist Church, Thorpe Bldg., 624 Ocean Blvd., St. Simons Island, GA 31522. Contact: glynncountyparkinsons@gmail.com Website: www.GCParkinsons.org For more details on any of these support groups, please contact Barbara Mooney:Email: apdaga@apdaparkinson.org Phone: 404-325-2020","Find a Parkinson’s Support Group in Georgia Near You One of the most important goals of the APDA Georgia Chapter is to bring vital support groups to areas near you. Being a part of a support group is an important step in maintaining an active and positive lifestyle. If you are in an area that does not have a support group, contact us and we will help you get the support you need. We invite you to join us for a virtual meeting via ZOOM! Click the meeting below to join at the scheduled date and time or browse the list for an in-person meeting. ***For more details on any of these support groups, please contact Barbara Mooney:Email: apdaga@apdaparkinson.org Phone: 404-325-2020 Additional support is available through the American Parkinson Disease Association “Smart Patients” Community. REGISTER VIRTUAL: Just for teens: A Parkinson’s Disease Support GroupFirst Thursday of Every Month, 7 – 8 PM ET, 6 – 7 PM CT, 4 – 5 PM PTA virtual program, (via Zoom)Registration is required: Email Anushka Shiell, MS, at ashiell@apdaparkinson.org APDA Young Onset Support Group, 2nd Tuesday, 7:00 PM, Contact: Jeff Muse, 706-340-4951, jefflmuse@yahoo.com APDA Care Partner Support Group, click for ZOOM link, 4th Wednesday, 2:00 p.m. Contact Barbara Mooney: 404-325-2020 APDA People With PD and Their Families Support Group, 4th Thursday, 2:00 p.m.For information contact: Paul Tom at 404-384-4685Families Living with PD Support Group, ZOOM Support Group2nd Sunday, 4:00 p.m. Contact Barbara Mooney – 404-325-2020 Virtual Support in Spanish – The monthly meetings will be held via Zoom. The meetings will be held on the following days: First Wednesday of each month Third Saturday of each month Time: 12:00 p.m. (Eastern Time – ET) 11:00 a.m. (Central Time – CT) 9:00 a.m. (Pacific Time – PT)Pre-registration is required so that we can send you the link days before the meeting, either by email or text message. To register or for more information, please contact Vanessa Vicente:561-214-2856 or vvicente@apdaparkinson.org IN-PERSON GROUPS: Alpharetta, GA – 2nd Thursday, 2:00 p.m., Alpharetta Adult Activity Center – 13450 Cogburn Rd., (inside North Park), Alpharetta. Contact: Dawna 770-343-6235, ask for support group information. Alpharetta, GA – 4th Thursday, 1:15 p.m. The Mansions at Alpharetta, 3700 Brookside Parkway, Alpharetta, GA 30022, Contact: Jill Albert, 470-538-9800 Athens, GA – 2nd Friday, 1:00 p.m., Contact Gayle for questions: gpnoblet@bellsouth.net Atlanta, APDA Information and Referral Center – 1st Tuesday, 11:00 a.m. – 1:00 p.m. Grady Memorial Hospital, 80 Jesse Hill Jr. Dr. SE 8th floor Conference Room (D) Hallway. Contact: Barbara Gadson 470-791-4332 Atlanta, GA – 1st Wednesday of each month, 1:00 p.m. Huntcliff Summit Senior Living, 8592 Roswell, RD., Atlanta, GA 30350 Contact: APDA Georgia Chapter with questions, 404-325-2020 Atlanta, GA – 3rd Tuesday, 1:00 p.m. – 3:00 p.m. The Episcopal Church of the Epiphany, 2089 Ponce de Leon Ave., NE, Atlanta, GA 30307 Contact: APDA Georgia Chapter with questions, 404-325-2020 Atlanta, GA – 2nd Wednesday, 12:00 p.m., Buckhead-Movers and Shakers, Ptree Rd Methodist Church, 3180 Ptree Rd., Contact: Rosemary 404-630-1462 Atlanta, GA – 2nd Thursday, 6:00 p.m., Peachtree Hills Place, 2245 Virginia Place NE, Atlanta, GA 30305Contact: Neeta: 678.272.4351 Atlanta, GA – 4th Saturday, 11:00 a.m., St. Peter Missionary Baptist Church, 1558 Venetian Dr. SW, Atlanta, 30311 Contact: Barbara Gadson, 470-791-4332 Augusta, GA – 4th Tuesday, 6:00 p.m. Clubhouse at Brandon Wilde, 4275 Owens Rd, in Evans, GA. The meetings are also available on Zoom., Contact: James: Austell, GA – 4th Tuesday, 11:00 a.m., Presbyterian Village Senior Center, 2000 East-West Connector, Austell, GA 30106, Contact: Andrea Beitler, PTA, 770-819-7003 Austell, GA – 3rd Saturday, 11:00 a.m., Presbyterian Village Senior Living, 2000 East-West Connector, Austell, Contact: Andrea Beitler, PTA, 770-819-7003 Blairsville, GA, 2nd Tuesday, 2:00 p.m., in person, North Georgia Technical College, RM 414, 121 Meeks Avenue, Blairsville, GA 30512, Contact Cathy: 706-439-6467 Blue Ridge, GA – 4th Thursday, 3:00 PM, First Baptist Church Blue Ridge – Activities bldg adjacent to church, 907 East Main Street, Blue Ridge, Georgia 30513 Contact Kimerly: 904-347-1765 Columbus, GA – 2nd Tuesday, at 5:30 p.m., Columbus Speech & Hearing (Adult Side), 2424 Dbl Churches Rd., Columbus, GA Contact: emilyandbillpound@gmail.com Covington, GA – 3rd Thursday of the month, 3:00 p.m., APDA Support Group at the Benton House of Covington, Contact Kacey: 678-205-9971 Cumming, GA – 3rd Thursday of the month, 2:00 p.m., APDA Support Group at theOaks at Gracemont, 4940 Jot Em Down Road Rd., Cumming, GA 30041 Contact: LaDonna Hagan, 706-300-4002 Dacula, GA, The last Tuesday of the month, 3:00 p.m., APDA Support Group at 2089 Teron Trace suite 135, Dacula, Ga 30019 Contact: Janet 404-909-2948. Dacula, GA, 2nd Thursday of the month, 5:00 p.m., APDA Support Group at Dacula UMC, 2655 Fence Rd, Dacula, GA 30019 Contact: Janet 404-909-2948 Griffin, GA – 3rd Wednesday, 1:30 p.m. Contact Jackie: 678-603-0703 Lawrenceville, GA – 2nd Saturday, 11:00 a.m. to 12:00 p.m.New Jerusalem Baptist Church, 420 E. Crogan St., Lawrenceville, GA, 30046Contact: Barbara Gadson, APDA Information & Referral Coordinator: 470-791-4332 Macon, GA – 3rd Thursday, 2:00 p.m. Room 1, Atrium Health Navicent Wellness Center, 3797 Northside Drive, Macon, GA 31210. Open to everyone: PwP, care partners & family of PwP, email: mid.ga.pdsg@gmail.com. Marietta, 1st Monday, 2:00 p.m. Contact Dawn: 770-722-7641 Care Partner Support Group, meets at 2881 Canton Rd, Marietta, GA 30066. Marietta, 2nd Monday, 6:00 p.m. PD Life Support Group – Kennestone Outpatient Neuro Rehab 100 Lacy St., Bldg 220 Marietta, GA 30060 Contact: Celina Parkman, parkinsonsupport@wellstar.org McDonough, GA – 1st Thursday, 10:00 a.m., Heritage Senior Center, 1050 Florence McGarity Blvd, McDonough, GA 30252 Contact: Barbara Gadson, 470-791-4332 or bgadson@msm.edu Newnan, GA, 2nd Tuesday, 2:30 p.m., Contact Barbara Mooney: 404-325-2020, 33 Greenville St., Newnan, GA Peachtree City, GA – 1st Wednesday, Care Partners Support Group, 1:00 p.m.Contact Pam: 770-487-4444, Rome, GA – 3rd Thursday, 6:00 p.m., contact Rich: 706-291-8561, rtcarman47@gmail.com, or Kate: 404-405-9628, knagy01@gmail.com, Brookdale Senior Living, 180 Woodrow Wilson Way, NW, Rome, GA 30165 Sandy Springs – 4th Thursday, 1pm CFMC Gym, 6667 Vernon Woods Drive Suite A16, Sandy Springs 30328 Savannah, GA – 3rd Monday, 5:30 pm, Marsh Auditorium, Candler Hospital5353 Reynolds Street, Savannah, GA 31405Please contact Katy Harne for more information at 912.663.6803 or harneka@sjchs.org. Snellville, GA – 2nd Thursday, 10:30 a.m., Contact Bill: 770-978-1433 In person, Sheridan Eastside, 1900 Tree Lane, Snellville, GA 30078Statesboro, GA – 3rd Wednesday, 5:00 pm, Action Pact Center, 235 Granade StreetStatesboro, GA 30458 Please contact Katy Harne for more information at912.663.6803 or harneka@sjchs.org. St. Simon’s Island, GA – 1st Thursday, 1:00 pm meet and greet, 1:30 pm til 2:30pm, meeting with guest speaker. St. Simons United Methodist Church, Thorpe Bldg., 624 Ocean Blvd., St. Simons Island, GA 31522. Contact: glynncountyparkinsons@gmail.com Website: www.GCParkinsons.org For more details on any of these support groups, please contact Barbara Mooney:Email: apdaga@apdaparkinson.org Phone: 404-325-2020","Simons Island, GA, United States","Simons Island, GA, United States",United States,Find a Parkinson’s Support Group in Georgia Near You | Information and Referral | Parkinson's Care,English | Spanish,hybrid,true,official_directory_import,0,0,https://www.apdaparkinson.org/community/georgia/resources-support-ga/support-groups-2/,emilyandbillpound@gmail.com,,APDA Georgia,support-groups,American Parkinson Disease Association,"Simons Island, GA, United States",Simons Island,GA,31522,https://www.apdaparkinson.org/community/georgia/resources-support-ga/support-groups-2/,2026-03-28T05:36:55.025Z
apda-community,APDA Community,www.apdaparkinson.org/community/georgia/resources-support-ga/georgia-i-r-center-at-morehouse-school-of-medicine/,georgia-apda-information-and-referral-center-at-morehouse-school-of-medicine-referral-center-page,APDA Information & Referral Center at Morehouse School of Medicine,Referral Center,Imported from APDA Georgia community resources.,"APDA Information & Referral Center at Morehouse School of Medicine APDA Information & Referral Center at Morehouse School of Medicine The Information & Referral (I&R) Center at Morehouse School of Medicine serves as a resource to the local community for referrals and education on Parkinson’s disease. As a part of the country’s largest grass roots organization providing the support, education, and research that will help everyone impacted by Parkinson’s disease live life to the fullest. Services provided by the APDA I&R center are as follows: Dedicated Support: The I&R Center provides essential support and resources to individuals with Parkinson’s disease and their care partners in Georgia and neighboring states, such as Tennessee and Florida. Expansion of Services: Our I&R Center has developed an all-Black Parkinson’s disease support group, addressing the specific needs and challenges faced by the African American community. We have also established additional support groups throughout the metro Atlanta area, ensuring widespread access to supportive resources. We visit senior centers, county libraries, and hospitals, to extend the reach of our services and ensure that more seniors are aware of our resources. Direct Assistance: The I&R Center receives and responds to calls from the Parkinson’s community, providing personalized guidance and resources. Contact Information Chantale Branson, MD, Medical Director Barbara GadsonAPDA Information and Referral Coordinator470-791-4332 – I&R Center404-616-3882 – OfficeBGadson@msm.edu80 Jesse Hill Jr Dr. SE8C Neuroscience Outpatient CenterAtlanta, Ga 30303","Georgia, United States","Georgia, United States",United States,APDA Information & Referral Center at Morehouse School of Medicine | Services provided by the APDA I&R center are as follows: | Contact Information | Information and Referral | Parkinson's Care,,in-person,true,official_directory_import,0,0,https://www.apdaparkinson.org/community/georgia/resources-support-ga/georgia-i-r-center-at-morehouse-school-of-medicine/,bgadson@msm.edu,,APDA Georgia,referral-center-page,American Parkinson Disease Association,"Georgia, United States",,Georgia,,https://www.apdaparkinson.org/community/georgia/resources-support-ga/georgia-i-r-center-at-morehouse-school-of-medicine/,2026-03-28T05:36:55.025Z
apda-community,APDA Community,www.apdaparkinson.org/community/illinois/upcoming-chapter-events/,illinois-upcoming-illinois-chapter-events-60137,Upcoming Illinois Chapter Events,Exercise Program,Imported from APDA Illinois community resources.,"Upcoming Illinois Chapter Events Chicagoland and Surrounding Areas: Connecting Through Art Where: Home Watch Caregivers of Northshore 900 Skokie Blvd #126, Northbrook, IL 60062 900 Skokie Blvd #126, Northbrook, IL 60062 Date/Time: Thursday, April 30th from 10:00 am – 12:00 pm Connecting Through Art is a creative arts program for people with Parkinson’s disease that encourages self-expression, connection, and creativity through drawing and painting. Led by art therapist Emily Wells of Here & Now Mental Wellness, participants will be guided through a virtual painting activity and have the opportunity to share reflections with others. The program is free to attend, with donations appreciated to support our mission. Calm the Mind, Support the BodyHolistic Approaches to Parkinson’s An APDA Parkinson’s Education Program Where: Glen Ellyn Public Library, North & South Meeting Rm. 400 Duane Street, Glen Ellyn, IL 60137 400 Duane Street, Glen Ellyn, IL 60137 Date/Time: Tuesday, May 12th – 1:00 – 2:30 pm Join APDA for an education program with Dr. Jennifer Stelter, Psy.D., Clinical Psychologist. This session explores how holistic approaches can support people living with Parkinson’s disease by addressing the connection between mind, mood, stress, and symptoms.","Glen Ellyn, IL, United States","Glen Ellyn, IL, United States",United States,"Upcoming Illinois Chapter Events | Chicagoland and Surrounding Areas: | Connecting Through Art | Calm the Mind, Support the BodyHolistic Approaches to Parkinson’s | APDA Chicagoland Optimism Walk | APDA Strictly Social | Exercise | Wellness | Parkinson's Care",,virtual,true,official_directory_import,0,0,https://www.apdaparkinson.org/community/illinois/upcoming-chapter-events/,,,APDA Illinois,resource-page,American Parkinson Disease Association,"Glen Ellyn, IL, United States",Glen Ellyn,IL,60137,https://www.apdaparkinson.org/community/illinois/upcoming-chapter-events/,2026-03-28T05:36:55.025Z
apda-community,APDA Community,www.apdaparkinson.org/community/illinois/il-resources-support/get-your-apdail-welcome-packet/,illinois-get-your-apda-welcome-packet-apda-illinois-resource-page,Get Your APDA Welcome Packet | APDA Illinois,Education Event,"Whether you’ve been recently diagnosed with Parkinson’s disease or have been living with PD for years, you don’t have to navigate this journey alone. The APDA Illinois Welcome Packet is designed for people with Parkinson’s, their care partners, family, and friends — providing trusted information and support every step of the way. Inside, you’ll find: Support for both you and your loved ones Information about Parkinson’s disease Resources and programs available through APDA","Overview Whether you’ve been recently diagnosed with Parkinson’s disease or have been living with PD for years, you don’t have to navigate this journey alone. The APDA Illinois Welcome Packet is designed for people with Parkinson’s, their care partners, family, and friends — providing trusted information and support every step of the way. Inside, you’ll find: Support for both you and your loved ones Information about Parkinson’s disease Resources and programs available through APDA","Illinois, United States","Illinois, United States",United States,Education | Community Event | Parkinson's Care,,in-person,true,official_directory_import,0,0,https://www.apdaparkinson.org/community/illinois/il-resources-support/get-your-apdail-welcome-packet/,,,APDA Illinois,resource-page,American Parkinson Disease Association,"Illinois, United States",,Illinois,,https://www.apdaparkinson.org/community/illinois/il-resources-support/get-your-apdail-welcome-packet/,2026-03-28T05:36:55.025Z
apda-community,APDA Community,www.apdaparkinson.org/community/illinois/il-resources-support/wellness-programs/strictly-social/,illinois-find-upcoming-social-events-resource-page,Find Upcoming Social Events,Education Event,"Living with Parkinson’s disease doesn’t mean you have to do it alone. The American Parkinson Disease Association (APDA) invites you to join Strictly Social — a series of welcoming social events for people with Parkinson’s disease (PD) and their care partners, family members, and friends. Whether you’ve been recently diagnosed or living with PD for years, our social programs offer a fun, relaxed way to meet others in the Parkinson’s community, share stories, and create joyful moments together.","Overview Living with Parkinson’s disease doesn’t mean you have to do it alone. The American Parkinson Disease Association (APDA) invites you to join Strictly Social — a series of welcoming social events for people with Parkinson’s disease (PD) and their care partners, family members, and friends. Whether you’ve been recently diagnosed or living with PD for years, our social programs offer a fun, relaxed way to meet others in the Parkinson’s community, share stories, and create joyful moments together. Why Join APDA Strictly Social? You’ll meet others who understand the ups and downs of life with PD Build real connections in a low-pressure, social atmosphere Enjoy time out filled with laughter, encouragement, and camaraderie From fun socials to coffee meetups and seasonal celebrations, there’s something for everyone. These events are designed to bring people together, build community, and support living well with Parkinson’s — one good time at a time. Who Can Attend? All individuals with Parkinson’s disease, their care partners, families, and friends are welcome. Events are free and held in an accessible, friendly location. Have questions? Reach out to us today and take your first step toward connection and community. Give us a call at (708) 329-9527. Find Upcoming Social Events Location: Naperville, IL Up North Ale House: 1595 N Aurora RoadTime: First Tuesday of Every Month, 6:00 – 7:30 pmUpcoming Dates: April 7th, May 5th, June 2nd, July 7th, August 4th Location: Northbrook, ILBarnaby’s of Northbrook: 960 Skokie Blvd. Time: Third Thursday of Every Month, 12:00 – 1:00 pmUpcoming Dates: March 19th, April 16th, May 21st, June 18th, July 16, August 20th Thank you to our Northbrook PD & Pizza sponsors for making this event possible. STARTING JANUARY! Virtual Via Zoom – Second Wednesday of every month from Noon – 1:00 pm. Upcoming Meetings: March 11th, April 8th, May 13th, June 10th, July 8th, August 12th APDA in partnership with Shirley Ryan AbilityLab","Illinois, United States","Illinois, United States",United States,Why Join APDA Strictly Social? | Who Can Attend? | Find Upcoming Social Events | Education | Community Event | Parkinson's Care,,hybrid,true,official_directory_import,0,0,https://www.apdaparkinson.org/community/illinois/il-resources-support/wellness-programs/strictly-social/,,,APDA Illinois,resource-page,American Parkinson Disease Association,"Illinois, United States",,Illinois,,https://www.apdaparkinson.org/community/illinois/il-resources-support/wellness-programs/strictly-social/,2026-03-28T05:36:55.025Z
apda-community,APDA Community,www.apdaparkinson.org/community/illinois/il-resources-support/,illinois-illinois-resources-and-support-support-groups,Illinois Resources & Support,Support Group,Imported from APDA Illinois community resources.,"Illinois Resources & Support Education APDA Illinois provides Parkinson’s Education Programs throughout the year. Check out the next Education program. Support Groups Joining a support group is a great way to connect with others who understand what you are going through, learn about Parkinson disease and ways to cope with the challenges that come with having PD. Join a Group Exercise APDA Illinois provides a variety of exercise classes, including in-person, YouTube classes, and virtual exercise classes. Start exercising now.","Illinois, United States","Illinois, United States",United States,Illinois Resources & Support | Education | Support Groups | Exercise | Resource Information | Newsletter | Recursos En Español for Spanish Speakers | First Responders Parkinson’s Awareness Training Program | Support Group | Parkinson's Care,,virtual,true,official_directory_import,0,0,https://www.apdaparkinson.org/community/illinois/il-resources-support/,,800-223-2732,APDA Illinois,support-groups,American Parkinson Disease Association,"Illinois, United States",,Illinois,,https://www.apdaparkinson.org/community/illinois/il-resources-support/,2026-03-28T05:36:55.025Z
apda-community,APDA Community,www.apdaparkinson.org/community/illinois/il-resources-support/wellness-programs/,illinois-apda-strictly-social-resource-page,APDA Strictly Social,Exercise Program,"Living with Parkinson’s disease doesn’t mean you have to do it alone. The American Parkinson Disease Association (APDA) invites you to join Strictly Social — a series of welcoming social events for people with Parkinson’s disease (PD) and their care partners, family members, and friends. Whether you’ve been recently diagnosed or living with PD for years, our social programs offer a fun, relaxed way to meet others in the Parkinson’s community, share stories, and create joyful moments together. Click HERE to check out upcoming events and sign up today!","APDA Strictly Social Living with Parkinson’s disease doesn’t mean you have to do it alone. The American Parkinson Disease Association (APDA) invites you to join Strictly Social — a series of welcoming social events for people with Parkinson’s disease (PD) and their care partners, family members, and friends. Whether you’ve been recently diagnosed or living with PD for years, our social programs offer a fun, relaxed way to meet others in the Parkinson’s community, share stories, and create joyful moments together. Click HERE to check out upcoming events and sign up today! Education and Enrichment Virtual Group APDA and the University of Chicago are partnering to bring you a virtual Education and Enrichment Group. This group combines education, enrichment and exercise for those who have Parkinson’s disease. The exercise sessions include Rock Steady Boxing, tai chi, dance, yoga, a physical therapist, a speech/swallow therapist, and a nutritionist. We also offer art therapy and music therapy.1st Mondays 12:00-1:00 pm Central Time via ZoomContact: Dr. Nicole Reidy 1-773-834-1688 or nicole.reidy@uchicagomedicine.org for more information and to sign up.","Illinois, United States","Illinois, United States",United States,APDA Strictly Social | Education and Enrichment Virtual Group | Exercise | Wellness | Parkinson's Care,,virtual,true,official_directory_import,0,0,https://www.apdaparkinson.org/community/illinois/il-resources-support/wellness-programs/,nicole.reidy@uchospitals.edu,,APDA Illinois,resource-page,American Parkinson Disease Association,"Illinois, United States",,Illinois,,https://www.apdaparkinson.org/community/illinois/il-resources-support/wellness-programs/,2026-03-28T05:36:55.026Z
apda-community,APDA Community,www.apdaparkinson.org/community/illinois/il-resources-support/education/,illinois-parkinson-s-roadmap-for-education-and-support-services-resource-page,Parkinson’s Roadmap for Education and Support Services,Exercise Program,"To view all upcoming programs, visit our UPCOMING EVENTS page!","Overview To view all upcoming programs, visit our UPCOMING EVENTS page! Parkinson’s Roadmap for Education and Support Services PRESS is a free eight-week virtual education program and support program for those diagnosed with PD in the last five years and their care partners. PD-focused session topics include: What’s Next After Diagnosis Medication Management Importance of Exercise Dealing with Physical Symptoms Impact on Daily Coping and Relationships Tips for Daily Living Caring for Others, Caring for Yourself Building Your Healthcare Team Stay tuned for upcoming PRESS programs! Illinois Parkinson’s Conference Whether you’ve been newly diagnosed or living with Parkinson’s for years, you’ll gain valuable education from leading speakers, explore local resources, and connect with others who understand your journey. Be part of an incredible gathering of the PD community, where knowledge meets encouragement and optimism leads the way.2026 APDA Illinois Conference coming this Fall! Parkinson Education Programs Parkinson Education Programs are education events hosted throughout the year by the APDA – Illinois Chapter. We invite renowned speakers to address topics that are important to the Parkinson’s community. Educational events are free, thanks to our generous donors. Click HERE to view upcoming programs!","Illinois, United States","Illinois, United States",United States,Parkinson’s Roadmap for Education and Support Services | Illinois Parkinson’s Conference | Parkinson Education Programs | Exercise | Wellness | Parkinson's Care,,virtual,true,official_directory_import,0,0,https://www.apdaparkinson.org/community/illinois/il-resources-support/education/,,,APDA Illinois,resource-page,American Parkinson Disease Association,"Illinois, United States",,Illinois,,https://www.apdaparkinson.org/community/illinois/il-resources-support/education/,2026-03-28T05:36:55.026Z
apda-community,APDA Community,www.apdaparkinson.org/community/illinois/il-resources-support/support-groups/,illinois-other-community-support-groups-47906,Other Community Support Groups,Support Group,"Joining a support group is a great way to connect with others who understand what you are going through, learn about Parkinson disease and ways to cope with the challenges that come with having PD. Our support groups are for: People new to PD People who have had PD a long time People with Young Onset of PD People who are caregivers or relatives of those with PD Some groups meet via zoom and some groups meet at locations across the state. We encourage you to find the one that best meets your needs. Some groups are specifically for certain people – like care partners or those with young onset Parkinson’s. Others are open to anyone who wishes to attend. A group may invite guest speakers, plan an event or just discuss topics of interest to the participants. These support groups are led by APDA trained facilitators and are free of charge. APDA Support Groups Please be sure to call ahead to confirm schedules.","Overview Joining a support group is a great way to connect with others who understand what you are going through, learn about Parkinson disease and ways to cope with the challenges that come with having PD. Our support groups are for: People new to PD People who have had PD a long time People with Young Onset of PD People who are caregivers or relatives of those with PD Some groups meet via zoom and some groups meet at locations across the state. We encourage you to find the one that best meets your needs. Some groups are specifically for certain people – like care partners or those with young onset Parkinson’s. Others are open to anyone who wishes to attend. A group may invite guest speakers, plan an event or just discuss topics of interest to the participants. These support groups are led by APDA trained facilitators and are free of charge. APDA Support Groups Please be sure to call ahead to confirm schedules. Other Community Support Groups Arlington Heights, IL Korean American Support GroupMonthly 2nd Saturdays 10 am-NoonArlington Heights Senior Center)1801 W. Central RoadArlington Heights, IL 60005Contact: Sunghee Park, 630-667-3209 or sunghee101@gmail.comParkinson’s Club of Arlington HeightsMonthly 2nd Thursday of each month at 1:00 pm1801 W. Central RoadArlington Heights, IL 60005Contact: 847-253-5532 Chicago, IL Monthly 1st Wednesdays 3:00 pmNorthwestern, This is an virtual/online group. Once registered, you will be given information to join the group.Contact: movementdisorders@nm.org For Care Partners OnlyMonthly 2nd Wednesdays 2:00 pmThis is a virtual/online group. Once registered, you will be given information to join the group.Contact: movementdisorders@nm.org","North Salisbury Street, IN, United States","North Salisbury Street, IN, United States",United States,"Other Community Support Groups | Arlington Heights, IL | Chicago, IL | Dixon, IL | Effingham, IL | Oak Park, IL | Peoria, IL | Spring Valley, IL | Winfield, IL | Illinois – Young Onset Support Groups",,hybrid,true,official_directory_import,0,0,https://www.apdaparkinson.org/community/illinois/il-resources-support/support-groups/,nicole.reidy@uchicagomedicine.org,219-836-5381,APDA Illinois,support-groups,American Parkinson Disease Association,"North Salisbury Street, IN, United States",North Salisbury Street,IN,47906,https://www.apdaparkinson.org/community/illinois/il-resources-support/support-groups/,2026-03-28T05:36:55.026Z
apda-community,APDA Community,www.apdaparkinson.org/community/illinois/il-resources-support/resource-information/,illinois-resource-information-apda-illinois-resource-page,Resource Information | APDA Illinois,Exercise Program,"Have questions about Parkinson’s disease or looking for trusted information? We’re here to help. Give us a call to speak with someone who can connect you to reliable resources, answer your questions, and provide guidance tailored to your needs. We can mail or email educational materials, including articles, fact sheets, and resource guides, covering a wide range of Parkinson’s-related topics, such as: Parkinson’s medications Constipation and digestive health Fatigue management Balance and fall prevention Freezing of gait And much more Whether you’re living with Parkinson’s, supporting a loved one, or simply looking to learn more, help is just a phone call away. 📞 Call us at 708-329-9527","Overview Have questions about Parkinson’s disease or looking for trusted information? We’re here to help. Give us a call to speak with someone who can connect you to reliable resources, answer your questions, and provide guidance tailored to your needs. We can mail or email educational materials, including articles, fact sheets, and resource guides, covering a wide range of Parkinson’s-related topics, such as: Parkinson’s medications Constipation and digestive health Fatigue management Balance and fall prevention Freezing of gait And much more Whether you’re living with Parkinson’s, supporting a loved one, or simply looking to learn more, help is just a phone call away. 📞 Call us at 708-329-9527","Illinois, United States","Illinois, United States",United States,Exercise | Wellness | Parkinson's Care,,in-person,true,official_directory_import,0,0,https://www.apdaparkinson.org/community/illinois/il-resources-support/resource-information/,,,APDA Illinois,resource-page,American Parkinson Disease Association,"Illinois, United States",,Illinois,,https://www.apdaparkinson.org/community/illinois/il-resources-support/resource-information/,2026-03-28T05:36:55.026Z
apda-community,APDA Community,www.apdaparkinson.org/community/illinois/events-3/,illinois-saturday-june-20-2026-60567,"Saturday, June 20, 2026",Education Event,"Join us for the APDA Optimism Walk! Walkers will come together nationwide in 2026 to step forward in support of all people affected by Parkinson’s disease. Your fundraising dollars at the Illinois Optimism Walk for Parkinson’s will go directly to the local community, expanding programs and services to help more people with Parkinson’s disease live life to the fullest, and funding cutting-edge research to find better treatments and ultimately a cure.","Overview Join us for the APDA Optimism Walk! Walkers will come together nationwide in 2026 to step forward in support of all people affected by Parkinson’s disease. Your fundraising dollars at the Illinois Optimism Walk for Parkinson’s will go directly to the local community, expanding programs and services to help more people with Parkinson’s disease live life to the fullest, and funding cutting-edge research to find better treatments and ultimately a cure. Saturday, June 20, 2026 Time: 9:00 am – Check-in Opens 11:30 am – Opening Ceremony & Walk Starts Location: NAPERVILLE RIVERWALK PAVILION 912 Honorary Sindt Memorial Court | Naperville, IL Rain or shine! Dogs are NOT permitted. (Service animals only, please.) Individuals will earn our great incentive prizes along the way! Raise $100+: Receive a 2026 Optimism Walk Shirt Raise $500+: Receive an exciting limited edition APDA-branded item** Raise $1,000+: Become a Circle of Optimism Member**, where you will be recognized during the Opening Ceremony and receive a medal. Raise $2,500+ Team Incentive: teams who meet this minimum will earn a reserved picnic table at the walk!","Naperville, IL, United States","Naperville, IL, United States",United States,"Saturday, June 20, 2026 | Time: 9:00 am – Check-in Opens 11:30 am – Opening Ceremony & Walk Starts | Location: NAPERVILLE RIVERWALK PAVILION 912 Honorary Sindt Memorial Court | Naperville, IL | Sponsorship Opportunities | Make an Impact While Gaining Visibility | Thank you to all of our 2026 Optimism Walk sponsors! | Education | Community Event | Parkinson's Care",,in-person,true,official_directory_import,0,0,https://www.apdaparkinson.org/community/illinois/events-3/,,,APDA Illinois,resource-page,American Parkinson Disease Association,"Naperville, IL, United States",Naperville,IL,60567,https://www.apdaparkinson.org/community/illinois/events-3/,2026-03-28T05:36:55.026Z
apda-community,APDA Community,www.apdaparkinson.org/community/illinois/il-ways-to-give/,illinois-life-can-t-wait-for-a-cure-donate-to-the-apda-illinois-chapter-and-make-a-local-impact-resource-page,Life can’t wait for a cure. Donate to the APDA Illinois Chapter and make a local impact.,Community Resource,Imported from APDA Illinois community resources.,Life can’t wait for a cure. Donate to the APDA Illinois Chapter and make a local impact. One-time DonationAPDA Illinois Give Monthly APDA Illinois Memorials & TributesAPDA Illinois,"Illinois, United States","Illinois, United States",United States,Life can’t wait for a cure. Donate to the APDA Illinois Chapter and make a local impact. | One-time DonationAPDA Illinois | Give Monthly APDA Illinois | Memorials & TributesAPDA Illinois | BECOME AN APDA ILLINOIS FUNDRAISER | Optimism Walk Series | Create Your Own Fundraiser | ADDITIONAL WAYS TO SUPPORT APDA ILLINOIS | Community Resource | Parkinson's Care,,in-person,true,official_directory_import,0,0,https://www.apdaparkinson.org/community/illinois/il-ways-to-give/,,,APDA Illinois,resource-page,American Parkinson Disease Association,"Illinois, United States",,Illinois,,https://www.apdaparkinson.org/community/illinois/il-ways-to-give/,2026-03-28T05:36:55.026Z
apda-community,APDA Community,www.apdaparkinson.org/community/illinois/il-ways-to-give/become-a-sponsor/,illinois-sponsor-the-apda-midwest-chapter-resource-page,Sponsor the APDA Midwest Chapter,Education Event,"We’re thankful for the support of our event sponsors. Interested in partnering with APDA? Why sponsor a local APDA event? It’s a great way to support the fight against PD Show your customers that you care Connect with your target audience Foster goodwill within your community Help APDA raise the most funds possible to help people impacted by PD in your area We are looking for good partners like you! For more information about sponsorship opportunities, please complete the form below.","Sponsor the APDA Midwest Chapter We’re thankful for the support of our event sponsors. Interested in partnering with APDA? Why sponsor a local APDA event? It’s a great way to support the fight against PD Show your customers that you care Connect with your target audience Foster goodwill within your community Help APDA raise the most funds possible to help people impacted by PD in your area We are looking for good partners like you! For more information about sponsorship opportunities, please complete the form below.","Illinois, United States","Illinois, United States",United States,Sponsor the APDA Midwest Chapter | Education | Community Event | Parkinson's Care,,in-person,true,official_directory_import,0,0,https://www.apdaparkinson.org/community/illinois/il-ways-to-give/become-a-sponsor/,,,APDA Illinois,resource-page,American Parkinson Disease Association,"Illinois, United States",,Illinois,,https://www.apdaparkinson.org/community/illinois/il-ways-to-give/become-a-sponsor/,2026-03-28T05:36:55.026Z
apda-community,APDA Community,www.apdaparkinson.org/community/illinois/il-ways-to-give/il-donate/,illinois-donate-apda-illinois-resource-page,Donate | APDA Illinois,Community Resource,At APDA: We listen. We respond. Your gift turns listening into action to increase community support.,Overview At APDA: We listen. We respond. Your gift turns listening into action to increase community support.,"Illinois, United States","Illinois, United States",United States,Community Resource | Parkinson's Care,,in-person,true,official_directory_import,0,0,https://www.apdaparkinson.org/community/illinois/il-ways-to-give/il-donate/,,,APDA Illinois,resource-page,American Parkinson Disease Association,"Illinois, United States",,Illinois,,https://www.apdaparkinson.org/community/illinois/il-ways-to-give/il-donate/,2026-03-28T05:36:55.027Z
apda-community,APDA Community,www.apdaparkinson.org/community/illinois/il-ways-to-give/il-donate-montly/,illinois-donate-montly-apda-illinois-resource-page,Donate Montly | APDA Illinois,Community Resource,Make a gift today and empower people with Parkinson’s disease to live their best life!,Overview Make a gift today and empower people with Parkinson’s disease to live their best life!,"Illinois, United States","Illinois, United States",United States,Community Resource | Parkinson's Care,,in-person,true,official_directory_import,0,0,https://www.apdaparkinson.org/community/illinois/il-ways-to-give/il-donate-montly/,,,APDA Illinois,resource-page,American Parkinson Disease Association,"Illinois, United States",,Illinois,,https://www.apdaparkinson.org/community/illinois/il-ways-to-give/il-donate-montly/,2026-03-28T05:36:55.027Z
apda-community,APDA Community,www.apdaparkinson.org/community/illinois/il-ways-to-give/il-donate-monthly/,illinois-donate-monthly-apda-illinois-resource-page,Donate Monthly | APDA Illinois,Community Resource,At APDA: We listen. We respond. Your gift turns listening into action to increase community support.,Overview At APDA: We listen. We respond. Your gift turns listening into action to increase community support.,"Illinois, United States","Illinois, United States",United States,Community Resource | Parkinson's Care,,in-person,true,official_directory_import,0,0,https://www.apdaparkinson.org/community/illinois/il-ways-to-give/il-donate-monthly/,,,APDA Illinois,resource-page,American Parkinson Disease Association,"Illinois, United States",,Illinois,,https://www.apdaparkinson.org/community/illinois/il-ways-to-give/il-donate-monthly/,2026-03-28T05:36:55.027Z
apda-community,APDA Community,www.apdaparkinson.org/community/iowa/upcoming-iowa-chapter-events/,iowa-online-registration-is-available-for-all-events-and-programs-if-you-prefer-help-or-have-questions-please-call-us-at-515-207-6296-and-we-ll-be-happy-to-register-you-over-the-phone-52245,"Online registration is available for all events and programs. If you prefer help or have questions, please call us at 515-207-6296 and we’ll be happy to register you over the phone.",Support Group,Imported from APDA Iowa community resources.,"Online registration is available for all events and programs. If you prefer help or have questions, please call us at 515-207-6296 and we’ll be happy to register you over the phone. 2026 Living Well with PD: Waterloo An APDA Parkinson’s Education Program Thursday, April 9th from 12:00 – 4:00 pmLocation: Allen College – 1950 Heath Street, Waterloo, IA 5070 Get practical tools and inspiration to live well with Parkinson’s through expert-led sessions on health, exercise, symptom management, and mental well-being, plus opportunities to connect with the PD community. Parkinson’s Roadmap for Education and Support Services TWO upcoming sessions! Grimes, Iowa: Meeting weekly on Tuesdays, starting April 28th through June 16th from 10:00 am – 11:30 am Kennybrook Village: 200 SW Brookside Dr. Grimes, IA 50111 Kennybrook Village: 200 SW Brookside Dr. Grimes, IA 50111 Iowa City, Iowa: Meeting weekly on Tuesdays, starting April 7th through May 26th from 6:00 pm – 7:30 pm Parkview Church (in the Atrium) at 15 Foster Road, Iowa City, IA 52245 Parkview Church (in the Atrium) at 15 Foster Road, Iowa City, IA 52245 The APDA PRESS™ support group will be open to anyone diagnosed within the last 5 years. This 8-week closed group offers people with Parkinson’s and their family members a safe, supportive space to connect with others, share coping strategies, and discuss day-to-day life with PD. Facilitated by a healthcare professional, the group also provides education, resources, and connections to local advocacy and services. Ask the Doc with Lynn Struck, MDAn APDA Parkinson’s Education Program Wednesday, May 20th from 5:30 – 6:30 pmGlen Meadows Retirement Community850 60th Street, Bldg. 1000West Des Moines, IA 50266 Gain a better understanding of a Parkinson’s disease diagnosis, learn tips for managing symptoms, and get answers to the most frequently asked questions. You’ll also have the opportunity to submit your own questions.","Iowa City, IA, United States","Iowa City, IA, United States",United States,"Online registration is available for all events and programs. If you prefer help or have questions, please call us at 515-207-6296 and we’ll be happy to register you over the phone. | 2026 Living Well with PD: Waterloo | Parkinson’s Roadmap for Education and Support Services | Ask the Doc with Lynn Struck, MDAn APDA Parkinson’s Education Program | 2026 Annual APDA Iowa Parkinson’s Conference | PD Essentials | APDA Strictly Social | Support Group | Parkinson's Care",,hybrid,true,official_directory_import,0,0,https://www.apdaparkinson.org/community/iowa/upcoming-iowa-chapter-events/,,,APDA Iowa,resource-page,American Parkinson Disease Association,"Iowa City, IA, United States",Iowa City,IA,52245,https://www.apdaparkinson.org/community/iowa/upcoming-iowa-chapter-events/,2026-03-28T05:36:55.027Z
apda-community,APDA Community,www.apdaparkinson.org/community/iowa/resources-support-parkinsons/support-groups/,iowa-support-groups-support-groups,Support Groups,Support Group,"Joining a support group is a great way to connect with others who understand what you are going through, learn about Parkinson disease and ways to cope with the challenges that come with having PD. Our support groups are for: People new to PD People who have had PD a long time People with Young Onset of PD People who are caregivers or relatives of those with PD These support groups are for people with Parkinson’s and their caregivers. Each support group is facilitated by a peer, care partner, or health professional. The format of each support group varies, but many have monthly speakers who speak about topics such as nutrition, exercise, physical therapy, and voice therapy.","Support Groups Joining a support group is a great way to connect with others who understand what you are going through, learn about Parkinson disease and ways to cope with the challenges that come with having PD. Our support groups are for: People new to PD People who have had PD a long time People with Young Onset of PD People who are caregivers or relatives of those with PD These support groups are for people with Parkinson’s and their caregivers. Each support group is facilitated by a peer, care partner, or health professional. The format of each support group varies, but many have monthly speakers who speak about topics such as nutrition, exercise, physical therapy, and voice therapy. Interested in becoming a support group facilitator? If you are interested in starting a support group in your area, please contact Stephanie Wilson, Program Manager at 515-207-9332 or apdaiowa@apdaparkinson.org. APDA Support Groups Private Facebook Group- Search: Parkinson’s Young Onset Support Group of Iowa. Parkinson’s Support Groups at APDA Community Partners","Iowa, United States","Iowa, United States",United States,Support Groups | Interested in becoming a support group facilitator? | APDA Support Groups | Parkinson’s Support Groups at APDA Community Partners | Support Group | Parkinson's Care,,in-person,true,official_directory_import,0,0,https://www.apdaparkinson.org/community/iowa/resources-support-parkinsons/support-groups/,apdaiowa@apdaparkinson.org,,APDA Iowa,support-groups,American Parkinson Disease Association,"Iowa, United States",,Iowa,,https://www.apdaparkinson.org/community/iowa/resources-support-parkinsons/support-groups/,2026-03-28T05:36:55.027Z
apda-community,APDA Community,www.apdaparkinson.org/community/iowa/resources-support-parkinsons/exercise-new/,iowa-apda-iowa-exercise-classes-resource-page,APDA Iowa Exercise Classes,Exercise Program,"Exercise is a vital component of Parkinson’s disease treatment. APDA programs include exercise programs as a way for people with PD to gain control over your disease. The American Parkinson Disease Association programs are funded solely by individual donations and grants. All classes are offered free of charge for people with Parkinson’s. Our classes are made possible by our generous donors, and we encourage you to support our exercise programming as you are able.","Overview Exercise is a vital component of Parkinson’s disease treatment. APDA programs include exercise programs as a way for people with PD to gain control over your disease. The American Parkinson Disease Association programs are funded solely by individual donations and grants. All classes are offered free of charge for people with Parkinson’s. Our classes are made possible by our generous donors, and we encourage you to support our exercise programming as you are able. APDA Iowa Exercise Classes Movement Training Uses a variety of exercises to work on movement strategies, gait, balance, strength and flexibility. May use equipment, including hand weights, bands and balls. PD Moves Dance Class A dance program for people with PD and their caregivers. It utilizes technical elements from various dance styles including Swing, Salsa, Waltz, Foxtrot, and Tango. Movement focus is improving balance, coordination, and use of rhythm. Students of Des Moines University will participate as dance partners for the course.","Iowa, United States","Iowa, United States",United States,APDA Iowa Exercise Classes | Movement Training | PD Moves Dance Class | Click here for the schedule of all APDA Iowa Exercise Classes. | Exercise at Home | APDA Virtual Exercise Classes | YouTube Classes from our Sister Chapter | Other Exercise | Cognitive Exercises | Exercise,,virtual,true,official_directory_import,0,0,https://www.apdaparkinson.org/community/iowa/resources-support-parkinsons/exercise-new/,,,APDA Iowa,resource-page,American Parkinson Disease Association,"Iowa, United States",,Iowa,,https://www.apdaparkinson.org/community/iowa/resources-support-parkinsons/exercise-new/,2026-03-28T05:36:55.027Z
apda-community,APDA Community,www.apdaparkinson.org/community/iowa/resources-support-parkinsons/educational-programs/parkinsons-support-programs/,iowa-parkinson-s-roadmap-for-education-and-support-services8-week-programs-for-individuals-living-with-parkinson-s-and-their-care-partners-resource-page,Parkinson’s Roadmap for Education and Support Services8-Week Programs for Individuals Living with Parkinson’s and Their Care Partners,Exercise Program,"If you or a loved one has been diagnosed with Parkinson’s disease (PD), you don’t have to navigate the journey alone. The APDA Iowa Chapter offers two, 8-week education and support programs, at no cost, designed to meet you where you are, whether you’re newly diagnosed or further along in your journey. Learn more about each program below!","Parkinson’s Roadmap for Education and Support Services8-Week Programs for Individuals Living with Parkinson’s and Their Care Partners If you or a loved one has been diagnosed with Parkinson’s disease (PD), you don’t have to navigate the journey alone. The APDA Iowa Chapter offers two, 8-week education and support programs, at no cost, designed to meet you where you are, whether you’re newly diagnosed or further along in your journey. Learn more about each program below! PRESS™ – For Those Diagnosed Within the Last 5 Years PRESS™ is an education and support program designed for individuals who have been diagnosed with Parkinson’s disease within the past five years, along with their care partners. This program helps you better understand your diagnosis, build confidence, and develop strategies for managing daily life with Parkinson’s. What You’ll Learn: What’s next after a Parkinson’s diagnosis Medication management basics The importance of exercise in Parkinson’s care Managing physical symptoms Coping with changes in daily life and relationships Practical tips for everyday living Caring for others while caring for yourself Building your healthcare team Who Should Join: Individuals diagnosed with Parkinson’s within the last 5 years Care partners, spouses, or family members Anyone seeking guidance, education, and support early in the journey TWO Upcoming Programs! PRESS is currently being offered in two locations, Grimes and Iowa City! For information and registration options for these programs, click the button below! Interested in joining PRESS™ but can’t make these sessions?Click HERE to fill out the Interest Form and an APDA staff member will follow up with you for upcoming programs in your area.","Iowa, United States","Iowa, United States",United States,Parkinson’s Roadmap for Education and Support Services8-Week Programs for Individuals Living with Parkinson’s and Their Care Partners | PRESS™ – For Those Diagnosed Within the Last 5 Years | What You’ll Learn: | Who Should Join: | PRESS ON™ Program – For Those Living with Parkinson’s for 5+ Years | 💡 Why Join a PRESS™ Program? | 📍 Program Details at a Glance | Exercise | Wellness | Parkinson's Care,,in-person,true,official_directory_import,0,0,https://www.apdaparkinson.org/community/iowa/resources-support-parkinsons/educational-programs/parkinsons-support-programs/,,,APDA Iowa,resource-page,American Parkinson Disease Association,"Iowa, United States",,Iowa,,https://www.apdaparkinson.org/community/iowa/resources-support-parkinsons/educational-programs/parkinsons-support-programs/,2026-03-28T05:36:55.027Z
apda-community,APDA Community,www.apdaparkinson.org/community/iowa/resources-support-parkinsons/newly-diagnosed-resources/,iowa-if-you-ve-been-newly-diagnosed-with-parkinson-s-disease-you-re-in-the-right-place-resource-page,"If you’ve been newly diagnosed with Parkinson’s disease, you’re in the right place.",Referral Center,"The APDA Iowa Chapter is here to help you understand what to expect, explore reliable Parkinson’s information, and connect with meaningful programs here in Iowa. And if you have questions or need guidance, give us a call — we’re here for you every step of the way.You don’t have to navigate Parkinson’s alone. A great first step is PD Essentials, a one-hour introductory session offered here in Iowa. You can ask questions, ease concerns, and get connected to helpful local and national resources. PD Essentials is held the 2nd Tuesday of each month at 3:00 pm. It will be in-person as well as virtual at: APDA Iowa Conference Room 2951 86th St., Ste. 125Urbandale, IA 50322. Feel free to include your care partner, family members, friends, etc. Click HERE or call 515-782-4386 to register.Upcoming Dates: April 14th, May 12th, June 9th, July 14th, and August 11th PRESS™ is an education and support program designed for individuals who have been diagnosed with Parkinson’s disease within the past five years, along with their care partners. This program helps you better understand your diagnosis, build confidence, and develop strategies for managing daily life with Parkinson’s.Click HERE to learn more about the PRESS program. Below you’ll find a set of trusted Parkinson’s guides selected by the APDA Iowa Chapter for individuals who are newly diagnosed. These resources cover exercise, nutrition, medications, and important questions to start discussing with your healthcare team — helping you feel informed and prepared as you take your next steps.Featured Parkinson’s Guides: Questions to Ask your Doctor When You’re First Diagnosed Be Active & Beyond: A Guide to Exercise & Wellness Best Diet Tips to Help Manage Parkinson’s Symptoms Building Your Care Team Common Questions About Carbidopa/Levodopa Another helpful tool is the APDA Welcome Packet, designed for people with Parkinson’s, their care partners, family, and friends — providing trusted information and guidance from the moment of diagnosis.Click HERE to receive your Welcome Packet. Explore our website to learn more about the APDA Iowa Chapter and the Parkinson’s tools and information available to you.Have questions? Email apdaiowa@apdaparkinson.org or call 515.207.6296.We’re always happy to help.","If you’ve been newly diagnosed with Parkinson’s disease, you’re in the right place. The APDA Iowa Chapter is here to help you understand what to expect, explore reliable Parkinson’s information, and connect with meaningful programs here in Iowa. And if you have questions or need guidance, give us a call — we’re here for you every step of the way.You don’t have to navigate Parkinson’s alone. A great first step is PD Essentials, a one-hour introductory session offered here in Iowa. You can ask questions, ease concerns, and get connected to helpful local and national resources. PD Essentials is held the 2nd Tuesday of each month at 3:00 pm. It will be in-person as well as virtual at: APDA Iowa Conference Room 2951 86th St., Ste. 125Urbandale, IA 50322. Feel free to include your care partner, family members, friends, etc. Click HERE or call 515-782-4386 to register.Upcoming Dates: April 14th, May 12th, June 9th, July 14th, and August 11th PRESS™ is an education and support program designed for individuals who have been diagnosed with Parkinson’s disease within the past five years, along with their care partners. This program helps you better understand your diagnosis, build confidence, and develop strategies for managing daily life with Parkinson’s.Click HERE to learn more about the PRESS program. Below you’ll find a set of trusted Parkinson’s guides selected by the APDA Iowa Chapter for individuals who are newly diagnosed. These resources cover exercise, nutrition, medications, and important questions to start discussing with your healthcare team — helping you feel informed and prepared as you take your next steps.Featured Parkinson’s Guides: Questions to Ask your Doctor When You’re First Diagnosed Be Active & Beyond: A Guide to Exercise & Wellness Best Diet Tips to Help Manage Parkinson’s Symptoms Building Your Care Team Common Questions About Carbidopa/Levodopa Another helpful tool is the APDA Welcome Packet, designed for people with Parkinson’s, their care partners, family, and friends — providing trusted information and guidance from the moment of diagnosis.Click HERE to receive your Welcome Packet. Explore our website to learn more about the APDA Iowa Chapter and the Parkinson’s tools and information available to you.Have questions? Email apdaiowa@apdaparkinson.org or call 515.207.6296.We’re always happy to help. Chapter Menu About APDA IowaIn the NewsIowa Chapter Staff and Board of DirectorsVolunteer OpportunitiesContact Us In the News Iowa Chapter Staff and Board of Directors Volunteer Opportunities Contact Us Give to the APDA Iowa ChapterDonateDonate Monthly Donate Donate Monthly Resources & SupportNewly Diagnosed ResourcesExerciseAPDA Iowa Exercise ClassesResearchAPDA Strictly SocialAdd me to the APDA Iowa Chapter Mailing ListGet Your APDA Welcome PacketSupport GroupsEducationParkinson’s Support & Education Programs2026 Annual APDA Iowa Parkinson’s ConferenceAPDA Iowa NewsletterInformation & Referral ResourceCognitive Exercises Newly Diagnosed Resources ExerciseAPDA Iowa Exercise Classes APDA Iowa Exercise Classes Research APDA Strictly Social Add me to the APDA Iowa Chapter Mailing List Get Your APDA Welcome Packet Support Groups EducationParkinson’s Support & Education Programs2026 Annual APDA Iowa Parkinson’s Conference Parkinson’s Support & Education Programs 2026 Annual APDA Iowa Parkinson’s Conference APDA Iowa Newsletter Information & Referral Resource Cognitive Exercises Iowa Optimism Walk Upcoming Iowa Chapter Events","Iowa, United States","Iowa, United States",United States,"If you’ve been newly diagnosed with Parkinson’s disease, you’re in the right place. | Chapter Menu | Information and Referral | Parkinson's Care",,virtual,true,official_directory_import,0,0,https://www.apdaparkinson.org/community/iowa/resources-support-parkinsons/newly-diagnosed-resources/,,,APDA Iowa,resource-page,American Parkinson Disease Association,"Iowa, United States",,Iowa,,https://www.apdaparkinson.org/community/iowa/resources-support-parkinsons/newly-diagnosed-resources/,2026-03-28T05:36:55.027Z
apda-community,APDA Community,www.apdaparkinson.org/community/iowa/resources-support-parkinsons/get-your-apdaia-welcome-packet/,iowa-get-your-apda-welcome-packet-apda-iowa-resource-page,Get Your APDA Welcome Packet | APDA Iowa,Education Event,"Whether you’ve been recently diagnosed with Parkinson’s disease or have been living with PD for years, you don’t have to navigate this journey alone. The APDA Iowa Welcome Packet is designed for people with Parkinson’s, their care partners, family, and friends — providing trusted information and support every step of the way. Inside, you’ll find: Support for both you and your loved ones Information about Parkinson’s disease Resources and programs available through APDA","Overview Whether you’ve been recently diagnosed with Parkinson’s disease or have been living with PD for years, you don’t have to navigate this journey alone. The APDA Iowa Welcome Packet is designed for people with Parkinson’s, their care partners, family, and friends — providing trusted information and support every step of the way. Inside, you’ll find: Support for both you and your loved ones Information about Parkinson’s disease Resources and programs available through APDA","Iowa, United States","Iowa, United States",United States,Education | Community Event | Parkinson's Care,,in-person,true,official_directory_import,0,0,https://www.apdaparkinson.org/community/iowa/resources-support-parkinsons/get-your-apdaia-welcome-packet/,,,APDA Iowa,resource-page,American Parkinson Disease Association,"Iowa, United States",,Iowa,,https://www.apdaparkinson.org/community/iowa/resources-support-parkinsons/get-your-apdaia-welcome-packet/,2026-03-28T05:36:55.028Z
apda-community,APDA Community,www.apdaparkinson.org/community/iowa/resources-support-parkinsons/,iowa-information-and-referral-resources-support-groups,Information and Referral Resources,Referral Center,Imported from APDA Iowa community resources.,"Iowa Resources & Support Support Groups Whether you’re newly diagnosed or a longtime member of the PD community, joining a support group is a great way to connect, share, and find encouragement in a safe, understanding environment—both virtually and in person. Exercise Classes To help improve mobility and overall well-being, we offer Parkinson’s-specific exercise classes focused on strength, balance, and flexibility. These classes are available online and in-person to accommodate all ability levels. Parkinson’s Wellness & Social Programs Beyond physical health, staying socially engaged is just as important. Our wellness and social programs are designed to keep individuals with Parkinson’s active, connected, and supported in their communities. Learn more about Connecting Through Art programs and APDA Strictly Social events.","Iowa, United States","Iowa, United States",United States,Iowa Resources & Support | Support Groups | Exercise Classes | Parkinson’s Wellness & Social Programs | Education | Newly Diagnosed Resources | Information and Referral Resources | Newsletter | Financial Hardship Fund | Information and Referral,,hybrid,true,official_directory_import,0,0,https://www.apdaparkinson.org/community/iowa/resources-support-parkinsons/,apdaiowa@apdaparkinson.org,515-207-6296,APDA Iowa,support-groups,American Parkinson Disease Association,"Iowa, United States",,Iowa,,https://www.apdaparkinson.org/community/iowa/resources-support-parkinsons/,2026-03-28T05:36:55.028Z
apda-community,APDA Community,www.apdaparkinson.org/community/iowa/resources-support-parkinsons/exercise-new/apda-iowa-exercise-classes/,iowa-exercise-classes-at-apda-resource-page,Exercise Classes at APDA,Exercise Program,"APDA Iowa and community partners across the state offer a variety of exercise classes. Exercise is one of the most powerful tools available to people living with Parkinson’s. It can help improve balance, flexibility, strength and overall quality of life – and emerging research shows it might even help slow the progression of PD. Funding for the classes is provided by the generosity of APDA’s faithful donors, so they are available at no cost to people with Parkinsons. Contact the APDA Programs and Community Engagement Manager, Stephanie Wilson, at 515-207-9332 for more information. Registration is required and can be completed below.","Exercise Classes at APDA APDA Iowa and community partners across the state offer a variety of exercise classes. Exercise is one of the most powerful tools available to people living with Parkinson’s. It can help improve balance, flexibility, strength and overall quality of life – and emerging research shows it might even help slow the progression of PD. Funding for the classes is provided by the generosity of APDA’s faithful donors, so they are available at no cost to people with Parkinsons. Contact the APDA Programs and Community Engagement Manager, Stephanie Wilson, at 515-207-9332 for more information. Registration is required and can be completed below. Class Levels LEVEL 1: Participants exercise seated or standing with support. Movements are done at a pace and intensity that are appropriate for each participant. LEVEL 2: Participants must be able to walk and stand up from a chair without assistance. Most exercises are done standing. LEVEL 3: Higher intensity, faster paced classes where participants perform multiple step exercises and may get on/off the floor.","Iowa, United States","Iowa, United States",United States,Exercise Classes at APDA | Class Levels | Exercise | Wellness | Parkinson's Care,,in-person,true,official_directory_import,0,0,https://www.apdaparkinson.org/community/iowa/resources-support-parkinsons/exercise-new/apda-iowa-exercise-classes/,,,APDA Iowa,resource-page,American Parkinson Disease Association,"Iowa, United States",,Iowa,,https://www.apdaparkinson.org/community/iowa/resources-support-parkinsons/exercise-new/apda-iowa-exercise-classes/,2026-03-28T05:36:55.028Z
apda-community,APDA Community,www.apdaparkinson.org/community/iowa/resources-support-parkinsons/research/,iowa-study-in-parkinson-s-disease-of-exercise-phase-3-clinical-trial-resource-page,Study in Parkinson’s Disease of Exercise – Phase 3 Clinical Trial,Exercise Program,"We recommend you speak to your doctor’s office before enrolling in a research trial or study. For more information about What you Need to Know about Clinical Trials, click here for an article.","Current Research Studies Recruiting Participants We recommend you speak to your doctor’s office before enrolling in a research trial or study. For more information about What you Need to Know about Clinical Trials, click here for an article. Study in Parkinson’s Disease of Exercise – Phase 3 Clinical Trial","Iowa, United States","Iowa, United States",United States,Current Research Studies Recruiting Participants | Study in Parkinson’s Disease of Exercise – Phase 3 Clinical Trial | Exercise | Wellness | Parkinson's Care,,in-person,true,official_directory_import,0,0,https://www.apdaparkinson.org/community/iowa/resources-support-parkinsons/research/,,,APDA Iowa,resource-page,American Parkinson Disease Association,"Iowa, United States",,Iowa,,https://www.apdaparkinson.org/community/iowa/resources-support-parkinsons/research/,2026-03-28T05:36:55.028Z
apda-community,APDA Community,www.apdaparkinson.org/community/iowa/resources-support-parkinsons/parkinsons-social-events/,iowa-find-upcoming-social-events-50266,Find Upcoming Social Events,Education Event,"Living with Parkinson’s disease doesn’t mean you have to do it alone. The American Parkinson Disease Association (APDA) invites you to join Strictly Social — a series of welcoming social events for people with Parkinson’s disease (PD) and their care partners, family members, and friends. Whether you’ve been recently diagnosed or living with PD for years, our social programs offer a fun, relaxed way to meet others in the Parkinson’s community, share stories, and create joyful moments together.","Overview Living with Parkinson’s disease doesn’t mean you have to do it alone. The American Parkinson Disease Association (APDA) invites you to join Strictly Social — a series of welcoming social events for people with Parkinson’s disease (PD) and their care partners, family members, and friends. Whether you’ve been recently diagnosed or living with PD for years, our social programs offer a fun, relaxed way to meet others in the Parkinson’s community, share stories, and create joyful moments together. Why Join APDA Strictly Social? Connect with others who understand the Parkinson’s journey Enjoy low-pressure, judgment-free environments Reconnect with joy, laughter, and new friendships Strengthen mental and emotional well-being through social engagement “Strictly Social has given me a great opportunity to meet others with Parkinson’s and learn from their experiences. I love that it is so informal and interactive.” – David V.From fun socials to coffee meetups and seasonal celebrations, there’s something for everyone. These events are designed to bring people together, build community, and support living well with Parkinson’s — one good time at a time. Who Can Attend? All individuals with Parkinson’s disease, their care partners, families, and friends are welcome. Events are free and held in an accessible, friendly location. Find Upcoming Social Events APDA Strictly Social: NewtonSecond Saturday of the month, 10:30 am – 12:00 pmNewton Village110 N 5th Avenue W.Newton, IA 50208 APDA Strictly Social: UrbandaleThird Tuesdays of the month, 2:00 pm – 3:30 pmAPDA Office – In the Senior Helper’s Conference Room2951 86th Street, Suite 125Urbandale, IA 50322 APDA Strictly Social: West Des MoinesFirst Monday of the month, 2:00 pm – 3:30 pmGlen Meadows850 S. 60th StreetWest Des Moines, IA 50266","West Des Moines, IA, United States","West Des Moines, IA, United States",United States,Why Join APDA Strictly Social? | Who Can Attend? | Find Upcoming Social Events | Education | Community Event | Parkinson's Care,,in-person,true,official_directory_import,0,0,https://www.apdaparkinson.org/community/iowa/resources-support-parkinsons/parkinsons-social-events/,,,APDA Iowa,resource-page,American Parkinson Disease Association,"West Des Moines, IA, United States",West Des Moines,IA,50266,https://www.apdaparkinson.org/community/iowa/resources-support-parkinsons/parkinsons-social-events/,2026-03-28T05:36:55.028Z
apda-community,APDA Community,www.apdaparkinson.org/community/iowa/resources-support-parkinsons/educational-programs/,iowa-parkinson-conferences-resource-page,Parkinson Conferences,Education Event,APDA Iowa produces and participates in several Parkinson’s conferences around the state to bring you the latest information to help you live life to the fullest. APDA 2026 Iowa Chapter Parkinson’s Conference,"Parkinson Conferences APDA Iowa produces and participates in several Parkinson’s conferences around the state to bring you the latest information to help you live life to the fullest. APDA 2026 Iowa Chapter Parkinson’s Conference Parkinson Education Programs Parkinson Education Programs (PEP) are education events hosted throughout the year by the APDA Iowa Chapter. We invite renowned speakers to address topics that are important to the Parkinson’s community. View Upcoming Programs Parkinson’s Roadmap for Education and Support Services Were you diagnosed with Parkinson’s in the last 5 years? Do you have questions about medication Management, dealing with physical symptoms of PD, caring for family with PD, or building your healthcare team. View Upcoming Programs","Iowa, United States","Iowa, United States",United States,Parkinson Conferences | Parkinson Education Programs | Parkinson’s Roadmap for Education and Support Services | Education | Community Event | Parkinson's Care,,in-person,true,official_directory_import,0,0,https://www.apdaparkinson.org/community/iowa/resources-support-parkinsons/educational-programs/,,,APDA Iowa,resource-page,American Parkinson Disease Association,"Iowa, United States",,Iowa,,https://www.apdaparkinson.org/community/iowa/resources-support-parkinsons/educational-programs/,2026-03-28T05:36:55.028Z
apda-community,APDA Community,www.apdaparkinson.org/community/iowa/resources-support-parkinsons/educational-programs/parkinsons-conferences/,iowa-event-details-50266,Event Details,Exercise Program,Imported from APDA Iowa community resources.,"2026 Annual APDA Iowa Conference – Connected in Community. Strengthened by Support. Event Details When: Friday, June 5th, 2026 | 9:00 am – 4:00 pm Doors open at 8:00 am for registration and resource fair Doors open at 8:00 am for registration and resource fair Where: Lutheran Church of Hope, 925 Jordan Creek Pkwy, West Des Moines, IA 50266 Ticket Prices: One for $15.00, Two for $25.00 About the Conference The 2026 APDA Iowa Parkinson’s Conference brings together individuals impacted by Parkinson’s disease, care partners, family members, and healthcare professionals for a full day of education, inspiration, and connection. Learn from nationally recognized speakers, explore breakout sessions, and gain practical tools and strategies for living well with Parkinson’s. This year’s conference theme, Connected in Community. Strengthened by Support., emphasizes the power of shared knowledge, community engagement, and support networks in improving quality of life for people living with Parkinson’s. Why Attend Gain practical tools and strategies to manage Parkinson’s disease Connect with leading experts in PD care, research, and therapy Learn about mental health, cognition, nutrition, and innovative treatments Network with other people living with Parkinson’s, care partners, and healthcare professionals “As a care partner, I know how overwhelming Parkinson’s can feel, but attending this program reminded me that we are not alone. The knowledge, support, and connections you gain here can truly change how you navigate this journey. If you love someone with Parkinson’s, this is something you cannot afford to miss.” — Nancy, PD Advocate & Care Partner","West Des Moines, IA, United States","West Des Moines, IA, United States",United States,"2026 Annual APDA Iowa Conference – Connected in Community. Strengthened by Support. | Event Details | About the Conference | Why Attend | Featured Speakers | Keynote Speakers | Breakout Session Speakers | Register today to secure your spot! If you need assistance with registration, call 515.207.6296 | Thank you to our 2026 APDA Iowa Parkinson’s Conference sponsors! | APDA Iowa Conferences – Archived Session Videos and Slides",,virtual,true,official_directory_import,0,0,https://www.apdaparkinson.org/community/iowa/resources-support-parkinsons/educational-programs/parkinsons-conferences/,,,APDA Iowa,resource-page,American Parkinson Disease Association,"West Des Moines, IA, United States",West Des Moines,IA,50266,https://www.apdaparkinson.org/community/iowa/resources-support-parkinsons/educational-programs/parkinsons-conferences/,2026-03-28T05:36:55.028Z
apda-community,APDA Community,www.apdaparkinson.org/community/iowa/resources-support-parkinsons/information-referral-center/,iowa-information-and-referral-resources-50322,Information and Referral Resources:,Referral Center,"The Iowa APDA staff are ready to respond to the particular needs of persons affected by Parkinson’s disease and their care partners through education, referral, support and public awareness programs.","Iowa APDA The Iowa APDA staff are ready to respond to the particular needs of persons affected by Parkinson’s disease and their care partners through education, referral, support and public awareness programs. Information and Referral Resources: Ask questions and request information and materials regarding Parkinson’s disease treatment, therapies and research. Get referrals to support groups in your area. Connect with PD exercise classes across the state. Gain assistance with referrals for Retirement Communities, Assisted Livings, and Nursing Facilities. Get referrals to Parkinson’s specialists in the state. Request FREE information about Parkinson’s disease, treatments and therapies. Request information about upcoming events, symposiums and conferences. Medical Director: Dr. Lynn K. Struck Iowa APDA Program Manager: Susan Callison Call: 515-782-4386Email: apdaiowa@apdaparkinson.orgOur mailing address is: 2951 86th Street, Suite 125, Urbandale, IA 50322 Visit the APDA new Resource Library Visit the APDA Resource Library where you will find information about anything Parkinson’s. You can choose webinars, publications, blog posts and more! OR you can choose by topic. For example, there is information about Exercise, Symptoms, Speech & PD, Treatments and Clinical Trials, and much, much more. Iowa Statewide Services There are several wonderful Iowa organizations that serve people with disabilities and older Iowans. Please see the list below for suggested organizations that may fit your specific needs: Easter Seals Rural Solutions offers home modification consultations for rural families. Habitat for Humanity: Rock the Block Program offers home modifications for interior and exterior projects to help with critical health, life and safety issues, or code violations. Iowa Area Agencies of Aging provide older Iowans with access to a variety of services – find your local agency to learn more. LifeLong Links is Iowa’s Aging and Disability Resource Center – services for Iowans with disabilities ages 18+. On With Life provides a comprehensive rehabilitation program that can help at any stage of Parkinson’s Disease. They are well known for their experience in LSVT Big and Loud therapy. This unique neuro-based program includes physical therapy, occupational therapy and speech therapy and is covered by insurance. Unity Point Outpatient Therapy Clinic is now offering LSVT Big and Loud Therapy. This therapy program is covered by insurance and includes physical therapy, occupational therapy and speech therapy. Iowa Senior Planning: Iowa Senior Planning specializes in navigating the Medicaid world and can assist with Medicaid eligibility questions and overall senior planning. Senior Health Insurance Information Program is a free, confidential service of the State of Iowa that helps Iowans make informed decisions about Medicare and other health coverage.","Urbandale, IA, United States","Urbandale, IA, United States",United States,Iowa APDA | Information and Referral Resources: | Visit the APDA new Resource Library | Iowa Statewide Services | Information and Referral | Parkinson's Care,,in-person,true,official_directory_import,0,0,https://www.apdaparkinson.org/community/iowa/resources-support-parkinsons/information-referral-center/,apdaiowa@apdaparkinson.org,,APDA Iowa,referral-center-page,American Parkinson Disease Association,"Urbandale, IA, United States",Urbandale,IA,50322,https://www.apdaparkinson.org/community/iowa/resources-support-parkinsons/information-referral-center/,2026-03-28T05:36:55.029Z
apda-community,APDA Community,www.apdaparkinson.org/community/iowa/resources-support-parkinsons/cognitive-exercises-2/,iowa-cognitive-exercises-apda-iowa-resource-page,Cognitive Exercises | APDA Iowa,Exercise Program,"Cognitive exercises, just like physical exercise, mental “exercise” is important. Mental activities can include doing puzzles, playing cards, reading books, going to lectures or concerts, or learning a new activity. These can be coupled with physical exercise such as learning new dance steps. Just like with physical exercise, there is no single “right” mental exercise. Social interactions are an important source of mental stimulation, and many activities can be done with friends or family members. Cognitive exercise workbook coming soon!! Here are some suggestions and activities to boost your brain: Cooking new recipes – helps connect steps, uses memory for measurements Singing – helps with recall and memory, also good for exercising your voice Word searches – helps with word identification Playing card games – relies on memory to recall rules and strategies Meditating – clears your mind and instills relaxation Word association games – match words in same category, helps retrain vocabulary Chess or other strategic games – uses memory to recall rules and strategies and uses body to move pieces Memory – Matching games – helps increase attention span Trivia games – rely on memory recall and reasoning skills to narrow down choices Reflex games – games using mind and body together preserves coordination. A good example is Simon. Here are some great articles about Cognition: Better Brain Health and BalanceCognitive ChangesMild Cognitive ChangesGames of Strategy to Entertain Your BrainMulti-tasking with PD Questions about local resources or needing more information? Contact Stephanie Wilson, swilson@apdaparkinson.org, 515-207-9332 If you suspect cognitive changes, we recommend following up with a doctor who mayrefer you to a specialist for further assessment. They may also recommendoccupational or speech therapy servicesto provide additional support.","Overview Cognitive exercises, just like physical exercise, mental “exercise” is important. Mental activities can include doing puzzles, playing cards, reading books, going to lectures or concerts, or learning a new activity. These can be coupled with physical exercise such as learning new dance steps. Just like with physical exercise, there is no single “right” mental exercise. Social interactions are an important source of mental stimulation, and many activities can be done with friends or family members. Cognitive exercise workbook coming soon!! Here are some suggestions and activities to boost your brain: Cooking new recipes – helps connect steps, uses memory for measurements Singing – helps with recall and memory, also good for exercising your voice Word searches – helps with word identification Playing card games – relies on memory to recall rules and strategies Meditating – clears your mind and instills relaxation Word association games – match words in same category, helps retrain vocabulary Chess or other strategic games – uses memory to recall rules and strategies and uses body to move pieces Memory – Matching games – helps increase attention span Trivia games – rely on memory recall and reasoning skills to narrow down choices Reflex games – games using mind and body together preserves coordination. A good example is Simon. Here are some great articles about Cognition: Better Brain Health and BalanceCognitive ChangesMild Cognitive ChangesGames of Strategy to Entertain Your BrainMulti-tasking with PD Questions about local resources or needing more information? Contact Stephanie Wilson, swilson@apdaparkinson.org, 515-207-9332 If you suspect cognitive changes, we recommend following up with a doctor who mayrefer you to a specialist for further assessment. They may also recommendoccupational or speech therapy servicesto provide additional support.","Iowa, United States","Iowa, United States",United States,Exercise | Wellness | Parkinson's Care,,in-person,true,official_directory_import,0,0,https://www.apdaparkinson.org/community/iowa/resources-support-parkinsons/cognitive-exercises-2/,swilson@apdaparkinson.org,,APDA Iowa,resource-page,American Parkinson Disease Association,"Iowa, United States",,Iowa,,https://www.apdaparkinson.org/community/iowa/resources-support-parkinsons/cognitive-exercises-2/,2026-03-28T05:36:55.029Z
apda-community,APDA Community,www.apdaparkinson.org/community/iowa/2025-iowa-optimism-walk/,iowa-what-an-incredible-day-for-the-pd-community-in-iowa-resource-page,What an incredible day for the PD community in Iowa!,Support Group,"This year’s APDA Iowa Optimism Walk brought together families, friends, care partners, and supporters for a day filled with hope, laughter, and connection. The energy was contagious, and the smiles and spirit of resilience made the event truly unforgettable.A Record-Breaking ImpactThanks to the dedication of our walkers, teams, donors, and sponsors, we have already raised $155,000 (and counting!) to support the Parkinson’s community in Iowa. This is a HUGE accomplishment and every dollar raised will make a direct difference. Funds from the Optimism Walk allow APDA Iowa to continue offering Parkinson’s programs and services at no cost! These include: Exercise classes designed to help people with Parkinson’s stay strong and mobile Support groups that connect families and care partners Education and resources that empower individuals to live well with Parkinson’s A Community of Strength and OptimismThe Optimism Wall, heartfelt team tributes, and joyful celebration throughout the day were reminders of the power of coming together. Each step taken and each dollar raised helps build a brighter future for people living with Parkinson’s disease across Iowa.","What an incredible day for the PD community in Iowa! This year’s APDA Iowa Optimism Walk brought together families, friends, care partners, and supporters for a day filled with hope, laughter, and connection. The energy was contagious, and the smiles and spirit of resilience made the event truly unforgettable.A Record-Breaking ImpactThanks to the dedication of our walkers, teams, donors, and sponsors, we have already raised $155,000 (and counting!) to support the Parkinson’s community in Iowa. This is a HUGE accomplishment and every dollar raised will make a direct difference. Funds from the Optimism Walk allow APDA Iowa to continue offering Parkinson’s programs and services at no cost! These include: Exercise classes designed to help people with Parkinson’s stay strong and mobile Support groups that connect families and care partners Education and resources that empower individuals to live well with Parkinson’s A Community of Strength and OptimismThe Optimism Wall, heartfelt team tributes, and joyful celebration throughout the day were reminders of the power of coming together. Each step taken and each dollar raised helps build a brighter future for people living with Parkinson’s disease across Iowa. Thank You for Walking with Us! We are deeply grateful to every walker, donor, volunteer, and sponsor who made this event possible. Your support fuels our mission and ensures that Iowans with Parkinson’s have access to the care, tools, and community they deserve. Relive the day: 2025 Optimism Walk Photo Album Couldn’t join us this year? There’s still time to make an impact by donating to the Optimism Walk. Together, we are walking with hope, strength, and optimism, and creating lasting change for the Parkinson’s community in Iowa.","Iowa, United States","Iowa, United States",United States,What an incredible day for the PD community in Iowa! | Thank You for Walking with Us! | Support Group | Parkinson's Care,,in-person,true,official_directory_import,0,0,https://www.apdaparkinson.org/community/iowa/2025-iowa-optimism-walk/,,,APDA Iowa,resource-page,American Parkinson Disease Association,"Iowa, United States",,Iowa,,https://www.apdaparkinson.org/community/iowa/2025-iowa-optimism-walk/,2026-03-28T05:36:55.029Z
apda-community,APDA Community,www.apdaparkinson.org/community/massachusetts/resources-support-ma/support-groups/,massachusetts-massachusetts-support-groups-02451,Massachusetts Support Groups,Referral Center,"Below you will find information about support groups in Massachusetts. The listing is organized by region of the state and includes groups tailored for people living with Parkinson’s disease, groups for care partners and family members, as well as groups designed for individuals with specific clinical diagnoses. Please contact the group facilitator directly if you have questions about a particular group. If you would like guidance in finding a group that may be the best match for you, please reach out to the APDA Information & Referral Center at Boston University Medical Center (BUMC) at 617-638-8466, toll-free at 800-651-8466, or by email at apdama@apdaparkinson.org. Greater Boston MetroWest Central Northeast Southeast Cape and Islands Western Outside Massachusetts Virtual Deep Brain Stimulation Lewy Body Dementia YoungOnset Care Partners & Family Members","Massachusetts Support Groups Below you will find information about support groups in Massachusetts. The listing is organized by region of the state and includes groups tailored for people living with Parkinson’s disease, groups for care partners and family members, as well as groups designed for individuals with specific clinical diagnoses. Please contact the group facilitator directly if you have questions about a particular group. If you would like guidance in finding a group that may be the best match for you, please reach out to the APDA Information & Referral Center at Boston University Medical Center (BUMC) at 617-638-8466, toll-free at 800-651-8466, or by email at apdama@apdaparkinson.org. Greater Boston MetroWest Central Northeast Southeast Cape and Islands Western Outside Massachusetts Virtual Deep Brain Stimulation Lewy Body Dementia YoungOnset Care Partners & Family Members Greater Boston Arlington, MA APDA Support GroupThis support group meets in-person. Contact the facilitator for more information.Temporary Meeting Location: Arlington Senior Center, Arts and Crafts Room, 27 Maple Street, Arlington, MA 02476Meeting Time: 3rd Thursday of the month, 10:00 AM – 11:15 AMContact: Joanne Sliney, BS, RNPhone: 781-316-3405Email: jsliney@town.arlington.ma.us Cambridge, MA This support group meets in-person and via Zoom. Contact the facilitator for more information.Youville House Assisted Living, 1573 Cambridge Street, Cambridge, MA 02138Meeting Time: 2nd Thursday of every month, 3:00 PMContact: Youville House Assisted Living, attn: Yanira BurgosPhone: 617-491-1234Email: yaniraburgos@youvillehouse.org","Waltham, MA, United States","Waltham, MA, United States",United States,"Massachusetts Support Groups | Greater Boston | Arlington, MA | Cambridge, MA | Newton, MA | Winchester, MA – Music Therapy Group for People with Parkinson’s | Metrowest | Framingham, MA | Littleton, MA | Marlborough, MA",,hybrid,true,official_directory_import,0,0,https://www.apdaparkinson.org/community/massachusetts/resources-support-ma/support-groups/,apdama@apdaparkinson.org,,APDA Massachusetts,support-groups,American Parkinson Disease Association,"Waltham, MA, United States",Waltham,MA,02451,https://www.apdaparkinson.org/community/massachusetts/resources-support-ma/support-groups/,2026-03-28T05:36:55.030Z
apda-community,APDA Community,www.apdaparkinson.org/community/massachusetts/resources-support-ma/educational-programs/,massachusetts-apda-press-program-support-groups,APDA PRESS Program,Support Group,"Throughout the year, the APDA Massachusetts Chapter provides educational programs across the state. Each program is tailored to meet the learning objectives of its intended audience. These seminars, symposia, and training programs are listed on our events calendar. Educational programs sponsored by other agencies may also be listed. Let us know about an upcoming event and we will post it on our calendar. Go to the Upcoming Events page","Educational Programs Throughout the year, the APDA Massachusetts Chapter provides educational programs across the state. Each program is tailored to meet the learning objectives of its intended audience. These seminars, symposia, and training programs are listed on our events calendar. Educational programs sponsored by other agencies may also be listed. Let us know about an upcoming event and we will post it on our calendar. Go to the Upcoming Events page Signature Programs APDA MA Virtual Educational Series: Bringing Information to You at Home! This virtual educational series covers a wide variety of topics relevant to people with Parkinson’s, care partners, and other community members. Recorded webinars are available below, and information on upcoming programs is available on our Upcoming Events page. APDA Parkinson’s Good Start Program APDA Parkinson’s Good Start Program is a program for individuals recently diagnosed with Parkinson’s disease (within the past three years) and their family members. This program, developed at Boston University, takes place in different regions of the state. PD experts present up-to-date lectures. Participants attend two sessions and receive information on diagnosis, medication management, and other strategies that promote wellness. The important role of exercise is highlighted as well as the opportunity to meet members of the healthcare team.","Massachusetts, United States","Massachusetts, United States",United States,Educational Programs | Signature Programs | APDA MA Virtual Educational Series: Bringing Information to You at Home! | APDA Parkinson’s Good Start Program | APDA PRESS Program | APDA Support Group Facilitator Conference | Support Group | Parkinson's Care,,hybrid,true,official_directory_import,0,0,https://www.apdaparkinson.org/community/massachusetts/resources-support-ma/educational-programs/,,,APDA Massachusetts,support-groups,American Parkinson Disease Association,"Massachusetts, United States",,Massachusetts,,https://www.apdaparkinson.org/community/massachusetts/resources-support-ma/educational-programs/,2026-03-28T05:36:55.030Z
apda-community,APDA Community,www.apdaparkinson.org/community/massachusetts/resources-support-ma/arts-movement-classes/,massachusetts-arts-and-movement-resource-page,Arts & Movement,Exercise Program,"Share the benefits of arts and movement classes, which include: Improved mobility Increased social interaction Creative expression Simply having fun! Massachusetts is home to many programs specifically designed for the person with Parkinson’s and his or her family members. As a service to the community and with permission of the sponsoring individual or agency, the APDA MA Chapter provides an updated list of these programs. Click on the links below for information on each program. Specific information on whether you or a loved one can safely participate should be obtained by your health care provider in collaboration with the sponsoring agency. The APDA MA Chapter is committed to bringing new programs to communities across the state. We have developed workshops to assist arts and movement teachers to better understand and meet the needs of students who have a diagnosis of Parkinson’s. To learn more about program development, funding sources, and educational opportunities, please contact us at apdama@apdaparkinson.org.","Arts & Movement Share the benefits of arts and movement classes, which include: Improved mobility Increased social interaction Creative expression Simply having fun! Massachusetts is home to many programs specifically designed for the person with Parkinson’s and his or her family members. As a service to the community and with permission of the sponsoring individual or agency, the APDA MA Chapter provides an updated list of these programs. Click on the links below for information on each program. Specific information on whether you or a loved one can safely participate should be obtained by your health care provider in collaboration with the sponsoring agency. The APDA MA Chapter is committed to bringing new programs to communities across the state. We have developed workshops to assist arts and movement teachers to better understand and meet the needs of students who have a diagnosis of Parkinson’s. To learn more about program development, funding sources, and educational opportunities, please contact us at apdama@apdaparkinson.org. Classes in Massachusetts Dance Classes Boxing Classes Yoga Classes Exercise Classes Tai Chi Classes Art & Music Classes","Massachusetts, United States","Massachusetts, United States",United States,Arts & Movement | Classes in Massachusetts | Exercise | Wellness | Parkinson's Care,,in-person,true,official_directory_import,0,0,https://www.apdaparkinson.org/community/massachusetts/resources-support-ma/arts-movement-classes/,apdama@apdaparkinson.org,,APDA Massachusetts,resource-page,American Parkinson Disease Association,"Massachusetts, United States",,Massachusetts,,https://www.apdaparkinson.org/community/massachusetts/resources-support-ma/arts-movement-classes/,2026-03-28T05:36:55.030Z
apda-community,APDA Community,www.apdaparkinson.org/community/massachusetts/resources-support-ma/,massachusetts-find-a-program-support-group-class-or-clinical-trial-in-massachusetts-support-groups,"FIND A PROGRAM, SUPPORT GROUP, CLASS, OR CLINICAL TRIAL IN MASSACHUSETTS",Support Group,Imported from APDA Massachusetts community resources.,"FIND A PROGRAM, SUPPORT GROUP, CLASS, OR CLINICAL TRIAL IN MASSACHUSETTS Educational Programs The APDA Massachusetts Chapter provides many educational programs for people with Parkinson’s and their families, friends, and care-partners. Educational Programs Support Groups Support groups are a great way to receive information and meet others who understand. Find a Support Group Research Learn about clinical research trials that are ongoing in Massachusetts. Clinical Trials","Massachusetts, United States","Massachusetts, United States",United States,"FIND A PROGRAM, SUPPORT GROUP, CLASS, OR CLINICAL TRIAL IN MASSACHUSETTS | Educational Programs | Support Groups | Research | Physical Therapy, Occupational Therapy, and Speech Programs | Arts & Movement Classes | Additional Resources | Financial Hardship Fund | Support Group | Parkinson's Care",,in-person,true,official_directory_import,0,0,https://www.apdaparkinson.org/community/massachusetts/resources-support-ma/,apdama@apdaparkinson.org,800-651-8466,APDA Massachusetts,support-groups,American Parkinson Disease Association,"Massachusetts, United States",,Massachusetts,,https://www.apdaparkinson.org/community/massachusetts/resources-support-ma/,2026-03-28T05:36:55.030Z
apda-community,APDA Community,www.apdaparkinson.org/community/massachusetts/resources-support-ma/research/,massachusetts-study-in-parkinson-disease-of-exercise-phase-3-clinical-trial-sparx-3-resource-page,Study in Parkinson Disease of Exercise Phase 3 Clinical Trial (SPARX 3),Referral Center,"The APDA Information & Referral Center at Boston University Medical Campus (BUMC) is pleased to maintain this listing of ongoing clinical trials for convenient access to basic information on research studies at various movement disorder centers in Massachusetts (and surrounding states). Although APDA has not individually reviewed or specifically endorsed each study posted here, each has been reviewed and approved by the Institutional Review Board at its respective medical center. For further information on any study posted here, please utilize the specific contact information provided with the description of the actual study in which you are interested. As always, consult your physician to discuss the individual benefits and risks of each study prior to participating. If you’re interested in learning more about the benefits of research in Parkinson’s in general, check out this webinar from the APDA MA, recorded on November 2, 2021. To submit trial information please correspond with Cathi Thomas RN, MS at apdama@apdaparkinson.org.","Clinical Trials The APDA Information & Referral Center at Boston University Medical Campus (BUMC) is pleased to maintain this listing of ongoing clinical trials for convenient access to basic information on research studies at various movement disorder centers in Massachusetts (and surrounding states). Although APDA has not individually reviewed or specifically endorsed each study posted here, each has been reviewed and approved by the Institutional Review Board at its respective medical center. For further information on any study posted here, please utilize the specific contact information provided with the description of the actual study in which you are interested. As always, consult your physician to discuss the individual benefits and risks of each study prior to participating. If you’re interested in learning more about the benefits of research in Parkinson’s in general, check out this webinar from the APDA MA, recorded on November 2, 2021. To submit trial information please correspond with Cathi Thomas RN, MS at apdama@apdaparkinson.org. Clinical Trials in Massachusetts (and Surrounding States) Wearable Light Glasses for Parkinson’s Disease Rally | Wearable Light Glasses for Parkinson’s diseaseINSTITUTION: Massachusetts General HospitalCONTACT: Abigail Otterbein (617) 724-7266 or aotterbein@mgh.harvard.eduRECRUITMENT: Ongoing Circadian Function study in patients with Parkinson’s Disease or REM Sleep Behavior Disorder (RBD) Rally | Circadian Function study in patients with Parkinson’s Disease or REM sleep behavior disorder (RBD)INSTITUTION: Massachusetts General HospitalCONTACT: Abigail Otterbein (617) 724-7266 or aotterbein@mgh.harvard.eduRECRUITMENT: Ongoing","Massachusetts, United States","Massachusetts, United States",United States,"Clinical Trials | Clinical Trials in Massachusetts (and Surrounding States) | Wearable Light Glasses for Parkinson’s Disease | Circadian Function study in patients with Parkinson’s Disease or REM Sleep Behavior Disorder (RBD) | Attention and Walking in Parkinson’s Disease | UNH Durham Study of Language Learning in Adults with Parkinson’s’ Disease | UConn Study of Amino Acid Supplementation for People with PD | Speech Accessibility Project | Peer coaching to improve physical activity in older Latinx adults with Parkinson’s disease – In English & Español | A Phase 2b, Multicenter, Randomized, Double-Blind, Placebo-Controlled Study to Determine the Efficacy and Safety of BIIB122 in Participants with Parkinson’s Disease (LUMA) – 2 Sites",,in-person,true,official_directory_import,0,0,https://www.apdaparkinson.org/community/massachusetts/resources-support-ma/research/,apdama@apdaparkinson.org,,APDA Massachusetts,resource-page,American Parkinson Disease Association,"Massachusetts, United States",,Massachusetts,,https://www.apdaparkinson.org/community/massachusetts/resources-support-ma/research/,2026-03-28T05:36:55.030Z
apda-community,APDA Community,www.apdaparkinson.org/community/massachusetts/resources-support-ma/caregiver-resources/,massachusetts-care-partner-resources-94104,Care Partner Resources,Referral Center,Imported from APDA Massachusetts community resources.,"Care Partner Resources Finding a Care Partner Support Group We are pleased to provide support for Care Partners in the Parkinson’s community. Here in Massachusetts, we have developed APDA Care Partner Support Groups which can be found HERE. APDA has additional information and resources HERE. You may also contact our APDA Information and Referral Center at Boston University Medical Center (BUMC) with any questions at 800-651-8466. AARP Caregiving AARP Caregiving877-333-5885 Adult Family Care Adult Family CareSomerville-Cambridge Elder Services617-628-2601 x3151Email: info@eldercare.org","Francisco, CA, United States","Francisco, CA, United States",United States,Care Partner Resources | Finding a Care Partner Support Group | AARP Caregiving | Adult Family Care | American Psychological Association – Connecting with Caregivers | Caregiver Action Network | Family Caregiver Alliance | National Adult Day Services Association | National Institute on Aging | US Department of Health & Human Services,,in-person,true,official_directory_import,0,0,https://www.apdaparkinson.org/community/massachusetts/resources-support-ma/caregiver-resources/,info@eldercare.org,,APDA Massachusetts,support-groups,American Parkinson Disease Association,"Francisco, CA, United States",Francisco,CA,94104,https://www.apdaparkinson.org/community/massachusetts/resources-support-ma/caregiver-resources/,2026-03-28T05:36:55.030Z
apda-community,APDA Community,www.apdaparkinson.org/community/massachusetts/resources-support-ma/wellness/,massachusetts-community-wellness-physical-therapy-programs-lsvt-big-physical-therapy-lsvt-loud-speech-therapy-and-other-therapy-programs-01608,"Community Wellness Physical Therapy Programs, LSVT BIG (Physical Therapy), LSVT LOUD (Speech Therapy), and Other Therapy Programs",Exercise Program,"Exercise and rehabilitation are an important part of care for the person living with Parkinson’s. There are a number of programs designed especially for individuals with Parkinson’s disease. This is a partial list of evidence based programs that have been shared with us. APDA supports a national exercise and therapy helpline. To speak with a physical therapist, call 888-606-1688 or email them at rehab@bu.edu. For more information, please visit www.bu.edu/neurorehab.","Rehabilitation Programs (Physical Therapy, Speech Therapy, and Occupational Therapy) Exercise and rehabilitation are an important part of care for the person living with Parkinson’s. There are a number of programs designed especially for individuals with Parkinson’s disease. This is a partial list of evidence based programs that have been shared with us. APDA supports a national exercise and therapy helpline. To speak with a physical therapist, call 888-606-1688 or email them at rehab@bu.edu. For more information, please visit www.bu.edu/neurorehab. Community Wellness Physical Therapy Programs, LSVT BIG (Physical Therapy), LSVT LOUD (Speech Therapy), and Other Therapy Programs Community Wellness Physical Therapy Programs for individuals with Parkinson’s disease are now offered in several Massachusetts communities. The Wellness Program is designed to help individuals with Parkinson’s disease living in the community learn to manage their health more effectively in order to improve day-to-day functioning and quality of life. Under the guidance of licensed physical, occupational, and speech therapists, participants will learn exercises and a problem solving approaches to managing daily mobility, self-care, and communication issues which often interfere with function and quality of life. These programs have been developed from a model established at Boston University Sargent College of Health and Rehabilitation Sciences. Healthcare professionals from interested agencies collaborate and receive intensive training by staff from Boston University’s Sargent College and the BU Department of Neurology. These initiatives are supported in part by the American Parkinson Disease Association. LSVT BIG® and LSVT LOUD® are intensive therapy programs administered to an individual with Parkinson’s by a rehabilitation specialist ( PT, OT, Speech). To learn more about these programs, visit http://www.lsvtglobal.com/. SPEAK OUT!® is an evidence-based program and therapeutic approach developed by Parkinson Voice Project that combines education, individual speech therapy, and ongoing group sessions to help people with Parkinson’s improve their speech and voice. To learn more or find a local therapist, visit https://www.parkinsonvoiceproject.org/providers.aspx. Virtual – University of Massachusetts Amherst This wellness group, supported by a grant from the American Parkinson Disease Association Massachusetts Chapter, will focus on techniques and education for improving and strengthening your communication, cognition, and swallowing skills. This group is led by Lisa Sommers, MA, CCC-SLP (a LSVT certified instructor), and a group of graduate students from UMass Amherst’s Center for Language, Speech, and Hearing. Contact Lisa Sommers for more information about dates and times. This program is being delivered virtually. Location: At Home, via ZoomContact: Lisa Sommers, 413-545-4010 Attleboro, MA – LSVT® LOUD Program at Sturdy Memorial Hospital Lee Silverman’s Voice Treatment LOUD (LSVT® LOUD) is an intensive, evidence-based speech therapy program. All speech therapists are certified through LSVT Global, which includes extensive training and examination. This treatment approach has been validated to drastically improve voice loudness/quality. For more information or to schedule an appointment:Contact: Sturdy Memorial Hospital Parkinson’s Program Speech TherapyTimes: By Appointment OnlyPhone: 508-236-7380","Worcester, MA, United States","Worcester, MA, United States",United States,"Rehabilitation Programs (Physical Therapy, Speech Therapy, and Occupational Therapy) | Community Wellness Physical Therapy Programs, LSVT BIG (Physical Therapy), LSVT LOUD (Speech Therapy), and Other Therapy Programs | Virtual – University of Massachusetts Amherst | Attleboro, MA – LSVT® LOUD Program at Sturdy Memorial Hospital | Agawam, MA – LSVT® BIG and Parkinson’s Wellness Recovery | Boston, MA – Community Wellness Program at Boston University Sargent College | Boston, MA – Speech & Language Assessments at Boston University Sargent College | Boston, MA – LSVT® LOUD Program at Boston Medical Center | Boston, MA – LSVT® BIG Program at Spaulding Outpatient Center Boston | Boston, MA – PWR! Parkinson’s Wellness Recovery at Spaulding Outpatient Center Boston",,hybrid,true,official_directory_import,0,0,https://www.apdaparkinson.org/community/massachusetts/resources-support-ma/wellness/,rehab@bu.edu,,APDA Massachusetts,resource-page,American Parkinson Disease Association,"Worcester, MA, United States",Worcester,MA,01608,https://www.apdaparkinson.org/community/massachusetts/resources-support-ma/wellness/,2026-03-28T05:36:55.031Z
apda-community,APDA Community,www.apdaparkinson.org/community/massachusetts/resources-support-ma/arts-movement-classes/boxing-classes-2/,massachusetts-parkinson-s-boxing-classes-in-massachusetts-resource-page,Parkinson’s Boxing Classes in Massachusetts,Exercise Program,Imported from APDA Massachusetts community resources.,"Parkinson’s Boxing Classes in Massachusetts Find a boxing class near you. Boxing is currently a popular form of exercise – especially Rock Steady Boxing (RSB), a specific type of boxing class for people with PD that is offered around the country. There are a number of boxing programs available throughout Massachusetts. To find available programming and schedules for Rock Steady Boxing classes, visit the Rock Steady Find a Class feature online here. Dr. Rebecca Gilbert, Chief Scientific Officer of the American Parkinson Disease Association, has also written an informational blog about RSB that you can access here.","Massachusetts, United States","Massachusetts, United States",United States,Parkinson’s Boxing Classes in Massachusetts | Find a boxing class near you. | Exercise | Wellness | Parkinson's Care,,virtual,true,official_directory_import,0,0,https://www.apdaparkinson.org/community/massachusetts/resources-support-ma/arts-movement-classes/boxing-classes-2/,,,APDA Massachusetts,resource-page,American Parkinson Disease Association,"Massachusetts, United States",,Massachusetts,,https://www.apdaparkinson.org/community/massachusetts/resources-support-ma/arts-movement-classes/boxing-classes-2/,2026-03-28T05:36:55.031Z
apda-community,APDA Community,www.apdaparkinson.org/community/massachusetts/resources-support-ma/arts-movement-classes/art-music/,massachusetts-art-and-music-classes-for-people-with-parkinson-s-02129,Art & Music Classes for People with Parkinson’s,Exercise Program,Imported from APDA Massachusetts community resources.,"Art & Music Classes for People with Parkinson’s Find a class in Massachusetts near you. Please be sure to contact the program provider to verify class details. Boston, MA – Crescendo Chorus Crescendo Chorus is a therapeutic singing group for people with PD. The group is lead by a Neurologic Music Therapist and LSVT Speech Language Pathologists. Dates & Times: Tuesdays, 3:15 – 4:45 PM; Contact Spaulding for information on latest session Location: Spaulding Rehabilitation Hospital, 300 First Avenue, 1st Floor, Family Research Room, Charlestown, MA 02129Contact: Linda Garrity; call 617-952-6200 on Tuesday/Thursday, ask for Linda Cambridge, MA – Crescendo Chorus Crescendo Chorus is a therapeutic singing group for people with PD. Participation can help improve audibility, volume, and articulation. This program is open to all, regardless of music experience. Click here to see a flyer. Location: Youville House, 1573 Cambridge Street, Cambridge, MADates & Times: Mondays, every other week, 10:30 – 11:30 am Contact Youville House for datesContact: Yanira Burgos, 617-491-1234 or yaniraburgos@youvillehouse.org","Charlestown, MA, United States","Charlestown, MA, United States",United States,"Art & Music Classes for People with Parkinson’s | Find a class in Massachusetts near you. | Boston, MA – Crescendo Chorus | Cambridge, MA – Crescendo Chorus | Concord, MA – Concord Conservatory of Music Singing with Parkinson’s | Lowell, MA – Art Class Social | Hingham, MA – South Shore Conservatory Parkinson’s Chorus | Newton, MA – Tremble Clefs Choral Singing | Winchester, MA – Music Therapy Group for People with Parkinson’s | Exercise",,hybrid,true,official_directory_import,0,0,https://www.apdaparkinson.org/community/massachusetts/resources-support-ma/arts-movement-classes/art-music/,yaniraburgos@youvillehouse.org,,APDA Massachusetts,resource-page,American Parkinson Disease Association,"Charlestown, MA, United States",Charlestown,MA,02129,https://www.apdaparkinson.org/community/massachusetts/resources-support-ma/arts-movement-classes/art-music/,2026-03-28T05:36:55.031Z
apda-community,APDA Community,www.apdaparkinson.org/community/massachusetts/resources-support-ma/arts-movement-classes/tai-chi/,massachusetts-tai-chi-classes-for-people-with-parkinson-s-01109,Tai Chi Classes for People with Parkinson’s,Exercise Program,Imported from APDA Massachusetts community resources.,"Tai Chi Classes for People with Parkinson’s Find a class near you. Please be sure to contact the program provider to verify class details. Virtual Tai Chi Classes – Tai Chi for Parkinson’s with Jane Arsham Jane Arsham, founder and principal instructor of Moving Easy, conducts classes designed specifically for individuals with Parkinson’s disease. Classes have been running since 2011. She moved her program to Zoom in March 2020 and all classes remain virtual, open to anyone, anywhere! There is time built into each session for the students to connect and share, and over time, a caring community has developed. Jane has worked closely with APDA Massachusetts in developing programs, including the Arts & Movement Weekend Retreats, and other special workshops and events. These classes are open to all no matter where you live. There is a sliding fee scale from $5/class if it is affordable but no one is turned away. We encourage you to sign up for one or both of these offerings and to spread the word. Dates & Times: Monday, 1:00 -2:00 PM Wednesdays, 11:30 – 12-30 PM Location: Remote using computer, tablet, smartphone, or wireless device. Register: Contact Jane Arsham at 339-707-0277 or taichi.janea@gmail.com Once registered Jane will send a Zoom Invite. Chestnut Hill & Virtual – Tai Chi With roots in traditional Chinese medicine, Tai Chi is a therapeutic mind-body exercise that integrates gentle movements, rhythmic breathing, and imagery. Tai Chi is practiced to improve strength, balance, flexibility, mental focus, and emotional tranquility. Tai Chi is increasingly being utilized as part of comprehensive health rehabilitation and prevention programs. New research suggests Tai Chi may have important benefits for individuals with Parkinson’s disease. These 12 week sessions are designed for people who are able to stand for the 60- minute program. Space is limited and registration is required. Days & Times: Daytime: **Currently on Pause**Mondays 11 AM – 12 PMLocation: Shapiro 247A, BIDMC East Campus, 330 Brookline Avenue, Boston, MA 02215Contact: Michelle Guo, mguo1@bidmc.harvard.edu Evening: ** Currently Virtual**Tuesdays, 7:00 – 8:00 PM; Contact the Osher Clinical Center for session datesLocation: 850 Boylston Street, Chestnut Hill, MAContact: Michelle Guo, mguo1@bidmc.harvard.edu","Springfield, MA, United States","Springfield, MA, United States",United States,"Tai Chi Classes for People with Parkinson’s | Find a class near you. | Virtual Tai Chi Classes – Tai Chi for Parkinson’s with Jane Arsham | Chestnut Hill & Virtual – Tai Chi | Springfield, MA – Tai Ji Quan: Moving for Better Balance at Springfield College | Exercise | Wellness | Parkinson's Care",,hybrid,true,official_directory_import,0,0,https://www.apdaparkinson.org/community/massachusetts/resources-support-ma/arts-movement-classes/tai-chi/,taichi.janea@gmail.com,,APDA Massachusetts,resource-page,American Parkinson Disease Association,"Springfield, MA, United States",Springfield,MA,01109,https://www.apdaparkinson.org/community/massachusetts/resources-support-ma/arts-movement-classes/tai-chi/,2026-03-28T05:36:55.031Z
apda-community,APDA Community,www.apdaparkinson.org/community/massachusetts/resources-support-ma/arts-movement-classes/exercise/,massachusetts-parkinson-s-exercise-classes-in-massachusetts-01721,Parkinson’s Exercise Classes in Massachusetts,Exercise Program,Imported from APDA Massachusetts community resources.,"Parkinson’s Exercise Classes in Massachusetts Be active. Find a class near you. Please be sure to contact the program provider to verify class details. Ashland, MA – Parkinson’s Disease Exercise Class Joyce Indelicato, MEd, MS, Clinical Exercise Physiologist leads an exercise class specialized for individuals with Parkinson’s disease. The overall goal of the class is to help you move with more ease and confidence so you can continue to do what you enjoy. Working at your own pace, you will learn a variety of safe, simple exercises that you can do at home between sessions. Caregivers are welcome. Location: Ashland Senior Center, 162 West Union Street, Ashland, MA 01721Contact: Joanne Duffy at the Ashland Senior Center: 508-881-0140 ext. 1 Attleboro, MA – Pedaling for Parkinson’s Pedaling a bicycle may change the life of someone with Parkinson’s disease. Research conducted at the Cleveland Clinic showed a 35% reduction in symptoms by the simple act of pedaling a bicycle at a rapid pace – optimally, 80-90 revolutions per minute. Fast pedaling is not a cure of Parkinson’s disease and should not be touted as such, but there is compelling evidence to show that it does make a real difference for many who try it. We do know that fast-paced cycling is changing the lives of increasing numbers of participants who, before this, had no hope beyond medication and eventually surgery to slow the progression of their disease. Click here to see a flyer with more information. Days & Times: MON & FRI, 11AMLocation: Attleboro Downtown YMCA – Cycle Studio, 63 North Main Street, Attleboro, MA 02703Contact: Nicole Szeliga, nszeliga@attleboroymca.org or 508-222-7422","Ashland, MA, United States","Ashland, MA, United States",United States,"Parkinson’s Exercise Classes in Massachusetts | Be active. Find a class near you. | Ashland, MA – Parkinson’s Disease Exercise Class | Attleboro, MA – Pedaling for Parkinson’s | Attleboro, MA – Delay the Disease Classes | Barnstable, MA – Pedaling for Parkinson’s™ | Boston, MA – Bootcamp & Balance | Boston, MA – Moving Through PD | Boston, MA – Pedaling for Parkinson’s | Brighton, MA – Pedaling for Parkinson’s",,hybrid,true,official_directory_import,0,0,https://www.apdaparkinson.org/community/massachusetts/resources-support-ma/arts-movement-classes/exercise/,nszeliga@attleboroymca.org,,APDA Massachusetts,resource-page,American Parkinson Disease Association,"Ashland, MA, United States",Ashland,MA,01721,https://www.apdaparkinson.org/community/massachusetts/resources-support-ma/arts-movement-classes/exercise/,2026-03-28T05:36:55.032Z
apda-community,APDA Community,www.apdaparkinson.org/community/massachusetts/resources-support-ma/arts-movement-classes/yoga-classes/,massachusetts-boston-ma-self-care-for-care-partners-01886,"Boston, MA – Self Care for Care Partners",Exercise Program,Imported from APDA Massachusetts community resources.,"Parkinson’s Yoga Classes in Massachusetts Find a class near you. Studies show that people with PD benefit from exercise to improve strength, flexibility, balance, overall fitness, and quality of life. Yoga, which includes deliberate movements, meditation, and focused breathing, may be a viable means of providing such exercise and relaxation. Studies specific to yoga and neurological conditions, particularly PD, are limited. However, individuals with Parkinson’s appear to be more open to ways of managing their health and fitness through yoga and other complementary alternatives than ever before. See below for a listing of classes in your area. Please be sure to contact the program provider to verify class details. Boston, MA- PD Yoga The Parkinson’s Disease and Movement Disorders Center at Beth Israel Deaconess Medical Center presents PD Yoga. Classes are taught by a certified Yoga instructor with special training in PD. There are many benefits of yoga, which include a balanced relationship between body and mind and increased vitality, positivity, and peace. This Hatha yoga class improves balance, strength, and flexibility. All levels of Yoga experience are welcome. Click here to learn more on the Wellness Works website. Location: **Currently Meeting Online** Bodyscapes Fitness Center, Longwood Medical Area, 77 Avenue Louis Pasteur, Boston, MA 02115Date & Time: Contact Wellness Works for updated information; Chair Yoga- Wednesdays, 10 AM & Dynamic Yoga – Fridays, 10 AMContact: Michelle Guo, mguo1@bidmc.harvard.edu Boston, MA – Self Care for Care Partners The program will begin the practice with gentle yoga movements where you will be encouraged to sense into your physical experience and cultivate ease. You will also learn breathing practices that can help to balance your nervous system and support well being, and the program will close each class with a meditation practice. Meditation practices will include guided body scans, guided imagery, breath awareness, and loving kindness (Metta). No previous experience needed. This class is for anyone who identifies as a care partner for a person with PD. Click here to learn more on the Wellness Works website. Location: **Currently Meeting Online** Bodyscapes Fitness Center, Longwood Medical Area, 77 Avenue Louis Pasteur, Boston, MA 02115Date & Time: Contact Wellness Works for updated information; THU, 9 – 10 AMContact: Michelle Guo, mguo1@bidmc.harvard.edu","Westford, MA, United States","Westford, MA, United States",United States,"Parkinson’s Yoga Classes in Massachusetts | Find a class near you. | Boston, MA- PD Yoga | Boston, MA – Self Care for Care Partners | Dartmouth, MA – Yoga for Parkinson’s | Marion, MA – Mindful Movement for People with Parkinson’s | New Bedford, MA – Yoga for Early Parkinson’s | Spaulding Cape Cod Virtually Accessible Yoga | Virtual Class – Chair Yoga from TriYoga | Virtual Class – Parkinson’s Fitness Breathe and Stretch Yoga with Dianna",,hybrid,true,official_directory_import,0,0,https://www.apdaparkinson.org/community/massachusetts/resources-support-ma/arts-movement-classes/yoga-classes/,mguo1@bidmc.harvard.edu,,APDA Massachusetts,resource-page,American Parkinson Disease Association,"Westford, MA, United States",Westford,MA,01886,https://www.apdaparkinson.org/community/massachusetts/resources-support-ma/arts-movement-classes/yoga-classes/,2026-03-28T05:36:55.032Z
apda-community,APDA Community,www.apdaparkinson.org/community/massachusetts/resources-support-ma/arts-movement-classes/dance-classes/,massachusetts-parkinson-s-dance-classes-in-massachusetts-02118,Parkinson’s Dance Classes in Massachusetts,Referral Center,Imported from APDA Massachusetts community resources.,"Parkinson’s Dance Classes in Massachusetts Find an upcoming dance class near you. Please be sure to contact the program provider to verify class details. Boston, MA – Dance with Parkinson’s at Urbanity Dance Central This free class designed for people with Parkinson’s Disease keeps individuals moving in a fun, welcoming, and safe environment. Urbanity’s instructors will guide you through exercises designed to enhance and maintain mobility, flexibility, balance, posture, coordination, and strength, which are all easily modifiable for various levels of mobility. In this social, creative outlet, participants can discover or rediscover the joy of movement. The class is open to all levels of movers, and caregivers and loved ones are always welcome to join. No previous dance experience is required, and participants are welcome to join any time of the year. Instructors are safety certified and have trained with David Leventhal of Mark Morris Dance Group, who codified the original Dance for PD curriculum in collaboration with Brooklyn Parkinson’s Group. Dates & Times: In-Studio and Virtual options available | click hereLocation: Urbanity Dance – Urbanity Central, 725 Harrison Avenue, Boston, MA 02118Register: Click here to register onlineContact: ask@urbanitydance.org or by phone 617-572-3727 For transportation and parking information, please click here. Visit Urbanity online. Look below for a short video on the program. Concord, MA – Parkinson’s Movement: Dance for PD *This class is being offered both virtually and in-person.* This “Parkinson’s Movement: Healing Movement to Music for Parkinson’s and Movement-Related Disorders” classes uses various dance techniques and styles to address balance, flexibility, movement range and rhythm in a safe and enjoyable environment. It is based on the acclaimed Dance for PD® program developed by the Mark Morris Dance Group and Brooklyn Parkinson Group. Research has found that dance techniques can be helpful to those with Parkinson’s and other mobility disorders including shaking, rigidity, slowness of movement, and difficulty with walking and gait. Caregivers are welcome to accompany student for free. Taught by Susanne Liebich, trained in Dance for PD; certified in therapeutic dance and movement. Classes are taught in 6-week, 7-weej or 8-week sessions. Contact the instructor for more information. Dates & Times: Thursdays, 10:30 – 12 PMLocation: [Classes Currently Both In-Person and Virtual] Steinberg Wellness Center at Emerson Hospital, 310 Baker Avenue, Concord, MA 01742Contact: Steinberg Wellness Center at Emerson Health at 978-287-3777; or Susanne Liebich, susanne@dancingwellness.com or 508-527-3570","Boston, MA, United States","Boston, MA, United States",United States,"Parkinson’s Dance Classes in Massachusetts | Find an upcoming dance class near you. | Boston, MA – Dance with Parkinson’s at Urbanity Dance Central | Concord, MA – Parkinson’s Movement: Dance for PD | Danvers, MA – Parkinson’s Fitness Balance in Motion | Dartmouth, MA – Dance for PD | Dracut, MA – Move & Groove | Foxboro, MA – Ballroom Dance for People with Parkinson’s | Gloucester, MA – Parkinson’s Fitness Balance in Motion | Hadley, MA – Gentle Movement, Dance, and Yoga with Donna Brooks",,hybrid,true,official_directory_import,0,0,https://www.apdaparkinson.org/community/massachusetts/resources-support-ma/arts-movement-classes/dance-classes/,ask@urbanitydance.org,,APDA Massachusetts,resource-page,American Parkinson Disease Association,"Boston, MA, United States",Boston,MA,02118,https://www.apdaparkinson.org/community/massachusetts/resources-support-ma/arts-movement-classes/dance-classes/,2026-03-28T05:36:55.033Z
apda-community,APDA Community,www.apdaparkinson.org/community/massachusetts/resources-support-ma/additional-resources/,massachusetts-massachusetts-resources-resource-page,Massachusetts Resources,Referral Center,"A list of resources has been developed to provide up-to-date information and support. If you need additional information, please contact the APDA Information & Referral Center at Boston University Medical Campus (BUMC) at 617-638-8466 or toll-free at 800-651-8466, or email apdama@apdaparkinson.org. Please let us know if there are any other resources that may be positive additions to this list. APDA National Resource Center for Rehabilitation Caregiver Resources Dental Health Discounted, Gently Used, and Donated Medical Equipment Driving and Transportation Resources Eldercare Resources Legal and Employment Support Movement Disorder Specialists Medication Resources Psychosocial Support Home Modification & Assessment","Massachusetts Resources A list of resources has been developed to provide up-to-date information and support. If you need additional information, please contact the APDA Information & Referral Center at Boston University Medical Campus (BUMC) at 617-638-8466 or toll-free at 800-651-8466, or email apdama@apdaparkinson.org. Please let us know if there are any other resources that may be positive additions to this list. APDA National Resource Center for Rehabilitation Caregiver Resources Dental Health Discounted, Gently Used, and Donated Medical Equipment Driving and Transportation Resources Eldercare Resources Legal and Employment Support Movement Disorder Specialists Medication Resources Psychosocial Support Home Modification & Assessment","Massachusetts, United States","Massachusetts, United States",United States,Massachusetts Resources | Information and Referral | Parkinson's Care,,in-person,true,official_directory_import,0,0,https://www.apdaparkinson.org/community/massachusetts/resources-support-ma/additional-resources/,apdama@apdaparkinson.org,,APDA Massachusetts,resource-page,American Parkinson Disease Association,"Massachusetts, United States",,Massachusetts,,https://www.apdaparkinson.org/community/massachusetts/resources-support-ma/additional-resources/,2026-03-28T05:36:55.033Z
apda-community,APDA Community,www.apdaparkinson.org/community/massachusetts/resources-support-ma/additional-resources/home-modification-and-assessment/,massachusetts-design-and-assessment-02472,Design & Assessment,Referral Center,"We often receive calls at the APDA Information & Referral Center at Boston University Medical Campus (BUMC) asking for recommendations for companies to assess or modify homes. Having a home assessment and having appropriate, safe modifications made by certified professionals can help an individual with Parkinson’s continue to live in their own homes and keep their independence. Below we have listed several companies and organizations that may be able to assist you in modifying your home. Please contact the organization directly to learn if they will be able to assist you.","Overview We often receive calls at the APDA Information & Referral Center at Boston University Medical Campus (BUMC) asking for recommendations for companies to assess or modify homes. Having a home assessment and having appropriate, safe modifications made by certified professionals can help an individual with Parkinson’s continue to live in their own homes and keep their independence. Below we have listed several companies and organizations that may be able to assist you in modifying your home. Please contact the organization directly to learn if they will be able to assist you. Design & Assessment Accessible SolutionsMA Showroom @ Letourneau’s Medical349 N. Main St.Andover MA 01810978-494-6855Email: debbie@MakeYourHomeAccessible.com Lifeway Mobility21 East Main Street, Ste. 1BWestborough, MA 01581Phone: (508) 812-9058 Operation Independence Accessibility325 School StreetWatertown, MA 02472Phone: 617-923-4545Email: info@operationindependence.net Solutions for AccessibilityJackie DobsonPhone: 617-923-8877Email: dobson@SolutionsForAccess.com Handicap Ramp Programs For individuals living in Western MA (Hampden, Hampshire, and Franklin Counties)Stavros’ Home Sweet Home Program413-256-0473 ext. 201","Watertown, MA, United States","Watertown, MA, United States",United States,Design & Assessment | Handicap Ramp Programs | Information and Referral | Parkinson's Care,,in-person,true,official_directory_import,0,0,https://www.apdaparkinson.org/community/massachusetts/resources-support-ma/additional-resources/home-modification-and-assessment/,debbie@makeyourhomeaccessible.com,,APDA Massachusetts,resource-page,American Parkinson Disease Association,"Watertown, MA, United States",Watertown,MA,02472,https://www.apdaparkinson.org/community/massachusetts/resources-support-ma/additional-resources/home-modification-and-assessment/,2026-03-28T05:36:55.033Z
apda-community,APDA Community,www.apdaparkinson.org/community/massachusetts/resources-support-ma/additional-resources/psychosocial-support/,massachusetts-the-apda-information-and-referral-center-at-boston-university-medical-campus-bumc-referral-center-page,The APDA Information & Referral Center at Boston University Medical Campus (BUMC),Referral Center,"Many people coping with a chronic health problem benefit from work with a therapist or counselor. When choosing a clinician some considerations include: Experience with Parkinson’s disease, chronic illness, or symptoms you are experiencing (e.g. depression or anxiety) Compatibility Geographical location Insurance It is recommended that you work with your primary healthcare provider or neurologist to assist you in identifying an appropriate clinician. These professionals may have a counselor or therapist who works with them and offers outpatient therapy. You can check with them directly for referrals. In addition, the following resources may assist you in your search.","Psychosocial Support Many people coping with a chronic health problem benefit from work with a therapist or counselor. When choosing a clinician some considerations include: Experience with Parkinson’s disease, chronic illness, or symptoms you are experiencing (e.g. depression or anxiety) Compatibility Geographical location Insurance It is recommended that you work with your primary healthcare provider or neurologist to assist you in identifying an appropriate clinician. These professionals may have a counselor or therapist who works with them and offers outpatient therapy. You can check with them directly for referrals. In addition, the following resources may assist you in your search. The APDA Information & Referral Center at Boston University Medical Campus (BUMC) 617-638-8466 or toll-free at 800-651-8466apdama@apdaparkinson.org Contact the I&R Center for a listing of support groups in your area. These groups are community-lead self-help groups for individuals and families impacted by Parkinson’s disease. For a complete list of support groups across the state, click here. OnlineTherapy OnlineTherapy(781) 862-5215 OnlineTherapy’s Advanced Search feature can be tailored by a number of different factors including location, health insurance accepted, and specialization based on disability or concern. Therapy Matcher Therapy Matcher617-720-2828 or 800-242-9794info@therapymatcher.org Therapy Matcher is a free, confidential telephone and email referral service. They provide professional, personalized counseling referrals matched for location, specialty and insurance or fee requirements.","Massachusetts, United States","Massachusetts, United States",United States,Psychosocial Support | The APDA Information & Referral Center at Boston University Medical Campus (BUMC) | OnlineTherapy | Therapy Matcher | Psychology Today | Massachusetts Mental Health Counselors Association | Boston University Center for Anxiety and Related Disorders (CARD) | Your Insurance Company | Information and Referral | Parkinson's Care,,virtual,true,official_directory_import,0,0,https://www.apdaparkinson.org/community/massachusetts/resources-support-ma/additional-resources/psychosocial-support/,apdama@apdaparkinson.org,,APDA Massachusetts,referral-center-page,American Parkinson Disease Association,"Massachusetts, United States",,Massachusetts,,https://www.apdaparkinson.org/community/massachusetts/resources-support-ma/additional-resources/psychosocial-support/,2026-03-28T05:36:55.033Z
apda-community,APDA Community,www.apdaparkinson.org/community/massachusetts/resources-support-ma/additional-resources/prescription-services/,massachusetts-managing-medications-in-parkinson-s-resource-page,Managing Medications in Parkinson’s,Education Event,Managing medications in Parkinson’s is complex. Individuals often require more than one medication to treat their condition. We have put together some resources that you may find helpful. It is always important to discuss any medication concern you may have with your healthcare provider. Medications Approved for the Treatment of Parkinson’s Disease in the USA Medicamentos aprobados para el tratamiento de la enfermedad de Parkinson – Medications Approved Medications to be Avoided or Used with Caution in Parkinson’s Disease Medicamentos que deben evitarse o usarse con precaución en la Enfermedad de Parkinson – Medications to Avoid MCPHS Pharmacy Outreach Program Mass.gov Prescription Financial Assistance Mass.gov Find a Shine Counselor (Free health insurance information and assistance) Some Helpful Tips,Managing Medications in Parkinson’s Managing medications in Parkinson’s is complex. Individuals often require more than one medication to treat their condition. We have put together some resources that you may find helpful. It is always important to discuss any medication concern you may have with your healthcare provider. Medications Approved for the Treatment of Parkinson’s Disease in the USA Medicamentos aprobados para el tratamiento de la enfermedad de Parkinson – Medications Approved Medications to be Avoided or Used with Caution in Parkinson’s Disease Medicamentos que deben evitarse o usarse con precaución en la Enfermedad de Parkinson – Medications to Avoid MCPHS Pharmacy Outreach Program Mass.gov Prescription Financial Assistance Mass.gov Find a Shine Counselor (Free health insurance information and assistance) Some Helpful Tips Medication Assistance Programs America’s Medicines (Medication search engine) Needy Meds (Find help with the cost of medicine) CoverMyMeds (Support for prior authorization) GoodRX (Compare prescription drug prices) PAN Foundation (Patient Advocate Foundation) Medicare.gov (Medicare drug coverage) Rx Assist (Patient Assistance Program Center) Another way to manage the cost of prescriptions is to contact the pharmaceutical company that makes your medication directly. Many have services that work with patients to lower the cost of medications.,"Massachusetts, United States","Massachusetts, United States",United States,Managing Medications in Parkinson’s | Medication Assistance Programs | Education | Community Event | Parkinson's Care,,in-person,true,official_directory_import,0,0,https://www.apdaparkinson.org/community/massachusetts/resources-support-ma/additional-resources/prescription-services/,,,APDA Massachusetts,resource-page,American Parkinson Disease Association,"Massachusetts, United States",,Massachusetts,,https://www.apdaparkinson.org/community/massachusetts/resources-support-ma/additional-resources/prescription-services/,2026-03-28T05:36:55.033Z
apda-community,APDA Community,www.apdaparkinson.org/community/massachusetts/resources-support-ma/additional-resources/movement-disorder-specialists/,massachusetts-movement-disorder-specialists-resource-page,Movement Disorder Specialists,Referral Center,"Neurologists trained in the diagnosis, management, and care of individuals with Parkinson’s disease and related movement disorders are Movement Disorder Specialists. Click here for a partial list of movement disorder specialists in Massachusetts. All listed neurologists are members of the Movement Disorder Society. For additional information or if you would like to update this list, please contact the APDA Information & Referral Center at Boston University Medical Campus (BUMC) at 617-638-8466 or toll-free at 800-651-8466, or email apdama@apdaparkinson.org.","Movement Disorder Specialists Neurologists trained in the diagnosis, management, and care of individuals with Parkinson’s disease and related movement disorders are Movement Disorder Specialists. Click here for a partial list of movement disorder specialists in Massachusetts. All listed neurologists are members of the Movement Disorder Society. For additional information or if you would like to update this list, please contact the APDA Information & Referral Center at Boston University Medical Campus (BUMC) at 617-638-8466 or toll-free at 800-651-8466, or email apdama@apdaparkinson.org.","Massachusetts, United States","Massachusetts, United States",United States,Movement Disorder Specialists | Information and Referral | Parkinson's Care,,in-person,true,official_directory_import,0,0,https://www.apdaparkinson.org/community/massachusetts/resources-support-ma/additional-resources/movement-disorder-specialists/,apdama@apdaparkinson.org,,APDA Massachusetts,resource-page,American Parkinson Disease Association,"Massachusetts, United States",,Massachusetts,,https://www.apdaparkinson.org/community/massachusetts/resources-support-ma/additional-resources/movement-disorder-specialists/,2026-03-28T05:36:55.033Z
apda-community,APDA Community,www.apdaparkinson.org/community/massachusetts/resources-support-ma/additional-resources/legal-employment-support/,massachusetts-apda-young-onset-resources-resource-page,APDA Young Onset Resources,Education Event,Imported from APDA Massachusetts community resources.,"Legal and Employment Support APDA MA Webinar: Workplace Accommodation with a Diagnosis of Parkinson’s Workplace Accommodation with a Diagnosis of Parkinson’s This program was presented on Tuesday, April 20, 2021 by Alexandra (Alex) Deal, JD, partner at Paik, Brewington & Deal, LLP, a Boston-based law firm specializing in employment counseling and litigation; & Anne Muskopf, OTR/L, Director of the Charlotte & Richard Okonow Parkinson’s Family Support Program. Alex and Anne discussed how individuals with Parkinson’s can continue to work with the aid of workplace accommodations. APDA Young Onset Resources APDA Young Onset Resources Website contains extensive information on legal and employment matters. Visit this site and sign up for regular updates. Commonwealth of Massachusetts Division of Insurance Commonwealth of Massachusetts Division of Insurance617-521-7794","Massachusetts, United States","Massachusetts, United States",United States,Legal and Employment Support | APDA MA Webinar: Workplace Accommodation with a Diagnosis of Parkinson’s | APDA Young Onset Resources | Commonwealth of Massachusetts Division of Insurance | The Chronic Illness Career Coach | Disability Law Center | Job Accommodation Network | Education | Community Event | Parkinson's Care,,in-person,true,official_directory_import,0,0,https://www.apdaparkinson.org/community/massachusetts/resources-support-ma/additional-resources/legal-employment-support/,,,APDA Massachusetts,resource-page,American Parkinson Disease Association,"Massachusetts, United States",,Massachusetts,,https://www.apdaparkinson.org/community/massachusetts/resources-support-ma/additional-resources/legal-employment-support/,2026-03-28T05:36:55.033Z
apda-community,APDA Community,www.apdaparkinson.org/community/massachusetts/resources-support-ma/additional-resources/eldercare-resources/,massachusetts-eldercare-resources-resource-page,Eldercare Resources,Referral Center,"Massachusetts has a comprehensive system of agencies committed to addressing the needs of elders and their families. Consider contacting one of these agencies to see what is available for you. In addition, staff at the APDA Information & Referral Center at Boston University Medical Campus (BUMC) can help you identify appropriate services. Contact the APDA I&R Center at 617-638-8466 or toll-free at 800-651-8466, or email apdama@apdaparkinson.org.","Eldercare Resources Massachusetts has a comprehensive system of agencies committed to addressing the needs of elders and their families. Consider contacting one of these agencies to see what is available for you. In addition, staff at the APDA Information & Referral Center at Boston University Medical Campus (BUMC) can help you identify appropriate services. Contact the APDA I&R Center at 617-638-8466 or toll-free at 800-651-8466, or email apdama@apdaparkinson.org. Massachusetts Area Agencies on Aging Massachusetts Area Agencies on Aging Listing AARP American Association of Retired Persons (AARP)617-723-7600 Councils on Aging Councils on AgingEvery city and town in Massachusetts has a Council on Aging (COA). COA’s provide many services including transportation, socialization, and companionship. For more information, contact the COA in your town.","Massachusetts, United States","Massachusetts, United States",United States,Eldercare Resources | Massachusetts Area Agencies on Aging | AARP | Councils on Aging | Eldercare Locator | Executive Office of Elder Affairs | Senior and Access Pass Office of the MBTA | Information and Referral | Parkinson's Care,,in-person,true,official_directory_import,0,0,https://www.apdaparkinson.org/community/massachusetts/resources-support-ma/additional-resources/eldercare-resources/,apdama@apdaparkinson.org,,APDA Massachusetts,resource-page,American Parkinson Disease Association,"Massachusetts, United States",,Massachusetts,,https://www.apdaparkinson.org/community/massachusetts/resources-support-ma/additional-resources/eldercare-resources/,2026-03-28T05:36:55.033Z
apda-community,APDA Community,www.apdaparkinson.org/community/massachusetts/resources-support-ma/additional-resources/driving-transportation-resources/,massachusetts-driving-and-transportation-resources-resource-page,Driving and Transportation Resources,Exercise Program,"Driving is important to us, giving us a sense a freedom and independence. Many of us have been driving for most of our lives and it is difficult to grasp that there may be a point where we are no longer able to do so. Having Parkinson’s does not mean you cannot drive, but driving may become an issue with some symptoms. Making the decision not to drive is very challenging. It is important to listen to input from family, friends, and professionals about your driving. No one wants to find themselves in an unsafe situation or feel they are a danger on the road. How will you know when it is time to stop driving? The information below can help give you and your family some guidance on this important and often sensitive issue. You can also click here to view a webinar on Driving Wellness and Parkinson’s disease.","Driving and Transportation Resources Driving is important to us, giving us a sense a freedom and independence. Many of us have been driving for most of our lives and it is difficult to grasp that there may be a point where we are no longer able to do so. Having Parkinson’s does not mean you cannot drive, but driving may become an issue with some symptoms. Making the decision not to drive is very challenging. It is important to listen to input from family, friends, and professionals about your driving. No one wants to find themselves in an unsafe situation or feel they are a danger on the road. How will you know when it is time to stop driving? The information below can help give you and your family some guidance on this important and often sensitive issue. You can also click here to view a webinar on Driving Wellness and Parkinson’s disease. When is it time to evaluate your driving? In the state of Massachusetts, it is up to you, the driver, to evaluate your safety on the road. You can consult with your physician and speak to your family about your driving. It is usually helpful to get someone else’s feedback and assessment. In fact, you may not have to stop driving altogether. There may be adjustments you can make, such as only driving during the day and staying on familiar routes. In addition, there are several Driving Assessment Programs in the state which can help with this. Their information is listed below. These programs may require a physician referral and some are not covered by insurance, so we recommend first contacting them to find out this specific information. I’m not driving – now what? Whether it is running to the store or going to an appointment, driving is a routine part of our daily activity. Naturally, people wonder how they will get around without a car. One option may be found in your community, as many have transportation options for elders (usually age 60 and older). Contact your local Council on Aging or Area on Aging for more information. Other options may feel expensive at first, but you might be amazed at the amount of money you can save by not driving. A car requires maintenance, insurance, and gas, all of which can be costly expenses. You may be able to budget some of this money for other transportation means such as a taxi, shuttle service or home delivery. Be creative in how you get around! You can make a day with friends or family to do errands and go out. It may be difficult to ask or to rely on others, but many are willing to help. Transportation Resources Ride Match provides a search engine tool to look for transportation from both public and private organizations in one place. Area on Aging Council on Aging MBTA Reduced Fare Passes 617-222-5438 MBTA / The Ride 800-533-6282 Transportation Security Administration (TSA): “Travelers with Disabilities and Medical Conditions” Mobility Works is one of America’s largest providers of wheelchair vans, vehicle modifications, and adaptive equipment, including hand controls, wheelchair and scooter lifts, ramps, raised doors, lowered floors, and specialized gas, brake, and steering controls. Your Health and Driving Safely in Massachusetts Informational Pamphlet","Massachusetts, United States","Massachusetts, United States",United States,Driving and Transportation Resources | When is it time to evaluate your driving? | I’m not driving – now what? | Transportation Resources | Driving Evaluation Programs | Additional Resources | Exercise | Wellness | Parkinson's Care,,in-person,true,official_directory_import,0,0,https://www.apdaparkinson.org/community/massachusetts/resources-support-ma/additional-resources/driving-transportation-resources/,,,APDA Massachusetts,resource-page,American Parkinson Disease Association,"Massachusetts, United States",,Massachusetts,,https://www.apdaparkinson.org/community/massachusetts/resources-support-ma/additional-resources/driving-transportation-resources/,2026-03-28T05:36:55.034Z
apda-community,APDA Community,www.apdaparkinson.org/community/massachusetts/resources-support-ma/additional-resources/discounted-gently-used-donated-medical-equipment/,massachusetts-discounted-gently-used-and-donated-medical-equipment-resource-page,"Discounted, Gently Used, and Donated Medical Equipment",Referral Center,"At the APDA Information & Referral Center at Boston University Medical Campus (BUMC), we often receive phone calls from individuals seeking gently used or donated medical items in their community. There are programs and organizations that have discounted, gently used, or donated medical items, some of which have never been used. Look below to find suggestions on whom to contact and where to look. In addition to these, your local senior center, council on aging, or independent living center may have equipment available for loan or sale. Note that some assistive devices require an evaluation or recommendation from a rehabilitation specialist, such as physical or occupational therapist. These specialists determine whether assistive devices are appropriate for you. Rehabilitation specialists also ensure that you can use them safely and that they are properly fit for your height and weight. Assistive Technology Exchange in New England (getATstuff)877-508-3974 Scituate Etrusco Associates, Inc.781-545-4411Scituate, MA Wheelchair Recycler508-460-6328 Masonic Hospital Equipment Loan Program781-322-1052Woburn, MA Durable Equipment Reuse800-261-9841Boston, MA Stavros800-804-1899Amherst, Springfield, & Greenfield, MA","Discounted, Gently Used, and Donated Medical Equipment At the APDA Information & Referral Center at Boston University Medical Campus (BUMC), we often receive phone calls from individuals seeking gently used or donated medical items in their community. There are programs and organizations that have discounted, gently used, or donated medical items, some of which have never been used. Look below to find suggestions on whom to contact and where to look. In addition to these, your local senior center, council on aging, or independent living center may have equipment available for loan or sale. Note that some assistive devices require an evaluation or recommendation from a rehabilitation specialist, such as physical or occupational therapist. These specialists determine whether assistive devices are appropriate for you. Rehabilitation specialists also ensure that you can use them safely and that they are properly fit for your height and weight. Assistive Technology Exchange in New England (getATstuff)877-508-3974 Scituate Etrusco Associates, Inc.781-545-4411Scituate, MA Wheelchair Recycler508-460-6328 Masonic Hospital Equipment Loan Program781-322-1052Woburn, MA Durable Equipment Reuse800-261-9841Boston, MA Stavros800-804-1899Amherst, Springfield, & Greenfield, MA","Massachusetts, United States","Massachusetts, United States",United States,"Discounted, Gently Used, and Donated Medical Equipment | Information and Referral | Parkinson's Care",,in-person,true,official_directory_import,0,0,https://www.apdaparkinson.org/community/massachusetts/resources-support-ma/additional-resources/discounted-gently-used-donated-medical-equipment/,,,APDA Massachusetts,resource-page,American Parkinson Disease Association,"Massachusetts, United States",,Massachusetts,,https://www.apdaparkinson.org/community/massachusetts/resources-support-ma/additional-resources/discounted-gently-used-donated-medical-equipment/,2026-03-28T05:36:55.034Z
apda-community,APDA Community,www.apdaparkinson.org/community/massachusetts/resources-support-ma/additional-resources/dental-health/,massachusetts-dental-health-resource-page,Dental Health,Education Event,"Good dental health is important for everyone. People with Parkinson’s experience symptoms which may impact their oral health. Individuals may have excessive saliva in the mouth due to a decrease in swallowing. Some people may have a very dry mouth as a side effect of their medications. Finally, brushing and flossing teeth regularly and completely may be difficult due to the motor symptoms of Parkinson’s. Regular visits to the dentist are important, preferably with a dentist who understands the special needs of a person with Parkinson’s. The Massachusetts Dental Society (MDS) is an excellent resource to identify dentists who treat the special needs of certain populations. You can call the MDS at 800-342-8747, or click here to submit an online contact form. For our educational supplement please click here.","Dental Health Good dental health is important for everyone. People with Parkinson’s experience symptoms which may impact their oral health. Individuals may have excessive saliva in the mouth due to a decrease in swallowing. Some people may have a very dry mouth as a side effect of their medications. Finally, brushing and flossing teeth regularly and completely may be difficult due to the motor symptoms of Parkinson’s. Regular visits to the dentist are important, preferably with a dentist who understands the special needs of a person with Parkinson’s. The Massachusetts Dental Society (MDS) is an excellent resource to identify dentists who treat the special needs of certain populations. You can call the MDS at 800-342-8747, or click here to submit an online contact form. For our educational supplement please click here.","Massachusetts, United States","Massachusetts, United States",United States,Dental Health | Education | Community Event | Parkinson's Care,,virtual,true,official_directory_import,0,0,https://www.apdaparkinson.org/community/massachusetts/resources-support-ma/additional-resources/dental-health/,,,APDA Massachusetts,resource-page,American Parkinson Disease Association,"Massachusetts, United States",,Massachusetts,,https://www.apdaparkinson.org/community/massachusetts/resources-support-ma/additional-resources/dental-health/,2026-03-28T05:36:55.034Z
apda-community,APDA Community,www.apdaparkinson.org/community/massachusetts/resources-support-ma/additional-resources/apda-national-resource-center-rehabilitation/,massachusetts-apda-national-resource-center-for-rehabilitation-resource-page,APDA National Resource Center for Rehabilitation,Exercise Program,"Helping people who have Parkinson’s disease (PD) access information on exercise recommendations, the American Parkinson Disease Association (APDA) and Boston University have established the country’s first National Resource Center for Rehabilitation. The center’s toll-free helpline telephone number is 888-606-1688, or the center may be reached via email at rehab@bu.edu. Anyone contacting the center will be put in touch with a licensed physical therapist who can answer questions about exercise and provide information about programs in the individual’s area. Center staff have developed educational materials for individuals, family members, and health care professionals. APDA National Resource Center for Rehabilitation Staff Terry Ellis, PhD, PT, NCS, Program Director","APDA National Resource Center for Rehabilitation Helping people who have Parkinson’s disease (PD) access information on exercise recommendations, the American Parkinson Disease Association (APDA) and Boston University have established the country’s first National Resource Center for Rehabilitation. The center’s toll-free helpline telephone number is 888-606-1688, or the center may be reached via email at rehab@bu.edu. Anyone contacting the center will be put in touch with a licensed physical therapist who can answer questions about exercise and provide information about programs in the individual’s area. Center staff have developed educational materials for individuals, family members, and health care professionals. APDA National Resource Center for Rehabilitation Staff Terry Ellis, PhD, PT, NCS, Program Director","Massachusetts, United States","Massachusetts, United States",United States,APDA National Resource Center for Rehabilitation | Exercise | Wellness | Parkinson's Care,,in-person,true,official_directory_import,0,0,https://www.apdaparkinson.org/community/massachusetts/resources-support-ma/additional-resources/apda-national-resource-center-rehabilitation/,rehab@bu.edu,,APDA Massachusetts,resource-page,American Parkinson Disease Association,"Massachusetts, United States",,Massachusetts,,https://www.apdaparkinson.org/community/massachusetts/resources-support-ma/additional-resources/apda-national-resource-center-rehabilitation/,2026-03-28T05:36:55.034Z
apda-community,APDA Community,www.apdaparkinson.org/community/massachusetts/upcoming-events-ma/,massachusetts-find-a-local-event-or-program-01844,FIND A LOCAL EVENT OR PROGRAM,Referral Center,Imported from APDA Massachusetts community resources.,"FIND A LOCAL EVENT OR PROGRAM UPCOMING EVENTS & PROGRAMS IN MASSACHUSETTS APDA Virtual PRESS Program – Spring 2026 APDA Virtual Parkinson’s Roadmap for Education and Support Services (PRESS™) Virtual on Saturdays March 7 – April 25, 2026 10:30AM – 12:00PM Free program, space is limited, and registration is required. This 8-week program APDA Parkinson Roadmap for Education and Support Services (PRESS™), provides an opportunity for people with Parkinson’s disease (PD) and one partner or another family member to meet with others facing a similar experience and share coping strategies regarding day-to-day issues related to living with Parkinson’s. For many people with PD, the program is a gateway into PD education, support services, and advocacy available in your community. PRESS is a place to share feelings in a safe, caring environment and gather to share information and resources. This program is facilitated by a licensed social worker, and includes guest speakers. The group is open to any adult who has been diagnosed with Parkinson’s disease within the last five years and one partner or other family member. There is no cost for this program. For additional information, please contact the APDA Information and Referral Center at 617-638-8466 or email apdama@apdaparkinson.org.","Methuen, MA, United States","Methuen, MA, United States",United States,"FIND A LOCAL EVENT OR PROGRAM | UPCOMING EVENTS & PROGRAMS IN MASSACHUSETTS | APDA Virtual PRESS Program – Spring 2026 | APDA Virtual Parkinson’s Roadmap for Education and Support Services (PRESS™) | Parkinson’s Awareness Symposium | Presented by Veteran’s Voice Network in conjunction with the Boston VA Healthcare System | Community Program – A Presentation on Parkinson’s Disease | Join us for a special program focused on understanding Parkinson’s Disease. | New Support Groups on Cape Cod | These new support groups will meet in-person. Open to individuals with Parkinson’s and a family partner, the groups offer a welcoming space to connect, share experiences, ask questions, and support each other.",,virtual,true,official_directory_import,0,0,https://www.apdaparkinson.org/community/massachusetts/upcoming-events-ma/,apdama@apdaparkinson.org,,APDA Massachusetts,support-groups,American Parkinson Disease Association,"Methuen, MA, United States",Methuen,MA,01844,https://www.apdaparkinson.org/community/massachusetts/upcoming-events-ma/,2026-03-28T05:36:55.034Z
apda-community,APDA Community,www.apdaparkinson.org/community/massachusetts/upcoming-events-ma/moh/,massachusetts-2026-date-and-location-coming-soon-resource-page,2026 Date & Location Coming Soon!,Education Event,"The Magic of Hope Gala is one of the APDA Massachusetts Chapter’s largest fundraisers of the year. Join us for a fun-filled night of cocktails, dinner and more! This special event is a spirited gathering with many ways to support APDA’s mission to empower those in our community who are impacted by Parkinson’s disease (PD). With Parkinson’s disease affecting an estimated 21,000 in Massachusetts, one million in the US, and more than 10 million people worldwide, our services, programs, education, support and research are more vital than ever. Please consider becoming an event sponsor, purchasing a table or individual tickets, or donating an auction item. Interested in volunteering at this event? Please click here.","2026 Date & Location Coming Soon! The Magic of Hope Gala is one of the APDA Massachusetts Chapter’s largest fundraisers of the year. Join us for a fun-filled night of cocktails, dinner and more! This special event is a spirited gathering with many ways to support APDA’s mission to empower those in our community who are impacted by Parkinson’s disease (PD). With Parkinson’s disease affecting an estimated 21,000 in Massachusetts, one million in the US, and more than 10 million people worldwide, our services, programs, education, support and research are more vital than ever. Please consider becoming an event sponsor, purchasing a table or individual tickets, or donating an auction item. Interested in volunteering at this event? Please click here.","Massachusetts, United States","Massachusetts, United States",United States,2026 Date & Location Coming Soon! | Education | Community Event | Parkinson's Care,,in-person,true,official_directory_import,0,0,https://www.apdaparkinson.org/community/massachusetts/upcoming-events-ma/moh/,,,APDA Massachusetts,resource-page,American Parkinson Disease Association,"Massachusetts, United States",,Massachusetts,,https://www.apdaparkinson.org/community/massachusetts/upcoming-events-ma/moh/,2026-03-28T05:36:55.034Z
apda-community,APDA Community,www.apdaparkinson.org/community/minnesota/newly-diagnosed/,minnesota-newly-diagnosed-you-are-not-alone-resource-page,Newly Diagnosed? You are not alone!,Support Group,"If you’re new to Parkinson’s disease and are looking for resources, you are in the right place. APDA is a great place to get started with reliable and concise information. We offer a variety of resources and programs for individuals newly diagnosed with PD and family members and friends who want to learn more.","Newly Diagnosed? You are not alone! If you’re new to Parkinson’s disease and are looking for resources, you are in the right place. APDA is a great place to get started with reliable and concise information. We offer a variety of resources and programs for individuals newly diagnosed with PD and family members and friends who want to learn more. New Diagnosis Packet APDA Minnesota has put together a packet of information to help people who have recently received a Parkinson’s diagnosis. These materials will get you connected to local resources and help answer questions in order to gain a better understanding of PD. To request a packet in the mail, please call us at 651-706-1739. PD Essentials This program will give you an overview of Parkinson’s disease and provide you with information about community resources and support. Perfect for anyone new to Parkinson’s disease including family members and friends of those newly diagnosed. PRESS Program The PRESS Program (Parkinson’s Roadmap for Education and Support Services) was designed for those diagnosed with PD within the last 5 years. This 8 week program conducted in a support group format will help you feel empowered, in control, and optimistic. The PRESS (Parkinson’s Roadmap for Education and Support Services) program was designed to provide emotional support and a safe place to share coping strategies to live your best life with PD. “The course was invaluable in educating us, and alleviating a lot of fear about the disease and future. Charlie was an exceptional leader. He was consistently professional, yet warm, supportive, and encouraging of everyone to actively participate. It was very beneficial to hear from Randy, who has been living with PD for some time and his sharing his journey, successes, etc. I’m so thankful for this course and the opportunity to participate. Thanks for all you do!“ Topics Covered: What’s Next After Diagnosis Medication Management of Parkinson’s The Importance of Exercise Dealing with Physical Symptoms of PD Impact of Parkinson’s on Daily Coping and Relationships Tips for Daily Living Caring for Others, Caring for Yourself Building Your Healthcare Team","Minnesota, United States","Minnesota, United States",United States,Newly Diagnosed? You are not alone! | New Diagnosis Packet | PD Essentials | PRESS Program | FURTHER INFORMATION & PROGRAM REQUIREMENTS: | Next Sessions | Support Group | Parkinson's Care,,in-person,true,official_directory_import,0,0,https://www.apdaparkinson.org/community/minnesota/newly-diagnosed/,,,APDA Minnesota,resource-page,American Parkinson Disease Association,"Minnesota, United States",,Minnesota,,https://www.apdaparkinson.org/community/minnesota/newly-diagnosed/,2026-03-28T05:36:55.034Z
apda-community,APDA Community,www.apdaparkinson.org/community/minnesota/upcoming-minnesota-chapter-events/,minnesota-press-parkinson-s-roadmap-for-education-and-support-services-st-cloud-resource-page,PRESS (Parkinson’s Roadmap for Education and Support Services) – St. Cloud,Education Event,"Tuesday, May 5 Connecting Through Art is a supportive, creative program designed for individuals impacted by Parkinson’s disease. This class offers a welcoming space to explore creativity, self-expression, and social connection through guided art activities—no prior art experience is needed. Participants are encouraged to engage at their own pace while building community and confidence in a relaxed environment.","Connecting Through Art (CTA) – Shoreview Tuesday, May 5 Connecting Through Art is a supportive, creative program designed for individuals impacted by Parkinson’s disease. This class offers a welcoming space to explore creativity, self-expression, and social connection through guided art activities—no prior art experience is needed. Participants are encouraged to engage at their own pace while building community and confidence in a relaxed environment. PRESS (Parkinson’s Roadmap for Education and Support Services) – St. Cloud Tuesdays, April 14 – June 2 Join us for a free 8-week program designed for people diagnosed with Parkinson’s disease within the last five years. This unique program combines education about living well with Parkinson’s disease with supportive group discussion and connection. Care partners and adult family members are encouraged to attend alongside the person with Parkinson’s disease. 2026 APDA Duluth PD Conference Friday, July 31 Join APDA Minnesota for a day of learning and connection in Downtown Duluth, Minnesota. This event will bring together leading experts to share their knowledge and provide valuable insights for individuals living with Parkinson’s, as well as their families and care partners. Minnesota Optimism Walk for Parkinson’s Saturday, September 19 Join us for the APDA Optimism Walk! Walkers will come together nationwide in 2026 to step forward in support of all people affected by Parkinson’s disease. Your fundraising dollars at the Minnesota Optimism Walk for Parkinson’s will go directly to the local community to expand programs and services that help more people with Parkinson’s disease live life to the fullest, and to fund cutting-edge research to find better treatments and ultimately a cure.","Minnesota, United States","Minnesota, United States",United States,Connecting Through Art (CTA) – Shoreview | PRESS (Parkinson’s Roadmap for Education and Support Services) – St. Cloud | 2026 APDA Duluth PD Conference | Minnesota Optimism Walk for Parkinson’s | Education | Community Event | Parkinson's Care,,in-person,true,official_directory_import,0,0,https://www.apdaparkinson.org/community/minnesota/upcoming-minnesota-chapter-events/,,,APDA Minnesota,resource-page,American Parkinson Disease Association,"Minnesota, United States",,Minnesota,,https://www.apdaparkinson.org/community/minnesota/upcoming-minnesota-chapter-events/,2026-03-28T05:36:55.035Z
apda-community,APDA Community,www.apdaparkinson.org/community/minnesota/local-resources-support/minnesota-support-groups/,minnesota-support-groups-by-regions-support-groups,Support Groups by Regions,Referral Center,"Support groups are at no cost to you and are open to people with Parkinson’s disease (PWP), including their spouses, family members and care partners. Each group is run differently. It is suggested you reach out to the contact before attending a group. Central Metro Northeast Northwest South Central Southeast Southwest","Support Groups by Regions Support groups are at no cost to you and are open to people with Parkinson’s disease (PWP), including their spouses, family members and care partners. Each group is run differently. It is suggested you reach out to the contact before attending a group. Central Metro Northeast Northwest South Central Southeast Southwest Central Alexandria Location: First Lutheran ChurchDay and Time: 4th Tuesday (except November and December) at 2:30 PMFacilitator Contact: Lisa Duberowski- 320-759-4923 Baxter/Brainerd Lakes Location: Lord of Life ChurchDay and Time: 1st Thursday at 1:00 PMFacilitator Contact: Lynda Erickson – 218-829-4017 Delano Location: Delano Senior CenterDay and Time: 3rd Thursday at 1:00PMFacilitator Contact: Nick Naton -763-972-0574 Fergus Falls Location: Mills Street ResidenceDay and Time: 2x a month: 2nd & 4th Tuesday of the month at 1:00 PMFacilitator Contact: Mick Siems – 218-736-8590 Long Prairie Location: CentraCare West Campus BoardroomDay and Time: 1st Tuesday at 1PMFacilitator Contact: Rona Bleess – 320-874-0222 Sauk Rapids/St. Cloud Location: SPOT Rehab & Home Care: Independent Lifestyles, Sauk RapidsDay and Time: 3rd Monday In-person & Virtual meetingsFacilitator Contact: Tamara Huesers: 320-345-5268 ext. 268 Katie Malotky: 320-258-7388 Willmar Location: Bethesda GrandDay and Time: 3rd Tuesday at 10:00AMFacilitator Contact: Bailey Kreger – 320-214-5663 Metro Big Lake (Young Onset) Location: Saron Lutheran ChurchDay and Time: 3rd Tuesday at 6:00PMFacilitator Contact: Camille Johnson – 763-350-7401 Camillejjohnson@hotmail.com Bloomington Location: Friendship VillageDay and Time: 1st Monday (2nd Monday on holidays) at 11:00AMFacilitator Contact: Darylin Belsheim – 952-830-9545 Darilyn.belsheim@lifespacecommunities.com Burnsville Location: Prince of Peace Lutheran ChurchDay and Time: 1st Thursday at 2:00PMFacilitator Contact: Kari Snyder – 952-898-9357 Coon Rapids Location: Coon Rapids Senior CenterDay and Time: 3rd Thursday of odd months at 1:00PMFacilitator Contact: Milo Hartmann – 612-599-0756 Eden Prairie Location: Wooddale ChurchDate and Time: 2nd Wednesday at 11:00AMFacilitator Contact: Todd Brady – 952-836-5682 Edina Location: Walker Methodist Care SuitesDay and Time: Call for informationFacilitator Contact: Teresa Kocher – 952-230-1304 Golden Valley (Caregiver, Early Stage, Mid-Stage, Young Onset) Location: Struthers Parkinson’s CenterDay and Time: [Multiple days] In-Person People with Parkinson’s Group- 2nd Tuesday 1:00-2:30- Joan Hlas Young-Onset Group- 2nd Saturday 9:30-11:30 – Joan Hlas In-Person Care Partner Group- 3rd Friday 1:00-2:30- Lacey Severson Virtual People with Parkinson’s- 1st Wednesday 2:00-3:30 Virtual Caregiver- 2nd Thursday 1:00-3:00 – Virtual Early in Journey Care Partner- Last Tuesday 4:00-5:30Facilitator Contact: Joan Hlas – 952-993-6650 Hastings Location: Tilden Community Welcome CenterDay and Time: 3rd Wednesday at 2:00PMFacilitator Contact: Laurie Thrush – 651-480-7689 Lakeville Location: Walker Highview HillsDay and Time: 4th Tuesday at 10:00AMFacilitator Contact: Lola Ament – 952-985-9000 Minneapolis Location: Walker Place (The Waters of Minnehaha)3rd Monday at 6:30PMFacilitator Contact: Trisha Oian – 612-827-8312 Minneapolis (Virtual) Location: VA Medical CenterDay and Time: 3rd Thursday (September through May, excluding December)Facilitator Contact: Ann St. Jacque – 612-467-1380 Stillwater Location: Courage Kenny Rehabilitation InstituteDay and Time: 3rd Wednesday at 1:00PMFacilitator Contact: Aimee Stanton – 651-241-3373 St. Paul Location: MHealth Fairview Woodwinds Hospital/virtualDay and Time: 1st Wednesday (except February and August) at 10:00AMFacilitator Contact: Margie Kron – 651-326-3629 Location: LyngblomstenDay and Time: 1st Thursday at 1:00PMJay Haukom – 651-632-5391 Woodbury Location: Woodbury Lutheran ChurchDay and Time: 3rd Wednesday at 1:00PMFacilitator Contact: Sandy Varpness – 651-335-4852 svarpness@gmail.com Northeast *Aurora Location: White Community HospitalDay and Time: 2nd Thursday at 6:00PMFacilitator Contact: Barb Hammer – 218-229-2493 *Cloquet Location: Community Memorial HospitalDay and Time: 3rd Monday at 2:00PMFacilitator Contact: Karen Hartung – 218-878-7010 Duluth Location: YMCA Essentia Wellness Center-HermantownDay and Time: 3rd Monday at 2:00PM – 3:30PMFacilitator Contact: Steve & Kitty Hoden, Bonnie Niemi, Sally Rollins – stevekittyhoden@gmail.combjniemi@gmail.com Young Onset Location: YMCA Essentia Wellness Center-HermantownDay and Time: 3rd Monday at 6:00PM – 7:30PMFacilitator Contact: Sally Rollins – salster612@gmail.com Hibbing Location: Open Door ChurchDay and Time: 1st Wednesday at 10:30AMFacilitator Contact: Heather Fredrickson – 218-966-7405 Grand Rapids (PD Community Event) Location: Elder CircleDay and Time: Quarterly: Feb 23, May 31, Aug 30, Nov 29 Last Friday of the Month at 1:00pm – 2:30pmFacilitator Contact: Danielle Hawkinson – 218-999-9233 x282","Minnesota, United States","Minnesota, United States",United States,Support Groups by Regions | Central | Metro | Northeast | Northwest | South Central | Southeast | Southwest | Information and Referral | Parkinson's Care,,hybrid,true,official_directory_import,0,0,https://www.apdaparkinson.org/community/minnesota/minnesota-support-groups/,camillejjohnson@hotmail.com,,APDA Minnesota,support-groups,American Parkinson Disease Association,"Minnesota, United States",,Minnesota,,https://www.apdaparkinson.org/community/minnesota/local-resources-support/minnesota-support-groups/,2026-03-28T05:36:55.035Z
apda-community,APDA Community,www.apdaparkinson.org/community/minnesota/local-resources-support/,minnesota-parkinson-s-resources-in-minnesota-resource-page,Parkinson’s Resources in Minnesota,Community Resource,Imported from APDA Minnesota community resources.,"Parkinson’s Resources in Minnesota APDA Financial Hardship Fund The APDA Minnesota Chapter has a limited amount of funds available to assist people with Parkinson’s disease (PWP) who are experiencing financial hardship. This fund is intended to help improve PWP’s quality of life. To be considered for an award, the applicant must have a diagnosis of PD/Parkinsonism; be experiencing financial difficulties; understand that this award is not intended as an ongoing support fund; complete a post-experience survey; reside in the community, not in a rehabilitation center, long-term care, or skilled nursing facility; and understand that the payment may take at least 30 days to process after the application is approved. (A detailed list of the eligibility guidelines is on the application.) Awards are made on a first-come basis and are subject to the approval of an application and the availability of funds. The fund is subject to change or discontinuation with limited notice. If you have any questions or need assistance exploring additional community resources, contact the APDA Minnesota Chapter at 651-356-4378 or apdamn@apdaparkinson.org for more information. SMART PATIENTS A Parkinson’s Disease Community In partnership with the American Parkinson Disease Association","Minnesota, United States","Minnesota, United States",United States,Parkinson’s Resources in Minnesota | APDA Financial Hardship Fund | SMART PATIENTS | Community Resource | Parkinson's Care,,in-person,true,official_directory_import,0,0,https://www.apdaparkinson.org/community/minnesota/local-resources-support/,apdamn@apdaparkinson.org,,APDA Minnesota,resource-page,American Parkinson Disease Association,"Minnesota, United States",,Minnesota,,https://www.apdaparkinson.org/community/minnesota/local-resources-support/,2026-03-28T05:36:55.035Z
apda-community,APDA Community,www.apdaparkinson.org/community/minnesota/local-in-person-exercise-programs/,minnesota-exercise-at-mhealth-fairview-56258,Exercise at MHealth Fairview,Referral Center,Please note: Some classes may charge a fee.,"Overview Please note: Some classes may charge a fee. Exercise at MHealth Fairview MHealth Fairview offers several virtual PD exercise options. Contact Margie Kron for more information – 651-326-3629 or Margie.Kron@Fairview.org. Exercise at the Struthers Parkinson’s Center-Golden Valley and St. Paul Locations Struthers Parkinson’s Center offers specialized PD exercise classes, including yoga and tai chi taught by certified instructors. To reach the Golden Valley location, call 952-993-5495. To reach the St. Paul location, call 651-495-6305. YMCA Pedaling for Parkinson’s Program Several YMCA locations offer Pedaling for Parkinson’s classes. Branches that offer the class include Burnsville, Eagan, Emma B. Howe YMCA in Coon Rapids, Forest Lake, New Hope, Shoreview, and Southdale YMCA in Edina. To learn more, visit Pedaling for Parkinson’s | YMCA of the North (ymcanorth.org).","Marshall, MN, United States","Marshall, MN, United States",United States,Exercise at MHealth Fairview | Exercise at the Struthers Parkinson’s Center-Golden Valley and St. Paul Locations | YMCA Pedaling for Parkinson’s Program | Rock Steady Boxing | Information and Referral | Parkinson's Care,,virtual,true,official_directory_import,0,0,https://www.apdaparkinson.org/community/minnesota/local-resources-support/local-in-person-exercise-programs/,margie.kron@fairview.org,,APDA Minnesota,resource-page,American Parkinson Disease Association,"Marshall, MN, United States",Marshall,MN,56258,https://www.apdaparkinson.org/community/minnesota/local-in-person-exercise-programs/,2026-03-28T05:36:55.035Z
apda-community,APDA Community,www.apdaparkinson.org/community/minnesota/minnesota-support-groups/,minnesota-support-groups-by-regions-support-groups,Support Groups by Regions,Referral Center,"Support groups are at no cost to you and are open to people with Parkinson’s disease (PWP), including their spouses, family members and care partners. Each group is run differently. It is suggested you reach out to the contact before attending a group. Central Metro Northeast Northwest South Central Southeast Southwest","Support Groups by Regions Support groups are at no cost to you and are open to people with Parkinson’s disease (PWP), including their spouses, family members and care partners. Each group is run differently. It is suggested you reach out to the contact before attending a group. Central Metro Northeast Northwest South Central Southeast Southwest Central Alexandria Location: First Lutheran ChurchDay and Time: 4th Tuesday (except November and December) at 2:30 PMFacilitator Contact: Lisa Duberowski- 320-759-4923 Baxter/Brainerd Lakes Location: Lord of Life ChurchDay and Time: 1st Thursday at 1:00 PMFacilitator Contact: Lynda Erickson – 218-829-4017 Delano Location: Delano Senior CenterDay and Time: 3rd Thursday at 1:00PMFacilitator Contact: Nick Naton -763-972-0574 Fergus Falls Location: Mills Street ResidenceDay and Time: 2x a month: 2nd & 4th Tuesday of the month at 1:00 PMFacilitator Contact: Mick Siems – 218-736-8590 Long Prairie Location: CentraCare West Campus BoardroomDay and Time: 1st Tuesday at 1PMFacilitator Contact: Rona Bleess – 320-874-0222 Sauk Rapids/St. Cloud Location: SPOT Rehab & Home Care: Independent Lifestyles, Sauk RapidsDay and Time: 3rd Monday In-person & Virtual meetingsFacilitator Contact: Tamara Huesers: 320-345-5268 ext. 268 Katie Malotky: 320-258-7388 Willmar Location: Bethesda GrandDay and Time: 3rd Tuesday at 10:00AMFacilitator Contact: Bailey Kreger – 320-214-5663 Metro Big Lake (Young Onset) Location: Saron Lutheran ChurchDay and Time: 3rd Tuesday at 6:00PMFacilitator Contact: Camille Johnson – 763-350-7401 Camillejjohnson@hotmail.com Bloomington Location: Friendship VillageDay and Time: 1st Monday (2nd Monday on holidays) at 11:00AMFacilitator Contact: Darylin Belsheim – 952-830-9545 Darilyn.belsheim@lifespacecommunities.com Burnsville Location: Prince of Peace Lutheran ChurchDay and Time: 1st Thursday at 2:00PMFacilitator Contact: Kari Snyder – 952-898-9357 Coon Rapids Location: Coon Rapids Senior CenterDay and Time: 3rd Thursday of odd months at 1:00PMFacilitator Contact: Milo Hartmann – 612-599-0756 Eden Prairie Location: Wooddale ChurchDate and Time: 2nd Wednesday at 11:00AMFacilitator Contact: Todd Brady – 952-836-5682 Edina Location: Walker Methodist Care SuitesDay and Time: Call for informationFacilitator Contact: Teresa Kocher – 952-230-1304 Golden Valley (Caregiver, Early Stage, Mid-Stage, Young Onset) Location: Struthers Parkinson’s CenterDay and Time: [Multiple days] In-Person People with Parkinson’s Group- 2nd Tuesday 1:00-2:30- Joan Hlas Young-Onset Group- 2nd Saturday 9:30-11:30 – Joan Hlas In-Person Care Partner Group- 3rd Friday 1:00-2:30- Lacey Severson Virtual People with Parkinson’s- 1st Wednesday 2:00-3:30 Virtual Caregiver- 2nd Thursday 1:00-3:00 – Virtual Early in Journey Care Partner- Last Tuesday 4:00-5:30Facilitator Contact: Joan Hlas – 952-993-6650 Hastings Location: Tilden Community Welcome CenterDay and Time: 3rd Wednesday at 2:00PMFacilitator Contact: Laurie Thrush – 651-480-7689 Lakeville Location: Walker Highview HillsDay and Time: 4th Tuesday at 10:00AMFacilitator Contact: Lola Ament – 952-985-9000 Minneapolis Location: Walker Place (The Waters of Minnehaha)3rd Monday at 6:30PMFacilitator Contact: Trisha Oian – 612-827-8312 Minneapolis (Virtual) Location: VA Medical CenterDay and Time: 3rd Thursday (September through May, excluding December)Facilitator Contact: Ann St. Jacque – 612-467-1380 Stillwater Location: Courage Kenny Rehabilitation InstituteDay and Time: 3rd Wednesday at 1:00PMFacilitator Contact: Aimee Stanton – 651-241-3373 St. Paul Location: MHealth Fairview Woodwinds Hospital/virtualDay and Time: 1st Wednesday (except February and August) at 10:00AMFacilitator Contact: Margie Kron – 651-326-3629 Location: LyngblomstenDay and Time: 1st Thursday at 1:00PMJay Haukom – 651-632-5391 Woodbury Location: Woodbury Lutheran ChurchDay and Time: 3rd Wednesday at 1:00PMFacilitator Contact: Sandy Varpness – 651-335-4852 svarpness@gmail.com Northeast *Aurora Location: White Community HospitalDay and Time: 2nd Thursday at 6:00PMFacilitator Contact: Barb Hammer – 218-229-2493 *Cloquet Location: Community Memorial HospitalDay and Time: 3rd Monday at 2:00PMFacilitator Contact: Karen Hartung – 218-878-7010 Duluth Location: YMCA Essentia Wellness Center-HermantownDay and Time: 3rd Monday at 2:00PM – 3:30PMFacilitator Contact: Steve & Kitty Hoden, Bonnie Niemi, Sally Rollins – stevekittyhoden@gmail.combjniemi@gmail.com Young Onset Location: YMCA Essentia Wellness Center-HermantownDay and Time: 3rd Monday at 6:00PM – 7:30PMFacilitator Contact: Sally Rollins – salster612@gmail.com Hibbing Location: Open Door ChurchDay and Time: 1st Wednesday at 10:30AMFacilitator Contact: Heather Fredrickson – 218-966-7405 Grand Rapids (PD Community Event) Location: Elder CircleDay and Time: Quarterly: Feb 23, May 31, Aug 30, Nov 29 Last Friday of the Month at 1:00pm – 2:30pmFacilitator Contact: Danielle Hawkinson – 218-999-9233 x282","Minnesota, United States","Minnesota, United States",United States,Support Groups by Regions | Central | Metro | Northeast | Northwest | South Central | Southeast | Southwest | Information and Referral | Parkinson's Care,,hybrid,true,official_directory_import,0,0,https://www.apdaparkinson.org/community/minnesota/minnesota-support-groups/,camillejjohnson@hotmail.com,,APDA Minnesota,support-groups,American Parkinson Disease Association,"Minnesota, United States",,Minnesota,,https://www.apdaparkinson.org/community/minnesota/minnesota-support-groups/,2026-03-28T05:36:55.036Z
apda-community,APDA Community,www.apdaparkinson.org/community/missouri/upcoming-events-5/,missouri-upcoming-missouri-chapter-events-and-programs-63005,Upcoming Missouri Chapter Events & Programs,Education Event,Imported from APDA Missouri community resources.,"Upcoming Missouri Chapter Events & Programs APDA Midwest Parkinson’s Conference Monday, April 27th – 12:30 pm – 4:00 pm, Doors Open at 11:30 am! Location: Manchester United Methodist Church, 129 Woods Mill Road, Manchester, MO 63011 This annual event brings together leading Parkinson’s experts, care professionals, and community partners for a full day of learning and connection. APDA Golf Classic Thursday, May 14th – 4:00 – 8:00 pm Location: Top Golf Chesterfield, 16851 N Outer Rd., Chesterfield, MO 63005 A fun, inclusive Topgolf fundraising event supporting Parkinson’s education and support in Missouri. APDA Parkinson Education Program Stay tuned for upcoming dates and locations! Join APDA’s free Parkinson Education Programs! Expert-led sessions designed to inform and empower the Parkinson’s community.","Chesterfield, MO, United States","Chesterfield, MO, United States",United States,Upcoming Missouri Chapter Events & Programs | APDA Midwest Parkinson’s Conference | APDA Golf Classic | APDA Parkinson Education Program | PD Essentials | Education | Community Event | Parkinson's Care,,hybrid,true,official_directory_import,0,0,https://www.apdaparkinson.org/community/missouri/upcoming-events-5/,,,APDA Missouri,resource-page,American Parkinson Disease Association,"Chesterfield, MO, United States",Chesterfield,MO,63005,https://www.apdaparkinson.org/community/missouri/upcoming-events-5/,2026-03-28T05:36:55.036Z
apda-community,APDA Community,www.apdaparkinson.org/community/missouri/mo-resources-support-2/support-groups/,missouri-support-groups-63119,Support Groups,Support Group,"Joining a support group is a great way to connect with others who understand what you are going through, learn about Parkinson disease and ways to cope with the challenges that come with having PD. Our support groups are for: People new to PD People who have had PD a long time People with Young Onset of PD People who are caregivers or relatives of those with PD Some groups meet via Zoom and some groups meet at the APDA Missouri office and in locations across the bi-state region. We encourage you to find the one that best meets your needs. Some groups are specifically for certain people – like care partners or those with young onset Parkinson’s. Others are open to anyone who wishes to attend. A group may invite guest speakers, plan an event or just discuss topics of interest to the participants. All support groups are led by a trained facilitator. If you can’t find a group in your area, please let us know. If you are interested in learning more about becoming a support group facilitator, click HERE. All support groups are free of charge.","Support Groups Joining a support group is a great way to connect with others who understand what you are going through, learn about Parkinson disease and ways to cope with the challenges that come with having PD. Our support groups are for: People new to PD People who have had PD a long time People with Young Onset of PD People who are caregivers or relatives of those with PD Some groups meet via Zoom and some groups meet at the APDA Missouri office and in locations across the bi-state region. We encourage you to find the one that best meets your needs. Some groups are specifically for certain people – like care partners or those with young onset Parkinson’s. Others are open to anyone who wishes to attend. A group may invite guest speakers, plan an event or just discuss topics of interest to the participants. All support groups are led by a trained facilitator. If you can’t find a group in your area, please let us know. If you are interested in learning more about becoming a support group facilitator, click HERE. All support groups are free of charge. Missouri APDA Support Groups Click here to see a list of Southern Illinois Support Groups To join a support group in Missouri registration is required. For virtual or hybrid groups, once you register, you will be sent the zoom link via email. If you have any questions, please email us at apdamo@apdaparkinson.org or call 636.778.3377. **The following APDA Support Groups are open to residents only The Gatesworth Senior LivingOne McKnight Pl, St. Louis, MO 631242nd Thursday of the month at 1:00pm**Open to residents only** Webster Groves- Laclede Groves Retirement Community723 S Laclede Station Rd, Webster Groves, MO 631192nd Wednesday of the month at 2:00pm**Open to residents only** Other Missouri Support Groups Illinois APDA Support Groups To join a support group in Southern Illinois registration is required. If you have any questions, please email us at apdamo@apdaparkinson.org or call 636.778.3377. WINTER WEATHER INFO: During inclement weather, we may cancel support groups at the APDA offices. If this happens, we typically try to call and/or email everyone to let them know. For support groups in other locations, please check with leader. We will also put a notice on our homepage. Are you looking to give back to the community in a meaningful way? If so, the American Parkinson Disease Association’s Missouri Chapter is looking for current or retired mental health professionals or healthcare professionals to volunteer a few hours a month as a Parkinson’s support group facilitator. Support groups offer an invaluable opportunity for families living with Parkinson’s to learn, share resources, and support one another. Groups meet monthly and are needed in many areas throughout Missouri & Central/Southern Illinois. APDA provides initial training, a facilitation guide, and ongoing resources for facilitators You do not need a background in Parkinson’s. Effective facilitators have good communication and group facilitation skills. Average volunteer time is 3-5 hours per month If you are interested and are a current or retired healthcare or mental health professional, please complete this survey and we will be in touch as needs arise in the community.","Webster Groves, MO, United States","Webster Groves, MO, United States",United States,Support Groups | Missouri APDA Support Groups | Other Missouri Support Groups | Illinois APDA Support Groups | Support Group | Parkinson's Care,,virtual,true,official_directory_import,0,0,https://www.apdaparkinson.org/community/missouri/mo-resources-support-2/support-groups/,joyofmovement2@gmail.com,,APDA Missouri,support-groups,American Parkinson Disease Association,"Webster Groves, MO, United States",Webster Groves,MO,63119,https://www.apdaparkinson.org/community/missouri/mo-resources-support-2/support-groups/,2026-03-28T05:36:55.036Z
apda-community,APDA Community,www.apdaparkinson.org/community/missouri/mo-resources-support-2/exercise-5/,missouri-exercise-resource-page,Exercise,Exercise Program,"The American Parkinson Disease Association programs are funded solely by individual donations and grants. All classes are offered free of charge for people with Parkinson’s. Our classes are made possible by our generous donors, and we encourage you to support our exercise programming as you are able.","Exercise The American Parkinson Disease Association programs are funded solely by individual donations and grants. All classes are offered free of charge for people with Parkinson’s. Our classes are made possible by our generous donors, and we encourage you to support our exercise programming as you are able. Exercise at Home Join Zoom classes live or watch YouTube videos at your leisure Zoom Classes: 9:00 am every Tuesday with Jen – Register 2:00 pm every Thurs. with Michelle –Register Click Register and a link will be sent to you. YouTube Classes Eight new classes each week are posted on our YouTube Channel. Go to YouTube. Quick YouTube Video Series focused on problem areas. Click to watch. Building Your Abilities Simply Stronger","Missouri, United States","Missouri, United States",United States,Exercise | Exercise at Home | Zoom Classes: | YouTube Classes | Missouri Classes | Illinois Classes | Class Levels | See Class Descriptions | Meet Your Exercise Instructors | Wellness,,virtual,true,official_directory_import,0,0,https://www.apdaparkinson.org/community/missouri/mo-resources-support-2/exercise-5/,,,APDA Missouri,resource-page,American Parkinson Disease Association,"Missouri, United States",,Missouri,,https://www.apdaparkinson.org/community/missouri/mo-resources-support-2/exercise-5/,2026-03-28T05:36:55.036Z
apda-community,APDA Community,www.apdaparkinson.org/community/missouri/mo-resources-support-2/education/midwest-parkinsons-conference-2026/,missouri-session-one-depression-and-anxiety-in-parkinson-disease-what-the-brain-is-telling-us-63011,Session One: Depression and Anxiety in Parkinson Disease: What the Brain Is Telling Us,Exercise Program,Imported from APDA Missouri community resources.,"Learn. Connect. Empower. Monday, April 27th, 2026 Join us for the 2026 Midwest Parkinson’s Conference, a half-day event full of valuable information and resources about Parkinson disease. You’ll hear from Dr. Scott Norris and other respected professionals who will cover important topics such as depression, anxiety, balance, and planning for the future. Along with the educational presentations, you’ll have the opportunity to explore over 20 vendors and discover even more resources available to you. Monday, April 27th from 12:30 – 4:00 pm Doors open at 11:30 am! Location: Manchester United Methodist Church 129 Woods Mill Road, Manchester, MO 63011 129 Woods Mill Road, Manchester, MO 63011 What to expect: Expert-led presentations on topics that matter most to you Practical strategies for living well with Parkinson’s Dedicated sessions for both people with PD and care partners A dynamic resource fair highlighting local organizations and services A chance to connect, share, and learn with others who understand the journey All conference attendees will receive recordings of the presentations via email following the event. Please allow a few weeks for them to become available. Session Details","Manchester, MO, United States","Manchester, MO, United States",United States,"Learn. Connect. Empower. | Monday, April 27th, 2026 | What to expect: | Session Details | Session One: Depression and Anxiety in Parkinson Disease: What the Brain Is Telling Us | Session Two: Cognition & Parkinson Disease: Symptoms, Treatments, and Management | Session Three: Advanced Planning for Peace of Mind: Important Legal Documents | Session Four: Balance Between Perception and Reality: What It Means for Falls and Mobility in Parkinson’s Disease | Can’t Attend in Person? Get the Conference Recordings | Huge thank you to our 2026 APDA Midwest Parkinson’s Conference sponsors!! Thank you for making this day possible!",,in-person,true,official_directory_import,0,0,https://www.apdaparkinson.org/community/missouri/mo-resources-support-2/education/midwest-parkinsons-conference-2026/,,,APDA Missouri,resource-page,American Parkinson Disease Association,"Manchester, MO, United States",Manchester,MO,63011,https://www.apdaparkinson.org/community/missouri/mo-resources-support-2/education/midwest-parkinsons-conference-2026/,2026-03-28T05:36:55.037Z
apda-community,APDA Community,www.apdaparkinson.org/community/missouri/mo-resources-support-2/newly-diagnosed/,missouri-if-you-ve-been-newly-diagnosed-with-parkinson-s-disease-you-re-in-the-right-place-resource-page,"If you’ve been newly diagnosed with Parkinson’s disease, you’re in the right place.",Support Group,"The APDA Missouri Chapter is here to help you understand what to expect, learn about available resources, and get connected with trusted Parkinson’s information and community support. And if you have questions or need guidance, give us a call, we’re here for you every step of the way. You don’t have to navigate Parkinson’s alone.A great first step is PD Essentials, a one-hour session offered in person here in Missouri or virtual via Zoom. You can ask questions, ease concerns, and get connected to helpful local and national resources.","If you’ve been newly diagnosed with Parkinson’s disease, you’re in the right place. The APDA Missouri Chapter is here to help you understand what to expect, learn about available resources, and get connected with trusted Parkinson’s information and community support. And if you have questions or need guidance, give us a call, we’re here for you every step of the way. You don’t have to navigate Parkinson’s alone.A great first step is PD Essentials, a one-hour session offered in person here in Missouri or virtual via Zoom. You can ask questions, ease concerns, and get connected to helpful local and national resources. Upcoming PD Essentials Below you’ll find a collection of reliable Parkinson’s resources selected by the APDA Missouri Chapter for individuals who are newly diagnosed. These guides cover exercise, nutrition, medications, and key questions to discuss with your healthcare team, helping you feel informed and confident as you take your next steps.Featured Parkinson’s Guides: Questions to Ask your Doctor When You’re First Diagnosed Be Active & Beyond: A Guide to Exercise & Wellness Best Diet Tips to Help Manage Parkinson’s Symptoms Building Your Care Team Common Questions About Carbidopa/Levodopa Another helpful tool is the APDA Welcome Packet, designed for people with Parkinson’s, their care partners, family, and friends — providing trusted information and guidance from the moment of diagnosis. Click HERE to receive your Welcome Packet. Explore our website to learn more about the APDA Missouri Chapter and the Parkinson’s tools and information available to you.Have questions? Email apdamo@apdaparkinson.org or call 636.778.3377.We’re always happy to help! Chapter Menu About APDA MissouriMissouri Chapter Staff and Board of DirectorsCareer OpportunitiesContact UsIn the News Missouri Chapter Staff and Board of Directors Career Opportunities Contact Us In the News Fundraising Events2025 Missouri Optimism Walks RecapGolf Classic 2025 Missouri Optimism Walks Recap Golf Classic Give to the APDA Missouri ChapterDonateDonate Monthly Donate Donate Monthly Resources & SupportAdd me to the APDA Missouri Chapter Mailing ListGet Your APDA Welcome PacketAPDA Parkinson Disease Library KitsSupport GroupsExerciseYouTube VideosExercise at HomeBuilding Your AbilitiesMissouri Exercise ClassesSimply StrongerExercise SpecialistsExercise Class DescriptionIllinois Exercise ClassesVoice ExercisesCognitive ExercisesEducationMidwest Parkinson’s Conference 2026Parkinson’s Education ProgramsPRESS ONWellness ProgramsCare Partner ConnectionNewly Diagnosed ResourcesAPDA Missouri NewsletterResearch Add me to the APDA Missouri Chapter Mailing List Get Your APDA Welcome Packet APDA Parkinson Disease Library Kits Support Groups ExerciseYouTube VideosExercise at HomeBuilding Your AbilitiesMissouri Exercise ClassesSimply StrongerExercise SpecialistsExercise Class DescriptionIllinois Exercise ClassesVoice ExercisesCognitive Exercises YouTube Videos Exercise at Home Building Your Abilities Missouri Exercise Classes Simply Stronger Exercise Specialists Exercise Class Description Illinois Exercise Classes Voice Exercises Cognitive Exercises EducationMidwest Parkinson’s Conference 2026Parkinson’s Education ProgramsPRESS ON Midwest Parkinson’s Conference 2026 Parkinson’s Education Programs PRESS ON Wellness ProgramsCare Partner Connection Care Partner Connection Newly Diagnosed Resources APDA Missouri Newsletter Research Upcoming Chapter Events","Missouri, United States","Missouri, United States",United States,"If you’ve been newly diagnosed with Parkinson’s disease, you’re in the right place. | Upcoming PD Essentials | Chapter Menu | Support Group | Parkinson's Care",,hybrid,true,official_directory_import,0,0,https://www.apdaparkinson.org/community/missouri/mo-resources-support-2/newly-diagnosed/,,,APDA Missouri,resource-page,American Parkinson Disease Association,"Missouri, United States",,Missouri,,https://www.apdaparkinson.org/community/missouri/mo-resources-support-2/newly-diagnosed/,2026-03-28T05:36:55.037Z
apda-community,APDA Community,www.apdaparkinson.org/community/missouri/mo-resources-support-2/mo-welcome-packet/,missouri-get-your-apda-welcome-packet-apda-missouri-resource-page,Get Your APDA Welcome Packet | APDA Missouri,Education Event,"Whether you’ve been recently diagnosed with Parkinson’s disease or have been living with PD for years, you don’t have to navigate this journey alone. The APDA Welcome Packet is designed for people with Parkinson’s, their care partners, family, and friends — providing trusted information and support every step of the way. Inside, you’ll find: Support for both you and your loved ones Information about Parkinson’s disease Resources and programs available through APDA","Overview Whether you’ve been recently diagnosed with Parkinson’s disease or have been living with PD for years, you don’t have to navigate this journey alone. The APDA Welcome Packet is designed for people with Parkinson’s, their care partners, family, and friends — providing trusted information and support every step of the way. Inside, you’ll find: Support for both you and your loved ones Information about Parkinson’s disease Resources and programs available through APDA","Missouri, United States","Missouri, United States",United States,Education | Community Event | Parkinson's Care,,in-person,true,official_directory_import,0,0,https://www.apdaparkinson.org/community/missouri/mo-resources-support-2/mo-welcome-packet/,,,APDA Missouri,resource-page,American Parkinson Disease Association,"Missouri, United States",,Missouri,,https://www.apdaparkinson.org/community/missouri/mo-resources-support-2/mo-welcome-packet/,2026-03-28T05:36:55.037Z
apda-community,APDA Community,www.apdaparkinson.org/community/missouri/apda-missouri/,missouri-about-resource-page,About,Support Group,"The American Parkinson Disease Association Missouri Chapter provides people with Parkinson’s disease, care partners, medical professionals, students and other interested individuals leading edge programming, medical and support system referrals, exercise classes, support groups, educational programs, quarterly newsletters and printed literature. The Chapter also informs individuals about current studies and research projects related to Parkinson’s disease in which they might wish to participate and funds APDA Center for Advanced Parkinson Disease Research at Washington University School of Medicine. The Missouri Chapter is one of the largest among the American Parkinson Disease Association chapters in the United States. View our Staff and Board of Directors","About The American Parkinson Disease Association Missouri Chapter provides people with Parkinson’s disease, care partners, medical professionals, students and other interested individuals leading edge programming, medical and support system referrals, exercise classes, support groups, educational programs, quarterly newsletters and printed literature. The Chapter also informs individuals about current studies and research projects related to Parkinson’s disease in which they might wish to participate and funds APDA Center for Advanced Parkinson Disease Research at Washington University School of Medicine. The Missouri Chapter is one of the largest among the American Parkinson Disease Association chapters in the United States. View our Staff and Board of Directors Our Mission The American Parkinson Disease Association’s mission is that every day, we provide the support, education, and research that will help everyone impacted by Parkinson’s disease live life to the fullest. 2025 Impact Report Our 2025 Impact Report highlights the meaningful progress made through education, and support over the past year. See how your involvement helped make a difference for people living with Parkinson’s disease. View the 2025 Impact Report APDA Missouri Chapter Office 16100 Chesterfield Parkway WSuite 125Chesterfield, MO 63017636.778.3377Monday to Friday from 8:00 am to 4:00 pm apdamo@apdaparkinson.org","Missouri, United States","Missouri, United States",United States,About | Our Mission | 2025 Impact Report | APDA Missouri Chapter Office | Career Opportunities | Support Group | Parkinson's Care,,in-person,true,official_directory_import,0,0,https://www.apdaparkinson.org/community/missouri/apda-missouri/,apdastlouis@apdaparkinson.org,,APDA Missouri,resource-page,American Parkinson Disease Association,"Missouri, United States",,Missouri,,https://www.apdaparkinson.org/community/missouri/apda-missouri/,2026-03-28T05:36:55.037Z
apda-community,APDA Community,www.apdaparkinson.org/community/missouri/mo-ways-to-give/,missouri-life-can-t-wait-for-a-cure-donate-to-the-apda-missouri-chapter-and-make-a-local-impact-resource-page,Life can’t wait for a cure. Donate to the APDA Missouri Chapter and make a local impact.,Community Resource,Imported from APDA Missouri community resources.,Life can’t wait for a cure. Donate to the APDA Missouri Chapter and make a local impact. One-time DonationAPDA Missouri Give Monthly APDA Missouri Memorials & TributesAPDA Missouri,"Missouri, United States","Missouri, United States",United States,Life can’t wait for a cure. Donate to the APDA Missouri Chapter and make a local impact. | One-time DonationAPDA Missouri | Give Monthly APDA Missouri | Memorials & TributesAPDA Missouri | BECOME AN APDA MISSOURI FUNDRAISER | Optimism Walk Series | Create Your Own Fundraiser | ADDITIONAL WAYS TO SUPPORT APDA MISSOURI | Community Resource | Parkinson's Care,,in-person,true,official_directory_import,0,0,https://www.apdaparkinson.org/community/missouri/mo-ways-to-give/,,,APDA Missouri,resource-page,American Parkinson Disease Association,"Missouri, United States",,Missouri,,https://www.apdaparkinson.org/community/missouri/mo-ways-to-give/,2026-03-28T05:36:55.037Z
apda-community,APDA Community,www.apdaparkinson.org/community/missouri/mo-ways-to-give/mo-donate-monthly/,missouri-donate-monthly-apda-missouri-resource-page,Donate Monthly | APDA Missouri,Community Resource,"“Every day that I can come to APDA, I am happy. Some days I have a lot of anxiety. Emotionally, I am very up and down, but when I come to APDA it balances everything out. Once I’m in the building, I’m feeling better emotionally and physically, even cognitively.”","Overview “Every day that I can come to APDA, I am happy. Some days I have a lot of anxiety. Emotionally, I am very up and down, but when I come to APDA it balances everything out. Once I’m in the building, I’m feeling better emotionally and physically, even cognitively.”","Missouri, United States","Missouri, United States",United States,Community Resource | Parkinson's Care,,in-person,true,official_directory_import,0,0,https://www.apdaparkinson.org/community/missouri/mo-ways-to-give/mo-donate-monthly/,,,APDA Missouri,resource-page,American Parkinson Disease Association,"Missouri, United States",,Missouri,,https://www.apdaparkinson.org/community/missouri/mo-ways-to-give/mo-donate-monthly/,2026-03-28T05:36:55.037Z
apda-community,APDA Community,www.apdaparkinson.org/community/missouri/mo-resources-support-2/,missouri-exercise-support-groups,Exercise,Support Group,"APDA Missouri Chapter offers an array of programs and services designed to support those living with Parkinson’s and their families in Missouri and southern Illinois. This includes support groups, exercise classes, educational programs, a quarterly newsletter and information about the latest research.","Overview APDA Missouri Chapter offers an array of programs and services designed to support those living with Parkinson’s and their families in Missouri and southern Illinois. This includes support groups, exercise classes, educational programs, a quarterly newsletter and information about the latest research. Exercise Exercising your physical body is the most important thing you can do to help your Parkinson’s. Find a Class Support Groups In need of emotional support or someone to talk to who truly gets what you are going through? Find a Parkinson’s support group in your area. Find Support Group Parkinson’s Education Check out the educational offerings from the Missouri Chapter.","Missouri, United States","Missouri, United States",United States,Exercise | Support Groups | Parkinson’s Education | Wellness Programs | Newly Diagnosed Resources | Newsletter and E-News Articles and Information | Research Studies | Support Group | Parkinson's Care,,in-person,true,official_directory_import,0,0,https://www.apdaparkinson.org/community/missouri/mo-resources-support-2/,,,APDA Missouri,support-groups,American Parkinson Disease Association,"Missouri, United States",,Missouri,,https://www.apdaparkinson.org/community/missouri/mo-resources-support-2/,2026-03-28T05:36:55.037Z
apda-community,APDA Community,www.apdaparkinson.org/community/missouri/mo-resources-support-2/parkinson-disease-library-kits/,missouri-we-are-excited-to-share-our-partnerships-with-rural-libraries-across-our-service-area-to-increase-access-to-parkinson-disease-education-through-parkinson-disease-library-kits-resource-page,We are excited to share our partnerships with rural libraries across our service area to increase access to Parkinson disease education through Parkinson Disease Library Kits.,Education Event,"Rural communities often lack access to specialized information and support in managing Parkinson’s disease. The Parkinson Disease Library Kits were developed to bridge this gap and empower rural residents with the knowledge and community resources to live well. In rural areas, libraries are vital resources that serve as a trusted location to increase access to health information. The partnerships with rural libraries serve as a significant step for increasing access to specialty education and community resources for people living with Parkinson’s disease. Each kit offers educational resources, helpful handbooks, and ways to connect further to community resources and support. Library kits are currently available for checkout at the following rural libraries: Bowling Green Public Library – 201 W Locust St. Bowling Green, MO Daviess County Public Library – 306 W. Grand St., Gallatin, MO Little Dixie Regional Library Moberly Main Branch – 111 N 4th St, Moberly, MO Powell Memorial Library – 951 W College St, Troy, MO Scenic Regional Library Branches Hermann Branch – 123-A Bavarian Hills Plaza, Hermann, MO New Haven Branch – 200 Douglas St, New Haven, MO Owensville Branch – 503 S Olive St, Owensville, MO Pacific Branch – 111 Lamar Pkwy, Pacific, MO St. Clair Branch – 515 E Springfield Rd, St Clair, MO Sullivan Branch – 525 Cumberland Way, Sullivan, MO Union Branch – 251 Union Plaza Dr, Union, MO Warrenton Branch – 912 State Hwy 47, Warrenton, MO Wright Branch – 60 Wildcat Dr, Wright City, MO Hermann Branch – 123-A Bavarian Hills Plaza, Hermann, MO New Haven Branch – 200 Douglas St, New Haven, MO Owensville Branch – 503 S Olive St, Owensville, MO Pacific Branch – 111 Lamar Pkwy, Pacific, MO St. Clair Branch – 515 E Springfield Rd, St Clair, MO Sullivan Branch – 525 Cumberland Way, Sullivan, MO Union Branch – 251 Union Plaza Dr, Union, MO Warrenton Branch – 912 State Hwy 47, Warrenton, MO Wright Branch – 60 Wildcat Dr, Wright City, MO","We are excited to share our partnerships with rural libraries across our service area to increase access to Parkinson disease education through Parkinson Disease Library Kits. Rural communities often lack access to specialized information and support in managing Parkinson’s disease. The Parkinson Disease Library Kits were developed to bridge this gap and empower rural residents with the knowledge and community resources to live well. In rural areas, libraries are vital resources that serve as a trusted location to increase access to health information. The partnerships with rural libraries serve as a significant step for increasing access to specialty education and community resources for people living with Parkinson’s disease. Each kit offers educational resources, helpful handbooks, and ways to connect further to community resources and support. Library kits are currently available for checkout at the following rural libraries: Bowling Green Public Library – 201 W Locust St. Bowling Green, MO Daviess County Public Library – 306 W. Grand St., Gallatin, MO Little Dixie Regional Library Moberly Main Branch – 111 N 4th St, Moberly, MO Powell Memorial Library – 951 W College St, Troy, MO Scenic Regional Library Branches Hermann Branch – 123-A Bavarian Hills Plaza, Hermann, MO New Haven Branch – 200 Douglas St, New Haven, MO Owensville Branch – 503 S Olive St, Owensville, MO Pacific Branch – 111 Lamar Pkwy, Pacific, MO St. Clair Branch – 515 E Springfield Rd, St Clair, MO Sullivan Branch – 525 Cumberland Way, Sullivan, MO Union Branch – 251 Union Plaza Dr, Union, MO Warrenton Branch – 912 State Hwy 47, Warrenton, MO Wright Branch – 60 Wildcat Dr, Wright City, MO Hermann Branch – 123-A Bavarian Hills Plaza, Hermann, MO New Haven Branch – 200 Douglas St, New Haven, MO Owensville Branch – 503 S Olive St, Owensville, MO Pacific Branch – 111 Lamar Pkwy, Pacific, MO St. Clair Branch – 515 E Springfield Rd, St Clair, MO Sullivan Branch – 525 Cumberland Way, Sullivan, MO Union Branch – 251 Union Plaza Dr, Union, MO Warrenton Branch – 912 State Hwy 47, Warrenton, MO Wright Branch – 60 Wildcat Dr, Wright City, MO If you know any other libraries in rural communities throughout Missouri, Central Illinois and Southern Illinois who may be interested in a kit, please contact us at (636) 778-3377 or apdamo@apdaparkinson.org to discuss if this would be a good fit. *Initial Test Site: Kirkwood Public Library – 140 E Jefferson Ave, Kirkwood, MO*","Missouri, United States","Missouri, United States",United States,"We are excited to share our partnerships with rural libraries across our service area to increase access to Parkinson disease education through Parkinson Disease Library Kits. | If you know any other libraries in rural communities throughout Missouri, Central Illinois and Southern Illinois who may be interested in a kit, please contact us at (636) 778-3377 or apdamo@apdaparkinson.org to discuss if this would be a good fit. | Education | Community Event | Parkinson's Care",,in-person,true,official_directory_import,0,0,https://www.apdaparkinson.org/community/missouri/mo-resources-support-2/parkinson-disease-library-kits/,apdamo@apdaparkinson.org,,APDA Missouri,resource-page,American Parkinson Disease Association,"Missouri, United States",,Missouri,,https://www.apdaparkinson.org/community/missouri/mo-resources-support-2/parkinson-disease-library-kits/,2026-03-28T05:36:55.038Z
apda-community,APDA Community,www.apdaparkinson.org/community/missouri/mo-resources-support-2/exercise-5/youtube-parkinsons-exercise/,missouri-youtube-videos-apda-missouri-resource-page,YouTube Videos | APDA Missouri,Exercise Program,Check out these popular Exercise videos: Seated Exercise:Video 1Video 2Video 3Video 4 Kickboxing:Video 1Video 2Video 3 Strength and Cardio:Video 1Video 2Video 3Video 4 Tai Chi:Video 1Video 2Video 3Video 4,Overview Check out these popular Exercise videos: Seated Exercise:Video 1Video 2Video 3Video 4 Kickboxing:Video 1Video 2Video 3 Strength and Cardio:Video 1Video 2Video 3Video 4 Tai Chi:Video 1Video 2Video 3Video 4,"Missouri, United States","Missouri, United States",United States,Exercise | Wellness | Parkinson's Care,,in-person,true,official_directory_import,0,0,https://www.apdaparkinson.org/community/missouri/mo-resources-support-2/exercise-5/youtube-parkinsons-exercise/,,,APDA Missouri,resource-page,American Parkinson Disease Association,"Missouri, United States",,Missouri,,https://www.apdaparkinson.org/community/missouri/mo-resources-support-2/exercise-5/youtube-parkinsons-exercise/,2026-03-28T05:36:55.038Z
apda-community,APDA Community,www.apdaparkinson.org/community/missouri/mo-resources-support-2/exercise-5/exercise-at-home/,missouri-follow-along-on-zoom-resource-page,Follow along on Zoom,Exercise Program,You will receive a link when you register. Call the APDA at 636-778-3377 or click below to register. Seated exercise – Tuesdays at 9:00 am with Jen – click here to register. Seated exercise – Thursdays at 2:00 pm with Michelle – click here to register.,Follow along on Zoom You will receive a link when you register. Call the APDA at 636-778-3377 or click below to register. Seated exercise – Tuesdays at 9:00 am with Jen – click here to register. Seated exercise – Thursdays at 2:00 pm with Michelle – click here to register. Watch on YouTube or at your leisure Weekly exercise classes at APDA Missouri Chapter are recorded and posted on our YouTube channel and can be watched anytime. Please click here to access exercise classes on YouTube. Contact APDA Missouri at (636)778-3377 for more information. Circuit Training with Jen Strength and Cardio with Jen Yoga with Pam Seated Exercise with Michelle Movement Training with Marina Strength and Cardio and with Michelle Seated Exercise with Jen Tai Chi with Craig 3 times a week Short focused videos Building Your Abilities A variety of 10 different videos each 10 minutes long focusing on common challenge areas.,"Missouri, United States","Missouri, United States",United States,Follow along on Zoom | Watch on YouTube or at your leisure | Short focused videos | Building Your Abilities | Simply Stronger | Exercise | Wellness | Parkinson's Care,,virtual,true,official_directory_import,0,0,https://www.apdaparkinson.org/community/missouri/mo-resources-support-2/exercise-5/exercise-at-home/,,,APDA Missouri,resource-page,American Parkinson Disease Association,"Missouri, United States",,Missouri,,https://www.apdaparkinson.org/community/missouri/mo-resources-support-2/exercise-5/exercise-at-home/,2026-03-28T05:36:55.038Z
apda-community,APDA Community,www.apdaparkinson.org/community/missouri/mo-resources-support-2/exercise-5/building-your-abilities/,missouri-focused-exercise-videos-for-parkinson-s-resource-page,Focused Exercise Videos for Parkinson’s,Exercise Program,"According to Stanford Medicine, “Exercise is an important part of a healthy lifestyle for everyone. When you have Parkinson’s disease (PD) exercise is as important as taking your medications on time, every time. Exercise helps to maintain strength, flexibility, balance, and cognitive acuity so you can continue to do the things you have to do and the things you love to do.” Building Your Abilities are specially designed exercise videos for Parkinson’s. Watch these videos to get your blood flowing and muscles moving. At times do you feel like you need to move after sitting too long? Or maybe, you would just like to warm up your body before your daily walk. Check out our new Building Your Abilities video series. Each video is around 10 minutes long and focuses on common challenge areas. Use one, two, or all 10 to fit your specific need.","Focused Exercise Videos for Parkinson’s According to Stanford Medicine, “Exercise is an important part of a healthy lifestyle for everyone. When you have Parkinson’s disease (PD) exercise is as important as taking your medications on time, every time. Exercise helps to maintain strength, flexibility, balance, and cognitive acuity so you can continue to do the things you have to do and the things you love to do.” Building Your Abilities are specially designed exercise videos for Parkinson’s. Watch these videos to get your blood flowing and muscles moving. At times do you feel like you need to move after sitting too long? Or maybe, you would just like to warm up your body before your daily walk. Check out our new Building Your Abilities video series. Each video is around 10 minutes long and focuses on common challenge areas. Use one, two, or all 10 to fit your specific need. Hand Exercises Wake up your hands! Maybe you are having problems gripping a pen, fork or other numerous objects. Perhaps you wake up in the morning and your hands don’t want to open up. Increase the dexterity, flexibility and strength in your fingers, palms and wrists with these 4 quick exercises. Try them before you get up in the morning or multiple times a day! You may do this standing or seated. Three Exercises to Improve Your Coordination Coordination by definition is “the ability of your arms, legs and other body parts to move in a controlled way”. Coordination exercises can not only help you build muscle, but can increase your daily energy levels, improve your flexibility, enhance concentration AND improve balance. Coordination exercises can also be challenging for a lot of us. Try these three coordination exercises to keep challenging yourself and working to get better! Getting Up From Your Chair Learn good technique to get up out of your seat safely using your hands or without your hands. Also practice moving your legs and hips around to get out of your car!","Missouri, United States","Missouri, United States",United States,Focused Exercise Videos for Parkinson’s | Hand Exercises | Three Exercises to Improve Your Coordination | Getting Up From Your Chair | Head to Toe Warmup | Increase Your Flexibility | Exercising Your Voice | 5 Functional Exercises for Daily Activities | Range of Motion | Cognitive Challenges,,in-person,true,official_directory_import,0,0,https://www.apdaparkinson.org/community/missouri/mo-resources-support-2/exercise-5/building-your-abilities/,,,APDA Missouri,resource-page,American Parkinson Disease Association,"Missouri, United States",,Missouri,,https://www.apdaparkinson.org/community/missouri/mo-resources-support-2/exercise-5/building-your-abilities/,2026-03-28T05:36:55.038Z
apda-community,APDA Community,www.apdaparkinson.org/community/missouri/mo-resources-support-2/exercise-5/missouri-exercise-classes/,missouri-exercise-classes-at-apda-63146,Exercise Classes at APDA,Exercise Program,"APDA Missouri and community partners across the bi-state area offer a variety of exercise classes. Exercise is one of the most powerful tools available to people living with Parkinson’s. It can help improve balance, flexibility, strength and overall quality of life – and emerging research shows it might even help slow the progression of PD. Funding for the classes is provided by the APDA Missouri so they are free to people with Parkinsons. Contact the APDA Missouri at 636-778-3377 for more information.","Exercise Classes at APDA APDA Missouri and community partners across the bi-state area offer a variety of exercise classes. Exercise is one of the most powerful tools available to people living with Parkinson’s. It can help improve balance, flexibility, strength and overall quality of life – and emerging research shows it might even help slow the progression of PD. Funding for the classes is provided by the APDA Missouri so they are free to people with Parkinsons. Contact the APDA Missouri at 636-778-3377 for more information. APDA Missouri Office Classes Other Missouri Exercise Classes The APDA Missouri partners with places in the community to bring classes closer to you. Funding for the classes is provided by the APDA so they are free to people with Parkinson’s. For more information contact the APDA or the exercise location. Registration is required and can be completed below. Other Missouri Resources Christian Boxing Academy – Cape Girardeau155 S Park AveMondays, Wednesdays, and Fridays at 9:00 am Mercy Therapy Services- Parkinson’s Disease Exercise classes – Move Bigger & Better1176 Town and Country Commons, Town and Country, MO 63017$150 program fee for 12 Week Sessions- Thursday 5pm-6pmPrescription required – 636-893-1100; more info Rock Steady Boxing Fenton- 314-266-9223; More Info2275 Cassens Court (Drive), Suite 107Level 1 & 2Monday-Friday 9:30 AM – 10:30 AMSaturday 9:00 AM – 10:00 AMLevel 3 & 4Monday & Thursday 11:00 AM – 12:00 PMAll LevelsMonday & Wednesday 5:30 PM – 6:30 PM Rock Steady Boxing St. LouisThe Lodge of Des Peres, 1050 Des Peres Rd, Des Peres, MO 63131Mondays, Wednesdays, and Fridays at 12:00 pmRegistration required – Carolyn McKee, 314-640-6578; More Info Tai Chi for Parkinsons and Rehab- Crestwood Community Center9245 Whitecliff Park Lane Crestwood, MO 63126Registration required – Contact Denise at ducinski@oasisnet.org or 314-687-1137; More info Upper Limits Maryland HeightsSTL Summit Shakers, Upper Limits official Parkinson’s Climbing Group Upper Limits Maryland Heights, 1874 Lackland Hill Parkway Saint Louis, MO 63146Tuesdays 12:00-1:00pm and 1:00-2:00pm $18.95 per climber – with rental gear includedJake Hale (314) 241-7625; More info","Lackland Hill Parkway Saint Louis, MO, United States","Lackland Hill Parkway Saint Louis, MO, United States",United States,Exercise Classes at APDA | APDA Missouri Office Classes | Other Missouri Exercise Classes | Other Missouri Resources | Exercise | Wellness | Parkinson's Care,,in-person,true,official_directory_import,0,0,https://www.apdaparkinson.org/community/missouri/mo-resources-support-2/exercise-5/missouri-exercise-classes/,,,APDA Missouri,resource-page,American Parkinson Disease Association,"Lackland Hill Parkway Saint Louis, MO, United States",Lackland Hill Parkway Saint Louis,MO,63146,https://www.apdaparkinson.org/community/missouri/mo-resources-support-2/exercise-5/missouri-exercise-classes/,2026-03-28T05:36:55.038Z
apda-community,APDA Community,www.apdaparkinson.org/community/missouri/mo-resources-support-2/exercise-5/simply-stronger/,missouri-quick-strengthening-exercises-resource-page,Quick Strengthening Exercises,Exercise Program,"Are you looking for some quick strengthening exercises? Here are some exercises to assist with balance, posture and strengthening. Quick Chair Exercises Stronger Legs and Glutes Better Balance","Quick Strengthening Exercises Are you looking for some quick strengthening exercises? Here are some exercises to assist with balance, posture and strengthening. Quick Chair Exercises Stronger Legs and Glutes Better Balance","Missouri, United States","Missouri, United States",United States,Quick Strengthening Exercises | Exercise | Wellness | Parkinson's Care,,in-person,true,official_directory_import,0,0,https://www.apdaparkinson.org/community/missouri/mo-resources-support-2/exercise-5/simply-stronger/,,,APDA Missouri,resource-page,American Parkinson Disease Association,"Missouri, United States",,Missouri,,https://www.apdaparkinson.org/community/missouri/mo-resources-support-2/exercise-5/simply-stronger/,2026-03-28T05:36:55.038Z
apda-community,APDA Community,www.apdaparkinson.org/community/missouri/mo-resources-support-2/exercise-5/exercise-specialists/,missouri-meet-your-exercise-specialists-resource-page,Meet Your Exercise Specialists,Support Group,Imported from APDA Missouri community resources.,"Meet Your Exercise Specialists Craig Miller, Tai Chi Instructor Craig Miller has been a student of Tai Chi for over 16 years. He has been teaching Tai Chi for 10 years. He personally practices and teaches meditation, Qi Gong, including Shibashi style, and the Chen, Yang and Sun styles of Tai Chi. He is certified in fall prevention and is a member of the “Show Me Falls Free Missouri” coalition. He also holds First Aid and CPR certifications. While taking his Mom to a Tai Chi class thinking it would help her with her Parkinson’s disease, Craig discovered his own passion for this practice which fuses both Martial arts and meditation. He started feeling the health benefits almost immediately for himself. He first noticed better balance, improved health and was sleeping better at night. Craig’s Mom also noticed an improvement in the Parkinson’s symptoms. Craig practiced Tai Chi with his Mother, until her passing in 2014. He has a fondness in his heart for people with Parkinson’s and other chronic diseases. Craig has trained with several well-known instructors and Masters, including Dr. Paul Lam. Craig is a senior trainer in Dr. Lam’s organization, one of only 52 in the country and the 2nd in Missouri. Before Covid Craig was teaching 14 classes in 8 locations totaling over 150 students every week providing instruction in Tai Chi, Qigong and meditation, including classes for the St. Louis Chapter of the APDA. People of all age groups can enjoy Craig’s classes. Craig is also very active in his community. He routinely gives talks and demonstrations on Tai Chi related to Parkinson’s disease and also talks on Fall Prevention. He does presentations about Tai Chi to local Elementary and Middle schools (usually in association with the Chinese New Year). He has also spoke about the benefits of Tai Chi at a local Acoustic Neuroma support group and a state-wide Traumatic Brain Injury conference. Craig organized six World Tai Chi Day events, complete with food and Tai Chi demonstrations. Craig has a wife and two girls and enjoys reading, weather, BBQing, canoeing and camping. He lives in South County (Lindbergh School District for you lifelong St. Louis people) and his goal in life is to make Puka Dogs. Jen Berger Hello, I am Jen Berger. I received my Bachelor’s degree from Bradley University in Peoria, IL. I began my career in retail management after school where I worked for Famous Barr and Lancome Cosmetics, until I “retired” from retail to be a stay-at-home home to my children, Samantha, Addie and Charlie. After my first child, Samantha, was born, I became increasingly interested in fitness and exercise. I decided to tie being a mom and my passion for fitness together, and in 2005 became a certified Group Fitness Instructor through The Aerobics and Fitness Association of America and taught a Stroller Bootcamp for several years. As my love for teaching exercise grew, I decided to take my education in fitness to a higher level and became a certified Personal Trainer through The American Council of Exercise in 2008. I continued to grow both my personal training business and my family with my husband, Rob. I gained more clients in my personal training business and two more children, Addie and Charlie. In 2015, my dad, Dave was diagnosed with Parkinson’s Disease. In 2016, when looking to do my “every two year” Personal Training Recertification, a postcard landed in my mail for a specialized class in Community Exercise for People with Parkinson’s Disease. With my dad’s recent diagnosis, my love for him and my passion for fitness, I felt it was absolutely meant to be. Soon after completing the class, I began teaching fitness classes at The American Parkinson’s Disease Association (APDA). I also began volunteering at Rock Steady Boxing (RSB) in Chesterfield. I currently teach several classes through the APDA and coach boxing through RSB. To say that my job is rewarding would be an understatement. I consider myself more than blessed to be able to work with such an amazing group of people; people determined to fight back against Parkinson’s Disease every day. What they teach me is more than I will ever be able to teach them! Michelle Valenti Bio After graduating from Southern Illinois University with a Bachelor of Science in Biology, I startedmy career with Monsanto Co. There I worked for ten years as a biochemist and study directorresearching chemical and pharmaceutical metabolism. I believe this experience allowed me abetter understanding of the efforts I would pursue in the future. I took a hiatus from work to raise my 2 daughters for about 5 years and then decided to become a certified personal trainer. My desire to promote the benefits of exercise took me into other areas such as group fitness and nutrition as well as specializing in training people with ailments such as Parkinson’s disease and those suffering from Multiple Sclerosis. I have taught Parkinson’s classes since 2018 at the Chesterfield YMCA and the APDA Missouri Chapter facility. Besides raising my family there has been nothing more rewarding in my life than working with this special group of people. We not only work on becoming more physically fit, we form friendships that feel like family!On a more personal note, I am an Oregonian from birth and so developed a love for nature andhiking outdoors. I want to continue traveling to see different parts of this beautiful world in theyears to come. In 2016, I remarried and added four more children to my family tree! We aregrowing every year adding marriages and grandchildren. My future goals are to pass on my lovefor optimal physical health and wellbeing to my entire family and continue to lead classes thatensure my own!","Missouri, United States","Missouri, United States",United States,"Meet Your Exercise Specialists | Craig Miller, Tai Chi Instructor | Jen Berger | Michelle Valenti Bio | Support Group | Parkinson's Care",,in-person,true,official_directory_import,0,0,https://www.apdaparkinson.org/community/missouri/mo-resources-support-2/exercise-5/exercise-specialists/,,,APDA Missouri,resource-page,American Parkinson Disease Association,"Missouri, United States",,Missouri,,https://www.apdaparkinson.org/community/missouri/mo-resources-support-2/exercise-5/exercise-specialists/,2026-03-28T05:36:55.039Z
apda-community,APDA Community,www.apdaparkinson.org/community/missouri/mo-resources-support-2/exercise-5/exercise-class-description/,missouri-exercise-class-description-apda-missouri-resource-page,Exercise Class Description | APDA Missouri,Exercise Program,"CHAIR YOGA + MEDITATION: This seated yoga class unites the mind, breath and body to address awareness, flexibility, strength and balance. Yoga empowers participants to start where they are and grow over time towards improved mobility and quality of life. This class includes meditation and breathing exercises. All levels are welcome. CIRCUIT TRAINING: In each class, participants work through a series of eight to twelve different stations that offer a unique exercise designed to target Parkinson’s symptoms. The stations incorporate a variety of equipment such as weights and resistance bands to make the circuit fun and challenging. EXERCISE FOR PARKINSONS (INTERVAL TRAINING): Class is 30 minutes of indoor cycling & 30 minutes of land-based fitness activities. Exercise seated or standing with support. Movements are done at a pace & intensity that are appropriate for each participant. FIT ‘N FUN: An easy to follow, head to toe workout designed to increase strength, range of motion and stability. Hand weights and wands are used. INTERVAL TRAINING: This class challenges your balance, coordination, strength and endurance through alternating periods of higher-intensity exercise and lower-intensity recovery. JOY OF MOVEMENT: A dance class that works on balance, walking, flexibility and coordination in a fun environment. Experience music and movement in a creative way that instills confidence and combats depression. Care partners are welcome; those who attend solo will be provided with a volunteer partner who does not have Parkinson’s. You can dance either seated or standing. All levels are welcome. MOVEMENT TRAINING: This class uses a variety of exercises to work on movement strategies, gait, balance, strength and flexibility. This class may use equipment, including hand weights, bands and balls. PARKINSON PEDALERS: This basic cycling class include 30 minutes of cycling on upright bikes and 30 minutes of a land-based fitness activity. The class starts with low-impact aerobic exercise on a bike and concludes with standing balance, strength training and stretching. SEATED EXERCISE: Seated exercise is designed to meet the needs of people with Parkinson’s disease who have challenges with movement and mobility. This class offers a combination of exercises that will target various areas of fitness, such as motor skills, muscle endurance, joint range of motion, and cardiovascular endurance. STRENGTH AND CARDIO: Increase physical well being through cardiovascular conditioning, strength training and flexibility. Improve your mobility and mental health in a fun and inspiring fitness environment. TAI CHI: An ancient Chinese internal martial art. Tai Chi is a mind/body exercise offering significant improvement in balance, flexibility, core strength and cognitive function. YOGA: This class will focus on different techniques of gentle movement and yoga breathing for all levels of people with Parkinson’s disease. It can help to improve movement, increase flexibility, improve posture, loosen tight and painful muscles, rebuild confidence and through these benefits enhance the quality of life.","Overview CHAIR YOGA + MEDITATION: This seated yoga class unites the mind, breath and body to address awareness, flexibility, strength and balance. Yoga empowers participants to start where they are and grow over time towards improved mobility and quality of life. This class includes meditation and breathing exercises. All levels are welcome. CIRCUIT TRAINING: In each class, participants work through a series of eight to twelve different stations that offer a unique exercise designed to target Parkinson’s symptoms. The stations incorporate a variety of equipment such as weights and resistance bands to make the circuit fun and challenging. EXERCISE FOR PARKINSONS (INTERVAL TRAINING): Class is 30 minutes of indoor cycling & 30 minutes of land-based fitness activities. Exercise seated or standing with support. Movements are done at a pace & intensity that are appropriate for each participant. FIT ‘N FUN: An easy to follow, head to toe workout designed to increase strength, range of motion and stability. Hand weights and wands are used. INTERVAL TRAINING: This class challenges your balance, coordination, strength and endurance through alternating periods of higher-intensity exercise and lower-intensity recovery. JOY OF MOVEMENT: A dance class that works on balance, walking, flexibility and coordination in a fun environment. Experience music and movement in a creative way that instills confidence and combats depression. Care partners are welcome; those who attend solo will be provided with a volunteer partner who does not have Parkinson’s. You can dance either seated or standing. All levels are welcome. MOVEMENT TRAINING: This class uses a variety of exercises to work on movement strategies, gait, balance, strength and flexibility. This class may use equipment, including hand weights, bands and balls. PARKINSON PEDALERS: This basic cycling class include 30 minutes of cycling on upright bikes and 30 minutes of a land-based fitness activity. The class starts with low-impact aerobic exercise on a bike and concludes with standing balance, strength training and stretching. SEATED EXERCISE: Seated exercise is designed to meet the needs of people with Parkinson’s disease who have challenges with movement and mobility. This class offers a combination of exercises that will target various areas of fitness, such as motor skills, muscle endurance, joint range of motion, and cardiovascular endurance. STRENGTH AND CARDIO: Increase physical well being through cardiovascular conditioning, strength training and flexibility. Improve your mobility and mental health in a fun and inspiring fitness environment. TAI CHI: An ancient Chinese internal martial art. Tai Chi is a mind/body exercise offering significant improvement in balance, flexibility, core strength and cognitive function. YOGA: This class will focus on different techniques of gentle movement and yoga breathing for all levels of people with Parkinson’s disease. It can help to improve movement, increase flexibility, improve posture, loosen tight and painful muscles, rebuild confidence and through these benefits enhance the quality of life.","Missouri, United States","Missouri, United States",United States,Exercise | Wellness | Parkinson's Care,,in-person,true,official_directory_import,0,0,https://www.apdaparkinson.org/community/missouri/mo-resources-support-2/exercise-5/exercise-class-description/,,,APDA Missouri,resource-page,American Parkinson Disease Association,"Missouri, United States",,Missouri,,https://www.apdaparkinson.org/community/missouri/mo-resources-support-2/exercise-5/exercise-class-description/,2026-03-28T05:36:55.039Z
apda-community,APDA Community,www.apdaparkinson.org/community/missouri/mo-resources-support-2/exercise-5/illinois-exercise-classes/,missouri-illinois-exercise-classes-62230,Illinois Exercise Classes,Referral Center,"APDA Missouri and community partners across the bi-state area offer a variety of exercise classes. Exercise is one of the most powerful tools available to people living with Parkinson’s. It can help improve balance, flexibility, strength and overall quality of life – and emerging research shows it might even help slow the progression of PD. Funding for the classes is provided by the APDA Missouri so they are free to people with Parkinsons. Contact the APDA or local YMCA for more information.","Illinois Exercise Classes APDA Missouri and community partners across the bi-state area offer a variety of exercise classes. Exercise is one of the most powerful tools available to people living with Parkinson’s. It can help improve balance, flexibility, strength and overall quality of life – and emerging research shows it might even help slow the progression of PD. Funding for the classes is provided by the APDA Missouri so they are free to people with Parkinsons. Contact the APDA or local YMCA for more information. Springfield, IL (Sangamon County) The Joy of Movement – a dance class for people with PD and their care partners. Tuesdays and Thursdays at 1:30 pm – 2:45 pm in person at First Presbyterian Church, 321 South Seventh Street, Springfield, IL 62701 Wednesdays at 10:30 am – 11:45 am online on Zoom. The instructor will gladly assist you in learning to use the zoom platform to participate in online classes. There is no fee to participate in the class, but registration is required. Due to the progressive structure of the class, no new registrants will be accepted after the first two weeks of class. To register or obtain further information, contact Eve Fischberg, at 217.494.4961 or joyofmovement2@gmail.comwww.thejoyofmovement.orgIn case of inclement weather, the Joy of Movement class will follow the Springfield School District closure schedule. Other Illinois Resources *Denotes non-affiliated exercise program Rock Steady Boxing* – Alton2603 N. Rodgers Ave.Alton, IL 62002 www.seniorservicesplus.org Level 4 RSB class (low intensity) Tues. & Fri. 2-3 pmLevel 3 RSB class (moderate intensity) Mon. & Thurs. 2-3 pmLevel 2 RSB class (high intensity) Mon. & Thurs. 3-4 pm Price is $50/month for Non-Wellness Center Members and $40/month for Wellness Center members Connor Schobernd | Wellness Center Manager618-465-3298 ext. 120 Rock Steady Boxing* – CarbondaleLocated at SIU Rec Center300 East Grand Avenue, Carbondale, IL 62901Rock Steady Boxing | Recreational Sports and Services | SIU All Levels: Mondays, Tuesdays, Wednesdays, and Thursdays – 10:30 a.m. – 11:30 a.m. Prices vary based on package purchased- includes discount for Rec Members and StudentsSydney Devine618-453-1275Sydney.Devine@siu.edu Rock Steady Boxing* – ChampaignLocated at Stephens Family YMCA2501 Fields S Dr, Champaign, IL 61822www.sf-ymca.net Tuesday 10:30 am – 11:45 amWednesday 11:00 am – 12:30 pmThursday 10:30 am – 11:45 am Price is $40/month for YMCA members and $115/month for non-members. Eddie Edwards | Wellness Director217-359-9622 Korte Recreation Center* – Highland 1 Nagel Dr, Highland, IL 62249 Cycle + Strength*: All LevelsMondays, Wednesdays, and Thursdays at 11:00 amRegistration required (618) 651-1386$25/member or $32/non-member for a 10-week session","Breese, IL, United States","Breese, IL, United States",United States,"Illinois Exercise Classes | Springfield, IL (Sangamon County) | Other Illinois Resources | Information and Referral | Parkinson's Care",,hybrid,true,official_directory_import,0,0,https://www.apdaparkinson.org/community/missouri/mo-resources-support-2/exercise-5/illinois-exercise-classes/,%20sydney.devine@siu.edu,,APDA Missouri,resource-page,American Parkinson Disease Association,"Breese, IL, United States",Breese,IL,62230,https://www.apdaparkinson.org/community/missouri/mo-resources-support-2/exercise-5/illinois-exercise-classes/,2026-03-28T05:36:55.040Z
apda-community,APDA Community,www.apdaparkinson.org/community/missouri/mo-resources-support-2/exercise-5/voice-exercises/,missouri-tremble-clefs-63301,Tremble Clefs,Exercise Program,"Approximately, 80% or more of those living with Parkinson’s will experience some form of voice issues, the most common of these being a decrease in vocal volume and inadequate breath support. Singing with a group specifically designed for those living with PD can address those targeted areas and improve the voice.","Overview Approximately, 80% or more of those living with Parkinson’s will experience some form of voice issues, the most common of these being a decrease in vocal volume and inadequate breath support. Singing with a group specifically designed for those living with PD can address those targeted areas and improve the voice. Tremble Clefs In-person This clinically beneficial program provides vocal and movement exercises and generates new learning and comfortable challenges in a shared supportive environment. This singing group meets on a weekly basis. Tremble Clefs is taking place in-person in St. Charles. St. John United Church of Christ (Fellowship Hall)405 S 5th St.St. Charles, MO 63301 Every Friday 1:00 to 2:30 pm. Click here to see a Welcome video from Anna and Linda. Click here to watch a fabulous rendition of Singing in the Rain from the 2024 Tremble Clef’s concert. Click here to register. Below are videos to help you exercise your voice at home. Tremble Clefs 5 Minute Vocal Bootcamp Five Minute Vocal Bootcamp #2 Five Minute Vocal Bootcamp #13 Five Minute Vocal Bootcamp #14 Sing at home with Tremble Clefs! Videos for voice warm-ups and exercises. Tremble Clefs #1 Tremble Clefs #2 Tremble Clefs #3 The Tremble Clefs of Greater St. Louis’ mission: To address the vocal and respiratory issues that come as a result of Parkinson’s (for example: a decrease in vocal volume, inefficient breath support, loss of vocal color-monotone voice) To improve posture, balance, and mobility through movement to music Offer its members an enjoyable and supportive social outlet Promote PD awareness through singing","Charles, MO, United States","Charles, MO, United States",United States,Tremble Clefs | In-person | The Tremble Clefs of Greater St. Louis’ mission: | Exercise | Wellness | Parkinson's Care,,in-person,true,official_directory_import,0,0,https://www.apdaparkinson.org/community/missouri/mo-resources-support-2/exercise-5/voice-exercises/,,,APDA Missouri,resource-page,American Parkinson Disease Association,"Charles, MO, United States",Charles,MO,63301,https://www.apdaparkinson.org/community/missouri/mo-resources-support-2/exercise-5/voice-exercises/,2026-03-28T05:36:55.040Z
apda-community,APDA Community,www.apdaparkinson.org/community/missouri/mo-resources-support-2/exercise-5/cognitive-exercises/,missouri-cognitive-exercises-apda-missouri-resource-page,Cognitive Exercises | APDA Missouri,Exercise Program,"Cognitive exercises, just like physical exercise, mental “exercise” is important. Mental activities can include doing puzzles, playing cards, reading books, going to lectures or concerts, or learning a new activity. These can be coupled with physical exercise such as learning new dance steps. Just like with physical exercise, there is no single “right” mental exercise. Social interactions are an important source of mental stimulation, and many activities can be done with friends or family members. Here are some suggestions and activities to boost your brain: Cooking new recipes – helps connect steps, uses memory for measurements Singing – helps with recall and memory, also good for exercising your voice Word searches – helps with word identification Playing card games – relies on memory to recall rules and strategies Meditating – clears your mind and instills relaxation Word association games – match words in same category, helps retrain vocabulary Chess or other strategic games – uses memory to recall rules and strategies and uses body to move pieces Memory – Matching games – helps increase attention span Trivia games – rely on memory recall and reasoning skills to narrow down choices Reflex games – games using mind and body together preserves coordination. A good example is Simon. Here are some great articles about Cognition: Better Brain Health and BalanceCognitive ChangesMild Cognitive ChangesGames of Strategy to Entertain Your BrainMulti-tasking with PDIf you suspect cognitive changes, we recommend following up with a doctor who mayrefer you to a specialist for further assessment. They may also recommendoccupational or speech therapy services to provide additional support.","Overview Cognitive exercises, just like physical exercise, mental “exercise” is important. Mental activities can include doing puzzles, playing cards, reading books, going to lectures or concerts, or learning a new activity. These can be coupled with physical exercise such as learning new dance steps. Just like with physical exercise, there is no single “right” mental exercise. Social interactions are an important source of mental stimulation, and many activities can be done with friends or family members. Here are some suggestions and activities to boost your brain: Cooking new recipes – helps connect steps, uses memory for measurements Singing – helps with recall and memory, also good for exercising your voice Word searches – helps with word identification Playing card games – relies on memory to recall rules and strategies Meditating – clears your mind and instills relaxation Word association games – match words in same category, helps retrain vocabulary Chess or other strategic games – uses memory to recall rules and strategies and uses body to move pieces Memory – Matching games – helps increase attention span Trivia games – rely on memory recall and reasoning skills to narrow down choices Reflex games – games using mind and body together preserves coordination. A good example is Simon. Here are some great articles about Cognition: Better Brain Health and BalanceCognitive ChangesMild Cognitive ChangesGames of Strategy to Entertain Your BrainMulti-tasking with PDIf you suspect cognitive changes, we recommend following up with a doctor who mayrefer you to a specialist for further assessment. They may also recommendoccupational or speech therapy services to provide additional support.","Missouri, United States","Missouri, United States",United States,Exercise | Wellness | Parkinson's Care,,in-person,true,official_directory_import,0,0,https://www.apdaparkinson.org/community/missouri/mo-resources-support-2/exercise-5/cognitive-exercises/,,,APDA Missouri,resource-page,American Parkinson Disease Association,"Missouri, United States",,Missouri,,https://www.apdaparkinson.org/community/missouri/mo-resources-support-2/exercise-5/cognitive-exercises/,2026-03-28T05:36:55.040Z
apda-community,APDA Community,www.apdaparkinson.org/community/missouri/mo-resources-support-2/education/,missouri-press-on-resource-page,PRESS On,Education Event,"The Midwest Parkinson Conference is an educational event with esteemed industry professionals discussing the latest information, as well as a resource fair, all to help you live your best life. Save the Date! The 2026 Midwest Parkinson’s Conference will be held onMonday, April 27, 2026! Manchester United Methodist Church129 Woods Mill Rd,Manchester, MO 63011 Click HERE to stay up to date on topics, speakers, and exciting day of details!","Midwest Parkinson’s Conference The Midwest Parkinson Conference is an educational event with esteemed industry professionals discussing the latest information, as well as a resource fair, all to help you live your best life. Save the Date! The 2026 Midwest Parkinson’s Conference will be held onMonday, April 27, 2026! Manchester United Methodist Church129 Woods Mill Rd,Manchester, MO 63011 Click HERE to stay up to date on topics, speakers, and exciting day of details! Parkinson Education Programs Parkinson Education Programs are education events hosted throughout the year by the APDA – Missouri Chapter. We invite renowned speakers to address topics that are important to the Parkinson’s community. Educational Events are free. The next Parkinson Education Program:Thursday, November 6th All About Dementia with Dr. Eid: Featuring Lewy Body Dementia and Parkinson’s Disease Dementia PRESS On Were you diagnosed with Parkinson’s 5 or more years ago? Do you have questions about what lies ahead and how should you prepare? PRESS On is schedule for September 15th – November 3rd (every Monday) from 2:00 – 3:30pm. Click here to get more information, explore discussion topics, and fill out the interest form!","Missouri, United States","Missouri, United States",United States,Midwest Parkinson’s Conference | Parkinson Education Programs | PRESS On | Education | Community Event | Parkinson's Care,,in-person,true,official_directory_import,0,0,https://www.apdaparkinson.org/community/missouri/mo-resources-support-2/education/,,,APDA Missouri,resource-page,American Parkinson Disease Association,"Missouri, United States",,Missouri,,https://www.apdaparkinson.org/community/missouri/mo-resources-support-2/education/,2026-03-28T05:36:55.040Z
apda-community,APDA Community,www.apdaparkinson.org/community/missouri/mo-resources-support-2/education/parkinson-education-program/,missouri-why-join-an-apda-parkinson-s-education-programs-63131,Why Join an APDA Parkinson’s Education Programs?,Exercise Program,"Living with Parkinson’s disease can bring many questions — and knowledge is one of the best tools to face them with confidence. That’s why the American Parkinson Disease Association (APDA) offers Parkinson’s Education Programs designed to give you the information, strategies, and resources you need to live well with Parkinson’s. Our programs dive deeper into the topics that matter most, including: Parkinson’s medications and treatment options Exercise and movement strategies to improve daily living Nutrition and wellness tips for brain and body health Mental health and coping tools for you and your care partner Local resources and services available in your community …and so much more!","Overview Living with Parkinson’s disease can bring many questions — and knowledge is one of the best tools to face them with confidence. That’s why the American Parkinson Disease Association (APDA) offers Parkinson’s Education Programs designed to give you the information, strategies, and resources you need to live well with Parkinson’s. Our programs dive deeper into the topics that matter most, including: Parkinson’s medications and treatment options Exercise and movement strategies to improve daily living Nutrition and wellness tips for brain and body health Mental health and coping tools for you and your care partner Local resources and services available in your community …and so much more! Why Join an APDA Parkinson’s Education Programs? These programs aren’t just lectures — they’re opportunities to learn from experts, ask questions, and connect with others who understand the Parkinson’s journey. Whether you’re newly diagnosed or have been living with PD for years, you’ll walk away with knowledge you can use right away. And thanks to the generosity of our donors, all APDA Parkinson’s Education Programs are free of charge for people with Parkinson’s, their care partners, families, and friends. Take the Next Step Education is empowerment. Don’t miss the chance to build your PD knowledge, strengthen your support network, and move forward with hope, strength, and optimism. Exciting new programs are on the horizon! All About Dementia with DR Eid: Featuring Lewy Body Dementia and Parkinson’s Disease Dementia The American Parkinson Disease Association and Alzheimer’s Association are partnering to provide an educational program. Don’t miss this unique opportunity! Thursday, November 6th from 1:30 – 2:30 pm, doors open at 1:00 pm.Location: Clark Family Branch – Room C, 1640 S Lindbergh Blvd, St. Louis, MO 63131 You will walk away learning more about: Various types of dementias, range of symptoms, and warning signs Features of Parkinson’s-type dementias, potential treatments, and recent research Community resources that can help families","Louis, MO, United States","Louis, MO, United States",United States,Why Join an APDA Parkinson’s Education Programs? | Take the Next Step | All About Dementia with DR Eid: Featuring Lewy Body Dementia and Parkinson’s Disease Dementia | Exercise | Wellness | Parkinson's Care,,in-person,true,official_directory_import,0,0,https://www.apdaparkinson.org/community/missouri/mo-resources-support-2/education/parkinson-education-program/,,,APDA Missouri,resource-page,American Parkinson Disease Association,"Louis, MO, United States",Louis,MO,63131,https://www.apdaparkinson.org/community/missouri/mo-resources-support-2/education/parkinson-education-program/,2026-03-28T05:36:55.040Z
apda-community,APDA Community,www.apdaparkinson.org/community/missouri/mo-resources-support-2/education/press/,missouri-press-on-apda-missouri-resource-page,PRESS ON | APDA Missouri,Exercise Program,"Were you diagnosed with Parkinson’s 5 or more years ago? Do you have questions what lies ahead and how should you prepare? This 8-week program offers discussion on topics such as: Healthcare in Parkinson’s Disease Safety, Environment, Exercise Mood, Cognition, Behavior Impact of Parkinson’s on Daily Coping and Relationships Planning for the What ifs Caring for Others, Caring for Yourself Maintaining Hope in the Path Forward Let us know you are interested by clicking here and filling out the Interest Form and an APDA staff member will get back to you.","Overview Were you diagnosed with Parkinson’s 5 or more years ago? Do you have questions what lies ahead and how should you prepare? This 8-week program offers discussion on topics such as: Healthcare in Parkinson’s Disease Safety, Environment, Exercise Mood, Cognition, Behavior Impact of Parkinson’s on Daily Coping and Relationships Planning for the What ifs Caring for Others, Caring for Yourself Maintaining Hope in the Path Forward Let us know you are interested by clicking here and filling out the Interest Form and an APDA staff member will get back to you.","Missouri, United States","Missouri, United States",United States,Exercise | Wellness | Parkinson's Care,,in-person,true,official_directory_import,0,0,https://www.apdaparkinson.org/community/missouri/mo-resources-support-2/education/press/,,,APDA Missouri,resource-page,American Parkinson Disease Association,"Missouri, United States",,Missouri,,https://www.apdaparkinson.org/community/missouri/mo-resources-support-2/education/press/,2026-03-28T05:36:55.040Z
apda-community,APDA Community,www.apdaparkinson.org/community/missouri/mo-resources-support-2/wellness-programs/,missouri-voice-exercises-resource-page,Voice Exercises,Exercise Program,"Approximately, 80% or more of those living with Parkinson’s will experience some form of voice issues, the most common of these being a decrease in vocal volume and inadequate breath support. Singing with a group specifically designed for those living with PD can address those targeted areas and improve the voice. Check out the Tremble Clefs singing group and voice exercises here.","Voice Exercises Approximately, 80% or more of those living with Parkinson’s will experience some form of voice issues, the most common of these being a decrease in vocal volume and inadequate breath support. Singing with a group specifically designed for those living with PD can address those targeted areas and improve the voice. Check out the Tremble Clefs singing group and voice exercises here. Care Partner Connection A FREE eight-week support program for care partners of people living with Parkinson disease (PD), offering a space to connect, share, and learn. Click here to learn more. Cognitive Exercises Just like physical exercise, mental “exercise” is important. Mental activities can include doing puzzles, playing cards, reading books, going to lectures or concerts, or learning a new activity. These can be coupled with physical exercise such as learning new dance steps. Just like with physical exercise, there is no single “right” mental exercise. Social interactions are an important source of mental stimulation, and many activities can be done with friends or family members. Click here for some suggestions and activities to boost your brain. Connecting Through Art Connecting through Art is a creative arts program that offers people with PD the space and ability to express feelings, emotions, and daily concerns through art. It is open to any adult who has been diagnosed with Parkinson’s disease and their care partners. Check back for future dates. Click here to let us know you would be interested in a future program.","Missouri, United States","Missouri, United States",United States,Voice Exercises | Care Partner Connection | Cognitive Exercises | Connecting Through Art | Exercise | Wellness | Parkinson's Care,,in-person,true,official_directory_import,0,0,https://www.apdaparkinson.org/community/missouri/mo-resources-support-2/wellness-programs/,,,APDA Missouri,resource-page,American Parkinson Disease Association,"Missouri, United States",,Missouri,,https://www.apdaparkinson.org/community/missouri/mo-resources-support-2/wellness-programs/,2026-03-28T05:36:55.041Z
apda-community,APDA Community,www.apdaparkinson.org/community/missouri/mo-resources-support-2/wellness-programs/care-partner-connection/,missouri-care-partner-connection-apda-missouri-resource-page,Care Partner Connection | APDA Missouri,Education Event,"Coming Fall 2026! Are you a care partner to a family member or friend with PD? Do you find yourself… Having many questions about the practical concerns of caregiving? Experiencing worries or uncertainty about planning for the future? Coping with emotions like stress, anxiety, and grief? Noticing changing roles in your relationship? APDA Care Partner Connections is a free eight-week support program for care partners of people living with Parkinson disease (PD), offering a space to connect, share, and learn. It offers the opportunity to connect with other care partners for emotional support and sharing while providing education about planning for the future and practical resources. Register here if you are interested in being contacted once the program dates are set for the Fall of 2026.","Overview Coming Fall 2026! Are you a care partner to a family member or friend with PD? Do you find yourself… Having many questions about the practical concerns of caregiving? Experiencing worries or uncertainty about planning for the future? Coping with emotions like stress, anxiety, and grief? Noticing changing roles in your relationship? APDA Care Partner Connections is a free eight-week support program for care partners of people living with Parkinson disease (PD), offering a space to connect, share, and learn. It offers the opportunity to connect with other care partners for emotional support and sharing while providing education about planning for the future and practical resources. Register here if you are interested in being contacted once the program dates are set for the Fall of 2026.","Missouri, United States","Missouri, United States",United States,Education | Community Event | Parkinson's Care,,in-person,true,official_directory_import,0,0,https://www.apdaparkinson.org/community/missouri/mo-resources-support-2/wellness-programs/care-partner-connection/,,,APDA Missouri,resource-page,American Parkinson Disease Association,"Missouri, United States",,Missouri,,https://www.apdaparkinson.org/community/missouri/mo-resources-support-2/wellness-programs/care-partner-connection/,2026-03-28T05:36:55.041Z
apda-community,APDA Community,www.apdaparkinson.org/community/missouri/mo-resources-support-2/research/,missouri-hispanic-latino-study-about-physical-activities-and-exercise-in-people-with-parkinson-disease-pd-and-their-care-partners-69310,Hispanic/Latino Study about Physical Activities and Exercise in people with Parkinson Disease (PD) and their Care Partners,Exercise Program,"We recommend you speak to your doctor’s office before enrolling in a research trial or study. Help Advance Remote Care for Parkinson’s Dannce.ai is seeking adults with Parkinson’s, their care partners, or both, to participate in a short at-home study. We’re conducting surveys, interviews, and user testing of our mobile app. Your input will help us design tools that make it easier to receive care from your doctor without needing to travel to the office.","Current Research Studies Recruiting Participants We recommend you speak to your doctor’s office before enrolling in a research trial or study. Help Advance Remote Care for Parkinson’s Dannce.ai is seeking adults with Parkinson’s, their care partners, or both, to participate in a short at-home study. We’re conducting surveys, interviews, and user testing of our mobile app. Your input will help us design tools that make it easier to receive care from your doctor without needing to travel to the office. Why Join? Contribute to tools that enable Parkinson’s care at home Earn compensation for your time and insights Support innovations tailored to your needs Who Can Participate? People living with Parkinson’s who are comfortable using a smartphone Caregivers willing to assist with app use and provide feedback What’s Involved? We’re inviting you to join a 60-minute Zoom-based research session to help improve a new iPhone app designed for people living with Parkinson’s disease and their care partners. The goal is to enable at-home visits with your doctor. During the session, we’ll explore different ideas and designs and ask for your feedback on what feels clear, helpful, or confusing. Your perspective will directly shape how the app supports patients and families in real-world use. No technical expertise is required—a member of our research team will guide you step by step. To join or learn more, email us at research@dannce.ai(Subject: Parkinson’s Study)","Louis, MO, United States","Louis, MO, United States",United States,"Current Research Studies Recruiting Participants | Why Join? | Who Can Participate? | What’s Involved? | Step up to Parkinson’s – A Walking Program to enhance physical activity, verbal communication, and social connection | Hispanic/Latino Study about Physical Activities and Exercise in people with Parkinson Disease (PD) and their Care Partners | Deep Brain Stimulation | Music-Based Walking Program | Protein Aggregation and Neurotransmitter Deficits (PAND) study in Parkinson’s Disease | Protein and Imaging Biomarkers in Parkinson’s Disease",,hybrid,true,official_directory_import,0,0,https://www.apdaparkinson.org/community/missouri/mo-resources-support-2/research/,deepbrainstimulation@wustl.edu,,APDA Missouri,resource-page,American Parkinson Disease Association,"Louis, MO, United States",Louis,MO,69310,https://www.apdaparkinson.org/community/missouri/mo-resources-support-2/research/,2026-03-28T05:36:55.041Z
apda-community,APDA Community,www.apdaparkinson.org/community/new-jersey/resources-support-nj/,new-jersey-local-resources-and-support-support-groups,Local Resources and Support,Support Group,Imported from APDA New Jersey community resources.,Local Resources and Support Respite Care The New Jersey Statewide Respite Care Program was created by legislative action in 1987 specifically to provide support and relief to family or other uncompensated caregivers in meeting the demands of the daily care of frail elderly and other functionally impaired persons. Support Groups APDA NJ offers many local support groups in communities around the state for individuals and caregivers. SMART PATIENTS A Parkinson’s Disease Community In partnership with the American Parkinson Disease Association,"New Jersey, United States","New Jersey, United States",United States,Local Resources and Support | Respite Care | Support Groups | SMART PATIENTS | Support Group | Parkinson's Care,,in-person,true,official_directory_import,0,0,https://www.apdaparkinson.org/community/new-jersey/resources-support-nj/,,,APDA New Jersey,support-groups,American Parkinson Disease Association,"New Jersey, United States",,New Jersey,,https://www.apdaparkinson.org/community/new-jersey/resources-support-nj/,2026-03-28T05:36:55.041Z
apda-community,APDA Community,www.apdaparkinson.org/community/new-jersey/resources-support-nj/respite-care/,new-jersey-new-jersey-respite-care-program-resource-page,New Jersey Respite Care Program,Education Event,"The New Jersey Statewide Respite Care Program was created by legislative action in 1987 specifically to provide support and relief to family or other uncompensated caregivers in meeting the demands of the daily care of frail elderly and other functionally impaired persons. This program is funded by the State of New Jersey and managed by the NJ Department of Human Services, Division of Aging Services.","New Jersey Respite Care Program The New Jersey Statewide Respite Care Program was created by legislative action in 1987 specifically to provide support and relief to family or other uncompensated caregivers in meeting the demands of the daily care of frail elderly and other functionally impaired persons. This program is funded by the State of New Jersey and managed by the NJ Department of Human Services, Division of Aging Services. More Information For Statewide Respite assistance visit: State Respite Assistance Or call the Aging and Disability Resource Connection: 1-877-222-3737 Download the state brochure (PDF)","New Jersey, United States","New Jersey, United States",United States,New Jersey Respite Care Program | More Information | Education | Community Event | Parkinson's Care,,in-person,true,official_directory_import,0,0,https://www.apdaparkinson.org/community/new-jersey/resources-support-nj/respite-care/,,,APDA New Jersey,resource-page,American Parkinson Disease Association,"New Jersey, United States",,New Jersey,,https://www.apdaparkinson.org/community/new-jersey/resources-support-nj/respite-care/,2026-03-28T05:36:55.041Z
apda-community,APDA Community,www.apdaparkinson.org/community/new-jersey/resources-support-nj/support-groups/,new-jersey-local-support-groups-08054,Local Support Groups,Referral Center,"APDA NJ offers many local support groups in communities around the state for individuals and caregivers.Although we do our best to keep information up to date, details are subject to change. Always call the specific support group contact number to verify meeting date and time.","Local Support Groups APDA NJ offers many local support groups in communities around the state for individuals and caregivers.Although we do our best to keep information up to date, details are subject to change. Always call the specific support group contact number to verify meeting date and time. Click here for Free Support Groups from LMR Elder Care NORTHWEST NEW JERSEY PARKINSON’S SUPPORT GROUP *No groups in these Counties: Cumberland, Salem, Sussex, and Hudson: Support Groups","Laurel, NJ, United States","Laurel, NJ, United States",United States,Local Support Groups | Click here for Free Support Groups from LMR Elder Care | NORTHWEST NEW JERSEY PARKINSON’S SUPPORT GROUP | Support Groups | Bergen: | Burlington: | Camden: | Essex: | Gloucester: | Mercer:,,hybrid,true,official_directory_import,0,0,https://www.apdaparkinson.org/community/new-jersey/resources-support-nj/support-groups/,aweldon@optonline.net,,APDA New Jersey,support-groups,American Parkinson Disease Association,"Laurel, NJ, United States",Laurel,NJ,08054,https://www.apdaparkinson.org/community/new-jersey/resources-support-nj/support-groups/,2026-03-28T05:36:55.041Z
apda-community,APDA Community,www.apdaparkinson.org/community/new-york/nassau-county-support-groups/,new-york-nassau-county-support-groups-support-groups,Nassau County Support Groups,Support Group,Imported from APDA New York community resources.,"Nassau County Support Groups For People with Parkinson’s & Care Partners Community Groups — Nassau County PD Discussion Group (ongoing) Thursdays, 2-3pm, online register with: Susan Montanaro, LMSW, smontanaro@friedbergjcc.org Caregiver Support Group for Spouses (ongoing) Tuesdays, every other, 7-8pm, online register with: Gloria Lebeaux, LCSW, 516-634-4010, glebeaux@friedbergjcc.org Caregiver Support Group for Adult Children (ongoing) Wednesdays, first of the month, 7-8pm, online","New York, United States","New York, United States",United States,Nassau County Support Groups | For People with Parkinson’s & Care Partners | Community Groups — Nassau County | Support Group | Parkinson's Care,,virtual,true,official_directory_import,0,0,https://www.apdaparkinson.org/community/new-york/nassau-county-support-groups/,smontanaro@friedbergjcc.org,,APDA New York,support-groups,American Parkinson Disease Association,"New York, United States",,New York,,https://www.apdaparkinson.org/community/new-york/nassau-county-support-groups/,2026-03-28T05:36:55.041Z
apda-community,APDA Community,www.apdaparkinson.org/community/new-york/suffolk-county-support-groups/,new-york-live-support-event-11777,Live support event,Support Group,"Monday, April 20, 2026 @ 4 pm Opening reception and registration4:30 – 6:30 pm Clinical staff presentationsThe Meadow Club1147 NY-112Port Jefferson Station, NY 11777 Limited seats available.One guest allowed per registrant.To reserve your seat, call(631) 474‑6797","Live Your Best Life withParkinson’s Disease Monday, April 20, 2026 @ 4 pm Opening reception and registration4:30 – 6:30 pm Clinical staff presentationsThe Meadow Club1147 NY-112Port Jefferson Station, NY 11777 Limited seats available.One guest allowed per registrant.To reserve your seat, call(631) 474‑6797 Live support event Join us for an in-person support group.We welcome people with Parkinson’sDisease and their care partners. West Islip Library Higbie LaneWest Islip, NY For more information about timesand meeting dates, please callJulie Garofalo, RN – 631-862-3560 Men’s Parkinson’sCaregiver Support Group 1st Friday of each month – 12:30-1:30 PMFor information and to register, contact Julie or GloriaJulie-631-862-3560 Gloria-516-634-4010 or glebeaux@friedbergjcc.org Connecting Through Art Contact Julie Garofalo, RN, APDA I&R Coordinator Julie.Garofalo@chsli.org or 631-862-3560","Jefferson Station, NY, United States","Jefferson Station, NY, United States",United States,Live Your Best Life withParkinson’s Disease | Live support event | Men’s Parkinson’sCaregiver Support Group | Connecting Through Art | Deep Brain Stimulation (DBS) Support Group | Welcoming Care-partners or adult family members of thos have lost a loved one with Parkinson’s Disease – You are not alone – Virtual Support Group | American Parkinson Disease Association (APDA) Younger Onset Meetings | LOUD & LYRICAL | Virtual Game Day | APDA Care-Partner Meetings,,hybrid,true,official_directory_import,0,0,https://www.apdaparkinson.org/community/new-york/suffolk-county-support-groups/,,,APDA New York,support-groups,American Parkinson Disease Association,"Jefferson Station, NY, United States",Jefferson Station,NY,11777,https://www.apdaparkinson.org/community/new-york/suffolk-county-support-groups/,2026-03-28T05:36:55.041Z
apda-community,APDA Community,www.apdaparkinson.org/community/new-york/new-york-city-support-groups/,new-york-brooklyn-programs-and-support-groups-10305,Brooklyn Programs and Support Groups,Referral Center,"APDA Information and Referral Center at NYP Brooklyn Methodist HospitalPlease Contact I&R Coordinator, Rose Brown at 646-704-1792 or email Eqa9001@nyp.org Virtual Yoga: Join us on Zoom for virtual yoga sessions held on the first four Thursdays of each month from 2:00 PM – 3:00 PM. Open to both individuals living with Parkinson’s and their care partners. Parkinson’s Support Group: Meets in person at Brooklyn Methodist Hospital on the fourth Tuesday of the month from 2:00 PM – 3:30 PM. This group is for Parkinson’s patients, and care partners are welcome to attend. Parkinson’s Care Partner Support Group: An in-person support group for those who identify as care partners for someone with Parkinson’s. Held at Brooklyn Methodist Hospital on the second Tuesday of the month from 2:00 PM – 3:30 PM. APDA Connecting Through Art Program: A monthly in-person art program at Brooklyn Methodist Hospital from 1:30 PM – 3:30 PM. The date varies each month. For the latest schedule, please contact I&R Center Coordinator, Rose Brown, LMSW.","Brooklyn Programs and Support Groups APDA Information and Referral Center at NYP Brooklyn Methodist HospitalPlease Contact I&R Coordinator, Rose Brown at 646-704-1792 or email Eqa9001@nyp.org Virtual Yoga: Join us on Zoom for virtual yoga sessions held on the first four Thursdays of each month from 2:00 PM – 3:00 PM. Open to both individuals living with Parkinson’s and their care partners. Parkinson’s Support Group: Meets in person at Brooklyn Methodist Hospital on the fourth Tuesday of the month from 2:00 PM – 3:30 PM. This group is for Parkinson’s patients, and care partners are welcome to attend. Parkinson’s Care Partner Support Group: An in-person support group for those who identify as care partners for someone with Parkinson’s. Held at Brooklyn Methodist Hospital on the second Tuesday of the month from 2:00 PM – 3:30 PM. APDA Connecting Through Art Program: A monthly in-person art program at Brooklyn Methodist Hospital from 1:30 PM – 3:30 PM. The date varies each month. For the latest schedule, please contact I&R Center Coordinator, Rose Brown, LMSW. Staten Island Programs and Support Groups Staten Island PD Support GroupVirtual via Zoom2nd and last Tuesday of every month1:00pm – 2:00pm ESTContact: Shelly Channan, LCSW at lschannan.lcsw@gmail.com or Vicky Chan at vchan@apdaparkinson.org Dance for PDFridays at 12:30pm-1:30pm ESTBe Yoga & Dance studio1270 Bay StreetStaten Island, NY 10305 Dance for PD – Nan Shan Older Adult Center Chinese American Planning Council A free movement class designed for persons living with Parkinson’s and their care partners, families, and friends. Award-winning Dance for PD® classes invite people with Parkinson’s and their partners to exploremovement and music in ways that are enjoyable, stimulating, and creative. This research-backedglobal program is designed for people living with Parkinson’s but benefits anyone with mobilityconcerns. No dance experience is required. Seated or standing, energizing and inspiring musicguides participants as they discover diverse dance styles and practical movement methods thataddress balance, flexibility, and confidence. No registration requiredfor more information, call (347) 996-0142 or (718) 218-3373 or visitwww.danceforpd.org or apdaparkinson.org Location: 133-14 41st Avenue, Flushing, NYDates: Oct 6 & 20 ; Nov 3 &17; Dec 1 & 29Time: 10 – 11am EST","Staten Island, NY, United States","Staten Island, NY, United States",United States,Brooklyn Programs and Support Groups | Staten Island Programs and Support Groups | Dance for PD – Nan Shan Older Adult Center Chinese American Planning Council | Information and Referral | Parkinson's Care,,hybrid,true,official_directory_import,0,0,https://www.apdaparkinson.org/community/new-york/new-york-city-support-groups/,eqa9001@nyp.org,,APDA New York,support-groups,American Parkinson Disease Association,"Staten Island, NY, United States",Staten Island,NY,10305,https://www.apdaparkinson.org/community/new-york/new-york-city-support-groups/,2026-03-28T05:36:55.042Z
apda-community,APDA Community,www.apdaparkinson.org/community/new-york/events-2/,new-york-upcoming-new-york-events-10306,Upcoming New York Events,Exercise Program,Imported from APDA New York community resources.,"Upcoming New York Events 2025 Long Island Parkinson’s Optimism Walk Walkers will come together nationwide in 2025 to step towards supporting all people affected by Parkinson’s disease. Your fundraising dollars at the Long Island walk will go directly toward the local community, expanding local program and services to help more people with Parkinson’s disease live life to the fullest, as well as fund cutting-edge research to help find better treatments and ultimately, a cure. Date:Saturday, September 27, 2025 Time: 9:00am – Check-in opens10:00am – Walk starts Location:Marjorie R. Post Community Park451 Unqua Road (Unqua and Merrick Roads) Massapequa, NY For more information, please email nywalk@apdaparkinson.org. Download a printable flyer Donations can also be mailed to PO Box 61420 Staten Island, NY 10306 Shaken, Not Deterred: A Young Onset Parkinson’s Disease Gathering Real talk and interactive sessions about thriving with YOPD at work, at home, and beyond. Join us for an insightful day designed specifically for the Young Onset Parkinson’s Community – in-person or online! Brought to you by the American Parkinson Disease Association (APDA), Marlene Meyerson JCC Manhattan (JCC), and the Parkinson’s Foundation. In-person and virtual options are available. Date: Sunday, October 26, 2025 Location: Marlene Meyerson JCC Manhattan334 Amsterdam Ave at W 76th Street, New York, NY, 10023 Time:10 a.m. – 4 p.m. ET This inspiring program includes three panel discussions comprised of individuals diagnosed with young onset Parkinson’s disease, energizing movement breaks, and helpful resource materials. Click the button below for more info about the day, Zoom details for those joining virtually, and to register for the event! Download a printable flyer","Staten Island, NY, United States","Staten Island, NY, United States",United States,"Upcoming New York Events | 2025 Long Island Parkinson’s Optimism Walk | Shaken, Not Deterred: A Young Onset Parkinson’s Disease Gathering | Exercise | Wellness | Parkinson's Care",,hybrid,true,official_directory_import,0,0,https://www.apdaparkinson.org/community/new-york/events-2/,nywalk@apdaparkinson.org,,APDA New York,events,American Parkinson Disease Association,"Staten Island, NY, United States",Staten Island,NY,10306,https://www.apdaparkinson.org/community/new-york/events-2/,2026-03-28T05:36:55.042Z
apda-community,APDA Community,www.apdaparkinson.org/community/oklahoma/local-resources/support-groups/,oklahoma-support-groups-apda-oklahoma-74012,Support Groups | APDA Oklahoma,Support Group,"Joining a support group is a great way to connect with others who understand what you are going through, learn about Parkinson disease and ways to cope with the challenges that come with having PD. Our support groups are for: People new to PD People who have had PD a long time People who are caregivers or relatives of those with PD Groups are open to anyone who wishes to attend. A group may invite guest speakers, plan an event or just discuss topics of interest to the participants. All support groups are led by a trained facilitator. If you can’t find a group in your area, please let us know All support groups are free of charge. Broken Arrow APDA-OK Support GroupBroken Arrow Senior Center Annex1800 S Main St.Broken Arrow, OK 74012Contact: Cherie Wallace, cherie.wallace@legendseniorliving.comCall: 918-497-6963East side of streetMeets: 4th Friday of each month1:00-2:30 pm Claremore APDA-OK Support GroupFirst Methodist Church1615 OK-88Claremore, OK 74017Contact: Gail Bieber, ggbieber@gmail.comCall: 865-388-7673Meets: 3rd Monday of each month10:30 am-12:00 pm In-House Support Group for Residents of MontereauContact: Kelsie Camien, kcamien@montereau.netCall: 918-728-8128","Overview Joining a support group is a great way to connect with others who understand what you are going through, learn about Parkinson disease and ways to cope with the challenges that come with having PD. Our support groups are for: People new to PD People who have had PD a long time People who are caregivers or relatives of those with PD Groups are open to anyone who wishes to attend. A group may invite guest speakers, plan an event or just discuss topics of interest to the participants. All support groups are led by a trained facilitator. If you can’t find a group in your area, please let us know All support groups are free of charge. Broken Arrow APDA-OK Support GroupBroken Arrow Senior Center Annex1800 S Main St.Broken Arrow, OK 74012Contact: Cherie Wallace, cherie.wallace@legendseniorliving.comCall: 918-497-6963East side of streetMeets: 4th Friday of each month1:00-2:30 pm Claremore APDA-OK Support GroupFirst Methodist Church1615 OK-88Claremore, OK 74017Contact: Gail Bieber, ggbieber@gmail.comCall: 865-388-7673Meets: 3rd Monday of each month10:30 am-12:00 pm In-House Support Group for Residents of MontereauContact: Kelsie Camien, kcamien@montereau.netCall: 918-728-8128","Broken Arrow, OK, United States","Broken Arrow, OK, United States",United States,Support Group | Parkinson's Care,,in-person,true,official_directory_import,0,0,https://www.apdaparkinson.org/community/oklahoma/local-resources/support-groups/,,,APDA Oklahoma,support-groups,American Parkinson Disease Association,"Broken Arrow, OK, United States",Broken Arrow,OK,74012,https://www.apdaparkinson.org/community/oklahoma/local-resources/support-groups/,2026-03-28T05:36:55.042Z
apda-community,APDA Community,www.apdaparkinson.org/community/oklahoma/local-resources/,oklahoma-find-parkinson-s-resources-near-you-in-oklahoma-support-groups,Find Parkinson’s resources near you in Oklahoma,Support Group,Imported from APDA Oklahoma community resources.,Find Parkinson’s resources near you in Oklahoma Support Groups At Home Exercise Options SMART PATIENTS A Parkinson’s Disease Community In partnership with the American Parkinson Disease Association,"Oklahoma, United States","Oklahoma, United States",United States,Find Parkinson’s resources near you in Oklahoma | Support Groups | At Home Exercise Options | SMART PATIENTS | Support Group | Parkinson's Care,,in-person,true,official_directory_import,0,0,https://www.apdaparkinson.org/community/oklahoma/local-resources/,,,APDA Oklahoma,support-groups,American Parkinson Disease Association,"Oklahoma, United States",,Oklahoma,,https://www.apdaparkinson.org/community/oklahoma/local-resources/,2026-03-28T05:36:55.042Z
apda-community,APDA Community,www.apdaparkinson.org/community/oklahoma/local-resources/at-home-exercise-options/,oklahoma-want-to-create-a-great-and-safe-home-exercise-space-watch-this-short-video-or-view-our-setting-up-for-success-safe-exercise-at-home-guide-here-resource-page,Want to create a great and safe home exercise space? Watch this short video or view our Setting Up for Success: Safe Exercise at Home Guide HERE,Exercise Program,Imported from APDA Oklahoma community resources.,"At-Home Activities Tips For Safe At-Home Exercise If you have not been exercising regularly, please consult your healthcare provider before doing anything new.• Choose a space where you’ll have enough room to move around• If using a chair or other furniture for assistance, make sure it’s sturdy and isn’t going to slide around• If exercising by yourself, make sure you have access to a phone just in case• Make a plan: schedule fitness into your day and week• Consult your physician if you have any health concerns or are just getting started Our number one tip for at-home exercise is to TAKE A WALK if it is a safe option. There simply is no replacement for the outdoors, the fresh air, the movement, and it is free! Want to create a great and safe home exercise space? Watch this short video or view our Setting Up for Success: Safe Exercise at Home Guide HERE Note: We know many live exercise sessions are offered through Zoom. Click Here, if you would like to know a little more about how to use Zoom. APDA FREE Online Educational Programs","Oklahoma, United States","Oklahoma, United States",United States,At-Home Activities | Tips For Safe At-Home Exercise | Want to create a great and safe home exercise space? Watch this short video or view our Setting Up for Success: Safe Exercise at Home Guide HERE | APDA FREE Online Educational Programs | Visit our Virtual Events Calendar for a complete list of virtual programs. | Dr. Gilbert Hosts… | APDA Spotlight on Parkinson’s Disease Series | Take Control Series | APDA’s FREE Virtual Classes | Visit our Virtual Calendar for the most up to date registration information regarding the below.,,hybrid,true,official_directory_import,0,0,https://www.apdaparkinson.org/community/oklahoma/local-resources/at-home-exercise-options/,daigre.chris@gmail.com,888-606-1688,APDA Oklahoma,resource-page,American Parkinson Disease Association,"Oklahoma, United States",,Oklahoma,,https://www.apdaparkinson.org/community/oklahoma/local-resources/at-home-exercise-options/,2026-03-28T05:36:55.043Z
apda-community,APDA Community,www.apdaparkinson.org/community/pennsylvania/pennsylvania-support-groups/,pennsylvania-pennsylvania-support-groups-support-groups,Pennsylvania Support Groups,Support Group,"The American Parkinson Disease Association (APDA) is offering a FREE support group for those diagnosed with Parkinson’s disease (PD) and their care partners. Tuesdays, twice a month3 to 4 PMVirtual via Zoom Discussion topics include: • Emotional and mental well being• Coping strategies for managing symptoms• Care partner support and resources• How PD affects daily life• Personal experiences, success stories, and• challenges• PD resources• And more Registration is required.To register, email DanaRummery, LPC, ATR-BC at drummery@csarttx.com or call 215-709-7174.","Pennsylvania Support Groups The American Parkinson Disease Association (APDA) is offering a FREE support group for those diagnosed with Parkinson’s disease (PD) and their care partners. Tuesdays, twice a month3 to 4 PMVirtual via Zoom Discussion topics include: • Emotional and mental well being• Coping strategies for managing symptoms• Care partner support and resources• How PD affects daily life• Personal experiences, success stories, and• challenges• PD resources• And more Registration is required.To register, email DanaRummery, LPC, ATR-BC at drummery@csarttx.com or call 215-709-7174.","Pennsylvania, United States","Pennsylvania, United States",United States,Pennsylvania Support Groups | Support Group | Parkinson's Care,,virtual,true,official_directory_import,0,0,https://www.apdaparkinson.org/community/pennsylvania/pennsylvania-support-groups/,,,APDA Pennsylvania,support-groups,American Parkinson Disease Association,"Pennsylvania, United States",,Pennsylvania,,https://www.apdaparkinson.org/community/pennsylvania/pennsylvania-support-groups/,2026-03-28T05:36:55.043Z
apda-community,APDA Community,www.apdaparkinson.org/community/pennsylvania/upcoming-events-4/,pennsylvania-upcoming-pennsylvania-events-events,Upcoming Pennsylvania Events,Exercise Program,Imported from APDA Pennsylvania community resources.,"Upcoming Pennsylvania Events Connecting theough Art Monday, April 7, 202510:30 AM – 12 PM A FREE creative arts program designed specifically for people with Parkinson’s disease (PD) and their care partners. Program instructor, multi-media artist Valerie Ewing, will guide participants through a sand art exercise. No previous art experience is required. All art supplies will be provided.","Pennsylvania, United States","Pennsylvania, United States",United States,Upcoming Pennsylvania Events | Connecting theough Art | Exercise | Wellness | Parkinson's Care,,in-person,true,official_directory_import,0,0,https://www.apdaparkinson.org/community/pennsylvania/upcoming-events-4/,,,APDA Pennsylvania,events,American Parkinson Disease Association,"Pennsylvania, United States",,Pennsylvania,,https://www.apdaparkinson.org/community/pennsylvania/upcoming-events-4/,2026-03-28T05:36:55.043Z
apda-community,APDA Community,www.apdaparkinson.org/community/rhode-island/resources-support-ri/,rhode-island-local-rhode-island-resources-and-parkinson-s-support-groups-support-groups,Local Rhode Island Resources and Parkinson’s Support Groups,Support Group,Activities & Exercise Classes Publications and Information Local Support Groups,"Local Rhode Island Resources and Parkinson’s Support Groups Activities & Exercise Classes Publications and Information Local Support Groups Financial Hardship Fund The APDA Rhode Island Chapter has a limited amount of funds available to assist people with Parkinson’s disease (PWP) who are experiencing financial hardship. This fund is intended to help improve PWP’s quality of life. To be considered for an award, the applicant must have a diagnosis of PD/Parkinsonism; be experiencing financial difficulties; understand that this award is not intended as an ongoing support fund; complete a post-experience survey; reside in the community, not in a rehabilitation center, long-term care, or skilled nursing facility; and understand that the payment may take at least 30 days to process after the application is approved. (A detailed list of the eligibility guidelines is on the application.) Awards are made on a first-come basis and are subject to the approval of an application and the availability of funds. The fund is subject to change or discontinuation with limited notice. If you have any questions or need assistance exploring additional community resources, APDA RI Chapter at 401-439-8435 or apdari@apdaparkinson.org for more information. Community Grants APDA RI Chapter also provides funding to support health and wellness initiatives across the state. We fund community programs that are making a difference in the lives of those living with Parkinson’s Disease. Our program’s goal is to increase the access to and affordability of Wellness programs, Support Groups and Educational initiatives for people with Parkinson’s Disease within Rhode Island. These programs may be created by either organizations or individuals. To obtain a copy of the community grant application, please email apdari@apdaparkinson.org Community Grant applications are accepted two times per year and funds are not retroactive, so please plan accordingly. Grant applications for this year will be due: January 1, 2026July 1, 2026 SMART PATIENTS A Parkinson’s Disease Community In partnership with the American Parkinson Disease Association","Rhode Island, United States","Rhode Island, United States",United States,Local Rhode Island Resources and Parkinson’s Support Groups | Financial Hardship Fund | Community Grants | SMART PATIENTS | Support Group | Parkinson's Care,,in-person,true,official_directory_import,0,0,https://www.apdaparkinson.org/community/rhode-island/resources-support-ri/,apdari@apdaparkinson.org,,APDA Rhode Island,support-groups,American Parkinson Disease Association,"Rhode Island, United States",,Rhode Island,,https://www.apdaparkinson.org/community/rhode-island/resources-support-ri/,2026-03-28T05:36:55.043Z
apda-community,APDA Community,www.apdaparkinson.org/community/rhode-island/resources-support-ri/newly-diagnoses-programs/,rhode-island-newly-diagnosed-you-are-not-alone-resource-page,Newly Diagnosed? You are not alone!,Support Group,"If you’re new to Parkinson’s disease and are looking for resources, you are in the right place. APDA is a great place to get started with reliable and concise information. We offer a variety of resources and programs for individuals newly diagnosed with PD and family members and friends who want to learn more.","Newly Diagnosed? You are not alone! If you’re new to Parkinson’s disease and are looking for resources, you are in the right place. APDA is a great place to get started with reliable and concise information. We offer a variety of resources and programs for individuals newly diagnosed with PD and family members and friends who want to learn more. PD Essentials This program will give you an overview of Parkinson’s disease and provide you with information about community resources and support. Perfect for anyone new to Parkinson’s disease including family members and friends of those newly diagnosed. PRESS Program The PRESS Program (Parkinson’s Roadmap for Education and Support Services) was designed for those diagnosed with PD within the last 5 years. This 8 week program conducted in a support group format will help you feel empowered, in control, and optimistic. The PRESS (Parkinson’s Roadmap for Education and Support Services) program was designed to provide emotional support and a safe place to share coping strategies to live your best life with PD. Topics Covered: What’s Next After Diagnosis Medication Management of Parkinson’s The Importance of Exercise Dealing with Physical Symptoms of PD Impact of Parkinson’s on Daily Coping and Relationships Tips for Daily Living Caring for Others, Caring for Yourself Building Your Healthcare Team FURTHER INFORMATION & PROGRAM REQUIREMENTS: Must be able to commit to attending all eight weeks – these are not drop-in sessions. Care partners or family members are welcomed and encouraged to attend. Program is free of charge. Pre-registration required. Program is limited to 12 participants. “I think this is an excellent program for newly diagnosed PD people and their caregivers. Sometimes the information was not new to me as I’ve done a lot of reading, however at each class I gained a “nugget” (or more than one) to help me on my journey. Thanks so much!”","Rhode Island, United States","Rhode Island, United States",United States,Newly Diagnosed? You are not alone! | PD Essentials | PRESS Program | FURTHER INFORMATION & PROGRAM REQUIREMENTS: | Next Sessions | Support Group | Parkinson's Care,,in-person,true,official_directory_import,0,0,https://www.apdaparkinson.org/community/rhode-island/resources-support-ri/newly-diagnoses-programs/,laoliveira@butler.org,,APDA Rhode Island,resource-page,American Parkinson Disease Association,"Rhode Island, United States",,Rhode Island,,https://www.apdaparkinson.org/community/rhode-island/resources-support-ri/newly-diagnoses-programs/,2026-03-28T05:36:55.043Z
apda-community,APDA Community,www.apdaparkinson.org/community/rhode-island/resources-support-ri/publications-information/,rhode-island-local-parkinson-s-research-studies-02129,Local Parkinson’s Research Studies,Exercise Program,Imported from APDA Rhode Island community resources.,"Local Parkinson’s Research Studies Rhode Island Hospital & Brown University “What are your thoughts on marijuana as a treatment for Parkinson’s Disease? We are curious to hear what you think! Even if you have never used medical marijuana, your participation is very important (we have a few special questions for you too!). This survey, developed by researchers at Rhode Island Hospital and Brown University, will help us to understand a few things. First why some patients want to try medical marijuana for their Parkinson’s symptoms. Second, we want to find out more about the experience of the patients who used it in the past or are using it now. The survey is anonymous so do not be afraid to share your thoughts! It will take at most 5 minutes to complete it. Thank you in advance for participating. Together we are stronger!” Take the survey on Survey Monkey Spaulding Neuromodulation Center","Charlestown, MA, United States","Charlestown, MA, United States",United States,Local Parkinson’s Research Studies | Rhode Island Hospital & Brown University | “What are your thoughts on marijuana as a treatment for Parkinson’s Disease? | Spaulding Neuromodulation Center | Do you have Parkinson’s disease and balance problems?* | Overview | Tech Support for Parkinson’s Nutrition | Butler Hospital Study | SURE-PD 3 | Rhode Island Hospital Studies,,in-person,true,official_directory_import,0,0,https://www.apdaparkinson.org/community/rhode-island/resources-support-ri/publications-information/,lipidlab@etal.uri.edu,,APDA Rhode Island,resource-page,American Parkinson Disease Association,"Charlestown, MA, United States",Charlestown,MA,02129,https://www.apdaparkinson.org/community/rhode-island/resources-support-ri/publications-information/,2026-03-28T05:36:55.043Z
apda-community,APDA Community,www.apdaparkinson.org/community/rhode-island/resources-support-ri/support-groups/,rhode-island-little-compton-wellness-center-support-groups,Little Compton Wellness Center,Referral Center,Imported from APDA Rhode Island community resources.,"APDA Rhode Island Parkinson’s Support Groups Providence, Spaulding Rehabilitation Butler Campus, 100 Butler Drive The Providence Young Onset Support Group will be held the first Wednesday evening of each month at 6:30pm. Its goal is to provide an opportunity for people living with Parkinson’s Disease to share personal experiences, feelings, and coping strategies, to provide educational opportunities related to the disease, and to empower participants to take steps toward living well with Parkinson’s disease.To register for this group, contact the facilitator Geena Goyette 401-886-4650 (ask for her specifically), or email Geena at: ggoyette@kentri.org. New Members are Welcome! Care Partners Support Group, virtually via Zoom This virtual support group is facilitated by Darlene Horan and Laurie Ann Oliveira on the 1st Thursday of each month at 10:00 AM via Zoom. Please contact Laurie Ann for more information: laoliveira@butler.org East Greenwich, Atria Harborhill, 159 Division Street First Thursday of Each Month, Initial Meeting is on Thursday, June 5, 2025, 1:00 pm We’re excited to welcome you to the East Greenwich/Harborhill Parkinson’s Support Group—a space created for individuals living with Parkinson’s and their care partners to connect, learn, and feel supported. This group is all about community, empowerment, and shared understanding. Whether you’ve been living with Parkinson’s for years or are newly diagnosed, this is a welcoming environment where you can: Share your journey and listen to others’ experiences Explore helpful strategies for everyday challenges Learn from guest experts in Parkinson’s care and movement disorders Gain practical tools and education to support living well with Parkinson’s Your co-facilitators, Alexandra Giordano, DPT, and Emily Balasco, DPT, are experienced physical therapists from Spaulding Rehabilitation Center. Both are certified in LSVT therapy techniques and are passionate about creating a safe, encouraging space for meaningful conversation and support. Each month, we’ll cover topics that matter to you—guided by your interests and needs. Whether you come once or every month, you are always welcome. There’s no cost to attend, and free parking is available. Come as you are. Bring a care partner or just yourself. Let’s navigate this journey—together. For more information, please contact:Alexandra Giordano, DPT – AGiordano@KentRI.orgEmily Balasco, DPT – EmBalasco@KentRI.orgOr Judith Hambleton, Engage Life Director – Judith.Hambleton@atriaseniorliving.com | (401) 884-2704","Rhode Island, United States","Rhode Island, United States",United States,"APDA Rhode Island Parkinson’s Support Groups | Providence, Spaulding Rehabilitation Butler Campus, 100 Butler Drive | Care Partners Support Group, virtually via Zoom | East Greenwich, Atria Harborhill, 159 Division Street | East Providence, Evergreen House Health Center | Cranston, Scandinavian Communities | Lincoln, Lincoln Senior Center | Virtual Caregiver Support, HopeHealth | South County Support Group (On Hiatus – More info coming soon) – Narragansett Senior Center | The Spaulding Outpatient Center at Kent Hospital",,virtual,true,official_directory_import,0,0,https://www.apdaparkinson.org/community/rhode-island/resources-support-ri/support-groups/,kristin_pires@lcca.com,,APDA Rhode Island,support-groups,American Parkinson Disease Association,"Rhode Island, United States",,Rhode Island,,https://www.apdaparkinson.org/community/rhode-island/resources-support-ri/support-groups/,2026-03-28T05:36:55.043Z
apda-community,APDA Community,www.apdaparkinson.org/community/rhode-island/resources-support-ri/community-activity-exercise-groups/,rhode-island-community-activity-and-exercise-classes-in-rhode-island-and-southern-ma-02840,Community Activity & Exercise Classes in Rhode Island and Southern MA,Referral Center,Imported from APDA Rhode Island community resources.,"Community Activity & Exercise Classes in Rhode Island and Southern MA Boxing Programs East Greenwich- Rock Steady Boxing, East Greenwich, 2240 South County Trail, East Greenwich, RI. Certified RSB trainer Carolyn Kosiba-Quiterio. For more information please call Carolyn at 401-203-5133 Pawtucket, RI – P.D. Fight Club LLC, 545 Pawtucket Ave. Pawtucket RI 02860 Mary Del Pino & Kendra Nadeau – For more information contact: call (508)-254-9122 or (401) 714-4876 Email: pdfightclubattleboro@yahoo.com Website: PDflightclub.net Newport, RI – PWR!Moves® Parkinson’s Boxing Fusion Class, 1 Casino Terrace, Newport RI 02840 This class combines PWR!Moves® Parkinson’s specific exercises and functional movements with classic boxing training to improve Parkinson’s Symptoms. Classes will offer large amplitude moderate intensity exercise and focus on posture, agility, balance, strength, and cardio training. People with Parkinson’s Disease who are able to walk independently, with or without an assistive device, are invited to take control of their PD symptoms with PWR!Moves® Boxing Fusion! Classes are lead by Kristin Matteson who is PWR!Moves® certified fitness trainer and Jesse Macrae from Newport Boxfit. Classes take place at Newport Boxfit studio every Thursday from 1-2pm. If you have any questions, please email info@NewportBoxfit.com or call 401-743-6183. Visit the website here. North Attleboro, MA – Beauties & Beasts, Beauties & Beasts Rock Steady, 18 Church Street, North Attleboro MA. Certified RSB trainer Dena Paolino. For more information please call 617-201-1868 North Attleboro, MA- Elite Boxing and Fitness, 184 Orne St, North Attleboro MA 02760 Certified RBS trainer Tracey Pierce. For more information please contact Tracey at 401-617-9826 Peace Dale – South County YMCA, 165 Broad Rock Road Peace Dale, RI 02883. Classes are held Tuesdays and Thursdays at two times: 11-12:15 and 12:30-1:45. For more information, please contact Lori Gemma lgemma@gpymca.org or call (401) 783-3900 Smithfield – Manfredo Boxing Sports Fitness, 560 Mineral Spring Ave, Pawtucket, RI 02860 Managing the symptoms of Parkinson’s Disease (PD) through a combination of strategies can help control the condition effectively. Exercise-based interventions can significantly improve physical function and overall quality of life. Box Steady is a program that combines non-contact boxing with functional fitness drills specifically designed to assist with daily living activities. Our kinesthetic-tactile approach fosters self-confidence and promotes effective movement. The program focuses on developing muscle strength and endurance while enhancing flexibility, balance, dexterity, hand-eye coordination, and cognitive flexibility. The exercises are crafted to stimulate the fighter instinct and address the symptoms of TRAP: tremor, rigidity, akinesia, and postural instability. Before participating in the class, a physical assessment is recommended. Please contact Maria Kishfy, RSB Certified, at mariakishfy@gmail.com or call 401-440-8136 to schedule an appointment. Warwick – Parkinson’s Boxing at On The Ropes Boxing & Fitness, 334 Knight, Street Building 30 Join us for Parkinson’s Boxing classes held three days a week—Monday, Wednesday, and Friday at 12:00 PM at On The Ropes Boxing & Fitness. This one-hour class is specifically designed for individuals living with Parkinson’s disease and combines PWR! Moves®, non-contact boxing drills, and functional strength and conditioning exercises to improve strength, balance, coordination, mobility, and confidence. Classes are led by Coach Amy Cham, Co-Owner of On The Ropes and certified in PWR! Moves®, USA Boxing, and AFAA Personal Fitness Training, with Assistant Coach Butch Nappa, ISSA Certified Personal Trainer and Certified Rock Steady Boxing Assistant Coach. No boxing experience is necessary. For more information, contact us at ontheropesri2019@gmail.com, visit ontheropesri.com, or follow us on Instagram @ontheropesri. Westerly – Punch Back at Parkinson’s, Westerly YMCA 95 High Street, Westerly RI 02891 This program designed for individuals with a Parkinson’s Diagnosis to help slow disease progression, improve symptoms, restore function, and increase your quality of life. Exercises will focus overall movement, balance, core strength, posture, and rhythm. Free for members and available to non-members via drop-in day pass. Financial Assistance AvailableLearn more about this new program in Westerly by calling 401-596-2894 *Ocean Community YMCA also offers a 1 day a week Pedaling for Parkinson’s program, Tai Ji Quan, and support group offerings for people with PD & caregivers. Health & Wellness Programs | YMCA Ocean Community Delay the Disease Programming Attleboro YMCA- The Attleboro YMCA now offers a new, life-changing fitness and mobility program expressly designed for people with Parkinson’s disease. Led by a certified instructor, Delay the Disease is an evidence-based fitness program designed to empower those living with Parkinson’s by optimizing their physical function and helping to delay the progression of symptoms, and helping to restore an improved quality of life. Exercise plans are adapted to all stages and levels of the disease. Tuesdays at 11:00 am – Delay the Disease at the Downtown Branch in the Fuller Gym Wednesdays at 11:00 am – Stretch & Mobility at the Downtown Branch in the Fuller Gym and via Zoom: https://us02web.zoom.us/j/85753938636 Thursdays at 11:00 am – Delay the Disease at the Downtown Branch in the Carpenter Gym For more information email Lisa Vecchioli: at lvecchioli@attleboroymca.org Dance Dance For PD, Dance for All People (DAPpers) Dartmouth, MA– Dance for PD- Every Monday 10:30-11:30 a.m. Dartmouth Senior Center, 628 Dartmouth St. Dartmouth. For more information, please contact Rachel at 401-261-7062 or email her at Balaban.Rachel@gmail.com Middletown, RI– DAPpers Dance for All People- Primarily On Zoom– These classes are under the direction of Rachel Balaban, Regional Coordinator for Dance for PD. The class is designed for people with Parkinson’s disease and other movement challenges. No experience is required. Caregivers and partners are welcome. Newport Country YMCA, 792 Valley Rd., Middletown, RI. The cost is set by the YMCA. Classes are currently offered via zoom. For more information, please contact Rachel at 401-261-7062 or email at: Balaban.Rachel@gmail.com New London- Dance For PD- On zoom (and occasionally also in person). Wednesday 10:30-11:45. These classes are under the direction of Rachel Balaban, Regional Coordinator for Dance for PD. The class is designed for people with Parkinson’s disease and other movement challenges. No experience is required. Caregivers and partners are welcome. These classes are sponsored by Neighborhood Music School and are currently offered via zoom. For more information, please contact Rachel at 401-261-7062 or email at: Balaban.Rachel@gmail.com Providence– DAPpers Dance for All People. In Person and on Zoom at Ballet Rhode Island, 825 Hope Street, Every Thursday 10-11:15 am. These classes are under the direction of Rachel Balaban, Regional Coordinator for Dance for PD often assisted by Brown University medical students. The class is designed for people with Parkinson’s disease and other movement and cognitive challenges. No experience is required. Caregivers and partners are welcome. For more information, please contact Rachel at 401-261-7062 or email at: Balaban.Rachel@gmail.com Enhance your physicality — increase coordination and flexibility, strengthen your core, and improve balance while releasing body tension Increase your bodily awareness Grow your support network — feel encouraged as you explore movement and socialize within a safe and comfortable Zoom community Explore your creativity and have fun","Newport, RI, United States","Newport, RI, United States",United States,Community Activity & Exercise Classes in Rhode Island and Southern MA | Boxing Programs | Delay the Disease Programming | Dance | Drum for Parkinson’s | Pedaling For Parkinson’s | PD Pickleball Clinics | Cycling | PWR- Parkinson’s Specific Exercise Classes | Personal Fitness Training (In-Home),,hybrid,true,official_directory_import,0,0,https://www.apdaparkinson.org/community/rhode-island/resources-support-ri/community-activity-exercise-groups/,pdfightclubattleboro@yahoo.com,,APDA Rhode Island,resource-page,American Parkinson Disease Association,"Newport, RI, United States",Newport,RI,02840,https://www.apdaparkinson.org/community/rhode-island/resources-support-ri/community-activity-exercise-groups/,2026-03-28T05:36:55.044Z
apda-community,APDA Community,www.apdaparkinson.org/community/rhode-island/events-ri-2/,rhode-island-2026-magic-of-hope-gala-and-auction-02889,2026 Magic of Hope Gala & Auction,Support Group,"Omni Providence HotelThank you for joining us at the 2nd Annual Rhode Island Magic of Hope Gala & Auction! If you didn’t make it this year, please see the photo album below, and we hope it inspires you to join us in 2027. The donation portal is still open below. Thank you for your generosity and commitment to making an impact for the PD community!","2026 Magic of Hope Gala & Auction Omni Providence HotelThank you for joining us at the 2nd Annual Rhode Island Magic of Hope Gala & Auction! If you didn’t make it this year, please see the photo album below, and we hope it inspires you to join us in 2027. The donation portal is still open below. Thank you for your generosity and commitment to making an impact for the PD community! Parkinson’s Roadmap for Education and Support Services Registration is closed.Program is Tuesdays March 10 – April 28, 2026 The APDA PRESS™ support group will be open to anyone diagnosed within the last 5 years. This 8-week closed group offers people with Parkinson’s and their family members a safe, supportive space to connect with others, share coping strategies, and discuss day-to-day life with PD. Facilitated by Laurie Ann Oliveira, MSW, LICSW, the group also provides education, resources, and connections to local advocacy and services. Session topics include: March 10th, What’s Next After Diagnosis-Laurie Ann Oliveira, MSW March 17th, Medication Management- Dr. Emily Weisbach March 24th, Importance of Exercise-Brandon Theroux-PT, DPT March 31st, Dealing with Physical Symptoms-Dr. Friedman April 7th, Daily Coping and Relationships-Laurie Ann Oliviera, MSW April 14th, Caring for Others, Caring for Yourself-Darlene Horan April 21st, Tips for Daily Living-Tom Hemmendinger April 28th, Building Your Healthcare Team-Geena Goyette-MS, CCC-SLP 2026 Rhode Island Optimism Walk & 5K Fun Run for Parkinson’s SAVE THE DATE for our Optimism Walk & 5K Fun Run for Parkinson’s! This Optimism Walk & 5K Fun Run at Warwick City Park is a day of community and raising support for families in Rhode Island impacted by Parkinson’s disease. It is the largest PD community event in our state, offering resources and opportunities to connect, learn about programs & resources, and grow our supportive community. This event additionally includes raffles, music, catered lunch, and more! Your support enables us to expand programs and services across Rhode Island, empowering more individuals affected by Parkinson’s to live their lives to the fullest. Additionally, donations fund groundbreaking research dedicated to developing improved treatments and, ultimately, finding a cure. When & Where?Saturday, September 26, 2026Warwick City Park | Steven O’Connor Blvd, Warwick, RI 02889Check-in: 9:30 am5k Fun Run: 10:30 amCeremony and Walk: 11:30 am 2026 Driving Away Parkinson’s Golf Tournament Join us on Monday, June 1, 2026, at Quidnessett Country Club in North Kingstown, RI, for the Annual Driving Away Parkinson’s Golf Tournament. This cherished event brings together the local Parkinson’s community and their supporters for a beautiful day on the bay filled with golf, camaraderie, and community spirit—all to support the mission of our chapter. Whether you’re a seasoned golfer or new to the game, it’s a perfect opportunity to gather friends and enjoy a fun scramble format, delicious lunch, raffles, silent auction, and an awards dinner. Funds raised will directly benefit local programs and resources, including support groups, exercise initiatives, educational efforts, and research working toward a cure.","Warwick, RI, United States","Warwick, RI, United States",United States,2026 Magic of Hope Gala & Auction | Parkinson’s Roadmap for Education and Support Services | 2026 Rhode Island Optimism Walk & 5K Fun Run for Parkinson’s | 2026 Driving Away Parkinson’s Golf Tournament | Support Group | Parkinson's Care,,in-person,true,official_directory_import,0,0,https://www.apdaparkinson.org/community/rhode-island/events-ri-2/,,,APDA Rhode Island,resource-page,American Parkinson Disease Association,"Warwick, RI, United States",Warwick,RI,02889,https://www.apdaparkinson.org/community/rhode-island/events-ri-2/,2026-03-28T05:36:55.044Z
apda-community,APDA Community,www.apdaparkinson.org/community/vermont/resources-support-vt/,vermont-information-and-resources-support-groups,Information & Resources,Support Group,Imported from APDA Vermont community resources.,"Information & Resources SMART PATIENTS A Parkinson’s Disease Community In partnership with the American Parkinson Disease Association Support Groups Find a sense of community by joining a support group near you. APDA has several Parkinson’s support groups throughout the state of Vermont. Financial Hardship Fund The APDA Vermont Chapter has a limited amount of funds available to assist people with Parkinson’s disease (PWP) who are experiencing financial hardship. This fund is intended to help improve PWP’s quality of life. To be considered for an award, the applicant must have a diagnosis of PD/Parkinsonism; be experiencing financial difficulties; understand that this award is not intended as an ongoing support fund; complete a post-experience survey; reside in the community, not in a rehabilitation center, long-term care, or skilled nursing facility; and understand that the payment may take at least 30 days to process after the application is approved. (A detailed list of the eligibility guidelines is on the application.) Awards are made on a first-come basis and are subject to the approval of an application and the availability of funds. The fund is subject to change or discontinuation with limited notice. If you have any questions or need assistance exploring additional community resources, contact The APDA VT Chapter program director, at 800-651-8466 or apdavermont@apdaparkinson.org for more information.","Vermont, United States","Vermont, United States",United States,Information & Resources | SMART PATIENTS | Support Groups | Financial Hardship Fund | Helpful Links | At-Home Activities | Get in touch with us for more resources! | Support Group | Parkinson's Care,,in-person,true,official_directory_import,0,0,https://www.apdaparkinson.org/community/vermont/resources-support-vt/,apdavermont@apdaparkinson.org,800-651-8466,APDA Vermont,support-groups,American Parkinson Disease Association,"Vermont, United States",,Vermont,,https://www.apdaparkinson.org/community/vermont/resources-support-vt/,2026-03-28T05:36:55.045Z
apda-community,APDA Community,www.apdaparkinson.org/community/vermont/resources-support-vt/support-groups/,vermont-parkinson-s-support-groups-in-vermont-05478,Parkinson’s Support Groups in Vermont,Support Group,"The Young Onset Parkinson’s Virtual Support Group1st Thursday of each monthClick for FlyerIf interested in joining the group and to register, please contact:Vicky Chan at vchan@apdaparkinson.org Burlington, 3rd Wednesday, 12:00-1:30This group will meet via Zoom for the foreseeable future. Please contact the facilitator for further details.Fletcher Free Library, 235 College Street, BurlingtonContact: Jennifer Pader, LMSW, (917) 658-6309, westsidetherapy350@gmail.com(Email is preferred method of contact.) Brattleboro, 2nd Saturday, 10:00-11:30This group is currently meeting in person for socially-distanced, outdoor meetings. Please contact the facilitator for further details.Brattleboro Memorial Hospital – Main Board RoomContact: Diane Nichols, (603) 756-3089, diane.nichols53@gmail.com Rutland – “The Fighters”, 1st Monday, 4:00-5:00This group will meet via Zoom for the foreseeable future. Please contact the facilitator for further details.Godnick Center1 Deer Street, RutlandContact: Lee Accavallo, (802) 353-8838, lee@royalvt.com St. Albans, Monthly Tuesdays, 10:00 – 11:30This group will meet in-person. Please contact the facilitator for further details.Pillsbury Homestead64 Harbor View DriveSaint Albans, VT 05478Contact: Jarrig Visser, 847-308-0679 St. Johnsbury, 3rd Friday, 10:30-12:00This group will meet via Zoom for the foreseeable future. Please contact the facilitator for further details.Northeastern Vermont Regional HospitalContact: Brendan Hadash, (802) 748-8074, bhadash@sover.net New York: Potsdam, 3rd Wednesday, 2:00This group will meet via Zoom for the foreseeable future. Please contact the facilitator for further details.Clarkson University, Clarkson Hall, 59 Main St., Potsdam – follow signs to the roomContact: Rebecca Martin, (315) 268-1652, rmartin@clarkson.edu Montpelier: 2nd Tuesdays of the Month from 2-3pmParkinson’s Mutual Aid GroupFor individuals and caregivers dealing with the challenges of Parkinson’s, we meet to share resources and practical ideas for improving quality of life. This in-person group is free and open to the public.The Old Meeting House, 1620 Center Road, MontpelierContact: admin@oldmeetinghouse.org, 802-229-9593","Parkinson’s Support Groups in Vermont The Young Onset Parkinson’s Virtual Support Group1st Thursday of each monthClick for FlyerIf interested in joining the group and to register, please contact:Vicky Chan at vchan@apdaparkinson.org Burlington, 3rd Wednesday, 12:00-1:30This group will meet via Zoom for the foreseeable future. Please contact the facilitator for further details.Fletcher Free Library, 235 College Street, BurlingtonContact: Jennifer Pader, LMSW, (917) 658-6309, westsidetherapy350@gmail.com(Email is preferred method of contact.) Brattleboro, 2nd Saturday, 10:00-11:30This group is currently meeting in person for socially-distanced, outdoor meetings. Please contact the facilitator for further details.Brattleboro Memorial Hospital – Main Board RoomContact: Diane Nichols, (603) 756-3089, diane.nichols53@gmail.com Rutland – “The Fighters”, 1st Monday, 4:00-5:00This group will meet via Zoom for the foreseeable future. Please contact the facilitator for further details.Godnick Center1 Deer Street, RutlandContact: Lee Accavallo, (802) 353-8838, lee@royalvt.com St. Albans, Monthly Tuesdays, 10:00 – 11:30This group will meet in-person. Please contact the facilitator for further details.Pillsbury Homestead64 Harbor View DriveSaint Albans, VT 05478Contact: Jarrig Visser, 847-308-0679 St. Johnsbury, 3rd Friday, 10:30-12:00This group will meet via Zoom for the foreseeable future. Please contact the facilitator for further details.Northeastern Vermont Regional HospitalContact: Brendan Hadash, (802) 748-8074, bhadash@sover.net New York: Potsdam, 3rd Wednesday, 2:00This group will meet via Zoom for the foreseeable future. Please contact the facilitator for further details.Clarkson University, Clarkson Hall, 59 Main St., Potsdam – follow signs to the roomContact: Rebecca Martin, (315) 268-1652, rmartin@clarkson.edu Montpelier: 2nd Tuesdays of the Month from 2-3pmParkinson’s Mutual Aid GroupFor individuals and caregivers dealing with the challenges of Parkinson’s, we meet to share resources and practical ideas for improving quality of life. This in-person group is free and open to the public.The Old Meeting House, 1620 Center Road, MontpelierContact: admin@oldmeetinghouse.org, 802-229-9593","Saint Albans, VT, United States","Saint Albans, VT, United States",United States,Parkinson’s Support Groups in Vermont | Support Group | Parkinson's Care,,hybrid,true,official_directory_import,0,0,https://www.apdaparkinson.org/community/vermont/resources-support-vt/support-groups/,vchan@apdaparkinson.org,,APDA Vermont,support-groups,American Parkinson Disease Association,"Saint Albans, VT, United States",Saint Albans,VT,05478,https://www.apdaparkinson.org/community/vermont/resources-support-vt/support-groups/,2026-03-28T05:36:55.045Z
apda-community,APDA Community,www.apdaparkinson.org/community/vermont/resources-support-vt/helpful-links/,vermont-helpful-resources-in-vermont-resource-page,Helpful Resources in Vermont,Education Event,Imported from APDA Vermont community resources.,"Helpful Resources in Vermont Area Agencies on Aging (AAA’s) Central Vemont Council on Aging Age Well (Addison, Chittenden, Franklin, Grand Isle counties) Northeast Kingdom Council on Aging Senior Solutions: Council on Aging for Southeastern VT Southwestern VT Council on Aging Community Action Agencies (CAPS) Central VT Northeastern VT Southeastern VT Southwestern VT Other Resources PT 360 The Job Accommodation Network (JAN) is a free consulting service that provides information about job accommodations, the Americans with Disabilities Act (ADA), and the employability of people with disabilities. Toll Free: (800)526-7234 TTY: (800)526-7234. U.S. Department of Labor. Office of Disability Employment Policy. Workforce. Opportunity. Leadership. HomeShare Vermont Helps people stay in their homes by connecting them with potential housemates who are looking for a place to live. The primary goal is to help elders stay at home. There are no age, ability or income restrictions to use their services. The services are tailored to the individual. HomeShare Vermont can help you find the right housemate or find a place to live or hire live-in or hourly care. Special Services Transportation Agency SSTA provides coordinated transportation service to many area human service agencies. A few examples are the Visiting Nurse Association’s Adult Day Programs, Champlain Senior Center (an important meal site for many Burlington Elders), Howard Community Health Services, and Age Well. The transportation SSTA provides allows clients an opportunity for social interaction, job training and employment, medical services and therapy. Meals on Wheels Meals On Wheels are delivered by community volunteers five days a week in the majority of the communities we serve. A hot nutritious meal is provided that includes protein, vegetables, milk, juice, bread, and fruit. Favorite dishes are served regularly and special diets are also available. Green Mountain Transit Free transportation for Medicaid recipients and contracted ADA paratransit service for those who are unable to ride the bus. Vermont Assistive Technology Program Assistive Technology is any piece of equipment, or product system, whether acquired commercially off the shelf, modified, or customized, that is used to increase, maintain, or improve functional capabilities of individuals with disabilities. The program offers, Device Demonstration, Device Loans, and Information & Assistance. Vermont Department for Children and Families Benefit Programs Agency of Human Services","Vermont, United States","Vermont, United States",United States,Helpful Resources in Vermont | Area Agencies on Aging (AAA’s) | Community Action Agencies (CAPS) | Other Resources | Education | Community Event | Parkinson's Care,,in-person,true,official_directory_import,0,0,https://www.apdaparkinson.org/community/vermont/resources-support-vt/helpful-links/,,,APDA Vermont,resource-page,American Parkinson Disease Association,"Vermont, United States",,Vermont,,https://www.apdaparkinson.org/community/vermont/resources-support-vt/helpful-links/,2026-03-28T05:36:55.045Z
apda-community,APDA Community,www.apdaparkinson.org/community/virginia/local-resources-support-va/newly-diagnosed-programs/,virginia-newly-diagnosed-you-are-not-alone-support-groups,Newly Diagnosed? You are not alone!,Support Group,"If you’re new to Parkinson’s disease and are looking for resources, you are in the right place. APDA is a great place to get started with reliable and concise information. We offer a variety of resources and programs for individuals newly diagnosed with PD and family members and friends who want to learn more.","Newly Diagnosed? You are not alone! If you’re new to Parkinson’s disease and are looking for resources, you are in the right place. APDA is a great place to get started with reliable and concise information. We offer a variety of resources and programs for individuals newly diagnosed with PD and family members and friends who want to learn more. New Diagnosis Packet APDA Virginia has put together a packet of information to help people who have recently received a Parkinson’s diagnosis. These materials will get you connected to local resources and help answer questions in order to gain a better understanding of PD. To request a packet in the mail. Please call us at 757-408-8921. APDA Virginia Virtual Newly Diagnosed Support Group Online support group for those newly diagnosed with Parkinson’s disease who wish to connect and find community while navigating their diagnosis. APDA Virginia Newly Diagnosed Support Group4th Thursday of the month5:30pm-6:30pmFacilitated by Charlie Voelmle, Charlievoelmle@outlook.comClick Here to Register PD Essentials This program will give you an overview of Parkinson’s disease and provide you with information about community resources and support. Perfect for anyone new to Parkinson’s disease including family members and friends of those newly diagnosed.","Virginia, United States","Virginia, United States",United States,Newly Diagnosed? You are not alone! | New Diagnosis Packet | APDA Virginia Virtual Newly Diagnosed Support Group | PD Essentials | PRESS Program | Next Sessions | FURTHER INFORMATION & PROGRAM REQUIREMENTS: | Support Group | Parkinson's Care,,virtual,true,official_directory_import,0,0,https://www.apdaparkinson.org/community/virginia/local-resources-support-va/newly-diagnosed-programs/,charlievoelme@outlook.com,,APDA Virginia,support-groups,American Parkinson Disease Association,"Virginia, United States",,Virginia,,https://www.apdaparkinson.org/community/virginia/local-resources-support-va/newly-diagnosed-programs/,2026-03-28T05:36:55.045Z
apda-community,APDA Community,www.apdaparkinson.org/community/virginia/local-resources-support-va/support-groups/virginia-support-groups/,virginia-eastern-shore-region-24018,Eastern Shore Region,Referral Center,"To join one of these active groups, or to have your group listed here, please contact Naomi McLeod at 757-408-8921 or nmcleod@apdaparkinson.org","Overview To join one of these active groups, or to have your group listed here, please contact Naomi McLeod at 757-408-8921 or nmcleod@apdaparkinson.org Eastern Shore Region Hampton Roads Region Northern Virgina Region","Roanoke, VA, United States","Roanoke, VA, United States",United States,Eastern Shore Region | Hampton Roads Region | Northern Virgina Region | Central Virginia Region | Piedmont Region | Valley Region | Virginia Mountain Region | Southwest Region | STATEWIDE | Northern Virginia Region,,hybrid,true,official_directory_import,0,0,https://www.apdaparkinson.org/community/virginia/local-resources-support-va/support-groups/virginia-support-groups/,nmcleod@apdaparkinson.org,757-408-8921,APDA Virginia,support-groups,American Parkinson Disease Association,"Roanoke, VA, United States",Roanoke,VA,24018,https://www.apdaparkinson.org/community/virginia/local-resources-support-va/support-groups/virginia-support-groups/,2026-03-28T05:36:55.045Z
apda-community,APDA Community,www.apdaparkinson.org/community/virginia/upcoming-virginia-chapter-events/,virginia-virtual-press-program-resource-page,VIRTUAL PRESS PROGRAM,Support Group,"Tuesdays, March 10 – April 28The PRESS Program (Parkinson’s Roadmap for Education and Support Services) was designed for those diagnosed with PD within the last 5 years. This 8-week program, conducted in a support group format, will help you feel empowered, in control, and optimistic. The PRESS (Parkinson’s Roadmap for Education and Support Services) program was designed to provide emotional support and a safe place to share coping strategies to live your best life with PD.","VIRTUAL PRESS PROGRAM Tuesdays, March 10 – April 28The PRESS Program (Parkinson’s Roadmap for Education and Support Services) was designed for those diagnosed with PD within the last 5 years. This 8-week program, conducted in a support group format, will help you feel empowered, in control, and optimistic. The PRESS (Parkinson’s Roadmap for Education and Support Services) program was designed to provide emotional support and a safe place to share coping strategies to live your best life with PD. WELLNESS WEBINAR Tuesday, April 7Join APDA Virginia for our upcoming Educational Webinar Series featuring Dr. Lageman, Neuropsychologist from Virginia Commonwealth University. Her presentation, “Neuropsychology and Parkinson’s: Supporting Brain Health, Cognition, and Emotional Well-Being,” will explore how neuropsychology can help support cognitive health and emotional well-being for people living with Parkinson’s and their care partners. SUFFOLK KICK OFF MUSIC BINGO Sunday, April 12Nansemond Brewing Company, SuffolkThe Suffolk Optimism Walk is getting ready to kick off! Join us for a celebration of last year’s walk, play music bingo while donating to a great cause, and bring your team out for photos and fun! You can pick up your team captain information, learn about sponsorships, and/or join us for a FUNdraiser while we play music bingo with Elena! THE OPTIMIST RELEASE FUNDRAISER Saturday, April 18Water’s Edge Winery, NorfolkJoin APDA Virginia & Water’s Edge Winery in Norfolk for a new special release of “The Optimist”, a special wine made as a fundraiser to support APDA Virginia’s mission to fight back against PD. A portion of sales from each bottle sold will benefit APDA Virginia. Stay for dinner and mention the fundraiser to your waitstaff and an additional 10% will be donated from your dinner check!","Virginia, United States","Virginia, United States",United States,VIRTUAL PRESS PROGRAM | WELLNESS WEBINAR | SUFFOLK KICK OFF MUSIC BINGO | THE OPTIMIST RELEASE FUNDRAISER | PUNCH OUT PARKINSON’S FUNDRAISER | PINTS FOR PARKINSON’S FUNDRAISER | NORFOLK OPTIMISM WALK | VIRGINIA PARKINSON’S CONFERENCE | SUFFOLK OPTIMISM WALK | COMING SOON SAVE THE DATES!,,virtual,true,official_directory_import,0,0,https://www.apdaparkinson.org/community/virginia/upcoming-virginia-chapter-events/,,,APDA Virginia,resource-page,American Parkinson Disease Association,"Virginia, United States",,Virginia,,https://www.apdaparkinson.org/community/virginia/upcoming-virginia-chapter-events/,2026-03-28T05:36:55.046Z
apda-community,APDA Community,www.apdaparkinson.org/community/virginia/apda-virginia-presents-monthly-virtual-webinar-series/,virginia-apda-virginia-presents-wellness-webinar-series-resource-page,APDA Virginia Presents: Wellness Webinar Series,Exercise Program,Imported from APDA Virginia community resources.,"APDA Virginia Presents: Wellness Webinar Series 1 PM EST | Via Zoom Each series will be led by an expert community professional to provide education and local resources for those impacted by Parkinson’s disease.Each session is approximately one hour, with a 40-minute presentation followed by Q & A from the audience.The sessions will be recorded and available for viewing on the APDA Virginia YouTube Channel. April 2024 Parkinson’s Disease: The Importance of Meditation and Mindfulness Click Here to View RecordingPresented by Dr. John SchorlingProfessor of Medicine and Director of the Mindfulness Center and the Physician Wellness ProgramUniversity of Virginia","Virginia, United States","Virginia, United States",United States,"APDA Virginia Presents: Wellness Webinar Series | 1 PM EST | Via Zoom | April 2024 | Parkinson’s Disease: The Importance of Meditation and Mindfulness | January 2024 | Parkinson’s, Sleep, and Me (You) | November 2023 | Understanding Pain and Other Non-Motor Symptoms in Parkinson’s Disease | September 2023 | The Role of Hospice Care and Parkinson’s Disease",,virtual,true,official_directory_import,0,0,https://www.apdaparkinson.org/community/virginia/upcoming-virginia-chapter-events/apda-virginia-presents-monthly-virtual-webinar-series/,,,APDA Virginia,resource-page,American Parkinson Disease Association,"Virginia, United States",,Virginia,,https://www.apdaparkinson.org/community/virginia/apda-virginia-presents-monthly-virtual-webinar-series/,2026-03-28T05:36:55.046Z
apda-community,APDA Community,www.apdaparkinson.org/community/virginia/health-wellness-resources/,virginia-virtual-at-home-exercise-24151,Virtual/At-Home Exercise,Support Group,"APDA Virginia is committed to keeping you updated on local exercise and wellness classes. Exercise is not only recommended but imperative for those who are diagnosed with Parkinson’s Disease. Please note there may be a fee associated with classes. We offer financial assistance to cover class fees via the Financial Support program. Please contact our Programs Director, Naomi McLeod at 757-408-8921 or email nmcleod@apdaparkinson.org to learn more about the Financial Support Program.","Overview APDA Virginia is committed to keeping you updated on local exercise and wellness classes. Exercise is not only recommended but imperative for those who are diagnosed with Parkinson’s Disease. Please note there may be a fee associated with classes. We offer financial assistance to cover class fees via the Financial Support program. Please contact our Programs Director, Naomi McLeod at 757-408-8921 or email nmcleod@apdaparkinson.org to learn more about the Financial Support Program. Select Your Region Virtual/At-Home Exercise Central Virginia Region","Rocky Mount, VA, United States","Rocky Mount, VA, United States",United States,Select Your Region | Virtual/At-Home Exercise | Central Virginia Region | Hampton Roads Region | Northern Virginia Region | Valley Region | West Central Region | Virtual/At-Home Exercise Options with APDA | Wellness Classes | Exercise Classes,,hybrid,true,official_directory_import,0,0,https://www.apdaparkinson.org/community/virginia/local-resources-support-va/health-wellness-resources/,nmcleod@apdaparkinson.org,757-408-8921,APDA Virginia,resource-page,American Parkinson Disease Association,"Rocky Mount, VA, United States",Rocky Mount,VA,24151,https://www.apdaparkinson.org/community/virginia/health-wellness-resources/,2026-03-28T05:36:55.046Z
apda-community,APDA Community,www.apdaparkinson.org/community/virginia/local-resources-support-va/,virginia-apda-virginia-chapter-resources-and-support-support-groups,APDA Virginia Chapter Resources & Support,Support Group,Imported from APDA Virginia community resources.,"APDA Virginia Chapter Resources & Support Newly Diagnosed Resources Connect with APDA Virginia for a newly diagnosed packet & upcoming programs Local Parkinson’s Support Groups We believe that support groups provide the best forum for the individual Parkinsonian and their caregiver to quickly gather information and to grow in the knowledge and understanding of their disease. In support groups you find wonderful people with compassion, courage, humor, and a desire to help each other. Local Exercise and Wellness Classes Stay active and engaged in activities designed for people with Parkinson’s.","Virginia, United States","Virginia, United States",United States,APDA Virginia Chapter Resources & Support | Newly Diagnosed Resources | Local Parkinson’s Support Groups | Local Exercise and Wellness Classes | Assistive Devices | APDA Financial Hardship Fund | Support Group | Parkinson's Care,,in-person,true,official_directory_import,0,0,https://www.apdaparkinson.org/community/virginia/local-resources-support-va/,apdavirginia@apdaparkinson.org,757-408-8921,APDA Virginia,support-groups,American Parkinson Disease Association,"Virginia, United States",,Virginia,,https://www.apdaparkinson.org/community/virginia/local-resources-support-va/,2026-03-28T05:36:55.046Z
apda-community,APDA Community,www.apdaparkinson.org/community/virginia/press-a-newly-diagnosed-program/,virginia-next-sessions-resource-page,Next Sessions,Support Group,PRESS – Parkinson’s Roadmap for Education and Support Services A Program for the Newly DiagnosedSpring 2026 Virginia,"Overview PRESS – Parkinson’s Roadmap for Education and Support Services A Program for the Newly DiagnosedSpring 2026 Virginia Next Sessions Next Cohort March 10th-April 28thEvery Tuesday at 5:30PM For questions, please contact Naomi McLeod, Program Director, nmcleod@apdaparkinson.org The PRESS Program (Parkinson’s Roadmap for Education and Support Services) was designed for those diagnosed with PD within the last 5 years. This 8 week program conducted in a support group format will help you feel empowered, in control, and optimistic, while learning from experts in the PD field on a variety of important topics. The PRESS (Parkinson’s Roadmap for Education and Support Services) program was designed to provide emotional support and a safe place to share coping strategies to live your best life with PD. TOPICS COVERED What’s Next After Diagnosis Medication Management of Parkinson’s The Importance of Exercise Dealing with Physical Symptoms of PD Impact of Parkinson’s on Daily Coping and Relationships Tips for Daily Living Caring for Others, Caring for Yourself Building Your Healthcare Team PROGRAM REQUIREMENTS Must be able to commit to attending all eight weeks – these are not drop-in sessions. Care partners or family members are welcomed and encouraged to attend. Program is free of charge. Program is limited to 14 participants.","Virginia, United States","Virginia, United States",United States,Next Sessions | TOPICS COVERED | PROGRAM REQUIREMENTS | REGISTRATION | Support Group | Parkinson's Care,,in-person,true,official_directory_import,0,0,https://www.apdaparkinson.org/community/virginia/upcoming-virginia-chapter-events/press-a-newly-diagnosed-program/,nmcleod@apdaparkinson.org,,APDA Virginia,resource-page,American Parkinson Disease Association,"Virginia, United States",,Virginia,,https://www.apdaparkinson.org/community/virginia/press-a-newly-diagnosed-program/,2026-03-28T05:36:55.046Z
apda-community,APDA Community,www.apdaparkinson.org/community/virginia/apdas-connecting-through-art/,virginia-program-information-resource-page,PROGRAM INFORMATION,Education Event,"Connecting Through Art: Creative Arts and Parkinson’s Connecting Through Art is a creative arts program that offers people with PD the space and ability to express feelings, emotions, and daily concerns through the activity of drawing and painting. This program encourages participants to socialize virtually as they participate and share in this painting art activity. For people with Parkinson’s, participating in an art activity can help improve some of the symptoms of PD.We have partnered with Tidewater Arts Outreach to bring this program to Virginia!","Overview Connecting Through Art: Creative Arts and Parkinson’s Connecting Through Art is a creative arts program that offers people with PD the space and ability to express feelings, emotions, and daily concerns through the activity of drawing and painting. This program encourages participants to socialize virtually as they participate and share in this painting art activity. For people with Parkinson’s, participating in an art activity can help improve some of the symptoms of PD.We have partnered with Tidewater Arts Outreach to bring this program to Virginia! PROGRAM INFORMATION This program is free and open to any adult who has been diagnosed with Parkinson’s disease and their care partners. You don’t have to be an artist to participate! Step by step instructions will be led by our amazing artist. Complimentary refreshments will be provided, as well as art project materials. Due to space and material limitations, registration is required. For additional information and accommodations, please contact our Program Director, Naomi McLeod nmcleod@apdaparkinson.org, or 757-408-8921 In Partnership with:","Virginia, United States","Virginia, United States",United States,PROGRAM INFORMATION | Education | Community Event | Parkinson's Care,,virtual,true,official_directory_import,0,0,https://www.apdaparkinson.org/community/virginia/upcoming-virginia-chapter-events/apdas-connecting-through-art/,,,APDA Virginia,resource-page,American Parkinson Disease Association,"Virginia, United States",,Virginia,,https://www.apdaparkinson.org/community/virginia/apdas-connecting-through-art/,2026-03-28T05:36:55.046Z
apda-community,APDA Community,www.apdaparkinson.org/community/virginia/local-resources-support-va/assistive-devices/,virginia-assistive-devices-for-parkinson-s-resource-page,Assistive Devices for Parkinson’s,Education Event,Imported from APDA Virginia community resources.,"Assistive Devices for Parkinson’s The FREE Foundation Virginia Contact: Holly Weddle, HQ (Roanoke) Programs Manager, 540-777-4929City contact varies based on location, scroll to the bottom of their contact page for your local office number. The Foundation for Rehabilitation Equipment & Endowment (F.R.E.E.) is a volunteer-led non-profit organization based in the state of Virginia. They collect, sanitize, and gift a range of donated mobility-related rehabilitation equipment to low-income uninsured or under-insured adults in Virginia. Locations in Roanoke, Richmond, Virginia Beach, Williamsburg, Lynchburg, Winchester, & Harrisonburg Eligible individuals can apply for the following types of equipment: Manual and power wheelchairs, Walkers and wheeled walkers (U-Step & Rollator), Canes and crutches, Bath and toilet aids, Hoyer lifts, and Other specialty equipment. Virginia Assistive Technology Systems (VATS) Contact: VATS Phone: (804) 662-9990Voice Toll Free: (800) 552-5019TTY Toll Free: (800) 464-9950www.VATS.org Any device, piece of equipment, or product, that is modified or customized to increase, maintain, or improve functional abilities of individuals with disabilities. Assistive Technology may be used at home, in the workplace, in the classroom and in the community to provide creative solutions for assisting individuals as they go about their activities of living, learning, working and playing. Available through VATS are: Communication Aids Alternate Computer Access Computer Software Aids to Assist with Daily Living Activities Visual Aids/Hearing Amplification Resources Handheld Technologies (Kindle, iPad’s, iPods etc)","Virginia, United States","Virginia, United States",United States,Assistive Devices for Parkinson’s | The FREE Foundation Virginia | Virginia Assistive Technology Systems (VATS) | Education | Community Event | Parkinson's Care,,in-person,true,official_directory_import,0,0,https://www.apdaparkinson.org/community/virginia/local-resources-support-va/assistive-devices/,,,APDA Virginia,resource-page,American Parkinson Disease Association,"Virginia, United States",,Virginia,,https://www.apdaparkinson.org/community/virginia/local-resources-support-va/assistive-devices/,2026-03-28T05:36:55.046Z
apda-community,APDA Community,www.apdaparkinson.org/community/virginia/local-resources-support-va/at-home-exercise/,virginia-at-home-exercise-resource-page,At-Home Exercise,Exercise Program,Imported from APDA Virginia community resources.,"At-Home Exercise Tips For Safe At-Home Exercise If you have not been exercising regularly, please consult your healthcare provider before doing anything new.• Choose a space where you’ll have enough room to move around• If using a chair or other furniture for assistance, make sure it’s sturdy and isn’t going to slide around• If exercising by yourself, make sure you have access to a phone just in case• Make a plan: schedule fitness into your day and week• Consult your physician if you have any health concerns or are just getting started Our number one tip for at-home exercise is to TAKE A WALK if it is a safe option. There simply is no replacement for the outdoors, the fresh air, the movement, and it is free! Want to create a great and safe home exercise space? Watch this short video or view our Setting Up for Success: Safe Exercise at Home Guide HERE Note: We know many live exercise sessions are offered through Zoom. Click Here, if you would like to know a little more about how to use Zoom. APDA FREE Online Educational Programs Visit our Virtual Events Calendar for a complete list of virtual programs","Virginia, United States","Virginia, United States",United States,At-Home Exercise | Tips For Safe At-Home Exercise | Want to create a great and safe home exercise space? Watch this short video or view our Setting Up for Success: Safe Exercise at Home Guide HERE | APDA FREE Online Educational Programs | Dr. Gilbert Hosts… | Take Control Series | APDA’s FREE Virtual Classes | Visit our Virtual Calendar for the most up to date registration information regarding the below. | Additional APDA Resources | Video and Live Classes Options,,virtual,true,official_directory_import,0,0,https://www.apdaparkinson.org/community/virginia/local-resources-support-va/at-home-exercise/,daigre.chris@gmail.com,888-606-1688,APDA Virginia,resource-page,American Parkinson Disease Association,"Virginia, United States",,Virginia,,https://www.apdaparkinson.org/community/virginia/local-resources-support-va/at-home-exercise/,2026-03-28T05:36:55.047Z
apda-community,APDA Community,www.apdaparkinson.org/community/virginia/local-resources-support-va/health-wellness-resources/,virginia-virtual-at-home-exercise-24151,Virtual/At-Home Exercise,Support Group,"APDA Virginia is committed to keeping you updated on local exercise and wellness classes. Exercise is not only recommended but imperative for those who are diagnosed with Parkinson’s Disease. Please note there may be a fee associated with classes. We offer financial assistance to cover class fees via the Financial Support program. Please contact our Programs Director, Naomi McLeod at 757-408-8921 or email nmcleod@apdaparkinson.org to learn more about the Financial Support Program.","Overview APDA Virginia is committed to keeping you updated on local exercise and wellness classes. Exercise is not only recommended but imperative for those who are diagnosed with Parkinson’s Disease. Please note there may be a fee associated with classes. We offer financial assistance to cover class fees via the Financial Support program. Please contact our Programs Director, Naomi McLeod at 757-408-8921 or email nmcleod@apdaparkinson.org to learn more about the Financial Support Program. Select Your Region Virtual/At-Home Exercise Central Virginia Region","Rocky Mount, VA, United States","Rocky Mount, VA, United States",United States,Select Your Region | Virtual/At-Home Exercise | Central Virginia Region | Hampton Roads Region | Northern Virginia Region | Valley Region | West Central Region | Virtual/At-Home Exercise Options with APDA | Wellness Classes | Exercise Classes,,hybrid,true,official_directory_import,0,0,https://www.apdaparkinson.org/community/virginia/local-resources-support-va/health-wellness-resources/,nmcleod@apdaparkinson.org,757-408-8921,APDA Virginia,resource-page,American Parkinson Disease Association,"Rocky Mount, VA, United States",Rocky Mount,VA,24151,https://www.apdaparkinson.org/community/virginia/local-resources-support-va/health-wellness-resources/,2026-03-28T05:36:55.047Z
apda-community,APDA Community,www.apdaparkinson.org/community/virginia/va-ways-to-give/,virginia-life-can-t-wait-for-a-cure-donate-to-the-apda-virginia-chapter-and-make-a-local-impact-resource-page,Life can’t wait for a cure. Donate to the APDA Virginia Chapter and make a local impact.,Community Resource,Imported from APDA Virginia community resources.,Life can’t wait for a cure. Donate to the APDA Virginia Chapter and make a local impact. One-time DonationAPDA Virginia Give Monthly APDA Virginia Memorials & TributesVirginia,"Virginia, United States","Virginia, United States",United States,Life can’t wait for a cure. Donate to the APDA Virginia Chapter and make a local impact. | One-time DonationAPDA Virginia | Give Monthly APDA Virginia | Memorials & TributesVirginia | BECOME AN APDA VIRGINIA FUNDRAISER | Optimism Walk Series | Create Your Own Fundraiser | ADDITIONAL WAYS TO SUPPORT APDA VIRGINIA | Community Resource | Parkinson's Care,,in-person,true,official_directory_import,0,0,https://www.apdaparkinson.org/community/virginia/va-ways-to-give/,,,APDA Virginia,resource-page,American Parkinson Disease Association,"Virginia, United States",,Virginia,,https://www.apdaparkinson.org/community/virginia/va-ways-to-give/,2026-03-28T05:36:55.047Z
apda-community,APDA Community,www.apdaparkinson.org/community/virginia/va-ways-to-give/va-donate-monthly/,virginia-yes-resource-page,YES!,Community Resource,Imported from APDA Virginia community resources.,YES! I want to support APDA Virginia and help everyone impacted by Parkinson’s live their best possible life!,"Virginia, United States","Virginia, United States",United States,YES! | I want to support APDA Virginia and help everyone impacted by Parkinson’s live their best possible life! | Community Resource | Parkinson's Care,,in-person,true,official_directory_import,0,0,https://www.apdaparkinson.org/community/virginia/va-ways-to-give/va-donate-monthly/,,,APDA Virginia,resource-page,American Parkinson Disease Association,"Virginia, United States",,Virginia,,https://www.apdaparkinson.org/community/virginia/va-ways-to-give/va-donate-monthly/,2026-03-28T05:36:55.047Z
apda-community,APDA Community,www.apdaparkinson.org/community/wisconsin/resources-wi/supportgroups/,wisconsin-wisconsin-parkinson-s-support-groups-and-exercise-classes-apda-54914,Wisconsin Parkinson's Support Groups & Exercise Classes | APDA,Referral Center,"One of the APDA Wisconsin Chapter’s most important goals is to bring vital support groups to areas near you. Being part of a support group is essential to maintaining an active and positive lifestyle. If you are in an area that does not have a support group, contact us, and we will help you get the support you need. For more details on these support groups, please contact apdawi@apdaparkinson.org. *Contact the individual support group to see if there are virtual meeting options in place. In-Person Support Groups Appleton – Parkinson’s Support Group, 3rd Thursday, 2:30 PM, Touchmark on West Prospect (Garden Dining Room), 2601 Touchmark Dr. Appleton, WI 54914. Contact: 920-832-9100 Appleton – Parkinson’s Wellness and Support Group, 3rd Friday, 10:30 AM -11:30 AM, Eagle Point Senior Living, 3rd Floor Theatre, Contact: Jennifer Zachek, 920-470-0761 Appleton – Young Onset Women’s Group (Geared toward women under age 55), 2nd & 4th Tuesday, 6:00 PM, Barnes & Noble 4705 W Grande Market Drive. Contact: Wendy Sorem & Calissa Schneider, yopdwfox@gmail.com 920-810-4367 Baraboo – Support Group, 3rd Monday, 2:00 PM, First Congregational United Church of Christ 131 Sixth Avenue, Baraboo, WI 53913, Contact: Sylvia Kriegl 608-356-7096 or Geri Schoenoff 608-356-3473 Beloit – Caregiver Support Group (emphasis on Dementia), 2nd & 4th Tuesdays, 1:00 PM – 3:00 PM, Sun Valley Presbyterian Church 1650 Sun Valley Drive, Beloit, WI, 53511. Contact: Karen Tennyson 608-741-3615 Brookfield – Support Group, 1st Thursday, 2:00 PM, Badger Hospice 125 N Executive Dr. Contact: 414-312-6990 Cedar Grove – Support Group, 4th Monday, 6:30 PM – 8:00 PM, First Reformed Church. Contact: Barb Skutka 920-889-9154 or bskutka@wi.rr.com *Serves Sheboygan and Ozaukee Counties Chippewa Falls – Support group, 1st Tuesday, 1:30 PM Trinity United Methodist Church, 501 West Central Street, Chippewa Falls, WI. Contact: Kathy Beyreis krbeyreis@gmail.com 715-651-8885 or Sharon St. Clair shar820@live.com 715-239-5519 Dodgeville – Support Group, 3rd Wednesday, 12:00 PM – 1:30 PM, Contact: Jan Prince 608-574-4838 Dubuque (Iowa) – Support group for those with PD and Care Partners, 4th Saturday, 10:00 AM, Stonehill Caregiver Building (lower level) 3485 Windsor Ave., Dubuque, IA 52001. Contact Gerald Osterhaus 563-528-7313 or Judy Osterhaus judyosterhaus@gmail.com Duluth (Minnesota)– Parkinson’s Support Group, 3rd Monday, 2:00 PM – 3:30 PM, YMCA at the Essentia Wellness Center, 4289 Ugstad Road, Hermantown, MN 55811. Contact: Steve & Kitty Hoden at stevekittyhoden@gmail.com Bonnie Niemi at bjniemi@gmail.com Sally Rollins (Young-onset PD) at salster612@gmail.com Duluth (Minnesota) – Area Parkinson’s Support Group, 3rd Monday 2:00 PM – 3:00 PM YMCA at the Essentia Wellness Center 4289 Ugstad Road, Hermantown, MN 55811. Contact: 218-241-8008 Duluth (Minnesota) – Young Onset Parkinson’s Disease Support Group (this group is specifically for people with PD under the age of 50), 3rd Monday, 6:00 PM – 7:30 PM Hermantown (Minnesota) – Salem Lutheran Church, , MN Contact: Sally & Dale Rollins at salster612@gmail.com, Brian & Jodi Joki at jbjoki@hotmail.com Eau Claire – Lewy Body Caregiver Support Group, 2nd Wednesday, 6:00 PM – 8:00 PM, Porter Place 14 Porter Ave., Contact: Amy Lokken 715-379-3148 Eau Claire – Support Group, 3rd Tuesday, 1:00 PM – 3:00 PM, UW Eau Claire Human Science and Services Room 177. Contact: Jamie Wright 715-717-3147 Fitchburg – Support Group for Care Partners & Support Group for People with PD, 4th Wednesday, 1:00 PM, The Courtyard at Fitchburg, 5669 Wilshire Drive, Fitchburg, WI 53711. Contact: Karen Jeffers 608-886-6711 *These are two separate groups that meet simultaneously. Fitchburg – Women with PD Support Group, 1st Thursday, 1:30 PM – 3:00 PM, Fitchburg Senior Center, Syene Conference Room, 5510 Lacy Rd. Fitchburg, WI 53711, Contact: Stephanie Johnson, 608-469-0336 or stephaniegjohnson@gmail.com Green Bay – Support Group, 2nd Wednesday, 3:00 PM, Brown County Aging and Disability Resource Center, 300 South Adams Street. Contact: 920-448-4300 Green Bay – Support Group, 3rd Tuesday, 1:00 PM – 2:30 PM, Saints Edward and Isidore Parish, 3667 Flintville Road, Green Bay, WI 54313. Contact: Carol Mueller, RN at 920-865-7844 Janesville – Support Group, 1st Wednesday, 2:00 PM – 3:00 PM, Oak Park Place, 700 Myrtle Way, Janesville, WI. Contact: Connie Udell at 608-302-7088La Crosse Area – Parkinson’s Disease Support Group, 1st Monday, 5:00 PM – 6:30 PM, Black River Beach Neighborhood Center, 1433 Rose Street, La Crosse, WI. Contact: Bri Holden 608-797-6295 info@starcenterlacrosse.org Lake Geneva – Support Group, 1st Thursday, 11:30 AM – 12:30 PM, Geneva Lakes YMCA (Multi-generational Room), 203 S. Wells Street, Lake Geneva, WI. Contact: 262-248-6211 Madison – Young Onset Parkinson’s Disease (YOPD) Women’s Group, 3rd Thursday, 6:30 PM – 8:00 PM, First Unitarian Society (Atrium Auditorium entrance), 900 University Bay Drive. Contact: Stephanie Johnson Stephaniegjphnson@gmail.com 608-469-0336 Marinette – Support Group, 3rd Thursday, 10:00 AM – 11:15 AM, Harbors Retirement Community, 1110 10th Avenue, Menominee, MI 49858 (across the river from Marinette). Contact: Pat Ihler 906-863-9445 or the front desk at 906-863-3300 Marshfield – Support Group, 3rd Thursday, 1:00 PM, Wesley United Methodist Church, 205 South Maple Street, Marshfield, WI 54449. Contact: Marilyn Seidl-Kramer 715-305-8224 Marshfield – Caregiver Respite Center, Call for details, Marshfield Area Respite Care Center (MARCC) Wesley United Methodist Church, 205 E 3rd Street, Marshfield, 54449. Contact: 715-384-8478 Menominee – Support Group, 3rd Thursday, 10:00 AM – 11:15 AM, Harbors Retirement Community, 1110 10th Avenue, Menominee, MI 49858 (across the river from Marinette). Contact: Pat Ihler 906-863-9445 Middleton – Living Well with Parkinson’s, 4th Tuesday, 2:00 PM – 3:00 PM, Cardinal View Senior Living, 3820 Tribeca Dr., Middleton, WI 53562. Contact: Bill Ryan 608-334-7735 ryanfwilliam@gmail.com *Program is a half hour support meeting an half hour dedicated to wellness (topics may cover exercise, nutrition & more with hands on activities) Milwaukee – Caregiver Support Group, 1st & 3rd Wednesday, 1:00 PM, St. Ann Center for Intergenerational Care-Stein Campus, 2801 E. Morgan Avenue, Milwaukee, WI. 53207 Contact: 414-977-5000 Minocqua – Support Group, 2nd Tuesday, 10:00 AM – 12:00 PM, Ascension Lutheran Church, Highway 51 South, Minocqua, WI 54548. Contact: Laura Peck 715-420-2160 Monona – Caregiver Support Group, 1st Wednesday, 2:00 PM-4:00 PM Monona United Methodist Church, 606 Nichols Road, Monona, WI 53716. Contact: Siv Goulding 608-839-3512 or jspfgould@gmail.com Neenah – Support Group, 4th Thursday, 2:00 PM – 4:00 PM, Neuroscience Group (2nd Floor Classroom), 1305 W. American Drive, Neenah, WI 54956. Contact: Patrick Pelkey 920-538-0144 New Berlin – Young- Onset Support Group, 3rd Wednesday, 6:30 PM, FastBack Physical Therapy, 3333 South Sunny Slope RD, New Berlin, WI 53151. Contact: Patrick Barron 262-682-1842 Platteville – Parkinson’s Support Group, 1st Thursday, 2:00 PM, Southwest Health, Conference Room A, 1400 East Side Rd. Contact: Nancy Olson nancyolson.olson3@gmail.com 608-732-7305 Sauk Prairie – Parkinson’s Support Group, 3rd Monday, 1:00 PM, St John’s Lutheran Church. Contact: Deb Fanta debrafanta@gmail.com 608-370-6143 Sheboygan – Support Group, Times/Dates Subject to Change, Manitowoc Senior Center, 4612 Hunter’s Glen Drive, Sheboygan, WI 53803. Contact: Cathy Hughes 920-287-1514 or Burt Hughes 920-889-2293 Stoughton – Support Group, 2nd Monday, 12:15 PM, Stoughton Community Health & Wellness Center, 3162 County Rd B, Stoughton, 53589. Contact: 608-877-3498 Sturgeon Bay – Support Group, 2nd Wednesday, 1:00 PM, Sturgeon Bay United Methodist Church, 836 Michigan Street, Sturgeon Bay, WI 54325. Contact: Carol Moellenberndt 920-743-3476 Toma – Support Group, 1st Tuesday, 1:00 PM – 2:30 PM, Tomah Health Conference Rooms 1 B/C, 501 Gopher Drive. Contact: Whitney Sanjari wsanjari@tomahhealth.org or Kristen Gerke kgerke@tomahhealth.org Waunakee – Waunakee Parkinson’s Support Group, 3rd Thursday, 1:00 PM, Waunakee Senior Center, 333 S. Madison, Waunakee, WI 53597. Contact: Breanna Loether, 608-850-5877 or bloether@waunakee.com Wauwatosa – Young-Onset Support Group, 3rd Wednesday, 6:30 PM – 8:00 PM, Froedtert & Medical College of Wisconsin, Community Conference Center, 8700 Watertown Plank Road, Wauwatosa, WI 53226. Contact: 414-312-6990 Webster – Caregiver Support Group, 4th Thursday, 2:00 PM – 3:00 PM, Location alternates between Webster and Grantsburg every other month, Larsen Family Public Library, 7401 Main Street W, Webster, WI 54893. Contact: Bev Sandberg 715-220-3193 West Allis Support Group, 4th Tuesday, 6:00 PM (no meetings in July, August, & December), Aurora West Allis Memorial Hospital (Women’s Center, Lavender Room), 8901 West Lincoln Ave, West Allis, WI 53227. Contact: Mary Donovan 414-405-0532 marydonovan@aol.com or Sue Biesk 262-642-2150 tbieszk@wi.rr.com","Overview One of the APDA Wisconsin Chapter’s most important goals is to bring vital support groups to areas near you. Being part of a support group is essential to maintaining an active and positive lifestyle. If you are in an area that does not have a support group, contact us, and we will help you get the support you need. For more details on these support groups, please contact apdawi@apdaparkinson.org. *Contact the individual support group to see if there are virtual meeting options in place. In-Person Support Groups Appleton – Parkinson’s Support Group, 3rd Thursday, 2:30 PM, Touchmark on West Prospect (Garden Dining Room), 2601 Touchmark Dr. Appleton, WI 54914. Contact: 920-832-9100 Appleton – Parkinson’s Wellness and Support Group, 3rd Friday, 10:30 AM -11:30 AM, Eagle Point Senior Living, 3rd Floor Theatre, Contact: Jennifer Zachek, 920-470-0761 Appleton – Young Onset Women’s Group (Geared toward women under age 55), 2nd & 4th Tuesday, 6:00 PM, Barnes & Noble 4705 W Grande Market Drive. Contact: Wendy Sorem & Calissa Schneider, yopdwfox@gmail.com 920-810-4367 Baraboo – Support Group, 3rd Monday, 2:00 PM, First Congregational United Church of Christ 131 Sixth Avenue, Baraboo, WI 53913, Contact: Sylvia Kriegl 608-356-7096 or Geri Schoenoff 608-356-3473 Beloit – Caregiver Support Group (emphasis on Dementia), 2nd & 4th Tuesdays, 1:00 PM – 3:00 PM, Sun Valley Presbyterian Church 1650 Sun Valley Drive, Beloit, WI, 53511. Contact: Karen Tennyson 608-741-3615 Brookfield – Support Group, 1st Thursday, 2:00 PM, Badger Hospice 125 N Executive Dr. Contact: 414-312-6990 Cedar Grove – Support Group, 4th Monday, 6:30 PM – 8:00 PM, First Reformed Church. Contact: Barb Skutka 920-889-9154 or bskutka@wi.rr.com *Serves Sheboygan and Ozaukee Counties Chippewa Falls – Support group, 1st Tuesday, 1:30 PM Trinity United Methodist Church, 501 West Central Street, Chippewa Falls, WI. Contact: Kathy Beyreis krbeyreis@gmail.com 715-651-8885 or Sharon St. Clair shar820@live.com 715-239-5519 Dodgeville – Support Group, 3rd Wednesday, 12:00 PM – 1:30 PM, Contact: Jan Prince 608-574-4838 Dubuque (Iowa) – Support group for those with PD and Care Partners, 4th Saturday, 10:00 AM, Stonehill Caregiver Building (lower level) 3485 Windsor Ave., Dubuque, IA 52001. Contact Gerald Osterhaus 563-528-7313 or Judy Osterhaus judyosterhaus@gmail.com Duluth (Minnesota)– Parkinson’s Support Group, 3rd Monday, 2:00 PM – 3:30 PM, YMCA at the Essentia Wellness Center, 4289 Ugstad Road, Hermantown, MN 55811. Contact: Steve & Kitty Hoden at stevekittyhoden@gmail.com Bonnie Niemi at bjniemi@gmail.com Sally Rollins (Young-onset PD) at salster612@gmail.com Duluth (Minnesota) – Area Parkinson’s Support Group, 3rd Monday 2:00 PM – 3:00 PM YMCA at the Essentia Wellness Center 4289 Ugstad Road, Hermantown, MN 55811. Contact: 218-241-8008 Duluth (Minnesota) – Young Onset Parkinson’s Disease Support Group (this group is specifically for people with PD under the age of 50), 3rd Monday, 6:00 PM – 7:30 PM Hermantown (Minnesota) – Salem Lutheran Church, , MN Contact: Sally & Dale Rollins at salster612@gmail.com, Brian & Jodi Joki at jbjoki@hotmail.com Eau Claire – Lewy Body Caregiver Support Group, 2nd Wednesday, 6:00 PM – 8:00 PM, Porter Place 14 Porter Ave., Contact: Amy Lokken 715-379-3148 Eau Claire – Support Group, 3rd Tuesday, 1:00 PM – 3:00 PM, UW Eau Claire Human Science and Services Room 177. Contact: Jamie Wright 715-717-3147 Fitchburg – Support Group for Care Partners & Support Group for People with PD, 4th Wednesday, 1:00 PM, The Courtyard at Fitchburg, 5669 Wilshire Drive, Fitchburg, WI 53711. Contact: Karen Jeffers 608-886-6711 *These are two separate groups that meet simultaneously. Fitchburg – Women with PD Support Group, 1st Thursday, 1:30 PM – 3:00 PM, Fitchburg Senior Center, Syene Conference Room, 5510 Lacy Rd. Fitchburg, WI 53711, Contact: Stephanie Johnson, 608-469-0336 or stephaniegjohnson@gmail.com Green Bay – Support Group, 2nd Wednesday, 3:00 PM, Brown County Aging and Disability Resource Center, 300 South Adams Street. Contact: 920-448-4300 Green Bay – Support Group, 3rd Tuesday, 1:00 PM – 2:30 PM, Saints Edward and Isidore Parish, 3667 Flintville Road, Green Bay, WI 54313. Contact: Carol Mueller, RN at 920-865-7844 Janesville – Support Group, 1st Wednesday, 2:00 PM – 3:00 PM, Oak Park Place, 700 Myrtle Way, Janesville, WI. Contact: Connie Udell at 608-302-7088La Crosse Area – Parkinson’s Disease Support Group, 1st Monday, 5:00 PM – 6:30 PM, Black River Beach Neighborhood Center, 1433 Rose Street, La Crosse, WI. Contact: Bri Holden 608-797-6295 info@starcenterlacrosse.org Lake Geneva – Support Group, 1st Thursday, 11:30 AM – 12:30 PM, Geneva Lakes YMCA (Multi-generational Room), 203 S. Wells Street, Lake Geneva, WI. Contact: 262-248-6211 Madison – Young Onset Parkinson’s Disease (YOPD) Women’s Group, 3rd Thursday, 6:30 PM – 8:00 PM, First Unitarian Society (Atrium Auditorium entrance), 900 University Bay Drive. Contact: Stephanie Johnson Stephaniegjphnson@gmail.com 608-469-0336 Marinette – Support Group, 3rd Thursday, 10:00 AM – 11:15 AM, Harbors Retirement Community, 1110 10th Avenue, Menominee, MI 49858 (across the river from Marinette). Contact: Pat Ihler 906-863-9445 or the front desk at 906-863-3300 Marshfield – Support Group, 3rd Thursday, 1:00 PM, Wesley United Methodist Church, 205 South Maple Street, Marshfield, WI 54449. Contact: Marilyn Seidl-Kramer 715-305-8224 Marshfield – Caregiver Respite Center, Call for details, Marshfield Area Respite Care Center (MARCC) Wesley United Methodist Church, 205 E 3rd Street, Marshfield, 54449. Contact: 715-384-8478 Menominee – Support Group, 3rd Thursday, 10:00 AM – 11:15 AM, Harbors Retirement Community, 1110 10th Avenue, Menominee, MI 49858 (across the river from Marinette). Contact: Pat Ihler 906-863-9445 Middleton – Living Well with Parkinson’s, 4th Tuesday, 2:00 PM – 3:00 PM, Cardinal View Senior Living, 3820 Tribeca Dr., Middleton, WI 53562. Contact: Bill Ryan 608-334-7735 ryanfwilliam@gmail.com *Program is a half hour support meeting an half hour dedicated to wellness (topics may cover exercise, nutrition & more with hands on activities) Milwaukee – Caregiver Support Group, 1st & 3rd Wednesday, 1:00 PM, St. Ann Center for Intergenerational Care-Stein Campus, 2801 E. Morgan Avenue, Milwaukee, WI. 53207 Contact: 414-977-5000 Minocqua – Support Group, 2nd Tuesday, 10:00 AM – 12:00 PM, Ascension Lutheran Church, Highway 51 South, Minocqua, WI 54548. Contact: Laura Peck 715-420-2160 Monona – Caregiver Support Group, 1st Wednesday, 2:00 PM-4:00 PM Monona United Methodist Church, 606 Nichols Road, Monona, WI 53716. Contact: Siv Goulding 608-839-3512 or jspfgould@gmail.com Neenah – Support Group, 4th Thursday, 2:00 PM – 4:00 PM, Neuroscience Group (2nd Floor Classroom), 1305 W. American Drive, Neenah, WI 54956. Contact: Patrick Pelkey 920-538-0144 New Berlin – Young- Onset Support Group, 3rd Wednesday, 6:30 PM, FastBack Physical Therapy, 3333 South Sunny Slope RD, New Berlin, WI 53151. Contact: Patrick Barron 262-682-1842 Platteville – Parkinson’s Support Group, 1st Thursday, 2:00 PM, Southwest Health, Conference Room A, 1400 East Side Rd. Contact: Nancy Olson nancyolson.olson3@gmail.com 608-732-7305 Sauk Prairie – Parkinson’s Support Group, 3rd Monday, 1:00 PM, St John’s Lutheran Church. Contact: Deb Fanta debrafanta@gmail.com 608-370-6143 Sheboygan – Support Group, Times/Dates Subject to Change, Manitowoc Senior Center, 4612 Hunter’s Glen Drive, Sheboygan, WI 53803. Contact: Cathy Hughes 920-287-1514 or Burt Hughes 920-889-2293 Stoughton – Support Group, 2nd Monday, 12:15 PM, Stoughton Community Health & Wellness Center, 3162 County Rd B, Stoughton, 53589. Contact: 608-877-3498 Sturgeon Bay – Support Group, 2nd Wednesday, 1:00 PM, Sturgeon Bay United Methodist Church, 836 Michigan Street, Sturgeon Bay, WI 54325. Contact: Carol Moellenberndt 920-743-3476 Toma – Support Group, 1st Tuesday, 1:00 PM – 2:30 PM, Tomah Health Conference Rooms 1 B/C, 501 Gopher Drive. Contact: Whitney Sanjari wsanjari@tomahhealth.org or Kristen Gerke kgerke@tomahhealth.org Waunakee – Waunakee Parkinson’s Support Group, 3rd Thursday, 1:00 PM, Waunakee Senior Center, 333 S. Madison, Waunakee, WI 53597. Contact: Breanna Loether, 608-850-5877 or bloether@waunakee.com Wauwatosa – Young-Onset Support Group, 3rd Wednesday, 6:30 PM – 8:00 PM, Froedtert & Medical College of Wisconsin, Community Conference Center, 8700 Watertown Plank Road, Wauwatosa, WI 53226. Contact: 414-312-6990 Webster – Caregiver Support Group, 4th Thursday, 2:00 PM – 3:00 PM, Location alternates between Webster and Grantsburg every other month, Larsen Family Public Library, 7401 Main Street W, Webster, WI 54893. Contact: Bev Sandberg 715-220-3193 West Allis Support Group, 4th Tuesday, 6:00 PM (no meetings in July, August, & December), Aurora West Allis Memorial Hospital (Women’s Center, Lavender Room), 8901 West Lincoln Ave, West Allis, WI 53227. Contact: Mary Donovan 414-405-0532 marydonovan@aol.com or Sue Biesk 262-642-2150 tbieszk@wi.rr.com","Appleton, WI, United States","Appleton, WI, United States",United States,Information and Referral | Parkinson's Care,,virtual,true,official_directory_import,0,0,https://www.apdaparkinson.org/community/wisconsin/supportgroups/,apdawi@apdaparkinson.org,,APDA Wisconsin,support-groups,American Parkinson Disease Association,"Appleton, WI, United States",Appleton,WI,54914,https://www.apdaparkinson.org/community/wisconsin/resources-wi/supportgroups/,2026-03-28T05:36:55.048Z
apda-community,APDA Community,www.apdaparkinson.org/community/wisconsin/resources-wi/find-an-exercise-wellness-group-in-wisconsin/,wisconsin-find-an-exercise-and-wellness-group-in-wisconsin-apda-wisconsin-53562,Find an Exercise & Wellness Group in Wisconsin | APDA Wisconsin,Referral Center,"Community Partners across Wisconsin offer a variety of health and wellness activities, including fitness, self-care, nutrition, and mindfulness, to help the Parkinson’s community develop their personal wellness goals. Please visit the community partner contact information for specific programs and fee details. Virtual Exercise Classes Chippewa Falls – Movement & Music Parkinson’s Exercise Class (in-person and online), Thursday, 11:00 AM – 12:00 PM, Trinity United Methodist Church, 201 W Central St., Chippewa Falls, WI 54729, Instructor: Ellen Dovre ellendovre@gmail.com Middleton – PD Exercise, Fitness Plus, Tuesday, 9:00 AM, Harbor Wellness Studios, 2711 Allen Boulevard, Middleton, WI 53562, PD Fit (in-person and online), Thursday, 11:00 AM, Contact: 608-821-6501 Middleton – Music Therapy to Support Voice Strength and Seated Functional Movement for Persons with PD (online), Wednesdays and Thursdays, 11:00 – 11:50 AM beginning October 2025. Contact: Ingrid Gruett, MMT, MT-BC, WMTR 608-215-0416 or ingrid@middletonmusictherapy.com Stevens Point – Movement & Music Parkinson’s Exercise Class, Thursday, 1:30 PM -2:30 PM, Instructor: Lucy Scott, Register: Mary Wood 414-430-3561 In-Person Exercise Classes Appleton – Empowered by Movement Exercise Class (in person and online), Thursday, 1:00 – 2:15 PM, Touchmark on West Prospect (Health and Fitness Center) 2601 Touchmark Dr. Appleton, WI 54914Class information: https://empoweredbymovement.org/hybrid-classes/ Contact: Lisa Pritzl 920-737-1140 or lisap@empoweredbymovement.org Baraboo – Boxing, Tuesday & Friday, 10:00 AM–11:30 AM, Pulse Fitness & Training 501 Hitchcock Street, Baraboo, WI 53913, Contact: Sylvia 608-356-7096 or Geri 608-356-3473 Beaver Dam – Rock Steady Boxing, Monday & Friday, 9:00 AM Martial Art America, N7169 E. Plaza Drive, Beaver Dam, WI 53916, Contact: 920-210-1541 Beloit – Rock Steady Boxing & Body in Motion, Class Times Vary, Rock Steady Boxing SOL Beloit, 1201 Big Hill Ct., Beloit, WI, Contact: 608-302-7088 Brookfield -Boxing, Tuesday, 1:00 PM, Wisconsin Athletic Club (WAC), 20075 Water Tower Blvd, Brookfield, WI 53045, Contact: 262-544-4111 Brown Deer – Parkinson’s Exercise Class, Monday & Wednesday, 1:30 PM-3:00 PM, Rite Hite YMCA 9250 N. Green Bay Road, Brown Deer, WI 53209. Contact: Paolina Palmisano ppalmisano@ymcamke.org 414-357-2854 Brown Deer – Parkinson’s Boxing Class, Friday, 2:00 PM- 2:45 PM, Rite Hite YMCA 9250 N. Green Bay Road, Brown Deer, WI 53209, Contact: John Conlon jconlon@ymcamke.org 414-357-2809 Burlington-Movement & Music Exercise Class, Thursday, 1:30 PM, Burlington Senior Center, 587 E State St, Burlington, WI, 53105, Instructor: Mary Wood 414-430-3561 Chippewa Falls – Movement & Music Parkinson’s Exercise Class (In-Person & Virtual), Thursday, 11:00 AM – 12:00 PM, Trinity United Methodist Church, 201 W Central St., Chippewa Falls, WI 54729, Instructor: Ellen Dovre ellendovre@gmail.com Cudahy – Movement & Music Parkinson’s Exercise Class, Cudahay Senior Center 6100 S Lake Dr. Cudahay, WI 53110 Dodgeville – Exercise Class, Monday & Wednesday, 11:00 AM – 11:45 AM, Upland Hills Health Hospital, 800 Compassion Way, Dodgeville, WI, Contact: Sheldon 608-886-3269 Duluth (Minnesota) – Yoga for Parkinson’s, Call for schedule, 5628 Grand Ave. Contact: Teresa inharmony.life@gmail.com 218-391-8778 Eau Claire – Rock Steady Boxing, Monday, Wednesday & Friday, 9:15 AM – 10:45 AM, L.E. Phillips Senior Center,1616 Bellinger Street (lower level) Contact: Allison Triebold 715-760-2763 rtbfitness2@gmail.com Eau Claire -Rock Steady Boxing (St. Croix Valley), Level One Classes Monday, Wednesday, Friday 9:15 AM & 10:30 AM (Zoom available at 9:15 AM), Level Two Class at 12:00 PM, L.E. Phillips Senior Center (Lower Level) 1616 Bellinger Street, Contact Allison Triebold rtbfitness3@gmail.com or 715-760-2763 Fitchburg – Rock Steady Boxing Bakke Athletics, Call for times, 2881 Commerce Park Drive, Suite B, Fitchburg, WI 53719, Contact: Kjersten Baake 608-276-8074 contact@hybridatheticclub.com Fond Du Lac – Parkinson’s Exercise Class, Tuesday & Thursday, 10:15 AM -12:00 PM, Fond du Lac Family YMCA, 90 W. 2nd Street, Fond du Lac, WI. Instructors: Joel Mason and Martha Swift, Contact: Joel 920-921-3330 or masonj@agnesian.com Fond du Lac – Dance, 2nd Tuesday, 1:00 PM, Fond du Lac Senior Center, 151 East 1st Street, Fond du Lac, WI, Contact: Lori Anderson 920-906-4792 Fond du Lac – Movement & Music Parkinson’s Exercise Class, 2nd & 3rd Tuesday, 2:00 PM Fond du Lac Senior Center, 151 E 1st St., Fond du Lac, WI 54935, Instructor: Kate Mann katemann2606@gmail.com Franklin and Muskego – Parkinson’s Exercise Class Wednesday, 4:00 PM – 5:00 PM, Franklin High School (Multi-Purpose Room), 8222 South 51st Street, Franklin, WI 53132, Instructor: Mary Spidell 414-430-3561 Fee: $32 Franklin Residents / $48 Non-Resident, Contact: Online or call Franklin Community Education & Recreation Dept. 414-423-4646 Green Bay- Parkinson’s Mobile & Fit, Must call for a free consultation before class, Aurora BayCare Orthopedic & Sports Medicine Center, 1160 Kepler Drive, Green Bay, WI 54311, Contact: 920-288-5491 Green Bay- Exercising with Parkinson’s, Tuesdays & Thursdays, 9:00 AM, YMCA East Side Branch, 1740 Huron Road, Contact: 920-436-1253 or katie.mandell@greenbayymca.org *Spouse/Care partner has free weekly access to the Y during program time. Green Bay- Rock Steady Boxing, Monday, Wednesday & Friday, 1:30 PM, Western Racquet & Fitness Club, 2500 S. Ashland Ave., Green Bay, WI 54304, Contact: 920-497-1161 or westernracquet@rsbaffiliate.com Green Bay – Empowered by Movement, Tuesdays, 1:30 PM – 2:45 PM Western Racquet & Fitness Club, 2500 S. Ashland Ave, Green Bay, WI 54304Class information: https://empoweredbymovement.org/hybrid-classes/Join us in person or via ZoomContact: 920-737-1140 or lisap@empoweredbymovement.org Greenfield – Combat PD, Thursdays, 10:30 AM, Wisconsin Athletic Club, 5020 S. 110th Street, Greenfield, WI, Contact: 414-427-6500 Hartland – Rock Steady Boxing, Call for details, Lake Country Racquet & Athletic Club, 560 S. Industrial Drive, Hartland, WI, Contact: 262-367-4999 or lakecountry@rsbaffiliate.com Hartford – Parkinson’s Exercise Class, Friday, 12:00 PM, Aurora Medical Center Washington County, 1032 E. Sumner Street, Hartford, WI, Contact: 262-670-7233 Janesville – Rock Steady Boxing & Body in Motion, Various times, Sol Fitness, 15 S. Harmony Dr., Janesville, WI, Contact: Connie Udell 608-302-7088 Kiel – Movement & Movement Parkinson’s Exercise Class, Monday, 1:00 PM -2:00 PM, 510 3rd St., Kiel, WI, 53042 Mondays 1:00-2:00, Instructor: Michelle Jens, To Register: Missy Brandt 920-894-7861 or missy.brandt@kielwi.gov Kimberly – Pedaling for Parkinson’s, Tuesdays & Thursdays, 11:00 AM- 12:00 PM, Heart of the Valley YMCA, 225 W Kennedy Ave, Kimberly, WI 54136. Contact: Paula Beyer 920-830-5700 Fee: $45 (member), $60 (non-member) for 8-week program La Crosse – EXPAND Program Movement Disorder Exercise Class, Monday & Wednesday,12:00 PM-1:00 PM, 2:15 PM-3:15 PM, 3:30 PM-4:30 PM or 4:30 PM-5:30 PM, UW La Crosse Physical Therapy Clinic, 1725 State Street, La Crosse, WI, Instructors: Physical Therapy Students, Contact: Ingra Culppert 608-785-5072 iculppert@uwlax.edu La Crosse – PD Exercise, Tuesdays & Thursdays, 11:00 -12:00 PM and 1:15 – 2:15 PM, STAR Center (1011 La Crosse St.), Contact: Bri Holden, 608-797-6295 or info@starcenterlacrosse.orgLa Crosse – Rock Steady Boxing, Mondays & Wednesdays,11:00 AM – 12:00 PM and 12:15 -1:15 PM, STAR Center (1011 La Crosse St.), Contact: Bri Holden, 608-797-6295 or info@starcenterlacrosse.org Lake Geneva – Rock Steady Boxing, Tuesday, Thursday & Friday, 10:30 AM -12:00 PM, Geneva Lakes YMCA, 203 S. Wells Street, Lake Geneva, WI, Contact: 262-248-6211 or Genevalakes@rsbaffiliate.com Marshfield – BIG Exercise Group, Tuesdays @ 11:00 am, Wesley United Methodist Church, 211 S Maple Ave. Contact: Marshfield Area Respite Center Care 715-384-8478 Madison – Parkinson’s Exercise Class, Call for details, UW Health Research Park Clinic, 612 Science Drive, Madison, WI, Contact: 608-263-7936 Madison – Dance, Various Classes and Locations, detailed info available here: www.ballroombasicsforbalance.org Madison – Ping Pong Parkinson’s Exercise Class (juggling, facial stretches, vocal exercises), Thursday, 10:00 AM–11:30 AM, Sunday 2:00 PM-3:30 PM, East Madison Community Center Gym, 8 Straubel Court, Madison, 53704, Contact: pppmadisonwi@gmail.com Madison – YAFA Presents: Yoga for People with Parkinson’s, Call for details, Quarry Arts Building, 715 Hill St. Room 170, Madison, WI, Contact: info@yafayoga.org or Register at https://yafayoga.org/current-classes Manitowoc – Exercise Class, check website or call for current class schedule, Manitowoc Two Rivers YMCA, 205 Maritime Drive, Manitowoc, WI 54220, Contact: Candy Ruffolo 920-482-1578 cruffolo@mtrymca.org or Krystel Otto 920-482-1523 kotto@mtrymca.org Manitowoc – Exercise Class, Monday & Thursday, 12:30 PM and 1:30 PM, 1650 South 41st Street, Manitowoc, WI 54220, Contact: 920-320-4600 Middleton – Living Well with Parkinson’s, 4th Tuesday, 2:00 PM-3:00 PM, Cardinal View Senior Living, 3820 Tribeca Dr., Middleton, WI 53562, Contact: Bill Ryan 608-334-7735 ryanfwilliam@gmail.com *Program is a half out support meeting an half our dedicated to wellness (topics may cover exercise, nutrition & more with hands on activities). Middleton – PD Exercise, Fitness Plus, Tuesday, 9:00 AM, Harbor Wellness Studios, 2711 Allen Boulevard, Middleton, WI 53562, PD Fit (in person and online), Thursday, 11:00 AM, Contact: 608-821-6501 New Berlin – Rock Steady Boxing & Dance, Boxing: Tuesday & Thursday, 11:00 AM, 12:15 PM, 5:45 PM, Dance: Monday, 11:00 AM, FastBack Physical Therapy, 3333 South Sunny Slope RD, New Berlin, WI 53151, Contact: Patrick Barron 262-682-1842 Oregon – Parkinson’s Exercise Class, Tuesday, 10:45 AM, Oregon Area Senior Center, 219 Park Street, Oregon, WI 53575, Instructor: Rachel Wosta, $5 per class, Enroll through Stoughton Hospital 608-835-5373 Oshkosh – Rock Steady Boxing, Monday & Wednesday, 9:30 AM -10:45 AM, Oshkosh Community YMCA, 3303 West 20th Ave., Oshkosh, WI 54901, Contact: 920-230-8439 *They also host support groups for people with PD and Caregivers that meet quarterly. Call for details. Pewaukee – Rock Steady Boxing, Monday & Wednesday, 1:00 PM, ProHealth West Wood Health and Fitness Center, 2900 Golf Road, Pewaukee, WI 53072, Contact: Anne Barber 262-513-7209 abarber@westwoodfitness.org Racine – Exercise Class, Friday, 1:30 PM-2:30 PM & 2:45 PM-3:45 PM, Racine Family YMCA, 8501 Campus Drive, Mt. Pleasant, WI 5306, Contact: 262-634-1994 Shawano – Parkinson’s Exercise Class, Monday – Friday, Call for times, Total Fitness, 116 North Main St., Shawano, WI, 54166, Contact: Jean Darling, PT shawanototalfitness@gmail.com 715-526-2899 *ask about Silver Sneaker classes too Sturgeon Bay – Parkinson’s Exercise Class, Tuesday & Thursday, 12:15 PM – 3:15 PM, Door County YMCA, 1900 Michigan Avenue, Sturgeon Bay, WI 54325, Contact: YMCA 920-743-4949 Stoughton – Parkinson’s Exercise Class, Call for details, Stoughton Community Health and Wellness Center, 3162 County Road B, Stoughton, 43489, Contact: 608-877-3498 Sun Prairie – PRW! Moves Exercise Group, Tuesday & Friday, 1:00 PM, Oakwood Village Prairie Ridge Village, 5565 Tacho Dr., Madison, WI, 53718, Contact: 608-230-4594 Watertown – Movement & Music Parkinson’s Exercise Class, Tuesday, 11:45 AM, Watertown Area YMCA 415 S. 8th St., Watertown, WI 53094, Instructor: Joy Cochran 307-631-3414 or joyexplorations@gmail.com Waukesha – Parkinson’s Exercise Class, Monday & Wednesday, 1:00 PM, YMCA Waukesha 320 East Broadway, Waukesha, WI 53186, Contact: 262-542-2557 Waupaca – Rock Steady Boxing, Tuesday & Thursday, 1:00 PM-2:00 PM, Waupaca Senior Center, 407 School St, Waupaca, WI 54981, Contact: Andrea Wanty 715-258-4437 Wausau – Move Better Exercise Class, Call for class schedule, Woodson YMCA, 707 Third St., Wausau, WI 54403, Contact: 715-845-2177 Wautoma – Rock Steady Boxing, Call for class schedule, Wautoma Fitness 24/7, 480 S. Townline Road, Wautoma, WI 5498, Contact: Carol Clark 920-787-5207 or 920-787-1011 Wauwatosa – Exercise Class, Monday & Wednesday, Call for times, Froedtert & Medical College of Wisconsin, Community Conference Center, 8700 Watertown Plank Road, Wauwatosa, WI 53226, Contact: 414-805-3666 West Allis – Rock Steady Boxing, Tuesday & Thursday, 11:00 AM-12:30 PM, Rock Steady Boxing Milwaukee, 9730 W. Greenfield Avenue, West Allis, WI 53214, Contact: 262-325-0272 milwaukee@rsbaffiliate.com West Bend – Parkinson’s Exercise Class, Tuesday & Friday, 1:30 PM -3:00 PM, Kettle Moraine YMCA at River Shores, 705 Village Green Way, West Bend, WI, Instructor Contact: 262-247-1050 West Bend – Rock Steady Boxing, Call for times, 3130 Newark Drive, West Bend, WI, Contact: 262-909-0602 westbend@rsbaffiliate.com West Bend – Support Group, 3rd Monday, 1:00 PM, Cedar Community, 113 Cedar Ridge Drive, West Bend, WI 53095, Contact: Gary Schilling 262-388-0522 Whitefish Bay – Dance, Tuesday & Thursday, 2:00 PM, Jewish Community Center, 6255 North Santa Monica Boulevard, Whitefish Bay, WI 53217, Contact: pdancewi@gmail.com 414-964-444","Overview Community Partners across Wisconsin offer a variety of health and wellness activities, including fitness, self-care, nutrition, and mindfulness, to help the Parkinson’s community develop their personal wellness goals. Please visit the community partner contact information for specific programs and fee details. Virtual Exercise Classes Chippewa Falls – Movement & Music Parkinson’s Exercise Class (in-person and online), Thursday, 11:00 AM – 12:00 PM, Trinity United Methodist Church, 201 W Central St., Chippewa Falls, WI 54729, Instructor: Ellen Dovre ellendovre@gmail.com Middleton – PD Exercise, Fitness Plus, Tuesday, 9:00 AM, Harbor Wellness Studios, 2711 Allen Boulevard, Middleton, WI 53562, PD Fit (in-person and online), Thursday, 11:00 AM, Contact: 608-821-6501 Middleton – Music Therapy to Support Voice Strength and Seated Functional Movement for Persons with PD (online), Wednesdays and Thursdays, 11:00 – 11:50 AM beginning October 2025. Contact: Ingrid Gruett, MMT, MT-BC, WMTR 608-215-0416 or ingrid@middletonmusictherapy.com Stevens Point – Movement & Music Parkinson’s Exercise Class, Thursday, 1:30 PM -2:30 PM, Instructor: Lucy Scott, Register: Mary Wood 414-430-3561 In-Person Exercise Classes Appleton – Empowered by Movement Exercise Class (in person and online), Thursday, 1:00 – 2:15 PM, Touchmark on West Prospect (Health and Fitness Center) 2601 Touchmark Dr. Appleton, WI 54914Class information: https://empoweredbymovement.org/hybrid-classes/ Contact: Lisa Pritzl 920-737-1140 or lisap@empoweredbymovement.org Baraboo – Boxing, Tuesday & Friday, 10:00 AM–11:30 AM, Pulse Fitness & Training 501 Hitchcock Street, Baraboo, WI 53913, Contact: Sylvia 608-356-7096 or Geri 608-356-3473 Beaver Dam – Rock Steady Boxing, Monday & Friday, 9:00 AM Martial Art America, N7169 E. Plaza Drive, Beaver Dam, WI 53916, Contact: 920-210-1541 Beloit – Rock Steady Boxing & Body in Motion, Class Times Vary, Rock Steady Boxing SOL Beloit, 1201 Big Hill Ct., Beloit, WI, Contact: 608-302-7088 Brookfield -Boxing, Tuesday, 1:00 PM, Wisconsin Athletic Club (WAC), 20075 Water Tower Blvd, Brookfield, WI 53045, Contact: 262-544-4111 Brown Deer – Parkinson’s Exercise Class, Monday & Wednesday, 1:30 PM-3:00 PM, Rite Hite YMCA 9250 N. Green Bay Road, Brown Deer, WI 53209. Contact: Paolina Palmisano ppalmisano@ymcamke.org 414-357-2854 Brown Deer – Parkinson’s Boxing Class, Friday, 2:00 PM- 2:45 PM, Rite Hite YMCA 9250 N. Green Bay Road, Brown Deer, WI 53209, Contact: John Conlon jconlon@ymcamke.org 414-357-2809 Burlington-Movement & Music Exercise Class, Thursday, 1:30 PM, Burlington Senior Center, 587 E State St, Burlington, WI, 53105, Instructor: Mary Wood 414-430-3561 Chippewa Falls – Movement & Music Parkinson’s Exercise Class (In-Person & Virtual), Thursday, 11:00 AM – 12:00 PM, Trinity United Methodist Church, 201 W Central St., Chippewa Falls, WI 54729, Instructor: Ellen Dovre ellendovre@gmail.com Cudahy – Movement & Music Parkinson’s Exercise Class, Cudahay Senior Center 6100 S Lake Dr. Cudahay, WI 53110 Dodgeville – Exercise Class, Monday & Wednesday, 11:00 AM – 11:45 AM, Upland Hills Health Hospital, 800 Compassion Way, Dodgeville, WI, Contact: Sheldon 608-886-3269 Duluth (Minnesota) – Yoga for Parkinson’s, Call for schedule, 5628 Grand Ave. Contact: Teresa inharmony.life@gmail.com 218-391-8778 Eau Claire – Rock Steady Boxing, Monday, Wednesday & Friday, 9:15 AM – 10:45 AM, L.E. Phillips Senior Center,1616 Bellinger Street (lower level) Contact: Allison Triebold 715-760-2763 rtbfitness2@gmail.com Eau Claire -Rock Steady Boxing (St. Croix Valley), Level One Classes Monday, Wednesday, Friday 9:15 AM & 10:30 AM (Zoom available at 9:15 AM), Level Two Class at 12:00 PM, L.E. Phillips Senior Center (Lower Level) 1616 Bellinger Street, Contact Allison Triebold rtbfitness3@gmail.com or 715-760-2763 Fitchburg – Rock Steady Boxing Bakke Athletics, Call for times, 2881 Commerce Park Drive, Suite B, Fitchburg, WI 53719, Contact: Kjersten Baake 608-276-8074 contact@hybridatheticclub.com Fond Du Lac – Parkinson’s Exercise Class, Tuesday & Thursday, 10:15 AM -12:00 PM, Fond du Lac Family YMCA, 90 W. 2nd Street, Fond du Lac, WI. Instructors: Joel Mason and Martha Swift, Contact: Joel 920-921-3330 or masonj@agnesian.com Fond du Lac – Dance, 2nd Tuesday, 1:00 PM, Fond du Lac Senior Center, 151 East 1st Street, Fond du Lac, WI, Contact: Lori Anderson 920-906-4792 Fond du Lac – Movement & Music Parkinson’s Exercise Class, 2nd & 3rd Tuesday, 2:00 PM Fond du Lac Senior Center, 151 E 1st St., Fond du Lac, WI 54935, Instructor: Kate Mann katemann2606@gmail.com Franklin and Muskego – Parkinson’s Exercise Class Wednesday, 4:00 PM – 5:00 PM, Franklin High School (Multi-Purpose Room), 8222 South 51st Street, Franklin, WI 53132, Instructor: Mary Spidell 414-430-3561 Fee: $32 Franklin Residents / $48 Non-Resident, Contact: Online or call Franklin Community Education & Recreation Dept. 414-423-4646 Green Bay- Parkinson’s Mobile & Fit, Must call for a free consultation before class, Aurora BayCare Orthopedic & Sports Medicine Center, 1160 Kepler Drive, Green Bay, WI 54311, Contact: 920-288-5491 Green Bay- Exercising with Parkinson’s, Tuesdays & Thursdays, 9:00 AM, YMCA East Side Branch, 1740 Huron Road, Contact: 920-436-1253 or katie.mandell@greenbayymca.org *Spouse/Care partner has free weekly access to the Y during program time. Green Bay- Rock Steady Boxing, Monday, Wednesday & Friday, 1:30 PM, Western Racquet & Fitness Club, 2500 S. Ashland Ave., Green Bay, WI 54304, Contact: 920-497-1161 or westernracquet@rsbaffiliate.com Green Bay – Empowered by Movement, Tuesdays, 1:30 PM – 2:45 PM Western Racquet & Fitness Club, 2500 S. Ashland Ave, Green Bay, WI 54304Class information: https://empoweredbymovement.org/hybrid-classes/Join us in person or via ZoomContact: 920-737-1140 or lisap@empoweredbymovement.org Greenfield – Combat PD, Thursdays, 10:30 AM, Wisconsin Athletic Club, 5020 S. 110th Street, Greenfield, WI, Contact: 414-427-6500 Hartland – Rock Steady Boxing, Call for details, Lake Country Racquet & Athletic Club, 560 S. Industrial Drive, Hartland, WI, Contact: 262-367-4999 or lakecountry@rsbaffiliate.com Hartford – Parkinson’s Exercise Class, Friday, 12:00 PM, Aurora Medical Center Washington County, 1032 E. Sumner Street, Hartford, WI, Contact: 262-670-7233 Janesville – Rock Steady Boxing & Body in Motion, Various times, Sol Fitness, 15 S. Harmony Dr., Janesville, WI, Contact: Connie Udell 608-302-7088 Kiel – Movement & Movement Parkinson’s Exercise Class, Monday, 1:00 PM -2:00 PM, 510 3rd St., Kiel, WI, 53042 Mondays 1:00-2:00, Instructor: Michelle Jens, To Register: Missy Brandt 920-894-7861 or missy.brandt@kielwi.gov Kimberly – Pedaling for Parkinson’s, Tuesdays & Thursdays, 11:00 AM- 12:00 PM, Heart of the Valley YMCA, 225 W Kennedy Ave, Kimberly, WI 54136. Contact: Paula Beyer 920-830-5700 Fee: $45 (member), $60 (non-member) for 8-week program La Crosse – EXPAND Program Movement Disorder Exercise Class, Monday & Wednesday,12:00 PM-1:00 PM, 2:15 PM-3:15 PM, 3:30 PM-4:30 PM or 4:30 PM-5:30 PM, UW La Crosse Physical Therapy Clinic, 1725 State Street, La Crosse, WI, Instructors: Physical Therapy Students, Contact: Ingra Culppert 608-785-5072 iculppert@uwlax.edu La Crosse – PD Exercise, Tuesdays & Thursdays, 11:00 -12:00 PM and 1:15 – 2:15 PM, STAR Center (1011 La Crosse St.), Contact: Bri Holden, 608-797-6295 or info@starcenterlacrosse.orgLa Crosse – Rock Steady Boxing, Mondays & Wednesdays,11:00 AM – 12:00 PM and 12:15 -1:15 PM, STAR Center (1011 La Crosse St.), Contact: Bri Holden, 608-797-6295 or info@starcenterlacrosse.org Lake Geneva – Rock Steady Boxing, Tuesday, Thursday & Friday, 10:30 AM -12:00 PM, Geneva Lakes YMCA, 203 S. Wells Street, Lake Geneva, WI, Contact: 262-248-6211 or Genevalakes@rsbaffiliate.com Marshfield – BIG Exercise Group, Tuesdays @ 11:00 am, Wesley United Methodist Church, 211 S Maple Ave. Contact: Marshfield Area Respite Center Care 715-384-8478 Madison – Parkinson’s Exercise Class, Call for details, UW Health Research Park Clinic, 612 Science Drive, Madison, WI, Contact: 608-263-7936 Madison – Dance, Various Classes and Locations, detailed info available here: www.ballroombasicsforbalance.org Madison – Ping Pong Parkinson’s Exercise Class (juggling, facial stretches, vocal exercises), Thursday, 10:00 AM–11:30 AM, Sunday 2:00 PM-3:30 PM, East Madison Community Center Gym, 8 Straubel Court, Madison, 53704, Contact: pppmadisonwi@gmail.com Madison – YAFA Presents: Yoga for People with Parkinson’s, Call for details, Quarry Arts Building, 715 Hill St. Room 170, Madison, WI, Contact: info@yafayoga.org or Register at https://yafayoga.org/current-classes Manitowoc – Exercise Class, check website or call for current class schedule, Manitowoc Two Rivers YMCA, 205 Maritime Drive, Manitowoc, WI 54220, Contact: Candy Ruffolo 920-482-1578 cruffolo@mtrymca.org or Krystel Otto 920-482-1523 kotto@mtrymca.org Manitowoc – Exercise Class, Monday & Thursday, 12:30 PM and 1:30 PM, 1650 South 41st Street, Manitowoc, WI 54220, Contact: 920-320-4600 Middleton – Living Well with Parkinson’s, 4th Tuesday, 2:00 PM-3:00 PM, Cardinal View Senior Living, 3820 Tribeca Dr., Middleton, WI 53562, Contact: Bill Ryan 608-334-7735 ryanfwilliam@gmail.com *Program is a half out support meeting an half our dedicated to wellness (topics may cover exercise, nutrition & more with hands on activities). Middleton – PD Exercise, Fitness Plus, Tuesday, 9:00 AM, Harbor Wellness Studios, 2711 Allen Boulevard, Middleton, WI 53562, PD Fit (in person and online), Thursday, 11:00 AM, Contact: 608-821-6501 New Berlin – Rock Steady Boxing & Dance, Boxing: Tuesday & Thursday, 11:00 AM, 12:15 PM, 5:45 PM, Dance: Monday, 11:00 AM, FastBack Physical Therapy, 3333 South Sunny Slope RD, New Berlin, WI 53151, Contact: Patrick Barron 262-682-1842 Oregon – Parkinson’s Exercise Class, Tuesday, 10:45 AM, Oregon Area Senior Center, 219 Park Street, Oregon, WI 53575, Instructor: Rachel Wosta, $5 per class, Enroll through Stoughton Hospital 608-835-5373 Oshkosh – Rock Steady Boxing, Monday & Wednesday, 9:30 AM -10:45 AM, Oshkosh Community YMCA, 3303 West 20th Ave., Oshkosh, WI 54901, Contact: 920-230-8439 *They also host support groups for people with PD and Caregivers that meet quarterly. Call for details. Pewaukee – Rock Steady Boxing, Monday & Wednesday, 1:00 PM, ProHealth West Wood Health and Fitness Center, 2900 Golf Road, Pewaukee, WI 53072, Contact: Anne Barber 262-513-7209 abarber@westwoodfitness.org Racine – Exercise Class, Friday, 1:30 PM-2:30 PM & 2:45 PM-3:45 PM, Racine Family YMCA, 8501 Campus Drive, Mt. Pleasant, WI 5306, Contact: 262-634-1994 Shawano – Parkinson’s Exercise Class, Monday – Friday, Call for times, Total Fitness, 116 North Main St., Shawano, WI, 54166, Contact: Jean Darling, PT shawanototalfitness@gmail.com 715-526-2899 *ask about Silver Sneaker classes too Sturgeon Bay – Parkinson’s Exercise Class, Tuesday & Thursday, 12:15 PM – 3:15 PM, Door County YMCA, 1900 Michigan Avenue, Sturgeon Bay, WI 54325, Contact: YMCA 920-743-4949 Stoughton – Parkinson’s Exercise Class, Call for details, Stoughton Community Health and Wellness Center, 3162 County Road B, Stoughton, 43489, Contact: 608-877-3498 Sun Prairie – PRW! Moves Exercise Group, Tuesday & Friday, 1:00 PM, Oakwood Village Prairie Ridge Village, 5565 Tacho Dr., Madison, WI, 53718, Contact: 608-230-4594 Watertown – Movement & Music Parkinson’s Exercise Class, Tuesday, 11:45 AM, Watertown Area YMCA 415 S. 8th St., Watertown, WI 53094, Instructor: Joy Cochran 307-631-3414 or joyexplorations@gmail.com Waukesha – Parkinson’s Exercise Class, Monday & Wednesday, 1:00 PM, YMCA Waukesha 320 East Broadway, Waukesha, WI 53186, Contact: 262-542-2557 Waupaca – Rock Steady Boxing, Tuesday & Thursday, 1:00 PM-2:00 PM, Waupaca Senior Center, 407 School St, Waupaca, WI 54981, Contact: Andrea Wanty 715-258-4437 Wausau – Move Better Exercise Class, Call for class schedule, Woodson YMCA, 707 Third St., Wausau, WI 54403, Contact: 715-845-2177 Wautoma – Rock Steady Boxing, Call for class schedule, Wautoma Fitness 24/7, 480 S. Townline Road, Wautoma, WI 5498, Contact: Carol Clark 920-787-5207 or 920-787-1011 Wauwatosa – Exercise Class, Monday & Wednesday, Call for times, Froedtert & Medical College of Wisconsin, Community Conference Center, 8700 Watertown Plank Road, Wauwatosa, WI 53226, Contact: 414-805-3666 West Allis – Rock Steady Boxing, Tuesday & Thursday, 11:00 AM-12:30 PM, Rock Steady Boxing Milwaukee, 9730 W. Greenfield Avenue, West Allis, WI 53214, Contact: 262-325-0272 milwaukee@rsbaffiliate.com West Bend – Parkinson’s Exercise Class, Tuesday & Friday, 1:30 PM -3:00 PM, Kettle Moraine YMCA at River Shores, 705 Village Green Way, West Bend, WI, Instructor Contact: 262-247-1050 West Bend – Rock Steady Boxing, Call for times, 3130 Newark Drive, West Bend, WI, Contact: 262-909-0602 westbend@rsbaffiliate.com West Bend – Support Group, 3rd Monday, 1:00 PM, Cedar Community, 113 Cedar Ridge Drive, West Bend, WI 53095, Contact: Gary Schilling 262-388-0522 Whitefish Bay – Dance, Tuesday & Thursday, 2:00 PM, Jewish Community Center, 6255 North Santa Monica Boulevard, Whitefish Bay, WI 53217, Contact: pdancewi@gmail.com 414-964-444","Middleton, WI, United States","Middleton, WI, United States",United States,Information and Referral | Parkinson's Care,,hybrid,true,official_directory_import,0,0,https://www.apdaparkinson.org/community/wisconsin/find-an-exercise-wellness-group-in-wisconsin/,ellendovre@gmail.com,,APDA Wisconsin,resource-page,American Parkinson Disease Association,"Middleton, WI, United States",Middleton,WI,53562,https://www.apdaparkinson.org/community/wisconsin/resources-wi/find-an-exercise-wellness-group-in-wisconsin/,2026-03-28T05:36:55.049Z
apda-community,APDA Community,www.apdaparkinson.org/community/wisconsin/movement-disorder-specialists/,wisconsin-wisconsin-parkinson-disease-specialists-54601,Wisconsin Parkinson Disease Specialists,Exercise Program,"A movement disorders specialist is a neurologist who completes a two-year fellowship in movement disorders. Movement disorders include Parkinson disease, Parkinsonisms, Tourette’s syndrome, Huntington’s disease, and essential tremor. Learn more about Movement Disorders Specialists. This list of movement disorders specialists are those who work specifically with Parkinson’s disease patients.","Wisconsin Parkinson Disease Specialists A movement disorders specialist is a neurologist who completes a two-year fellowship in movement disorders. Movement disorders include Parkinson disease, Parkinsonisms, Tourette’s syndrome, Huntington’s disease, and essential tremor. Learn more about Movement Disorders Specialists. This list of movement disorders specialists are those who work specifically with Parkinson’s disease patients. Eau Claire, Merrill, Minoqua, Wausau, Weston Marshfield Clinic Health System Naomi E Arenson, MD | Wausau, Weston and Merrill Centers | 715-847-3339 Amit Biswas, MD, FACP, FAASM | Wausau, Weston and Minocqua Centers | 715-847-3339 Verica S Neskovic, MD | Wausau and Weston Centers | 715-847-3339 Roland R More, MD | Eau Claire Center | 715-858-4437 Ellen L Parris, MD | Minocqua Center | 715-358-1803 Katie MT Spangler, MD | Wausau, Weston and Minocqua Centers | 715-847-3339 La Crosse","La Crosse, WI, United States","La Crosse, WI, United States",United States,"Wisconsin Parkinson Disease Specialists | Eau Claire, Merrill, Minoqua, Wausau, Weston | Marshfield Clinic Health System | La Crosse | Gundersen Health System, East Building Level 3, 1900 South Ave, La Crosse, WI 54601 | 608-775-9000 | Madison | UW Hospital and Clinics, Movement Disorders Clinic, 600 Highland Ave, Madison, WI 53792 | 608-263-5442 | Milwaukee | Froedtert Specialty Clinics, Neurosciences, 9200 W. Wisconsin Ave, Milwaukee, WI 53226 | 414-805-8710 | Aurora Advanced Healthcare, Neurology, 3003 W. Good Hope Rd, Milwaukee, WI 53209 | 414-247-4671",,in-person,true,official_directory_import,0,0,https://www.apdaparkinson.org/community/wisconsin/resources-wi/movement-disorder-specialists/,apdawi@apdaparkinson.org,,APDA Wisconsin,resource-page,American Parkinson Disease Association,"La Crosse, WI, United States",La Crosse,WI,54601,https://www.apdaparkinson.org/community/wisconsin/movement-disorder-specialists/,2026-03-28T05:36:55.049Z
apda-community,APDA Community,www.apdaparkinson.org/community/wisconsin/exercise-at-home/,wisconsin-want-to-create-a-great-and-safe-home-exercise-space-watch-this-short-video-below-or-view-our-setting-up-for-success-safe-exercise-at-home-guide-resource-page,Want to create a great and safe home exercise space? Watch this short video below or view our Setting Up for Success: Safe Exercise at Home Guide,Exercise Program,Imported from APDA Wisconsin community resources.,"At-Home Activities Tips For Safe At-Home Exercise If you have not been exercising regularly, please consult your healthcare provider before doing anything new.• Choose a space where you’ll have enough room to move around• If using a chair or other furniture for assistance, make sure it’s sturdy and isn’t going to slide around• If exercising by yourself, make sure you have access to a phone just in case• Make a plan: schedule fitness into your day and week• Consult your physician if you have any health concerns or are just getting started Our number one tip for at-home exercise is to TAKE A WALK if it is a safe option. There simply is no replacement for the outdoors, the fresh air, the movement, and it is free! Want to create a great and safe home exercise space? Watch this short video below or view our Setting Up for Success: Safe Exercise at Home Guide Note: We know many live exercise sessions are offered through Zoom. Click Here, if you would like to know a little more about how to use Zoom. APDA FREE Online Educational Programs Visit our Virtual Events Calendar for a complete list of virtual programs","Wisconsin, United States","Wisconsin, United States",United States,At-Home Activities | Tips For Safe At-Home Exercise | Want to create a great and safe home exercise space? Watch this short video below or view our Setting Up for Success: Safe Exercise at Home Guide | APDA FREE Online Educational Programs | Dr. Gilbert Hosts… | Take Control Series | APDA’s FREE Virtual Classes | Visit our Virtual Calendar for the most up to date registration information regarding the below. | Additional APDA Resources | Video and Live Classes Options,,virtual,true,official_directory_import,0,0,https://www.apdaparkinson.org/community/wisconsin/resources-wi/exercise-at-home/,daigre.chris@gmail.com,888-606-1688,APDA Wisconsin,resource-page,American Parkinson Disease Association,"Wisconsin, United States",,Wisconsin,,https://www.apdaparkinson.org/community/wisconsin/exercise-at-home/,2026-03-28T05:36:55.049Z
apda-community,APDA Community,www.apdaparkinson.org/community/wisconsin/helpful-links/,wisconsin-apda-centers-of-specialization-resource-page,APDA Centers of Specialization,Education Event,National Young Onset Resources National Rehab Resource Center National Veterans Center Clinical Trials Resources,"APDA Centers of Specialization National Young Onset Resources National Rehab Resource Center National Veterans Center Clinical Trials Resources Respite and care services www.adultdaycare.org www.caregiver.org www.homehealthcareagencies.com www.longtermcare.gov www.nahc.org www.skillednursingfacilities.org Medicare, Medicaid and Disability Centers for Medicare and Medicaid Services www.cms.gov Social Security Disability Resource Center www.ssdrc.com Info and services Hospitalization resource from Parkinson’s Resources of Oregon and The Parkinson Center of Oregon: The Critical Information for Caring for the Parkinson’s Patient Speech & physical therapies specialized for people with Parkinson’s disease www.lsvtglobal.com Information & demonstration center about assistive devices http://www.accesstoind.org/ First Responder PD Awareness Training","Wisconsin, United States","Wisconsin, United States",United States,"APDA Centers of Specialization | Respite and care services | Medicare, Medicaid and Disability | Info and services | Webinars and podcasts | Books and supplements | Education | Community Event | Parkinson's Care",,in-person,true,official_directory_import,0,0,https://www.apdaparkinson.org/community/wisconsin/resources-wi/helpful-links/,,,APDA Wisconsin,resource-page,American Parkinson Disease Association,"Wisconsin, United States",,Wisconsin,,https://www.apdaparkinson.org/community/wisconsin/helpful-links/,2026-03-28T05:36:55.049Z
apda-community,APDA Community,www.apdaparkinson.org/community/iowa/resources-support-parkinsons/parkinsons-wellness-social-programs/parkinsons-social-events/,iowa-find-upcoming-social-events-50266,Find Upcoming Social Events,Education Event,"Living with Parkinson’s disease doesn’t mean you have to do it alone. The American Parkinson Disease Association (APDA) invites you to join Strictly Social — a series of welcoming social events for people with Parkinson’s disease (PD) and their care partners, family members, and friends. Whether you’ve been recently diagnosed or living with PD for years, our social programs offer a fun, relaxed way to meet others in the Parkinson’s community, share stories, and create joyful moments together.","Overview Living with Parkinson’s disease doesn’t mean you have to do it alone. The American Parkinson Disease Association (APDA) invites you to join Strictly Social — a series of welcoming social events for people with Parkinson’s disease (PD) and their care partners, family members, and friends. Whether you’ve been recently diagnosed or living with PD for years, our social programs offer a fun, relaxed way to meet others in the Parkinson’s community, share stories, and create joyful moments together. Why Join APDA Strictly Social? Connect with others who understand the Parkinson’s journey Enjoy low-pressure, judgment-free environments Reconnect with joy, laughter, and new friendships Strengthen mental and emotional well-being through social engagement “Strictly Social has given me a great opportunity to meet others with Parkinson’s and learn from their experiences. I love that it is so informal and interactive.” – David V.From fun socials to coffee meetups and seasonal celebrations, there’s something for everyone. These events are designed to bring people together, build community, and support living well with Parkinson’s — one good time at a time. Who Can Attend? All individuals with Parkinson’s disease, their care partners, families, and friends are welcome. Events are free and held in an accessible, friendly location. Find Upcoming Social Events APDA Strictly Social: NewtonSecond Saturday of the month, 10:30 am – 12:00 pmNewton Village110 N 5th Avenue W.Newton, IA 50208 APDA Strictly Social: UrbandaleThird Tuesdays of the month, 2:00 pm – 3:30 pmAPDA Office – In the Senior Helper’s Conference Room2951 86th Street, Suite 125Urbandale, IA 50322 APDA Strictly Social: West Des MoinesFirst Monday of the month, 2:00 pm – 3:30 pmGlen Meadows850 S. 60th StreetWest Des Moines, IA 50266","West Des Moines, IA, United States","West Des Moines, IA, United States",United States,Why Join APDA Strictly Social? | Who Can Attend? | Find Upcoming Social Events | Education | Community Event | Parkinson's Care,,in-person,true,official_directory_import,0,0,https://www.apdaparkinson.org/community/iowa/resources-support-parkinsons/parkinsons-social-events/,,,APDA Iowa,resource-page,American Parkinson Disease Association,"West Des Moines, IA, United States",West Des Moines,IA,50266,https://www.apdaparkinson.org/community/iowa/resources-support-parkinsons/parkinsons-wellness-social-programs/parkinsons-social-events/,2026-03-28T05:36:55.050Z
apda-community,APDA Community,www.apdaparkinson.org/community/iowa/resources-support-ia/information-referral-center/,iowa-information-and-referral-resources-50322,Information and Referral Resources:,Referral Center,"The Iowa APDA staff are ready to respond to the particular needs of persons affected by Parkinson’s disease and their care partners through education, referral, support and public awareness programs.","Iowa APDA The Iowa APDA staff are ready to respond to the particular needs of persons affected by Parkinson’s disease and their care partners through education, referral, support and public awareness programs. Information and Referral Resources: Ask questions and request information and materials regarding Parkinson’s disease treatment, therapies and research. Get referrals to support groups in your area. Connect with PD exercise classes across the state. Gain assistance with referrals for Retirement Communities, Assisted Livings, and Nursing Facilities. Get referrals to Parkinson’s specialists in the state. Request FREE information about Parkinson’s disease, treatments and therapies. Request information about upcoming events, symposiums and conferences. Medical Director: Dr. Lynn K. Struck Iowa APDA Program Manager: Susan Callison Call: 515-782-4386Email: apdaiowa@apdaparkinson.orgOur mailing address is: 2951 86th Street, Suite 125, Urbandale, IA 50322 Visit the APDA new Resource Library Visit the APDA Resource Library where you will find information about anything Parkinson’s. You can choose webinars, publications, blog posts and more! OR you can choose by topic. For example, there is information about Exercise, Symptoms, Speech & PD, Treatments and Clinical Trials, and much, much more. Iowa Statewide Services There are several wonderful Iowa organizations that serve people with disabilities and older Iowans. Please see the list below for suggested organizations that may fit your specific needs: Easter Seals Rural Solutions offers home modification consultations for rural families. Habitat for Humanity: Rock the Block Program offers home modifications for interior and exterior projects to help with critical health, life and safety issues, or code violations. Iowa Area Agencies of Aging provide older Iowans with access to a variety of services – find your local agency to learn more. LifeLong Links is Iowa’s Aging and Disability Resource Center – services for Iowans with disabilities ages 18+. On With Life provides a comprehensive rehabilitation program that can help at any stage of Parkinson’s Disease. They are well known for their experience in LSVT Big and Loud therapy. This unique neuro-based program includes physical therapy, occupational therapy and speech therapy and is covered by insurance. Unity Point Outpatient Therapy Clinic is now offering LSVT Big and Loud Therapy. This therapy program is covered by insurance and includes physical therapy, occupational therapy and speech therapy. Iowa Senior Planning: Iowa Senior Planning specializes in navigating the Medicaid world and can assist with Medicaid eligibility questions and overall senior planning. Senior Health Insurance Information Program is a free, confidential service of the State of Iowa that helps Iowans make informed decisions about Medicare and other health coverage.","Urbandale, IA, United States","Urbandale, IA, United States",United States,Iowa APDA | Information and Referral Resources: | Visit the APDA new Resource Library | Iowa Statewide Services | Information and Referral | Parkinson's Care,,in-person,true,official_directory_import,0,0,https://www.apdaparkinson.org/community/iowa/resources-support-parkinsons/information-referral-center/,apdaiowa@apdaparkinson.org,,APDA Iowa,referral-center-page,American Parkinson Disease Association,"Urbandale, IA, United States",Urbandale,IA,50322,https://www.apdaparkinson.org/community/iowa/resources-support-ia/information-referral-center/,2026-03-28T05:36:55.050Z
apda-community,APDA Community,www.apdaparkinson.org/community/iowa/resources-support-ia/educational-programs/parkinsons-conferences/,iowa-event-details-50266,Event Details,Exercise Program,Imported from APDA Iowa community resources.,"2026 Annual APDA Iowa Conference – Connected in Community. Strengthened by Support. Event Details When: Friday, June 5th, 2026 | 9:00 am – 4:00 pm Doors open at 8:00 am for registration and resource fair Doors open at 8:00 am for registration and resource fair Where: Lutheran Church of Hope, 925 Jordan Creek Pkwy, West Des Moines, IA 50266 Ticket Prices: One for $15.00, Two for $25.00 About the Conference The 2026 APDA Iowa Parkinson’s Conference brings together individuals impacted by Parkinson’s disease, care partners, family members, and healthcare professionals for a full day of education, inspiration, and connection. Learn from nationally recognized speakers, explore breakout sessions, and gain practical tools and strategies for living well with Parkinson’s. This year’s conference theme, Connected in Community. Strengthened by Support., emphasizes the power of shared knowledge, community engagement, and support networks in improving quality of life for people living with Parkinson’s. Why Attend Gain practical tools and strategies to manage Parkinson’s disease Connect with leading experts in PD care, research, and therapy Learn about mental health, cognition, nutrition, and innovative treatments Network with other people living with Parkinson’s, care partners, and healthcare professionals “As a care partner, I know how overwhelming Parkinson’s can feel, but attending this program reminded me that we are not alone. The knowledge, support, and connections you gain here can truly change how you navigate this journey. If you love someone with Parkinson’s, this is something you cannot afford to miss.” — Nancy, PD Advocate & Care Partner","West Des Moines, IA, United States","West Des Moines, IA, United States",United States,"2026 Annual APDA Iowa Conference – Connected in Community. Strengthened by Support. | Event Details | About the Conference | Why Attend | Featured Speakers | Keynote Speakers | Breakout Session Speakers | Register today to secure your spot! If you need assistance with registration, call 515.207.6296 | Thank you to our 2026 APDA Iowa Parkinson’s Conference sponsors! | APDA Iowa Conferences – Archived Session Videos and Slides",,virtual,true,official_directory_import,0,0,https://www.apdaparkinson.org/community/iowa/resources-support-parkinsons/educational-programs/parkinsons-conferences/,,,APDA Iowa,resource-page,American Parkinson Disease Association,"West Des Moines, IA, United States",West Des Moines,IA,50266,https://www.apdaparkinson.org/community/iowa/resources-support-ia/educational-programs/parkinsons-conferences/,2026-03-28T05:36:55.050Z
apda-community,APDA Community,www.apdaparkinson.org/community/massachusetts/resources-support-ma/additional-resources/caregiver-resources/,massachusetts-care-partner-resources-94104,Care Partner Resources,Referral Center,Imported from APDA Massachusetts community resources.,"Care Partner Resources Finding a Care Partner Support Group We are pleased to provide support for Care Partners in the Parkinson’s community. Here in Massachusetts, we have developed APDA Care Partner Support Groups which can be found HERE. APDA has additional information and resources HERE. You may also contact our APDA Information and Referral Center at Boston University Medical Center (BUMC) with any questions at 800-651-8466. AARP Caregiving AARP Caregiving877-333-5885 Adult Family Care Adult Family CareSomerville-Cambridge Elder Services617-628-2601 x3151Email: info@eldercare.org","Francisco, CA, United States","Francisco, CA, United States",United States,Care Partner Resources | Finding a Care Partner Support Group | AARP Caregiving | Adult Family Care | American Psychological Association – Connecting with Caregivers | Caregiver Action Network | Family Caregiver Alliance | National Adult Day Services Association | National Institute on Aging | US Department of Health & Human Services,,in-person,true,official_directory_import,0,0,https://www.apdaparkinson.org/community/massachusetts/resources-support-ma/caregiver-resources/,info@eldercare.org,,APDA Massachusetts,support-groups,American Parkinson Disease Association,"Francisco, CA, United States",Francisco,CA,94104,https://www.apdaparkinson.org/community/massachusetts/resources-support-ma/additional-resources/caregiver-resources/,2026-03-28T05:36:55.050Z
apda-community,APDA Community,www.apdaparkinson.org/community/minnesota/events/,minnesota-upcoming-new-york-events-10306,Upcoming New York Events,Exercise Program,Imported from APDA Minnesota community resources.,"Upcoming New York Events 2025 Long Island Parkinson’s Optimism Walk Walkers will come together nationwide in 2025 to step towards supporting all people affected by Parkinson’s disease. Your fundraising dollars at the Long Island walk will go directly toward the local community, expanding local program and services to help more people with Parkinson’s disease live life to the fullest, as well as fund cutting-edge research to help find better treatments and ultimately, a cure. Date:Saturday, September 27, 2025 Time: 9:00am – Check-in opens10:00am – Walk starts Location:Marjorie R. Post Community Park451 Unqua Road (Unqua and Merrick Roads) Massapequa, NY For more information, please email nywalk@apdaparkinson.org. Download a printable flyer Donations can also be mailed to PO Box 61420 Staten Island, NY 10306 Shaken, Not Deterred: A Young Onset Parkinson’s Disease Gathering Real talk and interactive sessions about thriving with YOPD at work, at home, and beyond. Join us for an insightful day designed specifically for the Young Onset Parkinson’s Community – in-person or online! Brought to you by the American Parkinson Disease Association (APDA), Marlene Meyerson JCC Manhattan (JCC), and the Parkinson’s Foundation. In-person and virtual options are available. Date: Sunday, October 26, 2025 Location: Marlene Meyerson JCC Manhattan334 Amsterdam Ave at W 76th Street, New York, NY, 10023 Time:10 a.m. – 4 p.m. ET This inspiring program includes three panel discussions comprised of individuals diagnosed with young onset Parkinson’s disease, energizing movement breaks, and helpful resource materials. Click the button below for more info about the day, Zoom details for those joining virtually, and to register for the event! Download a printable flyer","Staten Island, NY, United States","Staten Island, NY, United States",United States,"Upcoming New York Events | 2025 Long Island Parkinson’s Optimism Walk | Shaken, Not Deterred: A Young Onset Parkinson’s Disease Gathering | Exercise | Wellness | Parkinson's Care",,hybrid,true,official_directory_import,0,0,https://www.apdaparkinson.org/community/new-york/events-2/,nywalk@apdaparkinson.org,,APDA Minnesota,events,American Parkinson Disease Association,"Staten Island, NY, United States",Staten Island,NY,10306,https://www.apdaparkinson.org/community/minnesota/events/,2026-03-28T05:36:55.050Z
apda-community,APDA Community,www.apdaparkinson.org/community/minnesota/events/pastevents/2021-minnesota-chapter-winter-symposium/,minnesota-welcome-events,WELCOME!,Education Event,"Thank you to those who joined us for the 2021 Minnesota Chapter Virtual Winter Symposium. If you missed any of the sessions, or want to re-watch, a recording of the event is listed below and on YouTube by searching “2021 APDA MN Virtual Winter Parkinson Symposium.” While we’re disappointed we couldn’t get to see you in person this year, we are thrilled about this opportunity to have come together virtually and to share these informative presentations with a larger audience. We hope you’ll share this video with your colleagues and social networks, too. Thank you, APDA Minnesota Chapter","WELCOME! Thank you to those who joined us for the 2021 Minnesota Chapter Virtual Winter Symposium. If you missed any of the sessions, or want to re-watch, a recording of the event is listed below and on YouTube by searching “2021 APDA MN Virtual Winter Parkinson Symposium.” While we’re disappointed we couldn’t get to see you in person this year, we are thrilled about this opportunity to have come together virtually and to share these informative presentations with a larger audience. We hope you’ll share this video with your colleagues and social networks, too. Thank you, APDA Minnesota Chapter Symposium Agenda","Minnesota, United States","Minnesota, United States",United States,WELCOME! | Symposium Agenda | Education | Community Event | Parkinson's Care,,hybrid,true,official_directory_import,0,0,https://www.apdaparkinson.org/community/minnesota/events/past-events-programs-videos/2021-minnesota-chapter-winter-symposium/,,,APDA Minnesota,events,American Parkinson Disease Association,"Minnesota, United States",,Minnesota,,https://www.apdaparkinson.org/community/minnesota/events/pastevents/2021-minnesota-chapter-winter-symposium/,2026-03-28T05:36:55.050Z
apda-community,APDA Community,www.apdaparkinson.org/community/minnesota/events/pastevents/2021-fall-minnesota-symposium/,minnesota-thank-you-sponsors-events,THANK YOU SPONSORS,Referral Center,"Thank you to everyone who participated in any of the APDA Minnesota Fall 2021 Virtual Parkinson’s Disease Symposium. We would also like to thank all of our esteemed speakers for sharing their PD expertise with our audience, we are so grateful for their commitment to the PD community. Below is the agenda for the event and speakers as they appear on the video. 9:00 – 9:05 AM – WelcomeAnushka Shiell, APDA Minnesota Information & Referral Coordinator 9:05 – 9:50 AM – DBS Treatment for Parkinson’s DiseaseKyle Nelson, MD, Metropolitan Neurosurgery 9:50– 9:55 AM – Break 9:55 – 10:40 AM – Beyond Sinemet: New Medications in Parkinson’s DiseaseNatalie Heinrich, PharmD, MHealth Fairview 10:40 – 10:45 AM – Break 10:45 – 11:30 AM – Improving Independence with Daily Activities Using Assistive TechnologyMatthew White, OTR/L, Courage Kenny Rehabilitation Institute 11:30 – 11:35 AM- ClosingAnushka Shiell, APDA Minnesota Information & Referral Coordinator","Overview Thank you to everyone who participated in any of the APDA Minnesota Fall 2021 Virtual Parkinson’s Disease Symposium. We would also like to thank all of our esteemed speakers for sharing their PD expertise with our audience, we are so grateful for their commitment to the PD community. Below is the agenda for the event and speakers as they appear on the video. 9:00 – 9:05 AM – WelcomeAnushka Shiell, APDA Minnesota Information & Referral Coordinator 9:05 – 9:50 AM – DBS Treatment for Parkinson’s DiseaseKyle Nelson, MD, Metropolitan Neurosurgery 9:50– 9:55 AM – Break 9:55 – 10:40 AM – Beyond Sinemet: New Medications in Parkinson’s DiseaseNatalie Heinrich, PharmD, MHealth Fairview 10:40 – 10:45 AM – Break 10:45 – 11:30 AM – Improving Independence with Daily Activities Using Assistive TechnologyMatthew White, OTR/L, Courage Kenny Rehabilitation Institute 11:30 – 11:35 AM- ClosingAnushka Shiell, APDA Minnesota Information & Referral Coordinator THANK YOU SPONSORS Please click on each of the sponsor logos below to visit their website and learn more. Gold Sponsor Silver Sponsor Bronze Sponsor","Minnesota, United States","Minnesota, United States",United States,THANK YOU SPONSORS | Gold Sponsor | Silver Sponsor | Abbvie | Acadia Pharmaceuticals | Boston Scientific | Information and Referral | Parkinson's Care,,virtual,true,official_directory_import,0,0,https://www.apdaparkinson.org/community/minnesota/events/past-events-programs-videos/2021-fall-minnesota-symposium/,,,APDA Minnesota,events,American Parkinson Disease Association,"Minnesota, United States",,Minnesota,,https://www.apdaparkinson.org/community/minnesota/events/pastevents/2021-fall-minnesota-symposium/,2026-03-28T05:36:55.051Z
apda-community,APDA Community,www.apdaparkinson.org/community/missouri/wellness-programs/,missouri-voice-exercises-resource-page,Voice Exercises,Exercise Program,"Approximately, 80% or more of those living with Parkinson’s will experience some form of voice issues, the most common of these being a decrease in vocal volume and inadequate breath support. Singing with a group specifically designed for those living with PD can address those targeted areas and improve the voice. Check out the Tremble Clefs singing group and voice exercises here.","Voice Exercises Approximately, 80% or more of those living with Parkinson’s will experience some form of voice issues, the most common of these being a decrease in vocal volume and inadequate breath support. Singing with a group specifically designed for those living with PD can address those targeted areas and improve the voice. Check out the Tremble Clefs singing group and voice exercises here. Care Partner Connection A FREE eight-week support program for care partners of people living with Parkinson disease (PD), offering a space to connect, share, and learn. Click here to learn more. Cognitive Exercises Just like physical exercise, mental “exercise” is important. Mental activities can include doing puzzles, playing cards, reading books, going to lectures or concerts, or learning a new activity. These can be coupled with physical exercise such as learning new dance steps. Just like with physical exercise, there is no single “right” mental exercise. Social interactions are an important source of mental stimulation, and many activities can be done with friends or family members. Click here for some suggestions and activities to boost your brain. Connecting Through Art Connecting through Art is a creative arts program that offers people with PD the space and ability to express feelings, emotions, and daily concerns through art. It is open to any adult who has been diagnosed with Parkinson’s disease and their care partners. Check back for future dates. Click here to let us know you would be interested in a future program.","Missouri, United States","Missouri, United States",United States,Voice Exercises | Care Partner Connection | Cognitive Exercises | Connecting Through Art | Exercise | Wellness | Parkinson's Care,,in-person,true,official_directory_import,0,0,https://www.apdaparkinson.org/community/missouri/mo-resources-support-2/wellness-programs/,,,APDA Missouri,resource-page,American Parkinson Disease Association,"Missouri, United States",,Missouri,,https://www.apdaparkinson.org/community/missouri/wellness-programs/,2026-03-28T05:36:55.051Z
apda-community,APDA Community,www.apdaparkinson.org/community/virginia/local-resources-support-va/support-groups/,virginia-local-support-groups-support-groups,Local Support Groups,Support Group,Imported from APDA Virginia community resources.,"Local Support Groups Attending a Support Group is a great way to connect with others, build community and learn. Each support group has a different format. There can be guest speakers or exercise demonstrations and some cover specific topics or are for a particular group – like caregivers or those flying solo with PD. All support groups are free of charge and are for people living with Parkinson’s Disease, including patients, caregivers, spouses, and their loved ones. Please note: Support groups might change periodically. Before attending a support group for the first time, please get in touch the person listed as the contact. If you have any questions on the groups listed please contact the Support Group Leader or you can contact APDA at 206-695-2905. If you are interested in a support group listed here, please contact the facilitator to find out more information. Find a group in your area by selecting the state where you live: WASHINGTON IDAHO OREGON MONTANA ALASKA Virtual-Only Support Groups","Virginia, United States","Virginia, United States",United States,"Local Support Groups | Attending a Support Group is a great way to connect with others, build community and learn. | If you are interested in a support group listed here, please contact the facilitator to find out more information. | Find a group in your area by selecting the state where you live: | Thank you Sponsors | Your financial support helps APDA ensure that Support Groups are available to all. | Support Group | Parkinson's Care",,virtual,true,official_directory_import,0,0,https://www.apdaparkinson.org/community/northwest/resources-support/support-groups/,,206-695-2905,APDA Virginia,support-groups,American Parkinson Disease Association,"Virginia, United States",,Virginia,,https://www.apdaparkinson.org/community/virginia/local-resources-support-va/support-groups/,2026-03-28T05:36:55.051Z